{
"type": "FeatureCollection",
"name": "seoul_flood_trace_2023",
"crs": { "type": "name", "properties": { "name": "urn:ogc:def:crs:OGC:1.3:CRS84" } },
"features": [
{ "type": "Feature", "properties": { "F_YR": 2023, "F_SHIM": 0.2, "F_AREA": 25, "F_AVR_HGT": 51.97895355, "ADM_CD": 1111017400.0, "F_ZONE_NM": "서울 종로구 창신6길  32-3, (창신동)", "TYPE": "단독주택" }, "geometry": { "type": "Polygon", "coordinates": [ [ [ 127.011533154566962, 37.575832488359453 ], [ 127.01153863053689, 37.57580958480272 ], [ 127.011545488459603, 37.575793222294642 ], [ 127.011487175010217, 37.575774675908171 ], [ 127.011466610427689, 37.575808032185414 ], [ 127.011533154566962, 37.575832488359453 ] ] ] } },
{ "type": "Feature", "properties": { "F_YR": 2023, "F_SHIM": 0.2, "F_AREA": 110, "F_AVR_HGT": 44.23232574, "ADM_CD": 1111016800.0, "F_ZONE_NM": "서울 종로구 동숭3길 28, 지하1층", "TYPE": "상가-건물-시설-재고자산" }, "geometry": { "type": "Polygon", "coordinates": [ [ [ 127.004830697129677, 37.582289291594392 ], [ 127.0048345421188, 37.582193345474998 ], [ 127.004823209528709, 37.582193841335084 ], [ 127.004700033887843, 37.582193907787307 ], [ 127.004697489111948, 37.5822530575945 ], [ 127.004696821269349, 37.582255742551133 ], [ 127.004695825682475, 37.582271924288499 ], [ 127.004777509172428, 37.582278616389011 ], [ 127.004830945919437, 37.582282993694527 ], [ 127.004830697129677, 37.582289291594392 ] ] ] } },
{ "type": "Feature", "properties": { "F_YR": 2023, "F_SHIM": 0.3, "F_AREA": 346, "F_AVR_HGT": 87.36650543, "ADM_CD": 1135010600.0, "F_ZONE_NM": "노원구 중계동 23-28", "TYPE": "주택" }, "geometry": { "type": "Polygon", "coordinates": [ [ [ 127.085955575292644, 37.641507664289414 ], [ 127.085996912447428, 37.641491435138185 ], [ 127.086019709129104, 37.641481571138165 ], [ 127.086032893129484, 37.641497653140611 ], [ 127.086156723954161, 37.641559506531046 ], [ 127.08617900543355, 37.64155492259367 ], [ 127.086227623159772, 37.641434688389261 ], [ 127.086143206974754, 37.64142969448389 ], [ 127.086067456047019, 37.641372581812057 ], [ 127.08591676648102, 37.641415224809101 ], [ 127.085864762335461, 37.64143684939939 ], [ 127.085870201275796, 37.641447233773476 ], [ 127.085894399897356, 37.641474777351021 ], [ 127.085955575292644, 37.641507664289414 ] ] ] } },
{ "type": "Feature", "properties": { "F_YR": 2023, "F_SHIM": 0.2, "F_AREA": 127, "F_AVR_HGT": 42.69866867, "ADM_CD": 1114016200.0, "F_ZONE_NM": "서울 중구 동호로 169？지하1층(신당동)", "TYPE": "상가-시설" }, "geometry": { "type": "Polygon", "coordinates": [ [ [ 127.011567649130299, 37.553344705231716 ], [ 127.011520683609888, 37.553257934818021 ], [ 127.011416980371649, 37.553295343675437 ], [ 127.011502417645076, 37.553424097042829 ], [ 127.011567649130299, 37.553344705231716 ] ] ] } },
{ "type": "Feature", "properties": { "F_YR": 2023, "F_SHIM": 0.1, "F_AREA": 88, "F_AVR_HGT": 54.2920166, "ADM_CD": 1129013300.0, "F_ZONE_NM": "성북구 정릉동 195-12", "TYPE": "주택" }, "geometry": { "type": "Polygon", "coordinates": [ [ [ 127.013569897358721, 37.606386736102152 ], [ 127.013697726932875, 37.606416140057306 ], [ 127.01371297086186, 37.606350015385189 ], [ 127.013582264854236, 37.606320584710744 ], [ 127.013573879816448, 37.606362400160855 ], [ 127.013569897358721, 37.606386736102152 ] ] ] } },
{ "type": "Feature", "properties": { "F_YR": 2023, "F_SHIM": 0.2, "F_AREA": 173, "F_AVR_HGT": 21.97768707, "ADM_CD": 1168010400.0, "F_ZONE_NM": "서울 강남구 청담동 62-12번지 3층", "TYPE": "미분류" }, "geometry": { "type": "Polygon", "coordinates": [ [ [ 127.048701333168822, 37.522906574363375 ], [ 127.048831942822247, 37.522831018720105 ], [ 127.048819264273817, 37.522817148472349 ], [ 127.048720340425589, 37.522731052906728 ], [ 127.048632054785301, 37.52283190951767 ], [ 127.048701333168822, 37.522906574363375 ] ] ] } },
{ "type": "Feature", "properties": { "F_YR": 2023, "F_SHIM": 0.2, "F_AREA": 230, "F_AVR_HGT": 16.23418159, "ADM_CD": 1117011300.0, "F_ZONE_NM": "서울 용산구 원효로 198-4 지층 (원효로2가)", "TYPE": "미분류" }, "geometry": { "type": "Polygon", "coordinates": [ [ [ 126.964387209456945, 37.536750387518474 ], [ 126.964410683055718, 37.536758089376825 ], [ 126.964453708941946, 37.536786700407006 ], [ 126.964455462057344, 37.536787953337537 ], [ 126.964496440921963, 37.536746169122722 ], [ 126.96450022583889, 37.536711337917566 ], [ 126.964500750336484, 37.536703175084853 ], [ 126.964485761201459, 37.53662955925229 ], [ 126.964469480163331, 37.536628788301947 ], [ 126.964467261085346, 37.536585990434716 ], [ 126.964449656054725, 37.536585660552888 ], [ 126.964437119625671, 37.536585827806142 ], [ 126.964396736251757, 37.536613313428603 ], [ 126.964392865080825, 37.536616636876225 ], [ 126.964300439266808, 37.536681938793528 ], [ 126.964296387397908, 37.536684577426257 ], [ 126.964334141372348, 37.536711799309394 ], [ 126.964340486398839, 37.536716549540365 ], [ 126.964387209456945, 37.536750387518474 ] ] ] } },
{ "type": "Feature", "properties": { "F_YR": 2023, "F_SHIM": 0.2, "F_AREA": 1032, "F_AVR_HGT": 27.0371582, "ADM_CD": 1168010800.0, "F_ZONE_NM": "서울 강남구 논현동 127-14105호 강남카밍광택", "TYPE": "상가-재고자산" }, "geometry": { "type": "Polygon", "coordinates": [ [ [ 127.028668341569428, 37.51231022713813 ], [ 127.028689362046123, 37.51226201897304 ], [ 127.028698963283944, 37.512226517487832 ], [ 127.028765645497018, 37.51208621691169 ], [ 127.028509546470332, 37.512016989048405 ], [ 127.028404435954087, 37.512236766158516 ], [ 127.028349168001938, 37.512352556820993 ], [ 127.02833910899426, 37.512373642431548 ], [ 127.028615682412649, 37.512445298656296 ], [ 127.028625288889771, 37.512424123026612 ], [ 127.028619293641981, 37.512422592707686 ], [ 127.028668341569428, 37.51231022713813 ] ] ] } },
{ "type": "Feature", "properties": { "F_YR": 2023, "F_SHIM": 0.2, "F_AREA": 322, "F_AVR_HGT": 28.34658928, "ADM_CD": 1121510300.0, "F_ZONE_NM": "서울 광진구 천호대로134길 17, B02호(구의동, 파랑새빌라)(구의2동)", "TYPE": "공동주택" }, "geometry": { "type": "Polygon", "coordinates": [ [ [ 127.090269994576701, 37.548596219697778 ], [ 127.090503060966512, 37.548432568485751 ], [ 127.090442568425914, 37.548378572610552 ], [ 127.090415052292485, 37.548354023301641 ], [ 127.090181724945651, 37.548517052854223 ], [ 127.090269994576701, 37.548596219697778 ] ] ] } },
{ "type": "Feature", "properties": { "F_YR": 2023, "F_SHIM": 0.3, "F_AREA": 661, "F_AVR_HGT": 52.67940979, "ADM_CD": 1135010600.0, "F_ZONE_NM": "노원구 중계동 41", "TYPE": "주택" }, "geometry": { "type": "Polygon", "coordinates": [ [ [ 127.083894546606018, 37.645771965139218 ], [ 127.083973640392841, 37.645734483342956 ], [ 127.083982288029617, 37.645726170299348 ], [ 127.08404001429858, 37.645670629809338 ], [ 127.084043213258809, 37.645653436947185 ], [ 127.084085384078463, 37.645456363958829 ], [ 127.084014698271517, 37.645463206763452 ], [ 127.083973630033753, 37.645458577424179 ], [ 127.083904153896839, 37.645442435415092 ], [ 127.083858167092899, 37.645416384256464 ], [ 127.083851487205777, 37.64539041377472 ], [ 127.083831647380777, 37.645390896125114 ], [ 127.08383188356116, 37.645440638855092 ], [ 127.08381830341493, 37.64548677830831 ], [ 127.083821201960063, 37.645566981184253 ], [ 127.083819153281411, 37.645661422932996 ], [ 127.083818512986767, 37.645676739973993 ], [ 127.083894546606018, 37.645771965139218 ] ] ] } },
{ "type": "Feature", "properties": { "F_YR": 2023, "F_SHIM": 0.1, "F_AREA": 108, "F_AVR_HGT": 13.31851063, "ADM_CD": 1123010600.0, "F_ZONE_NM": "동대문구 장안동 288-2", "TYPE": "상가" }, "geometry": { "type": "Polygon", "coordinates": [ [ [ 127.070682802574083, 37.577203245556625 ], [ 127.070713899259317, 37.577165656187404 ], [ 127.070696537554539, 37.577072062848536 ], [ 127.07059145676412, 37.577092477666525 ], [ 127.070638182130764, 37.577196514288623 ], [ 127.070644772931871, 37.577211196513531 ], [ 127.070682802574083, 37.577203245556625 ] ] ] } },
{ "type": "Feature", "properties": { "F_YR": 2023, "F_SHIM": 0.2, "F_AREA": 88, "F_AVR_HGT": 19.11670036, "ADM_CD": 1126010100.0, "F_ZONE_NM": "서울 중랑구 면목로55가길 13-2？지층, 3층 옥탑(면목동)", "TYPE": "상가-시설" }, "geometry": { "type": "Polygon", "coordinates": [ [ [ 127.084310476712346, 37.585264868540477 ], [ 127.084300059597169, 37.585182075284457 ], [ 127.084269153992167, 37.585184556643114 ], [ 127.084268094648721, 37.585178755039443 ], [ 127.084196322226205, 37.58518545460084 ], [ 127.084203307686948, 37.585236589641674 ], [ 127.084204223450925, 37.58524565291367 ], [ 127.084207411235951, 37.585271887376486 ], [ 127.084270627344054, 37.585267761615157 ], [ 127.084310476712346, 37.585264868540477 ] ] ] } },
{ "type": "Feature", "properties": { "F_YR": 2023, "F_SHIM": 0.2, "F_AREA": 362, "F_AVR_HGT": 30.41533203, "ADM_CD": 1129012100.0, "F_ZONE_NM": "성북구 안암동1가 105-2", "TYPE": "주택" }, "geometry": { "type": "Polygon", "coordinates": [ [ [ 127.020502952073485, 37.588272996193552 ], [ 127.020510692933669, 37.588259092747094 ], [ 127.020540501696814, 37.588204326068031 ], [ 127.020576827970004, 37.588133755048517 ], [ 127.020601498020383, 37.588085476275893 ], [ 127.020631011504179, 37.588027709339322 ], [ 127.020426095716019, 37.587954951741388 ], [ 127.020404978086603, 37.587947846348321 ], [ 127.020341070957301, 37.588063498008395 ], [ 127.020534255686258, 37.588130419258718 ], [ 127.020469140701664, 37.588260180607016 ], [ 127.020502952073485, 37.588272996193552 ] ] ] } },
{ "type": "Feature", "properties": { "F_YR": 2023, "F_SHIM": 0.1, "F_AREA": 105, "F_AVR_HGT": 43.50651703, "ADM_CD": 1129013300.0, "F_ZONE_NM": "성북구 정릉동 151-4", "TYPE": "주택" }, "geometry": { "type": "Polygon", "coordinates": [ [ [ 127.012716204503604, 37.60354867987872 ], [ 127.012807732502594, 37.603494774367277 ], [ 127.012737944007611, 37.603449380495292 ], [ 127.012745858258029, 37.603438847253273 ], [ 127.012721202648265, 37.603424487929054 ], [ 127.012710683124595, 37.603430786797084 ], [ 127.012649038465099, 37.60347081428403 ], [ 127.012626595667854, 37.603486889932043 ], [ 127.012692951706867, 37.603524977223763 ], [ 127.012716204503604, 37.60354867987872 ] ] ] } },
{ "type": "Feature", "properties": { "F_YR": 2023, "F_SHIM": 0.2, "F_AREA": 966, "F_AVR_HGT": 55.35128326, "ADM_CD": 1129013300.0, "F_ZONE_NM": "서울 성북구 정릉동  684번지-8호 684-8번지 장미그린빌라 B05호", "TYPE": "공동주택" }, "geometry": { "type": "Polygon", "coordinates": [ [ [ 127.005475700530084, 37.608283879612749 ], [ 127.005534070158035, 37.608271245872842 ], [ 127.005541658020647, 37.608270326612768 ], [ 127.005645327852363, 37.608244401779316 ], [ 127.005678374473106, 37.608236796330544 ], [ 127.005701851247437, 37.60822891190756 ], [ 127.00564624883377, 37.608105227038081 ], [ 127.005525671668096, 37.607939117113048 ], [ 127.005641923048799, 37.607908110314028 ], [ 127.005555470979132, 37.607780056704804 ], [ 127.005539356010004, 37.607793887331255 ], [ 127.005452348547237, 37.607866356258889 ], [ 127.005456065293089, 37.607905954301401 ], [ 127.005330961716069, 37.6080188334521 ], [ 127.005313657416707, 37.608030880140923 ], [ 127.005392192745006, 37.60815343819079 ], [ 127.005433986267718, 37.608219199497505 ], [ 127.005475700530084, 37.608283879612749 ] ] ] } },
{ "type": "Feature", "properties": { "F_YR": 2023, "F_SHIM": 0.1, "F_AREA": 241, "F_AVR_HGT": 90.94940338000001, "ADM_CD": 1129013300.0, "F_ZONE_NM": "성북구 정릉동 559-165", "TYPE": "주택" }, "geometry": { "type": "Polygon", "coordinates": [ [ [ 127.007733242874565, 37.599595965827781 ], [ 127.007878314367318, 37.599603778638077 ], [ 127.007854420683415, 37.599467902607991 ], [ 127.007846603269769, 37.599421637526149 ], [ 127.007701409842284, 37.599441277649376 ], [ 127.007733242874565, 37.599595965827781 ] ] ] } },
{ "type": "Feature", "properties": { "F_YR": 2023, "F_SHIM": 0.1, "F_AREA": 215, "F_AVR_HGT": 136.76889954000001, "ADM_CD": 1129013300.0, "F_ZONE_NM": "성북구 정릉동 508-67", "TYPE": "주택" }, "geometry": { "type": "Polygon", "coordinates": [ [ [ 127.0049371199392, 37.598935190487538 ], [ 127.005051157754323, 37.598841151477117 ], [ 127.004950643906568, 37.598760840766289 ], [ 127.004910874757329, 37.598761670820458 ], [ 127.004817230372311, 37.598839734690095 ], [ 127.004867306041191, 37.598879259429275 ], [ 127.0049371199392, 37.598935190487538 ] ] ] } },
{ "type": "Feature", "properties": { "F_YR": 2023, "F_SHIM": 0.1, "F_AREA": 80, "F_AVR_HGT": 76.61144409000001, "ADM_CD": 1129013300.0, "F_ZONE_NM": "성북구 정릉동 896-8", "TYPE": "주택" }, "geometry": { "type": "Polygon", "coordinates": [ [ [ 126.998608066011428, 37.607582684570836 ], [ 126.998669269994309, 37.607505652085095 ], [ 126.998618863276604, 37.607469152066628 ], [ 126.998557332794192, 37.607496981879216 ], [ 126.99853922240473, 37.607534957824051 ], [ 126.998608066011428, 37.607582684570836 ] ] ] } },
{ "type": "Feature", "properties": { "F_YR": 2023, "F_SHIM": 0.1, "F_AREA": 98, "F_AVR_HGT": 76.17065582, "ADM_CD": 1129013300.0, "F_ZONE_NM": "성북구 정릉동 410-56", "TYPE": "주택" }, "geometry": { "type": "Polygon", "coordinates": [ [ [ 127.011589982358316, 37.608603950588325 ], [ 127.011606687018357, 37.608602867983379 ], [ 127.011608850915835, 37.608608543985412 ], [ 127.011714379069502, 37.608601750522631 ], [ 127.011712386513963, 37.608523851785385 ], [ 127.011692476719404, 37.608524204886095 ], [ 127.011587412397802, 37.60852645734019 ], [ 127.011587202201, 37.608563433662177 ], [ 127.011589982358316, 37.608603950588325 ] ] ] } },
{ "type": "Feature", "properties": { "F_YR": 2023, "F_SHIM": 0.2, "F_AREA": 115, "F_AVR_HGT": 21.05341835, "ADM_CD": 1129013800.0, "F_ZONE_NM": "서울 성북구 한천로99라길 31-33지층", "TYPE": "단독주택" }, "geometry": { "type": "Polygon", "coordinates": [ [ [ 127.050079045646626, 37.621182861507421 ], [ 127.050180165746596, 37.621220985370137 ], [ 127.050235743560123, 37.621126855073584 ], [ 127.050136650074805, 37.621087117668658 ], [ 127.050079045646626, 37.621182861507421 ] ] ] } },
{ "type": "Feature", "properties": { "F_YR": 2023, "F_SHIM": 0.2, "F_AREA": 356, "F_AVR_HGT": 31.76240463, "ADM_CD": 1171010800.0, "F_ZONE_NM": "서울 송파구 동남로  132  (문정동, 스팍스빌딩)", "TYPE": "상가-건물" }, "geometry": { "type": "Polygon", "coordinates": [ [ [ 127.125596507562662, 37.490989944758631 ], [ 127.125736052100024, 37.491064220696302 ], [ 127.125886822394776, 37.490884402759235 ], [ 127.125747278043619, 37.49081012699704 ], [ 127.125596507562662, 37.490989944758631 ] ] ] } },
{ "type": "Feature", "properties": { "F_YR": 2023, "F_SHIM": 0.1, "F_AREA": 438, "F_AVR_HGT": 51.12346039, "ADM_CD": 1129011100.0, "F_ZONE_NM": "성북구 삼선동1가 150", "TYPE": "주택" }, "geometry": { "type": "Polygon", "coordinates": [ [ [ 127.007674438751053, 37.586959383142833 ], [ 127.007678254229162, 37.586958896411737 ], [ 127.007819244519027, 37.586926498546674 ], [ 127.0078195386467, 37.586923597358016 ], [ 127.007835475459601, 37.586869474313431 ], [ 127.007866315904437, 37.586728117057582 ], [ 127.007840976984596, 37.586724163091219 ], [ 127.007739474216763, 37.586709194105488 ], [ 127.007737323873457, 37.586719195157031 ], [ 127.007626695475039, 37.586702424583777 ], [ 127.007650008474712, 37.586853356452515 ], [ 127.007674438751053, 37.586959383142833 ] ] ] } },
{ "type": "Feature", "properties": { "F_YR": 2023, "F_SHIM": 0.1, "F_AREA": 219, "F_AVR_HGT": 76.61144409000001, "ADM_CD": 1129013300.0, "F_ZONE_NM": "성북구 정릉동 896-7", "TYPE": "주택" }, "geometry": { "type": "Polygon", "coordinates": [ [ [ 126.998424199166067, 37.607660804058554 ], [ 126.998511253913094, 37.607702422677797 ], [ 126.998565798993369, 37.607623263759294 ], [ 126.998599254723288, 37.607591153585943 ], [ 126.998608066011428, 37.607582684570836 ], [ 126.99853922240473, 37.607534957824051 ], [ 126.998557332794192, 37.607496981879216 ], [ 126.998526370778919, 37.607475141288688 ], [ 126.998427521561169, 37.607561128483624 ], [ 126.998450169965096, 37.607606502539234 ], [ 126.998424199166067, 37.607660804058554 ] ] ] } },
{ "type": "Feature", "properties": { "F_YR": 2023, "F_SHIM": 0.2, "F_AREA": 170, "F_AVR_HGT": 35.52992935, "ADM_CD": 1130510100.0, "F_ZONE_NM": "서울 강북구 도봉로16길 27-33지하 101호", "TYPE": "공동주택" }, "geometry": { "type": "Polygon", "coordinates": [ [ [ 127.030918533193102, 37.617818712758506 ], [ 127.03098355329054, 37.617831130076013 ], [ 127.031011060317041, 37.617788506822087 ], [ 127.031010378296401, 37.617782380324279 ], [ 127.031005127963553, 37.617680931216974 ], [ 127.030971607104263, 37.61769634635607 ], [ 127.030859501929541, 37.617740990840652 ], [ 127.030792164017654, 37.617767811735966 ], [ 127.030918533193102, 37.617818712758506 ] ] ] } },
{ "type": "Feature", "properties": { "F_YR": 2023, "F_SHIM": 0.2, "F_AREA": 262, "F_AVR_HGT": 34.29167862, "ADM_CD": 1130510100.0, "F_ZONE_NM": "서울 강북구 솔샘로64다길 12지하 102호", "TYPE": "공동주택" }, "geometry": { "type": "Polygon", "coordinates": [ [ [ 127.027863657637852, 37.615701318485115 ], [ 127.028029696748675, 37.615685964628959 ], [ 127.02801641191077, 37.615592986377358 ], [ 127.028006874288138, 37.615526766416927 ], [ 127.027841741284703, 37.615541128960189 ], [ 127.027857752642348, 37.615657982619233 ], [ 127.027863657637852, 37.615701318485115 ] ] ] } },
{ "type": "Feature", "properties": { "F_YR": 2023, "F_SHIM": 0.2, "F_AREA": 215, "F_AVR_HGT": 35.23055954, "ADM_CD": 1130510300.0, "F_ZONE_NM": "서울 강북구 노해로23길 80-6지하전체 B01호 B02호 (수유동)", "TYPE": "단독주택" }, "geometry": { "type": "Polygon", "coordinates": [ [ [ 127.019466964205819, 37.646452770951996 ], [ 127.019557396806889, 37.646544845941776 ], [ 127.019701627010562, 37.646440643924436 ], [ 127.019596375084461, 37.646355589919821 ], [ 127.019466964205819, 37.646452770951996 ] ] ] } },
{ "type": "Feature", "properties": { "F_YR": 2023, "F_SHIM": 0.2, "F_AREA": 272, "F_AVR_HGT": 58.14414139, "ADM_CD": 1130510300.0, "F_ZONE_NM": "서울 강북구 화계사길 33가동 B03호", "TYPE": "공동주택" }, "geometry": { "type": "Polygon", "coordinates": [ [ [ 127.011693980496275, 37.633444522943876 ], [ 127.011697409750582, 37.633419214169471 ], [ 127.011601609544513, 37.633406635726772 ], [ 127.011515735705188, 37.633409616260138 ], [ 127.011380351206128, 37.633392328867892 ], [ 127.011337528251289, 37.633398909579469 ], [ 127.011330398005654, 37.633452608475515 ], [ 127.011393954794812, 37.633458279337539 ], [ 127.011393729655779, 37.633469181193014 ], [ 127.011685684644476, 37.6335058262177 ], [ 127.011693980496275, 37.633444522943876 ] ] ] } },
{ "type": "Feature", "properties": { "F_YR": 2023, "F_SHIM": 0.2, "F_AREA": 151, "F_AVR_HGT": 31.5029995, "ADM_CD": 1132010600.0, "F_ZONE_NM": "서울 도봉구 도봉로 151길 126202호(방학2동)", "TYPE": "공동주택" }, "geometry": { "type": "Polygon", "coordinates": [ [ [ 127.036614927473039, 37.667626666181192 ], [ 127.03668131695234, 37.667564659473022 ], [ 127.036677899596484, 37.667528441378799 ], [ 127.036590711036879, 37.667468372435032 ], [ 127.036503248680745, 37.667549125581786 ], [ 127.036614927473039, 37.667626666181192 ] ] ] } },
{ "type": "Feature", "properties": { "F_YR": 2023, "F_SHIM": 0.3, "F_AREA": 677, "F_AVR_HGT": 35.38213043, "ADM_CD": 1132010500.0, "F_ZONE_NM": "도봉구 쌍문동 44-1", "TYPE": "상가" }, "geometry": { "type": "Polygon", "coordinates": [ [ [ 127.037564630159551, 37.657792522217406 ], [ 127.037569153418445, 37.657772158812669 ], [ 127.037543626168315, 37.657713062685453 ], [ 127.037515829845375, 37.657648651495052 ], [ 127.037387458296649, 37.657707614323208 ], [ 127.037296918358322, 37.657725751401465 ], [ 127.037259711451142, 37.657651702577375 ], [ 127.037244300397973, 37.657654770558224 ], [ 127.037217221584868, 37.657668203274504 ], [ 127.037135178540694, 37.657680751615715 ], [ 127.037097900660271, 37.657695088357514 ], [ 127.037130817633809, 37.657804006238536 ], [ 127.037156698048591, 37.657891302847553 ], [ 127.037211768809811, 37.657877681485573 ], [ 127.037346839629919, 37.657844754977539 ], [ 127.037471825651039, 37.657814894701417 ], [ 127.037538794737159, 37.657799287416339 ], [ 127.037564630159551, 37.657792522217406 ] ] ] } },
{ "type": "Feature", "properties": { "F_YR": 2023, "F_SHIM": 0.2, "F_AREA": 340, "F_AVR_HGT": 34.43741913, "ADM_CD": 1132010700.0, "F_ZONE_NM": "서울 도봉구 창동645-7 한신빌리지 B02호", "TYPE": "공동주택" }, "geometry": { "type": "Polygon", "coordinates": [ [ [ 127.035095863560471, 37.642603702549323 ], [ 127.035058341707582, 37.642563529655419 ], [ 127.035016399123222, 37.642519123413408 ], [ 127.034927072999793, 37.642424726367921 ], [ 127.034862054009437, 37.642464207543746 ], [ 127.034803717776484, 37.642498911621509 ], [ 127.034806665096227, 37.642502064208898 ], [ 127.034971828906819, 37.64267905943958 ], [ 127.034998674297142, 37.642661662973538 ], [ 127.035024274214891, 37.642646249003967 ], [ 127.035048967969189, 37.642631465970034 ], [ 127.035079325399593, 37.64261325760836 ], [ 127.035095863560471, 37.642603702549323 ] ] ] } },
{ "type": "Feature", "properties": { "F_YR": 2023, "F_SHIM": 0.3, "F_AREA": 167, "F_AVR_HGT": 30.21324234, "ADM_CD": 1132010500.0, "F_ZONE_NM": "도봉구 쌍문동 29-4", "TYPE": "상가" }, "geometry": { "type": "Polygon", "coordinates": [ [ [ 127.03799550932446, 37.660356562516043 ], [ 127.038071217484003, 37.660362125123157 ], [ 127.038100231624057, 37.660364728955024 ], [ 127.038105632321219, 37.660284810880952 ], [ 127.037916480786407, 37.660281806076661 ], [ 127.037888156077742, 37.660298482832083 ], [ 127.037881169428147, 37.660380293430372 ], [ 127.037880718826244, 37.660385879608391 ], [ 127.037885137305182, 37.660382905032115 ], [ 127.037892049252619, 37.66038029007656 ], [ 127.037958902291308, 37.660354591685767 ], [ 127.03799550932446, 37.660356562516043 ] ] ] } },
{ "type": "Feature", "properties": { "F_YR": 2023, "F_SHIM": 0.2, "F_AREA": 367, "F_AVR_HGT": 49.86009903, "ADM_CD": 1132010600.0, "F_ZONE_NM": "서울도봉구해등로34길75, 1층", "TYPE": "단독주택" }, "geometry": { "type": "Polygon", "coordinates": [ [ [ 127.020488465357701, 37.659718371882306 ], [ 127.020384755376725, 37.659668744833134 ], [ 127.02036498810638, 37.659928138456749 ], [ 127.020431860930799, 37.659958220292779 ], [ 127.020441301205608, 37.659957479980335 ], [ 127.020527469024216, 37.659877774965423 ], [ 127.020531170323949, 37.659815219732721 ], [ 127.020554509233406, 37.65983137944616 ], [ 127.020558174367295, 37.65976043614836 ], [ 127.020538450135618, 37.659741969358869 ], [ 127.020488465357701, 37.659718371882306 ] ] ] } },
{ "type": "Feature", "properties": { "F_YR": 2023, "F_SHIM": 0.3, "F_AREA": 141, "F_AVR_HGT": 33.66140442, "ADM_CD": 1132010500.0, "F_ZONE_NM": "도봉구 쌍문동 49-6", "TYPE": "상가" }, "geometry": { "type": "Polygon", "coordinates": [ [ [ 127.037535296606123, 37.65759575835196 ], [ 127.037667297241455, 37.657542830779079 ], [ 127.037606523562815, 37.657480231656628 ], [ 127.03759200474974, 37.657453477154 ], [ 127.037517447333357, 37.6574779163359 ], [ 127.037475302426785, 37.657504417838091 ], [ 127.037516576424679, 37.657551886607784 ], [ 127.037535296606123, 37.65759575835196 ] ] ] } },
{ "type": "Feature", "properties": { "F_YR": 2023, "F_SHIM": 0.2, "F_AREA": 445, "F_AVR_HGT": 22.33166237, "ADM_CD": 1162010200.0, "F_ZONE_NM": "서울특별시 관악구 난곡로 263 (신림동) 지하1층", "TYPE": "미분류" }, "geometry": { "type": "Polygon", "coordinates": [ [ [ 126.914992291145566, 37.477582736570795 ], [ 126.915136301787484, 37.47760122237014 ], [ 126.915245014368111, 37.477543097065706 ], [ 126.915286983329935, 37.477422393440229 ], [ 126.915170103693342, 37.477405999956787 ], [ 126.915031860234791, 37.477386617417359 ], [ 126.914992291145566, 37.477582736570795 ] ] ] } },
{ "type": "Feature", "properties": { "F_YR": 2023, "F_SHIM": 0.2, "F_AREA": 109, "F_AVR_HGT": 65.57475586, "ADM_CD": 1117010900.0, "F_ZONE_NM": "서울 용산구 효창원로94다길  3, 에이호(청파동1가)", "TYPE": "공동주택" }, "geometry": { "type": "Polygon", "coordinates": [ [ [ 126.964480208581278, 37.548427581390754 ], [ 126.964511207208218, 37.548443178258033 ], [ 126.964565906129238, 37.548358592307615 ], [ 126.964641040921876, 37.548367896004955 ], [ 126.964645802411724, 37.548350238062937 ], [ 126.964556183699187, 37.548339398150837 ], [ 126.964528000033994, 37.548352363600181 ], [ 126.964422084939812, 37.54834377095866 ], [ 126.964416061784107, 37.548395395865967 ], [ 126.964480208581278, 37.548427581390754 ] ] ] } },
{ "type": "Feature", "properties": { "F_YR": 2023, "F_SHIM": 0.2, "F_AREA": 566, "F_AVR_HGT": 37.82263489, "ADM_CD": 1138010300.0, "F_ZONE_NM": "서울 은평구 연서로33길 16-45, 유엔빌라나동 지층 2호(불광동)", "TYPE": "공동주택" }, "geometry": { "type": "Polygon", "coordinates": [ [ [ 126.924045737875872, 37.622601816227082 ], [ 126.924074351423684, 37.622612250334079 ], [ 126.92411728799199, 37.622606782528628 ], [ 126.92413955460853, 37.622653467878465 ], [ 126.924264833572579, 37.622710428806883 ], [ 126.924276193946611, 37.622459621520861 ], [ 126.923939122186596, 37.622451210497665 ], [ 126.923940610715405, 37.622468546325578 ], [ 126.923942972708176, 37.62248467541486 ], [ 126.923948696877801, 37.622535494432107 ], [ 126.923936443535993, 37.622554497048114 ], [ 126.923933038856092, 37.622560711569456 ], [ 126.924045737875872, 37.622601816227082 ] ] ] } },
{ "type": "Feature", "properties": { "F_YR": 2023, "F_SHIM": 0.3, "F_AREA": 183, "F_AVR_HGT": 52.94907074, "ADM_CD": 1035010600.0, "F_ZONE_NM": "노원구 중계동 90-64", "TYPE": "주택" }, "geometry": { "type": "Polygon", "coordinates": [ [ [ 127.083729217966024, 37.650121802353276 ], [ 127.083789148372958, 37.650016914063933 ], [ 127.083788205592271, 37.649953224765049 ], [ 127.083656687220454, 37.649939099006673 ], [ 127.083603417792531, 37.649949623434729 ], [ 127.083729217966024, 37.650121802353276 ] ] ] } },
{ "type": "Feature", "properties": { "F_YR": 2023, "F_SHIM": 0.2, "F_AREA": 625, "F_AVR_HGT": 39.14671249, "ADM_CD": 1138010200.0, "F_ZONE_NM": "서울 은평구 은평로21길 19A동 B02호(녹번동)", "TYPE": "공동주택" }, "geometry": { "type": "Polygon", "coordinates": [ [ [ 126.932141475848439, 37.601787211498205 ], [ 126.932070451023421, 37.601810595284242 ], [ 126.931994706041806, 37.60167351118826 ], [ 126.931921672542956, 37.601665089004399 ], [ 126.931976033972873, 37.602024613228068 ], [ 126.932008625704484, 37.602048508473082 ], [ 126.932233034253372, 37.601968452943368 ], [ 126.932141475848439, 37.601787211498205 ] ] ] } },
{ "type": "Feature", "properties": { "F_YR": 2023, "F_SHIM": 0.2, "F_AREA": 132, "F_AVR_HGT": 24.4741127, "ADM_CD": 1138010400.0, "F_ZONE_NM": "서울 은평구 갈현동 491-5 지하02호", "TYPE": "공동-연립" }, "geometry": { "type": "Polygon", "coordinates": [ [ [ 126.913955354241025, 37.614578973423363 ], [ 126.91390675269615, 37.614492803582863 ], [ 126.913771347035578, 37.614541986635118 ], [ 126.913803784066133, 37.614600844797899 ], [ 126.913852922588703, 37.614615477199791 ], [ 126.913955354241025, 37.614578973423363 ] ] ] } },
{ "type": "Feature", "properties": { "F_YR": 2023, "F_SHIM": 0.2, "F_AREA": 88, "F_AVR_HGT": 44.99816055, "ADM_CD": 1138010400.0, "F_ZONE_NM": "서울 은평구 서오릉로22길 18단독주택", "TYPE": "단독주택" }, "geometry": { "type": "Polygon", "coordinates": [ [ [ 126.908052662099806, 37.617692379535129 ], [ 126.908078738027413, 37.61758221028942 ], [ 126.907924388694397, 37.61755595954638 ], [ 126.907919948493827, 37.617574155827789 ], [ 126.907928330092489, 37.617574252573256 ], [ 126.907988985119076, 37.617618809089869 ], [ 126.908052662099806, 37.617692379535129 ] ] ] } },
{ "type": "Feature", "properties": { "F_YR": 2023, "F_SHIM": 0.2, "F_AREA": 130, "F_AVR_HGT": 34.75033875, "ADM_CD": 1174010900.0, "F_ZONE_NM": "서울 강동구 진황도로27나길 7-27, 지층 2층", "TYPE": "단독주택" }, "geometry": { "type": "Polygon", "coordinates": [ [ [ 127.131321219537654, 37.539557975602129 ], [ 127.131317111971626, 37.539551285745382 ], [ 127.131266994632142, 37.539470647963896 ], [ 127.131151485318199, 37.539518536405488 ], [ 127.131219961490274, 37.539615849457689 ], [ 127.131321219537654, 37.539557975602129 ] ] ] } },
{ "type": "Feature", "properties": { "F_YR": 2023, "F_SHIM": 0.2, "F_AREA": 93, "F_AVR_HGT": 44.1477272, "ADM_CD": 1138010900.0, "F_ZONE_NM": "서울 은평구 가좌로11가길 16-5(신사2동)", "TYPE": "단독주택" }, "geometry": { "type": "Polygon", "coordinates": [ [ [ 126.905841068920779, 37.59731571286374 ], [ 126.905887424626556, 37.597371160912097 ], [ 126.905970372861375, 37.597324557145434 ], [ 126.906040161101345, 37.597385790394107 ], [ 126.906055465769526, 37.597371837529892 ], [ 126.905938850407821, 37.597269571633326 ], [ 126.905907355583693, 37.597281529205638 ], [ 126.905841068920779, 37.59731571286374 ] ] ] } },
{ "type": "Feature", "properties": { "F_YR": 2023, "F_SHIM": 0.2, "F_AREA": 117, "F_AVR_HGT": 70.3798172, "ADM_CD": 1141011800.0, "F_ZONE_NM": "서울 서대문구 연희로39길 47-7나동 B1층 그린파크 (홍은동, B)", "TYPE": "단독주택" }, "geometry": { "type": "Polygon", "coordinates": [ [ [ 126.932984644202222, 37.586885742918561 ], [ 126.933123272939199, 37.586870984094915 ], [ 126.93310425057993, 37.586785920066482 ], [ 126.93296725126325, 37.586801878124732 ], [ 126.932984644202222, 37.586885742918561 ] ] ] } },
{ "type": "Feature", "properties": { "F_YR": 2023, "F_SHIM": 0.1, "F_AREA": 193, "F_AVR_HGT": 24.82152328, "ADM_CD": 1165010700.0, "F_ZONE_NM": "서초구 반포동 712-13", "TYPE": "주택" }, "geometry": { "type": "Polygon", "coordinates": [ [ [ 127.018069316881977, 37.508509231995134 ], [ 127.018161309627118, 37.508440067514719 ], [ 127.018041739103737, 37.508338866246213 ], [ 127.01802633183658, 37.50832582195703 ], [ 127.017936454209078, 37.508395472578336 ], [ 127.017968547100409, 37.508422966555777 ], [ 127.018069316881977, 37.508509231995134 ] ] ] } },
{ "type": "Feature", "properties": { "F_YR": 2023, "F_SHIM": 0.3, "F_AREA": 85, "F_AVR_HGT": 18.34371262, "ADM_CD": 1144012400.0, "F_ZONE_NM": "마포구 연남동 224-18", "TYPE": "상가" }, "geometry": { "type": "Polygon", "coordinates": [ [ [ 126.926731887239228, 37.564202169032811 ], [ 126.926650686352204, 37.564135804805247 ], [ 126.926579213973241, 37.564188016806774 ], [ 126.926632703846806, 37.564234902155427 ], [ 126.926687936810907, 37.564236558953347 ], [ 126.926731887239228, 37.564202169032811 ] ] ] } },
{ "type": "Feature", "properties": { "F_YR": 2023, "F_SHIM": 0.3, "F_AREA": 208, "F_AVR_HGT": 47.02739792, "ADM_CD": 1035010500.0, "F_ZONE_NM": "노원구 상계동 1116-89", "TYPE": "주택" }, "geometry": { "type": "Polygon", "coordinates": [ [ [ 127.05806449676372, 37.675715048113524 ], [ 127.058116060277911, 37.675712942139803 ], [ 127.058174414778719, 37.675667469117201 ], [ 127.058298864977516, 37.67557559125752 ], [ 127.058039702176259, 37.675575418401564 ], [ 127.05806449676372, 37.675715048113524 ] ] ] } },
{ "type": "Feature", "properties": { "F_YR": 2023, "F_SHIM": 0.3, "F_AREA": 97, "F_AVR_HGT": 46.70797043, "ADM_CD": 1135010500.0, "F_ZONE_NM": "노원구 상계동 112-58", "TYPE": "주택" }, "geometry": { "type": "Polygon", "coordinates": [ [ [ 127.077842009033077, 37.670089169034412 ], [ 127.077916052463465, 37.670028332495164 ], [ 127.077832619851037, 37.669963381339443 ], [ 127.077766821403799, 37.670017752525673 ], [ 127.077758904337188, 37.670023451788495 ], [ 127.07775992613854, 37.67002509990764 ], [ 127.077842009033077, 37.670089169034412 ] ] ] } },
{ "type": "Feature", "properties": { "F_YR": 2023, "F_SHIM": 0.3, "F_AREA": 276, "F_AVR_HGT": 11.6451767, "ADM_CD": 1144012000.0, "F_ZONE_NM": "마포구 서교동 463-15", "TYPE": "상가" }, "geometry": { "type": "Polygon", "coordinates": [ [ [ 126.918738093332152, 37.55535348092706 ], [ 126.918812480418154, 37.555374904535043 ], [ 126.918873369509939, 37.555239501341546 ], [ 126.918840435293035, 37.555230288188156 ], [ 126.918738258253725, 37.555204376208081 ], [ 126.918688783906518, 37.555190114881647 ], [ 126.918625961464201, 37.555333760682139 ], [ 126.918738093332152, 37.55535348092706 ] ] ] } },
{ "type": "Feature", "properties": { "F_YR": 2023, "F_SHIM": 0.2, "F_AREA": 199, "F_AVR_HGT": 16.50506134, "ADM_CD": 1147010300.0, "F_ZONE_NM": "서울 양천구 중앙로51가길 26B01(신월동, 샤프빌라)", "TYPE": "공동주택" }, "geometry": { "type": "Polygon", "coordinates": [ [ [ 126.848061355446035, 37.526866101981668 ], [ 126.848086779137518, 37.526770449473666 ], [ 126.848087121291385, 37.526769098427501 ], [ 126.847916355716421, 37.526740224872498 ], [ 126.847845470284398, 37.526772748640632 ], [ 126.84789239916654, 37.526837501041136 ], [ 126.848061355446035, 37.526866101981668 ] ] ] } },
{ "type": "Feature", "properties": { "F_YR": 2023, "F_SHIM": 0.2, "F_AREA": 276, "F_AVR_HGT": 7.38895531, "ADM_CD": 1147010200.0, "F_ZONE_NM": "서울 양천구 오목로54길 14-6B02(목동, 신목빌라 2동)", "TYPE": "공동주택" }, "geometry": { "type": "Polygon", "coordinates": [ [ [ 126.872718188271079, 37.523578823652137 ], [ 126.872711790851866, 37.5235493541553 ], [ 126.872684067520396, 37.523422373791071 ], [ 126.872511691465164, 37.523447350424448 ], [ 126.872528328007334, 37.523535098430315 ], [ 126.872545516395277, 37.523604583876576 ], [ 126.872666590405913, 37.523586515928436 ], [ 126.872718188271079, 37.523578823652137 ] ] ] } },
{ "type": "Feature", "properties": { "F_YR": 2023, "F_SHIM": 0.2, "F_AREA": 139, "F_AVR_HGT": 24.07851143, "ADM_CD": 1147010300.0, "F_ZONE_NM": "서울 양천구 남부순환로79길 53-1B02(신월동)", "TYPE": "단독주택" }, "geometry": { "type": "Polygon", "coordinates": [ [ [ 126.844309203178582, 37.519424811116913 ], [ 126.844339577382101, 37.51945080019042 ], [ 126.844411869957057, 37.519391971302454 ], [ 126.844413728381596, 37.519368818206367 ], [ 126.844330059129916, 37.519296807503146 ], [ 126.844239873032322, 37.519365613560893 ], [ 126.844309203178582, 37.519424811116913 ] ] ] } },
{ "type": "Feature", "properties": { "F_YR": 2023, "F_SHIM": 0.2, "F_AREA": 5793, "F_AVR_HGT": 11.47853012, "ADM_CD": 1150010200.0, "F_ZONE_NM": "서울 강서구 공항대로45길  24 상가 지하1층 (등촌동, 등촌현대1차아파트)", "TYPE": "미분류" }, "geometry": { "type": "Polygon", "coordinates": [ [ [ 126.855115082909705, 37.55638576400338 ], [ 126.855301239289332, 37.556265721605172 ], [ 126.855303686965925, 37.55626412087512 ], [ 126.855310304770697, 37.556259786301098 ], [ 126.855461468550089, 37.556162306135818 ], [ 126.855708746201813, 37.556002875343253 ], [ 126.855789506146849, 37.555950789737608 ], [ 126.855966266576331, 37.555836789332346 ], [ 126.855926632425124, 37.555802394754899 ], [ 126.855522610221342, 37.555451771421282 ], [ 126.855466256685091, 37.555448548268622 ], [ 126.854710545443268, 37.555940452317259 ], [ 126.854704912131837, 37.555985224483997 ], [ 126.855115082909705, 37.55638576400338 ] ] ] } },
{ "type": "Feature", "properties": { "F_YR": 2023, "F_SHIM": 0.2, "F_AREA": 186, "F_AVR_HGT": 18.35701103, "ADM_CD": 1153010200.0, "F_ZONE_NM": "서울 구로구 가마산로 15길 9-3101호, 102호(구로동)", "TYPE": "단독주택" }, "geometry": { "type": "Polygon", "coordinates": [ [ [ 126.883884029086389, 37.493863610932472 ], [ 126.884040009061167, 37.493835835154911 ], [ 126.884036541285212, 37.493811775028533 ], [ 126.883985237106174, 37.493718020087023 ], [ 126.883852559975821, 37.49374050310751 ], [ 126.883884029086389, 37.493863610932472 ] ] ] } },
{ "type": "Feature", "properties": { "F_YR": 2023, "F_SHIM": 0.2, "F_AREA": 98, "F_AVR_HGT": 10.81715889, "ADM_CD": 1153010200.0, "F_ZONE_NM": "서울 구로구 구로구 가마산로 26길 55-3(구로동)", "TYPE": "공동주택" }, "geometry": { "type": "Polygon", "coordinates": [ [ [ 126.892388377181391, 37.494106122029173 ], [ 126.892401061364936, 37.494092889055942 ], [ 126.892304788003187, 37.494044416445178 ], [ 126.892299123794388, 37.49405143900313 ], [ 126.892279575863981, 37.494041239639877 ], [ 126.892236524395159, 37.4940969716789 ], [ 126.892235844473632, 37.494097962149155 ], [ 126.892340020715139, 37.494155181811067 ], [ 126.892388377181391, 37.494106122029173 ] ] ] } },
{ "type": "Feature", "properties": { "F_YR": 2023, "F_SHIM": 0.2, "F_AREA": 110, "F_AVR_HGT": 10.65922756, "ADM_CD": 1153010200.0, "F_ZONE_NM": "서울 구로구 구로동  131-7번지 지하1층", "TYPE": "단독주택" }, "geometry": { "type": "Polygon", "coordinates": [ [ [ 126.891552227246507, 37.493437976601946 ], [ 126.891571538562786, 37.493377988019851 ], [ 126.891567380411473, 37.49336041466362 ], [ 126.891396657419321, 37.493419901819358 ], [ 126.891427432393542, 37.493484982648894 ], [ 126.891552227246507, 37.493437976601946 ] ] ] } },
{ "type": "Feature", "properties": { "F_YR": 2023, "F_SHIM": 0.2, "F_AREA": 113, "F_AVR_HGT": 11.8065197, "ADM_CD": 1153010200.0, "F_ZONE_NM": "서울 구로구 도림로 22길 21지층 102호(B02호)", "TYPE": "공동주택" }, "geometry": { "type": "Polygon", "coordinates": [ [ [ 126.894045677165622, 37.490552387271691 ], [ 126.894110937008193, 37.49054127421703 ], [ 126.894142832326622, 37.490535446708662 ], [ 126.894125540912455, 37.490450196414031 ], [ 126.894094012848655, 37.490436472556354 ], [ 126.894074576107499, 37.490428075584965 ], [ 126.894011342265927, 37.490445767761706 ], [ 126.894045677165622, 37.490552387271691 ] ] ] } },
{ "type": "Feature", "properties": { "F_YR": 2023, "F_SHIM": 0.2, "F_AREA": 122, "F_AVR_HGT": 34.43625565, "ADM_CD": 1153010600.0, "F_ZONE_NM": "서울 구로구 고척동 162-51지층 101호", "TYPE": "공동주택" }, "geometry": { "type": "Polygon", "coordinates": [ [ [ 126.853838099970901, 37.502854273426451 ], [ 126.853893664182579, 37.502778749180855 ], [ 126.853776257634081, 37.502729588148057 ], [ 126.853764731614802, 37.502724798446415 ], [ 126.853712111449383, 37.502798434220622 ], [ 126.853838099970901, 37.502854273426451 ] ] ] } },
{ "type": "Feature", "properties": { "F_YR": 2023, "F_SHIM": 0.2, "F_AREA": 137, "F_AVR_HGT": 15.05535717, "ADM_CD": 1153010200.0, "F_ZONE_NM": "서울 구로구 구로동로26길 30 1층 측면 (구로동)", "TYPE": "미분류" }, "geometry": { "type": "Polygon", "coordinates": [ [ [ 126.88574611837484, 37.490119815188457 ], [ 126.885749152557594, 37.490058730376823 ], [ 126.885714179333945, 37.49000715891674 ], [ 126.885639982166737, 37.490020691268491 ], [ 126.885607283483452, 37.490033903891792 ], [ 126.885608296411291, 37.490036968284734 ], [ 126.885615280975983, 37.490126985013781 ], [ 126.88574611837484, 37.490119815188457 ] ] ] } },
{ "type": "Feature", "properties": { "F_YR": 2023, "F_SHIM": 0.2, "F_AREA": 113, "F_AVR_HGT": 28.22959251, "ADM_CD": 1153010600.0, "F_ZONE_NM": "서울 구로구 고척로 52다길 22103호", "TYPE": "공동주택" }, "geometry": { "type": "Polygon", "coordinates": [ [ [ 126.855217859829253, 37.50376815996276 ], [ 126.85519892539871, 37.503676685278656 ], [ 126.855076874232751, 37.503688247015447 ], [ 126.85509411052324, 37.50378053051174 ], [ 126.855217859829253, 37.50376815996276 ] ] ] } },
{ "type": "Feature", "properties": { "F_YR": 2023, "F_SHIM": 0.3, "F_AREA": 139, "F_AVR_HGT": 16.86777763, "ADM_CD": 1153010100.0, "F_ZONE_NM": "구로구 가리봉동 126-18", "TYPE": "상가" }, "geometry": { "type": "Polygon", "coordinates": [ [ [ 126.889682086665573, 37.481179194219763 ], [ 126.889680722290251, 37.481108464335747 ], [ 126.889647753091538, 37.481078700087856 ], [ 126.889553492537928, 37.48105752738212 ], [ 126.88953959033411, 37.481054721104755 ], [ 126.889513339956238, 37.481144165643308 ], [ 126.889682086665573, 37.481179194219763 ] ] ] } },
{ "type": "Feature", "properties": { "F_YR": 2023, "F_SHIM": 0.2, "F_AREA": 218, "F_AVR_HGT": 15.42094917, "ADM_CD": 1153010200.0, "F_ZONE_NM": "서울 구로구 구로동로22길 5-2 (구로동)", "TYPE": "미분류" }, "geometry": { "type": "Polygon", "coordinates": [ [ [ 126.885095341374139, 37.489706878229818 ], [ 126.88519244686718, 37.48972256116965 ], [ 126.885193700398645, 37.489643364518678 ], [ 126.885193551180066, 37.489520828392664 ], [ 126.885082628990759, 37.489519367636149 ], [ 126.885074767691563, 37.489703253956449 ], [ 126.885095341374139, 37.489706878229818 ] ] ] } },
{ "type": "Feature", "properties": { "F_YR": 2023, "F_SHIM": 0.2, "F_AREA": 326, "F_AVR_HGT": 13.69282074, "ADM_CD": 1153010600.0, "F_ZONE_NM": "서울 구로구 경인로47길 49 (고척동)", "TYPE": "미분류" }, "geometry": { "type": "Polygon", "coordinates": [ [ [ 126.86540047846438, 37.501242581107817 ], [ 126.865403860705229, 37.501248351391034 ], [ 126.865418235432969, 37.501241610467808 ], [ 126.865430201252764, 37.501253607523687 ], [ 126.865444205644408, 37.50126398513018 ], [ 126.865444980109572, 37.501273446499859 ], [ 126.865573157912763, 37.501185566571984 ], [ 126.865585616940194, 37.501175039232763 ], [ 126.865547240295029, 37.501134179866192 ], [ 126.86552770920494, 37.501115686929047 ], [ 126.865510982334115, 37.501109901287258 ], [ 126.865426079236755, 37.501032317694623 ], [ 126.865346133685009, 37.501089529040755 ], [ 126.865312321404829, 37.501088589065134 ], [ 126.865365418636017, 37.501181272852364 ], [ 126.86540047846438, 37.501242581107817 ] ] ] } },
{ "type": "Feature", "properties": { "F_YR": 2023, "F_SHIM": 0.2, "F_AREA": 155, "F_AVR_HGT": 19.85623093, "ADM_CD": 1153010900.0, "F_ZONE_NM": "서울 구로구 부일로15길 29-13지하 B01호", "TYPE": "공동주택" }, "geometry": { "type": "Polygon", "coordinates": [ [ [ 126.832454276047088, 37.494524353086042 ], [ 126.832218771993922, 37.494455539967234 ], [ 126.832183229514811, 37.494521261924518 ], [ 126.832356463617728, 37.494573587799778 ], [ 126.832454276047088, 37.494524353086042 ] ] ] } },
{ "type": "Feature", "properties": { "F_YR": 2023, "F_SHIM": 0.2, "F_AREA": 196, "F_AVR_HGT": 22.36281509, "ADM_CD": 1153010700.0, "F_ZONE_NM": "서울 구로구 고척로 27다길 12지층   01호", "TYPE": "공동주택" }, "geometry": { "type": "Polygon", "coordinates": [ [ [ 126.846594117347522, 37.504900350900243 ], [ 126.846879034758189, 37.50499613979089 ], [ 126.846936490282218, 37.50488512204263 ], [ 126.8468337979415, 37.504885708422464 ], [ 126.846733138903247, 37.504887468673388 ], [ 126.846683145413394, 37.504889925952028 ], [ 126.84664140455375, 37.504894015823815 ], [ 126.846594117347522, 37.504900350900243 ] ] ] } },
{ "type": "Feature", "properties": { "F_YR": 2023, "F_SHIM": 0.2, "F_AREA": 155, "F_AVR_HGT": 11.10913582, "ADM_CD": 1153010700.0, "F_ZONE_NM": "서울 구로구 개봉로1라길 10-8B2호", "TYPE": "공동주택" }, "geometry": { "type": "Polygon", "coordinates": [ [ [ 126.850582577460273, 37.48218862888006 ], [ 126.85072838700529, 37.482152324515873 ], [ 126.850691841614648, 37.482052987601406 ], [ 126.850547617460037, 37.482088122646026 ], [ 126.850582577460273, 37.48218862888006 ] ] ] } },
{ "type": "Feature", "properties": { "F_YR": 2023, "F_SHIM": 0.2, "F_AREA": 171, "F_AVR_HGT": 23.7719738, "ADM_CD": 1153010800.0, "F_ZONE_NM": "서울 구로구 경인로15길 40-9101호", "TYPE": "공동주택" }, "geometry": { "type": "Polygon", "coordinates": [ [ [ 126.839056029899055, 37.495980709135836 ], [ 126.838993395021362, 37.495922598693838 ], [ 126.838976081159629, 37.495928251165097 ], [ 126.838967297075698, 37.495911480509676 ], [ 126.838973645097695, 37.495904371356026 ], [ 126.838948716454198, 37.495875505107939 ], [ 126.838873252796517, 37.495945048421888 ], [ 126.838896145759506, 37.495974001983434 ], [ 126.838979263361949, 37.496077460875583 ], [ 126.839056029899055, 37.495980709135836 ] ] ] } },
{ "type": "Feature", "properties": { "F_YR": 2023, "F_SHIM": 0.2, "F_AREA": 63, "F_AVR_HGT": 12.527672, "ADM_CD": 1153010700.0, "F_ZONE_NM": "서울 구로구 경인로35길 33 1층 옷사랑 (개봉동)", "TYPE": "미분류" }, "geometry": { "type": "Polygon", "coordinates": [ [ [ 126.854411043676322, 37.498638228295796 ], [ 126.854412222000391, 37.498637094505355 ], [ 126.85435347266025, 37.498620253763427 ], [ 126.854268952964873, 37.498700292237231 ], [ 126.854286964745356, 37.498707540690127 ], [ 126.854323799249727, 37.498723714454634 ], [ 126.854411043676322, 37.498638228295796 ] ] ] } },
{ "type": "Feature", "properties": { "F_YR": 2023, "F_SHIM": 0.3, "F_AREA": 85, "F_AVR_HGT": 17.98308449, "ADM_CD": 1153010100.0, "F_ZONE_NM": "구로구 오류동 120-1", "TYPE": "상가" }, "geometry": { "type": "Polygon", "coordinates": [ [ [ 126.83309453996263, 37.4915012453583 ], [ 126.833094710882108, 37.491576208718683 ], [ 126.833221238333508, 37.491578191012962 ], [ 126.833214996245303, 37.491512805634017 ], [ 126.83309453996263, 37.4915012453583 ] ] ] } },
{ "type": "Feature", "properties": { "F_YR": 2023, "F_SHIM": 0.3, "F_AREA": 1656, "F_AVR_HGT": 7.80224209, "ADM_CD": 1153010100.0, "F_ZONE_NM": "구로구 신도림동 276-59", "TYPE": "상가" }, "geometry": { "type": "Polygon", "coordinates": [ [ [ 126.879514605548763, 37.512305306125654 ], [ 126.87963940127328, 37.512420762475408 ], [ 126.879695534126483, 37.512470915770542 ], [ 126.879717898179194, 37.51249013005269 ], [ 126.879894105058312, 37.512638525491802 ], [ 126.879913653363161, 37.512650438767601 ], [ 126.879937649549845, 37.512639741612112 ], [ 126.880149053480949, 37.512426693187074 ], [ 126.880098164732729, 37.512350957202223 ], [ 126.879967955916513, 37.512155487291828 ], [ 126.87990809626416, 37.512171553517462 ], [ 126.879885463499434, 37.512178557986864 ], [ 126.879630297457624, 37.512246049899275 ], [ 126.879514605548763, 37.512305306125654 ] ] ] } },
{ "type": "Feature", "properties": { "F_YR": 2023, "F_SHIM": 0.2, "F_AREA": 317, "F_AVR_HGT": 38.60082932, "ADM_CD": 1154510200.0, "F_ZONE_NM": "서울 금천구 독산동 977-7(독산동)", "TYPE": "단독주택" }, "geometry": { "type": "Polygon", "coordinates": [ [ [ 126.903949438563544, 37.474880138613692 ], [ 126.904097446424473, 37.474896208464429 ], [ 126.904100131452225, 37.474865666701469 ], [ 126.904100613281088, 37.474860261085126 ], [ 126.90407491142166, 37.474803476751781 ], [ 126.90404729324186, 37.474742456121042 ], [ 126.904029932968456, 37.474704329404155 ], [ 126.90390995882872, 37.474725494021612 ], [ 126.903906333364233, 37.4747315277422 ], [ 126.903854662547801, 37.474823567481778 ], [ 126.90385462746076, 37.474850534450418 ], [ 126.903859715477765, 37.474849971023929 ], [ 126.903949438563544, 37.474880138613692 ] ] ] } },
{ "type": "Feature", "properties": { "F_YR": 2023, "F_SHIM": 0.2, "F_AREA": 114, "F_AVR_HGT": 29.48612328, "ADM_CD": 1154510300.0, "F_ZONE_NM": "서울특별시 금천구 시흥동 917-20 지층", "TYPE": "주택" }, "geometry": { "type": "Polygon", "coordinates": [ [ [ 126.908776623954239, 37.449723482750073 ], [ 126.908767674559499, 37.449630942395274 ], [ 126.908660504791669, 37.449639868313341 ], [ 126.908643306478396, 37.449656343213952 ], [ 126.908649540635892, 37.449732843534896 ], [ 126.908776623954239, 37.449723482750073 ] ] ] } },
{ "type": "Feature", "properties": { "F_YR": 2023, "F_SHIM": 0.2, "F_AREA": 134, "F_AVR_HGT": 23.6198494, "ADM_CD": 1154510300.0, "F_ZONE_NM": "서울특별시 금천구 시흥동 835-19 지층", "TYPE": "주택" }, "geometry": { "type": "Polygon", "coordinates": [ [ [ 126.906885814380033, 37.452577722334937 ], [ 126.906891245223932, 37.452635751449826 ], [ 126.906934041762014, 37.452665158489999 ], [ 126.907052831886006, 37.452658099504156 ], [ 126.907046162754298, 37.452569110851243 ], [ 126.906885814380033, 37.452577722334937 ] ] ] } },
{ "type": "Feature", "properties": { "F_YR": 2023, "F_SHIM": 0.5, "F_AREA": 82, "F_AVR_HGT": 10.34801388, "ADM_CD": 1156010800.0, "F_ZONE_NM": "영등포구 영등포동7가 79-1", "TYPE": "상가" }, "geometry": { "type": "Polygon", "coordinates": [ [ [ 126.906446774262719, 37.525228478324742 ], [ 126.906499022117742, 37.525152440388943 ], [ 126.906346917549058, 37.525148128303151 ], [ 126.906368418265316, 37.525196330813714 ], [ 126.906380973533985, 37.525224469976685 ], [ 126.906446774262719, 37.525228478324742 ] ] ] } },
{ "type": "Feature", "properties": { "F_YR": 2023, "F_SHIM": 0.2, "F_AREA": 136, "F_AVR_HGT": 9.89391727, "ADM_CD": 1156010700.0, "F_ZONE_NM": "서울 영등포구 영등포로 199？지하1층 드림노래방(영등포동6가)", "TYPE": "상가-시설" }, "geometry": { "type": "Polygon", "coordinates": [ [ [ 126.903856152009325, 37.52044435236477 ], [ 126.903817722272436, 37.520290511683129 ], [ 126.903732764266564, 37.520303343633529 ], [ 126.903765958240669, 37.520455774456963 ], [ 126.903856152009325, 37.52044435236477 ] ] ] } },
{ "type": "Feature", "properties": { "F_YR": 2023, "F_SHIM": 0.5, "F_AREA": 139, "F_AVR_HGT": 11.92590046, "ADM_CD": 1156011900.0, "F_ZONE_NM": "영등포구 문래동1가 56-4", "TYPE": "상가" }, "geometry": { "type": "Polygon", "coordinates": [ [ [ 126.895842696998145, 37.512367163387381 ], [ 126.895919393635438, 37.512231686068723 ], [ 126.895829732536839, 37.512200377346801 ], [ 126.895757274591602, 37.512337768515337 ], [ 126.895842696998145, 37.512367163387381 ] ] ] } },
{ "type": "Feature", "properties": { "F_YR": 2023, "F_SHIM": 0.5, "F_AREA": 1210, "F_AVR_HGT": 10.24615383, "ADM_CD": 1156011900.0, "F_ZONE_NM": "영등포구 문래동1가 60-2", "TYPE": "상가" }, "geometry": { "type": "Polygon", "coordinates": [ [ [ 126.894963403485477, 37.511673029695508 ], [ 126.89504870765731, 37.511522126619532 ], [ 126.89505552280086, 37.511509825148828 ], [ 126.895092789255074, 37.511519184043216 ], [ 126.895097719724944, 37.511519855222517 ], [ 126.895103909554763, 37.511509823696997 ], [ 126.895121133471434, 37.511479448597477 ], [ 126.894792280927973, 37.511366085888994 ], [ 126.894745197710236, 37.511451520886396 ], [ 126.894712664449699, 37.511509894073356 ], [ 126.894662486436971, 37.511600110529017 ], [ 126.894578999223526, 37.511570896751742 ], [ 126.894526734610068, 37.511664787325536 ], [ 126.894896139940172, 37.511791783414942 ], [ 126.894963403485477, 37.511673029695508 ] ] ] } },
{ "type": "Feature", "properties": { "F_YR": 2023, "F_SHIM": 0.5, "F_AREA": 327, "F_AVR_HGT": 12.00797462, "ADM_CD": 1156011900.0, "F_ZONE_NM": "영등포구 문래동1가 61-1", "TYPE": "상가" }, "geometry": { "type": "Polygon", "coordinates": [ [ [ 126.895439751414898, 37.511760296454888 ], [ 126.895460867097682, 37.511721230185266 ], [ 126.895518394411511, 37.511616234633365 ], [ 126.895344309599963, 37.51155454023116 ], [ 126.895253680480337, 37.511712151154278 ], [ 126.895302099278211, 37.511729538883174 ], [ 126.895431779427057, 37.511774858409652 ], [ 126.895439751414898, 37.511760296454888 ] ] ] } },
{ "type": "Feature", "properties": { "F_YR": 2023, "F_SHIM": 0.5, "F_AREA": 77, "F_AVR_HGT": 11.15814781, "ADM_CD": 1156012000.0, "F_ZONE_NM": "영등포구 문래동2가 44-2", "TYPE": "상가" }, "geometry": { "type": "Polygon", "coordinates": [ [ [ 126.893681630385316, 37.513698991255424 ], [ 126.893664718084338, 37.513677117647084 ], [ 126.893655415366311, 37.513680686108025 ], [ 126.89362177133269, 37.513645102071905 ], [ 126.893532819233172, 37.513686439586273 ], [ 126.893578631616478, 37.513747109491383 ], [ 126.893681630385316, 37.513698991255424 ] ] ] } },
{ "type": "Feature", "properties": { "F_YR": 2023, "F_SHIM": 0.5, "F_AREA": 229, "F_AVR_HGT": 14.00796604, "ADM_CD": 1156011900.0, "F_ZONE_NM": "영등포구 문래동1가 47-1", "TYPE": "상가" }, "geometry": { "type": "Polygon", "coordinates": [ [ [ 126.896670472039943, 37.511712723380782 ], [ 126.896740868888799, 37.511583627986191 ], [ 126.89660311951188, 37.511533302197826 ], [ 126.896593913283695, 37.511532870552699 ], [ 126.896516097946233, 37.511660905100833 ], [ 126.896670472039943, 37.511712723380782 ] ] ] } },
{ "type": "Feature", "properties": { "F_YR": 2023, "F_SHIM": 0.5, "F_AREA": 179, "F_AVR_HGT": 10.24615383, "ADM_CD": 1156011900.0, "F_ZONE_NM": "영등포구 문래동1가 71-5", "TYPE": "상가" }, "geometry": { "type": "Polygon", "coordinates": [ [ [ 126.894167614836036, 37.511693680837084 ], [ 126.894176240189864, 37.511696932262595 ], [ 126.894190773603341, 37.511673753817398 ], [ 126.894225280442114, 37.51161975240187 ], [ 126.894066466690163, 37.511557583448273 ], [ 126.894000596085988, 37.511642667686083 ], [ 126.894057543917526, 37.511667136510354 ], [ 126.89414657175611, 37.511705284567341 ], [ 126.894154043028252, 37.511693019785355 ], [ 126.894167614836036, 37.511693680837084 ] ] ] } },
{ "type": "Feature", "properties": { "F_YR": 2023, "F_SHIM": 0.5, "F_AREA": 189, "F_AVR_HGT": 9.96846962, "ADM_CD": 1156011900.0, "F_ZONE_NM": "영등포구 문래동1가 72-11", "TYPE": "상가" }, "geometry": { "type": "Polygon", "coordinates": [ [ [ 126.893783193226042, 37.511643649918334 ], [ 126.893708700053111, 37.511605316633826 ], [ 126.893524892685932, 37.511510102616164 ], [ 126.893494377084949, 37.511494127076155 ], [ 126.893482466612326, 37.511510108872734 ], [ 126.89345642351563, 37.511545719465317 ], [ 126.893756409702277, 37.511690837706361 ], [ 126.893783193226042, 37.511643649918334 ] ] ] } },
{ "type": "Feature", "properties": { "F_YR": 2023, "F_SHIM": 0.5, "F_AREA": 892, "F_AVR_HGT": 9.96846962, "ADM_CD": 1156011900.0, "F_ZONE_NM": "영등포구 문래동1가 72-10", "TYPE": "상가" }, "geometry": { "type": "Polygon", "coordinates": [ [ [ 126.893708700053111, 37.511605316633826 ], [ 126.893783193226042, 37.511643649918334 ], [ 126.89382370719666, 37.511573264971396 ], [ 126.893855579520334, 37.511518819772959 ], [ 126.893860127397843, 37.51151023742068 ], [ 126.893834412504418, 37.511467101297441 ], [ 126.893832823498315, 37.511463072394342 ], [ 126.893754012547248, 37.511422852118386 ], [ 126.893647579166554, 37.511368352803601 ], [ 126.893558053479296, 37.511322932871451 ], [ 126.893435209494697, 37.511260075137251 ], [ 126.893403810944079, 37.511299582134889 ], [ 126.893323485385807, 37.511399996739634 ], [ 126.893398781338135, 37.511438240903288 ], [ 126.893494377084949, 37.511494127076155 ], [ 126.893524892685932, 37.511510102616164 ], [ 126.893708700053111, 37.511605316633826 ] ] ] } },
{ "type": "Feature", "properties": { "F_YR": 2023, "F_SHIM": 0.5, "F_AREA": 123, "F_AVR_HGT": 9.96846962, "ADM_CD": 1156011900.0, "F_ZONE_NM": "영등포구 문래동1가 71-11", "TYPE": "상가" }, "geometry": { "type": "Polygon", "coordinates": [ [ [ 126.893973071693296, 37.511630839576505 ], [ 126.894000596085988, 37.511642667686083 ], [ 126.894066466690163, 37.511557583448273 ], [ 126.893997771306928, 37.51153026579685 ], [ 126.893979616634084, 37.511523185458309 ], [ 126.89391412342647, 37.511542299025258 ], [ 126.893886611356464, 37.511592819867253 ], [ 126.893907782966707, 37.511601993280287 ], [ 126.893973071693296, 37.511630839576505 ] ] ] } },
{ "type": "Feature", "properties": { "F_YR": 2023, "F_SHIM": 0.5, "F_AREA": 1527, "F_AVR_HGT": 10.24615383, "ADM_CD": 1156011900.0, "F_ZONE_NM": "영등포구 문래동1가 70-1", "TYPE": "상가" }, "geometry": { "type": "Polygon", "coordinates": [ [ [ 126.894361961478282, 37.511617281595484 ], [ 126.894421122321305, 37.511509945467772 ], [ 126.894452907650532, 37.511452733968973 ], [ 126.894500523493022, 37.511366813032673 ], [ 126.894541358119142, 37.511293076418973 ], [ 126.894155004654493, 37.511155864527538 ], [ 126.89412999835325, 37.511147048070868 ], [ 126.894044630499863, 37.511301932839089 ], [ 126.893976702841456, 37.511425550818963 ], [ 126.894000122597674, 37.51147598289473 ], [ 126.894087120188502, 37.511510002585538 ], [ 126.894087730624449, 37.511510237399776 ], [ 126.894361961478282, 37.511617281595484 ] ] ] } },
{ "type": "Feature", "properties": { "F_YR": 2023, "F_SHIM": 0.5, "F_AREA": 229, "F_AVR_HGT": 10.24615383, "ADM_CD": 1156011900.0, "F_ZONE_NM": "영등포구 문래동1가 60-3", "TYPE": "상가" }, "geometry": { "type": "Polygon", "coordinates": [ [ [ 126.894662486436971, 37.511600110529017 ], [ 126.894712664449699, 37.511509894073356 ], [ 126.894745197710236, 37.511451520886396 ], [ 126.894792280927973, 37.511366085888994 ], [ 126.894722302393518, 37.511342254355441 ], [ 126.894707967316066, 37.511337529182747 ], [ 126.894656098358084, 37.511431798594046 ], [ 126.894616681331129, 37.511502914628629 ], [ 126.894612407256275, 37.511509911503929 ], [ 126.894578999223526, 37.511570896751742 ], [ 126.894662486436971, 37.511600110529017 ] ] ] } },
{ "type": "Feature", "properties": { "F_YR": 2023, "F_SHIM": 0.5, "F_AREA": 680, "F_AVR_HGT": 10.24615383, "ADM_CD": 1156011900.0, "F_ZONE_NM": "영등포구 문래동1가 64", "TYPE": "상가" }, "geometry": { "type": "Polygon", "coordinates": [ [ [ 126.895098026502538, 37.511415303857454 ], [ 126.895157197136101, 37.511308183604584 ], [ 126.895139822042637, 37.511301662763842 ], [ 126.895171956454504, 37.511245091091034 ], [ 126.895177477894151, 37.511235788766697 ], [ 126.895124627066707, 37.511217441937475 ], [ 126.895101089964697, 37.511209356816835 ], [ 126.895093991184297, 37.511222297742904 ], [ 126.895018011796083, 37.511194938080841 ], [ 126.894999856262643, 37.511188452555686 ], [ 126.894996500674196, 37.511193846499552 ], [ 126.894842979152031, 37.511140585204203 ], [ 126.894817690113968, 37.511131696557975 ], [ 126.894738682625047, 37.511276964930346 ], [ 126.894732705599779, 37.511288447234001 ], [ 126.894929220194555, 37.511356667975505 ], [ 126.895098026502538, 37.511415303857454 ] ] ] } },
{ "type": "Feature", "properties": { "F_YR": 2023, "F_SHIM": 0.5, "F_AREA": 673, "F_AVR_HGT": 9.96846962, "ADM_CD": 1156011900.0, "F_ZONE_NM": "영등포구 문래동1가 73", "TYPE": "상가" }, "geometry": { "type": "Polygon", "coordinates": [ [ [ 126.893323485385807, 37.511399996739634 ], [ 126.893403810944079, 37.511299582134889 ], [ 126.893435209494697, 37.511260075137251 ], [ 126.893309370790647, 37.511195574717775 ], [ 126.893140651433114, 37.511109401902495 ], [ 126.893127541150733, 37.511102524279693 ], [ 126.893058215981895, 37.511112326562596 ], [ 126.89301115747368, 37.511171622982836 ], [ 126.892971826002508, 37.511221727309021 ], [ 126.893011180149557, 37.511241909747575 ], [ 126.893125152323009, 37.511299669151803 ], [ 126.893229710118874, 37.511352473344722 ], [ 126.893323485385807, 37.511399996739634 ] ] ] } },
{ "type": "Feature", "properties": { "F_YR": 2023, "F_SHIM": 0.5, "F_AREA": 352, "F_AVR_HGT": 10.24615383, "ADM_CD": 1156011900.0, "F_ZONE_NM": "영등포구 문래동1가 70-2", "TYPE": "상가" }, "geometry": { "type": "Polygon", "coordinates": [ [ [ 126.894581943832904, 37.511219339564782 ], [ 126.894375471324508, 37.511146919578842 ], [ 126.894274315332282, 37.511111427631164 ], [ 126.894193090248166, 37.51108268415107 ], [ 126.894170118673514, 37.511074698468285 ], [ 126.894165390199362, 37.511083064429876 ], [ 126.89412999835325, 37.511147048070868 ], [ 126.894155004654493, 37.511155864527538 ], [ 126.894541358119142, 37.511293076418973 ], [ 126.894581943832904, 37.511219339564782 ] ] ] } },
{ "type": "Feature", "properties": { "F_YR": 2023, "F_SHIM": 0.5, "F_AREA": 150, "F_AVR_HGT": 12.00797462, "ADM_CD": 1156011900.0, "F_ZONE_NM": "영등포구 문래동1가 65-2", "TYPE": "상가" }, "geometry": { "type": "Polygon", "coordinates": [ [ [ 126.895771272007764, 37.511283164622149 ], [ 126.895824323895951, 37.511199167137612 ], [ 126.895701506360027, 37.511156431035907 ], [ 126.895702904131028, 37.511151774135477 ], [ 126.8956743819558, 37.511141621381213 ], [ 126.895658493989501, 37.51117128597317 ], [ 126.895627304283721, 37.511231949150734 ], [ 126.895771272007764, 37.511283164622149 ] ] ] } },
{ "type": "Feature", "properties": { "F_YR": 2023, "F_SHIM": 0.5, "F_AREA": 81, "F_AVR_HGT": 12.00797462, "ADM_CD": 1156011900.0, "F_ZONE_NM": "영등포구 문래동1가 65-4", "TYPE": "상가" }, "geometry": { "type": "Polygon", "coordinates": [ [ [ 126.895627304283721, 37.511231949150734 ], [ 126.895658493989501, 37.51117128597317 ], [ 126.895540340429321, 37.511133797683591 ], [ 126.895536144947542, 37.511141281201532 ], [ 126.89550810179604, 37.511192315517029 ], [ 126.895581947819565, 37.511216735701915 ], [ 126.895627304283721, 37.511231949150734 ] ] ] } },
{ "type": "Feature", "properties": { "F_YR": 2023, "F_SHIM": 0.5, "F_AREA": 138, "F_AVR_HGT": 10.24615383, "ADM_CD": 1156011900.0, "F_ZONE_NM": "영등포구 문래동1가 69-3", "TYPE": "상가" }, "geometry": { "type": "Polygon", "coordinates": [ [ [ 126.894274315332282, 37.511111427631164 ], [ 126.894285551942104, 37.511091949274984 ], [ 126.894337599856044, 37.510999247917589 ], [ 126.894247420481818, 37.510968027618887 ], [ 126.89423226049685, 37.510962842130873 ], [ 126.894170118673514, 37.511074698468285 ], [ 126.894193090248166, 37.51108268415107 ], [ 126.894274315332282, 37.511111427631164 ] ] ] } },
{ "type": "Feature", "properties": { "F_YR": 2023, "F_SHIM": 0.5, "F_AREA": 242, "F_AVR_HGT": 10.24615383, "ADM_CD": 1156011900.0, "F_ZONE_NM": "영등포구 문래동1가 68-1", "TYPE": "상가" }, "geometry": { "type": "Polygon", "coordinates": [ [ [ 126.894495428607613, 37.511053513879162 ], [ 126.894645174608442, 37.511104934177915 ], [ 126.894721479003223, 37.510967520110796 ], [ 126.894573206249461, 37.510914236178422 ], [ 126.894566108460211, 37.510926438257016 ], [ 126.894521452797761, 37.511006910878017 ], [ 126.894495428607613, 37.511053513879162 ] ] ] } },
{ "type": "Feature", "properties": { "F_YR": 2023, "F_SHIM": 0.5, "F_AREA": 108, "F_AVR_HGT": 10.63050652, "ADM_CD": 1156011900.0, "F_ZONE_NM": "영등포구 문래동1가 96-3", "TYPE": "상가" }, "geometry": { "type": "Polygon", "coordinates": [ [ [ 126.892635628493949, 37.510943118076355 ], [ 126.8927546374819, 37.51100565776494 ], [ 126.892806047591648, 37.510940662141358 ], [ 126.892684155129615, 37.510877678358987 ], [ 126.892635628493949, 37.510943118076355 ] ] ] } },
{ "type": "Feature", "properties": { "F_YR": 2023, "F_SHIM": 0.5, "F_AREA": 297, "F_AVR_HGT": 10.87343121, "ADM_CD": 1156011900.0, "F_ZONE_NM": "영등포구 문래동1가 68-5", "TYPE": "상가" }, "geometry": { "type": "Polygon", "coordinates": [ [ [ 126.894359407190009, 37.511006709933731 ], [ 126.894373139414185, 37.510982098151814 ], [ 126.894427683599403, 37.510883695708188 ], [ 126.894469845257603, 37.510807230296081 ], [ 126.894343752167259, 37.510762345440448 ], [ 126.894287405442881, 37.510863647420351 ], [ 126.89423226049685, 37.510962842130873 ], [ 126.894247420481818, 37.510968027618887 ], [ 126.894337599856044, 37.510999247917589 ], [ 126.894359407190009, 37.511006709933731 ] ] ] } },
{ "type": "Feature", "properties": { "F_YR": 2023, "F_SHIM": 0.5, "F_AREA": 697, "F_AVR_HGT": 10.97153664, "ADM_CD": 1156011900.0, "F_ZONE_NM": "영등포구 문래동1가 84", "TYPE": "상가" }, "geometry": { "type": "Polygon", "coordinates": [ [ [ 126.894204454714497, 37.510879096266336 ], [ 126.894202608281176, 37.510873166031026 ], [ 126.894186326970882, 37.510829606070885 ], [ 126.894162083931903, 37.510817051177959 ], [ 126.893977880448375, 37.510722954729118 ], [ 126.893806516224814, 37.510635744304167 ], [ 126.893790540115177, 37.510655470573312 ], [ 126.893710058093802, 37.510755416791831 ], [ 126.893786405018659, 37.510793977020271 ], [ 126.893812038697121, 37.510806866626979 ], [ 126.893912979509366, 37.510857873938235 ], [ 126.894149864042831, 37.510978165302056 ], [ 126.894204454714497, 37.510879096266336 ] ] ] } },
{ "type": "Feature", "properties": { "F_YR": 2023, "F_SHIM": 0.5, "F_AREA": 434, "F_AVR_HGT": 10.87343121, "ADM_CD": 1156011900.0, "F_ZONE_NM": "영등포구 문래동1가 85-1", "TYPE": "상가" }, "geometry": { "type": "Polygon", "coordinates": [ [ [ 126.894207860397529, 37.510775529794472 ], [ 126.894242538635382, 37.510767434301378 ], [ 126.894271639281428, 37.510760396910584 ], [ 126.89432183084206, 37.510668549816266 ], [ 126.89432883912913, 37.510655671923082 ], [ 126.894242144665057, 37.510615940362214 ], [ 126.894121901634151, 37.510561699225285 ], [ 126.894080667686339, 37.510543137238884 ], [ 126.894050771414356, 37.510568716371132 ], [ 126.893977996365408, 37.510657920894623 ], [ 126.894056546867702, 37.510697879499986 ], [ 126.894188612834938, 37.510765610354944 ], [ 126.894207860397529, 37.510775529794472 ] ] ] } },
{ "type": "Feature", "properties": { "F_YR": 2023, "F_SHIM": 0.5, "F_AREA": 19, "F_AVR_HGT": 10.87343121, "ADM_CD": 1156011900.0, "F_ZONE_NM": "영등포구 문래동1가 67-8", "TYPE": "상가" }, "geometry": { "type": "Polygon", "coordinates": [ [ [ 126.894458076790059, 37.510716083817996 ], [ 126.894383430760513, 37.510690139519106 ], [ 126.894370321892509, 37.510713895922038 ], [ 126.894441139264373, 37.510735935443194 ], [ 126.894458076790059, 37.510716083817996 ] ] ] } },
{ "type": "Feature", "properties": { "F_YR": 2023, "F_SHIM": 0.5, "F_AREA": 1668, "F_AVR_HGT": 11.74334812, "ADM_CD": 1156011900.0, "F_ZONE_NM": "영등포구 문래동1가 13", "TYPE": "상가" }, "geometry": { "type": "Polygon", "coordinates": [ [ [ 126.902725618027787, 37.514442492507342 ], [ 126.902738696844239, 37.514422861728363 ], [ 126.902799532570086, 37.514333227425247 ], [ 126.902878740160347, 37.514215587450032 ], [ 126.902859478319783, 37.514163412693847 ], [ 126.902690892720074, 37.514091074945185 ], [ 126.902545979633345, 37.514028586660416 ], [ 126.902452309742259, 37.513988557969355 ], [ 126.902350385261784, 37.514143407757707 ], [ 126.902252374268457, 37.514289494049578 ], [ 126.902468329975079, 37.514379342467137 ], [ 126.902657685497999, 37.514458428355766 ], [ 126.902725618027787, 37.514442492507342 ] ] ] } },
{ "type": "Feature", "properties": { "F_YR": 2023, "F_SHIM": 0.5, "F_AREA": 54, "F_AVR_HGT": 11.15814781, "ADM_CD": 1156012000.0, "F_ZONE_NM": "영등포구 문래동2가 45-2", "TYPE": "상가" }, "geometry": { "type": "Polygon", "coordinates": [ [ [ 126.893352899358845, 37.514170263090691 ], [ 126.893453337338499, 37.514094392031524 ], [ 126.89342323032055, 37.514068893323952 ], [ 126.89331277882556, 37.514139205049531 ], [ 126.893352899358845, 37.514170263090691 ] ] ] } },
{ "type": "Feature", "properties": { "F_YR": 2023, "F_SHIM": 0.5, "F_AREA": 235, "F_AVR_HGT": 11.15814781, "ADM_CD": 1156012000.0, "F_ZONE_NM": "영등포구 문래동2가 45-4", "TYPE": "상가" }, "geometry": { "type": "Polygon", "coordinates": [ [ [ 126.89331277882556, 37.514139205049531 ], [ 126.89342323032055, 37.514068893323952 ], [ 126.89337539805355, 37.514004860797023 ], [ 126.893317686286437, 37.513936530459368 ], [ 126.893252342648495, 37.513967978424567 ], [ 126.89327400647359, 37.513989180697806 ], [ 126.893189750471606, 37.514044343535133 ], [ 126.89331277882556, 37.514139205049531 ] ] ] } },
{ "type": "Feature", "properties": { "F_YR": 2023, "F_SHIM": 0.5, "F_AREA": 152, "F_AVR_HGT": 9.90823841, "ADM_CD": 1156012000.0, "F_ZONE_NM": "영등포구 문래동2가 57-5", "TYPE": "상가" }, "geometry": { "type": "Polygon", "coordinates": [ [ [ 126.892399367790347, 37.514117768050397 ], [ 126.892414982094522, 37.514129783741524 ], [ 126.892532653353271, 37.514073291788065 ], [ 126.892606860103626, 37.514037563652167 ], [ 126.892592658741947, 37.514026179986395 ], [ 126.892488932622655, 37.513943688195575 ], [ 126.892414115432359, 37.513979199455093 ], [ 126.89248714471033, 37.514076412288773 ], [ 126.892399367790347, 37.514117768050397 ] ] ] } },
{ "type": "Feature", "properties": { "F_YR": 2023, "F_SHIM": 0.5, "F_AREA": 143, "F_AVR_HGT": 11.15814781, "ADM_CD": 1156012000.0, "F_ZONE_NM": "영등포구 문래동2가 45-3", "TYPE": "상가" }, "geometry": { "type": "Polygon", "coordinates": [ [ [ 126.89342323032055, 37.514068893323952 ], [ 126.893453337338499, 37.514094392031524 ], [ 126.89355471501645, 37.514033469271027 ], [ 126.893485930883756, 37.513940720909275 ], [ 126.89337539805355, 37.514004860797023 ], [ 126.89342323032055, 37.514068893323952 ] ] ] } },
{ "type": "Feature", "properties": { "F_YR": 2023, "F_SHIM": 0.5, "F_AREA": 44, "F_AVR_HGT": 10.97153664, "ADM_CD": 1156011900.0, "F_ZONE_NM": "영등포구 문래동1가 82-1", "TYPE": "상가" }, "geometry": { "type": "Polygon", "coordinates": [ [ [ 126.893683305452711, 37.510742012573331 ], [ 126.89367085028438, 37.510735766306091 ], [ 126.893571265092362, 37.510858922680256 ], [ 126.893609997626939, 37.510878761973821 ], [ 126.893661085496433, 37.510817045309601 ], [ 126.893661096819869, 37.510817036309966 ], [ 126.893632366698895, 37.510802332839376 ], [ 126.893683305452711, 37.510742012573331 ] ] ] } },
{ "type": "Feature", "properties": { "F_YR": 2023, "F_SHIM": 0.2, "F_AREA": 180, "F_AVR_HGT": 11.18459244, "ADM_CD": 1156011900.0, "F_ZONE_NM": "서울특별시 영등포구 경인로 790 790 (문래동1가) 1층", "TYPE": "미분류" }, "geometry": { "type": "Polygon", "coordinates": [ [ [ 126.901009708947285, 37.514282992231692 ], [ 126.901095485145277, 37.51411905684693 ], [ 126.901106836214055, 37.514097586746665 ], [ 126.901052652217373, 37.514075511318879 ], [ 126.901028109146466, 37.514065750673687 ], [ 126.901017144143324, 37.514086094849652 ], [ 126.900963762230759, 37.514182825422708 ], [ 126.900924825929323, 37.514253097004541 ], [ 126.900954763538735, 37.514263501970824 ], [ 126.901009708947285, 37.514282992231692 ] ] ] } },
{ "type": "Feature", "properties": { "F_YR": 2023, "F_SHIM": 0.5, "F_AREA": 380, "F_AVR_HGT": 11.48459244, "ADM_CD": 1156011900.0, "F_ZONE_NM": "영등포구 문래동1가 21-11", "TYPE": "상가" }, "geometry": { "type": "Polygon", "coordinates": [ [ [ 126.900877421142539, 37.514236487306597 ], [ 126.900924825929323, 37.514253097004541 ], [ 126.900963762230759, 37.514182825422708 ], [ 126.901017144143324, 37.514086094849652 ], [ 126.901028109146466, 37.514065750673687 ], [ 126.901066308422728, 37.513996685763637 ], [ 126.901031205949593, 37.513983177004697 ], [ 126.900949804994141, 37.513954807439859 ], [ 126.900937951751203, 37.513954319819895 ], [ 126.900851603898857, 37.514114263194443 ], [ 126.9007997393512, 37.514209562401888 ], [ 126.900877421142539, 37.514236487306597 ] ] ] } },
{ "type": "Feature", "properties": { "F_YR": 2023, "F_SHIM": 0.5, "F_AREA": 89, "F_AVR_HGT": 11.15814781, "ADM_CD": 1156012000.0, "F_ZONE_NM": "영등포구 문래동2가 47-2", "TYPE": "상가" }, "geometry": { "type": "Polygon", "coordinates": [ [ [ 126.893341014218407, 37.513925424521993 ], [ 126.893440232983153, 37.513879068989084 ], [ 126.893386855069608, 37.513809544323941 ], [ 126.893292155822536, 37.513859309719024 ], [ 126.893341014218407, 37.513925424521993 ] ] ] } },
{ "type": "Feature", "properties": { "F_YR": 2023, "F_SHIM": 0.5, "F_AREA": 255, "F_AVR_HGT": 12.78459549, "ADM_CD": 1156012000.0, "F_ZONE_NM": "영등포구 문래동2가 14-61", "TYPE": "상가" }, "geometry": { "type": "Polygon", "coordinates": [ [ [ 126.895191712775059, 37.513767105936346 ], [ 126.895254955485328, 37.513852586294696 ], [ 126.895468740920279, 37.513750722575189 ], [ 126.895396766694745, 37.513656774131299 ], [ 126.895325453859201, 37.51369489426488 ], [ 126.895191712775059, 37.513767105936346 ] ] ] } },
{ "type": "Feature", "properties": { "F_YR": 2023, "F_SHIM": 0.5, "F_AREA": 60, "F_AVR_HGT": 9.29761219, "ADM_CD": 1156012200.0, "F_ZONE_NM": "영등포구 문래동4가 38-18", "TYPE": "상가" }, "geometry": { "type": "Polygon", "coordinates": [ [ [ 126.888886506381198, 37.514814202384571 ], [ 126.888893693603251, 37.514811091791124 ], [ 126.888881998488728, 37.514795664598495 ], [ 126.888886267139213, 37.514792758451598 ], [ 126.88887615308839, 37.514778990598494 ], [ 126.888866476510685, 37.514782711494192 ], [ 126.888856296304851, 37.514767808321331 ], [ 126.8888643549911, 37.514764356182319 ], [ 126.888857389749475, 37.514755240469881 ], [ 126.888847702160774, 37.514758763134452 ], [ 126.888841031930653, 37.514749035025126 ], [ 126.888845357758441, 37.514745714476064 ], [ 126.888823322491248, 37.514716465145291 ], [ 126.888775895044006, 37.514739070928613 ], [ 126.888845689075723, 37.51483381418138 ], [ 126.888886506381198, 37.514814202384571 ] ] ] } },
{ "type": "Feature", "properties": { "F_YR": 2023, "F_SHIM": 0.5, "F_AREA": 95, "F_AVR_HGT": 11.15814781, "ADM_CD": 1156012000.0, "F_ZONE_NM": "영등포구 문래동2가 42-1", "TYPE": "상가" }, "geometry": { "type": "Polygon", "coordinates": [ [ [ 126.893270588554159, 37.513489313883007 ], [ 126.893307429976886, 37.513472381878209 ], [ 126.893245084839336, 37.513385883170209 ], [ 126.893236094741852, 37.513376630708152 ], [ 126.893147666773515, 37.51343886251788 ], [ 126.893205527163673, 37.51348224449444 ], [ 126.893270588554159, 37.513489313883007 ] ] ] } },
{ "type": "Feature", "properties": { "F_YR": 2023, "F_SHIM": 0.5, "F_AREA": 222, "F_AVR_HGT": 9.4040575, "ADM_CD": 1156012000.0, "F_ZONE_NM": "영등포구 문래동2가 56-12", "TYPE": "상가" }, "geometry": { "type": "Polygon", "coordinates": [ [ [ 126.891844804915038, 37.513442588531412 ], [ 126.891932174907836, 37.513400719231434 ], [ 126.892036396919053, 37.513351855735465 ], [ 126.891999010885044, 37.513323340588187 ], [ 126.891822200568399, 37.513307012657393 ], [ 126.891739913846138, 37.513345715094076 ], [ 126.891787524164386, 37.513397863942643 ], [ 126.891844804915038, 37.513442588531412 ] ] ] } },
{ "type": "Feature", "properties": { "F_YR": 2023, "F_SHIM": 0.5, "F_AREA": 90, "F_AVR_HGT": 9.18084145, "ADM_CD": 1156012200.0, "F_ZONE_NM": "영등포구 문래동4가 31-31", "TYPE": "상가" }, "geometry": { "type": "Polygon", "coordinates": [ [ [ 126.890554215897197, 37.514790579897465 ], [ 126.890561290417395, 37.514787144738037 ], [ 126.890614140003393, 37.514761407862323 ], [ 126.89060149550518, 37.514745241131443 ], [ 126.890604801391817, 37.514743180954667 ], [ 126.89059406382934, 37.514730151479618 ], [ 126.890586954902744, 37.514733910967294 ], [ 126.890576602534509, 37.514720467394213 ], [ 126.890584831002798, 37.514716880147795 ], [ 126.890575379841849, 37.514705924169945 ], [ 126.890567163218833, 37.514709151028434 ], [ 126.890558606182495, 37.514697826480692 ], [ 126.890562161031696, 37.514695685449261 ], [ 126.890540236938264, 37.514667301498683 ], [ 126.890469186985896, 37.514701265346879 ], [ 126.89053038570907, 37.514781394380137 ], [ 126.890545296537582, 37.514787138723698 ], [ 126.890554215897197, 37.514790579897465 ] ] ] } },
{ "type": "Feature", "properties": { "F_YR": 2023, "F_SHIM": 0.5, "F_AREA": 141, "F_AVR_HGT": 9.1824255, "ADM_CD": 1156012200.0, "F_ZONE_NM": "영등포구 문래동4가 38-26", "TYPE": "상가" }, "geometry": { "type": "Polygon", "coordinates": [ [ [ 126.889304956997478, 37.514771208664079 ], [ 126.889409465305832, 37.514722410841429 ], [ 126.889332532164559, 37.514620921689371 ], [ 126.889228316685688, 37.514670620719215 ], [ 126.889304956997478, 37.514771208664079 ] ] ] } },
{ "type": "Feature", "properties": { "F_YR": 2023, "F_SHIM": 0.5, "F_AREA": 59, "F_AVR_HGT": 9.1824255, "ADM_CD": 1156012200.0, "F_ZONE_NM": "영등포구 문래동4가 38-31", "TYPE": "상가" }, "geometry": { "type": "Polygon", "coordinates": [ [ [ 126.889051605376764, 37.514737360570571 ], [ 126.88906143047042, 37.51473264870544 ], [ 126.889099745377919, 37.514714728324712 ], [ 126.889029481891939, 37.514623642816836 ], [ 126.888981081489788, 37.514646463995525 ], [ 126.889002453029732, 37.514673325025591 ], [ 126.888998343692222, 37.514675600631278 ], [ 126.889006935626909, 37.514686123438715 ], [ 126.889013488817099, 37.514683408672269 ], [ 126.889021584460806, 37.51469300298006 ], [ 126.889021209505287, 37.514694128868001 ], [ 126.88901599122299, 37.514696709756819 ], [ 126.889026671937174, 37.514709748331022 ], [ 126.889032172901992, 37.514707230780616 ], [ 126.889043417497348, 37.514721387125292 ], [ 126.889040700379965, 37.514723024350886 ], [ 126.889051605376764, 37.514737360570571 ] ] ] } },
{ "type": "Feature", "properties": { "F_YR": 2023, "F_SHIM": 0.5, "F_AREA": 184, "F_AVR_HGT": 9.7645483, "ADM_CD": 1156012000.0, "F_ZONE_NM": "영등포구 문래동2가 49-10", "TYPE": "상가" }, "geometry": { "type": "Polygon", "coordinates": [ [ [ 126.892892190556864, 37.513319786460727 ], [ 126.892814785800482, 37.51326045673212 ], [ 126.89271941652018, 37.51318761348351 ], [ 126.892652170460323, 37.513244215184791 ], [ 126.892729101165756, 37.513302751706753 ], [ 126.892825836263896, 37.513377632454493 ], [ 126.892892190556864, 37.513319786460727 ] ] ] } },
{ "type": "Feature", "properties": { "F_YR": 2023, "F_SHIM": 0.5, "F_AREA": 72, "F_AVR_HGT": 11.55919933, "ADM_CD": 1156012000.0, "F_ZONE_NM": "영등포구 문래동2가 19-2", "TYPE": "상가" }, "geometry": { "type": "Polygon", "coordinates": [ [ [ 126.894490459425185, 37.513321812989496 ], [ 126.894561596417631, 37.513288072040361 ], [ 126.894507744001544, 37.513225647295442 ], [ 126.894501092924997, 37.513217928741881 ], [ 126.894491788175799, 37.513207144396269 ], [ 126.894433514854953, 37.513238662494899 ], [ 126.894490459425185, 37.513321812989496 ] ] ] } },
{ "type": "Feature", "properties": { "F_YR": 2023, "F_SHIM": 0.5, "F_AREA": 122, "F_AVR_HGT": 9.7645483, "ADM_CD": 1156012000.0, "F_ZONE_NM": "영등포구 문래동2가 49-21", "TYPE": "상가" }, "geometry": { "type": "Polygon", "coordinates": [ [ [ 126.892212629880419, 37.513298824119651 ], [ 126.892258966145889, 37.513263025354981 ], [ 126.892316987064547, 37.513219065337971 ], [ 126.892231220325357, 37.513154600827079 ], [ 126.892197969151141, 37.513129468303234 ], [ 126.892194819437492, 37.513148611559373 ], [ 126.892176069542671, 37.513262525184437 ], [ 126.892174733332084, 37.513271326681071 ], [ 126.892212629880419, 37.513298824119651 ] ] ] } },
{ "type": "Feature", "properties": { "F_YR": 2023, "F_SHIM": 0.2, "F_AREA": 104, "F_AVR_HGT": 9.4645483, "ADM_CD": 1156012000.0, "F_ZONE_NM": "서울 영등포구 도림로139가길 181층", "TYPE": "상가-재고자산" }, "geometry": { "type": "Polygon", "coordinates": [ [ [ 126.892637234023681, 37.513232839855448 ], [ 126.892652170460323, 37.513244215184791 ], [ 126.89271941652018, 37.51318761348351 ], [ 126.8926679184096, 37.513148525872111 ], [ 126.89262127865473, 37.513113127791677 ], [ 126.892554010883032, 37.513169098720375 ], [ 126.892573443822002, 37.513184046152645 ], [ 126.892637234023681, 37.513232839855448 ] ] ] } },
{ "type": "Feature", "properties": { "F_YR": 2023, "F_SHIM": 0.5, "F_AREA": 60, "F_AVR_HGT": 9.1824255, "ADM_CD": 1156012200.0, "F_ZONE_NM": "영등포구 문래동4가 38-32", "TYPE": "상가" }, "geometry": { "type": "Polygon", "coordinates": [ [ [ 126.889099745377919, 37.514714728324712 ], [ 126.889148417591414, 37.514691682107262 ], [ 126.88913788464545, 37.514678148136795 ], [ 126.889141994127456, 37.514675773416791 ], [ 126.88913093142942, 37.514660995567198 ], [ 126.8891228050758, 37.514664330530636 ], [ 126.889112339302002, 37.51465126513969 ], [ 126.889120138768931, 37.514647173029282 ], [ 126.889111501511024, 37.514636695236646 ], [ 126.889104189474182, 37.514640085033463 ], [ 126.889095642829361, 37.514629526236263 ], [ 126.889100317660066, 37.514627287205158 ], [ 126.889079580057597, 37.514600066397584 ], [ 126.889029481891939, 37.514623642816836 ], [ 126.889099745377919, 37.514714728324712 ] ] ] } },
{ "type": "Feature", "properties": { "F_YR": 2023, "F_SHIM": 0.5, "F_AREA": 59, "F_AVR_HGT": 9.1824255, "ADM_CD": 1156012200.0, "F_ZONE_NM": "영등포구 문래동4가 38-33", "TYPE": "상가" }, "geometry": { "type": "Polygon", "coordinates": [ [ [ 126.889148417591414, 37.514691682107262 ], [ 126.889157608942782, 37.514687176860292 ], [ 126.889197927590146, 37.51466810507857 ], [ 126.889128092672664, 37.514577803902647 ], [ 126.889079580057597, 37.514600066397584 ], [ 126.889100317660066, 37.514627287205158 ], [ 126.889095642829361, 37.514629526236263 ], [ 126.889104189474182, 37.514640085033463 ], [ 126.889111501511024, 37.514636695236646 ], [ 126.889120138768931, 37.514647173029282 ], [ 126.889112339302002, 37.51465126513969 ], [ 126.8891228050758, 37.514664330530636 ], [ 126.88913093142942, 37.514660995567198 ], [ 126.889141994127456, 37.514675773416791 ], [ 126.88913788464545, 37.514678148136795 ], [ 126.889148417591414, 37.514691682107262 ] ] ] } },
{ "type": "Feature", "properties": { "F_YR": 2023, "F_SHIM": 0.5, "F_AREA": 175, "F_AVR_HGT": 10.64883041, "ADM_CD": 1156012000.0, "F_ZONE_NM": "영등포구 문래동2가 42-14", "TYPE": "상가" }, "geometry": { "type": "Polygon", "coordinates": [ [ [ 126.893547604577975, 37.513229648003978 ], [ 126.893638443866564, 37.513181266407422 ], [ 126.893600398893796, 37.51313083893411 ], [ 126.893597738902713, 37.513132187998444 ], [ 126.893569747814084, 37.51312992795188 ], [ 126.893518569560825, 37.513064820229644 ], [ 126.893401955303034, 37.51311939502181 ], [ 126.893426383740106, 37.513160683007698 ], [ 126.89344517510348, 37.51315788008273 ], [ 126.89347709194162, 37.513159531071899 ], [ 126.893501219748188, 37.513174005117548 ], [ 126.893547604577975, 37.513229648003978 ] ] ] } },
{ "type": "Feature", "properties": { "F_YR": 2023, "F_SHIM": 0.5, "F_AREA": 1605, "F_AVR_HGT": 9.7645483, "ADM_CD": 1156012000.0, "F_ZONE_NM": "영등포구 문래동2가 40-6", "TYPE": "상가" }, "geometry": { "type": "Polygon", "coordinates": [ [ [ 126.892842811447778, 37.513207693146775 ], [ 126.892911257353362, 37.513212801675174 ], [ 126.893011720530481, 37.513165825952761 ], [ 126.893039857966869, 37.513152931508344 ], [ 126.893047487323173, 37.513148893040913 ], [ 126.893252101838357, 37.513054043661249 ], [ 126.89309326539653, 37.512841812453992 ], [ 126.893085916606836, 37.512831759599429 ], [ 126.893061871545683, 37.512830584250196 ], [ 126.893045615808973, 37.512832046958259 ], [ 126.893009136118053, 37.512849303574399 ], [ 126.892916755720449, 37.512891835806769 ], [ 126.892858067535926, 37.512819125492591 ], [ 126.892727587222652, 37.512880741666947 ], [ 126.892535872695191, 37.512971574589209 ], [ 126.892765881678898, 37.513148516991428 ], [ 126.892842811447778, 37.513207693146775 ] ] ] } },
{ "type": "Feature", "properties": { "F_YR": 2023, "F_SHIM": 0.5, "F_AREA": 71, "F_AVR_HGT": 9.7645483, "ADM_CD": 1156012000.0, "F_ZONE_NM": "영등포구 문래동2가 49-20", "TYPE": "상가" }, "geometry": { "type": "Polygon", "coordinates": [ [ [ 126.89233722185071, 37.51321153369318 ], [ 126.892366863406309, 37.513191117480531 ], [ 126.892280109357273, 37.513090080653072 ], [ 126.892215501648565, 37.513121240411202 ], [ 126.89233722185071, 37.51321153369318 ] ] ] } },
{ "type": "Feature", "properties": { "F_YR": 2023, "F_SHIM": 0.2, "F_AREA": 629, "F_AVR_HGT": 11.25919933, "ADM_CD": 1156012000.0, "F_ZONE_NM": "서울 영등포구 도림로125길 161층 미스티그린", "TYPE": "상가-시설" }, "geometry": { "type": "Polygon", "coordinates": [ [ [ 126.894825204109054, 37.51316334223953 ], [ 126.894856375216733, 37.513148567019897 ], [ 126.894864920537145, 37.513144610351745 ], [ 126.894947850967213, 37.513105329678744 ], [ 126.894880973767812, 37.513015196723764 ], [ 126.894914582105741, 37.512956806456039 ], [ 126.894787351091736, 37.51291400236245 ], [ 126.894762217683521, 37.512906609501201 ], [ 126.894698623951086, 37.512909660449793 ], [ 126.894576000344159, 37.512967321386341 ], [ 126.894684162673911, 37.513112308475385 ], [ 126.894710805157175, 37.513148174200758 ], [ 126.894749064868634, 37.513199250228226 ], [ 126.894825204109054, 37.51316334223953 ] ] ] } },
{ "type": "Feature", "properties": { "F_YR": 2023, "F_SHIM": 0.5, "F_AREA": 113, "F_AVR_HGT": 9.7645483, "ADM_CD": 1156012000.0, "F_ZONE_NM": "영등포구 문래동2가 49-19", "TYPE": "상가" }, "geometry": { "type": "Polygon", "coordinates": [ [ [ 126.892445504972457, 37.513138635006904 ], [ 126.892362464369555, 37.513050702153947 ], [ 126.892280109357273, 37.513090080653072 ], [ 126.892366863406309, 37.513191117480531 ], [ 126.892445504972457, 37.513138635006904 ] ] ] } },
{ "type": "Feature", "properties": { "F_YR": 2023, "F_SHIM": 0.5, "F_AREA": 59, "F_AVR_HGT": 9.1824255, "ADM_CD": 1156012200.0, "F_ZONE_NM": "영등포구 문래동4가 38-34", "TYPE": "상가" }, "geometry": { "type": "Polygon", "coordinates": [ [ [ 126.88924501468361, 37.5146460664294 ], [ 126.889233409727339, 37.514630828565956 ], [ 126.889237065924689, 37.514629012029332 ], [ 126.889227131498899, 37.514616118342751 ], [ 126.889220204679575, 37.514619085044799 ], [ 126.889209220436271, 37.514604784804867 ], [ 126.889216509626834, 37.514601539139164 ], [ 126.889208653201095, 37.51459080981703 ], [ 126.889201353199724, 37.514593722103413 ], [ 126.889193801176106, 37.514583659806746 ], [ 126.889198520988671, 37.514581592003765 ], [ 126.889178621622747, 37.514553543094003 ], [ 126.889128092672664, 37.514577803902647 ], [ 126.889197927590146, 37.51466810507857 ], [ 126.88924501468361, 37.5146460664294 ] ] ] } },
{ "type": "Feature", "properties": { "F_YR": 2023, "F_SHIM": 0.5, "F_AREA": 94, "F_AVR_HGT": 9.1824255, "ADM_CD": 1156012200.0, "F_ZONE_NM": "영등포구 문래동4가 38-35", "TYPE": "상가" }, "geometry": { "type": "Polygon", "coordinates": [ [ [ 126.88924501468361, 37.5146460664294 ], [ 126.889323343160385, 37.514608758525583 ], [ 126.889253271586568, 37.514517808480733 ], [ 126.889178621622747, 37.514553543094003 ], [ 126.889198520988671, 37.514581592003765 ], [ 126.889193801176106, 37.514583659806746 ], [ 126.889201353199724, 37.514593722103413 ], [ 126.889208653201095, 37.51459080981703 ], [ 126.889216509626834, 37.514601539139164 ], [ 126.889209220436271, 37.514604784804867 ], [ 126.889220204679575, 37.514619085044799 ], [ 126.889227131498899, 37.514616118342751 ], [ 126.889237065924689, 37.514629012029332 ], [ 126.889233409727339, 37.514630828565956 ], [ 126.88924501468361, 37.5146460664294 ] ] ] } },
{ "type": "Feature", "properties": { "F_YR": 2023, "F_SHIM": 0.5, "F_AREA": 75, "F_AVR_HGT": 9.18084145, "ADM_CD": 1156012200.0, "F_ZONE_NM": "영등포구 문래동4가 31-30", "TYPE": "상가" }, "geometry": { "type": "Polygon", "coordinates": [ [ [ 126.890281936530982, 37.514629631170571 ], [ 126.890348583093498, 37.514597960830521 ], [ 126.890295426515252, 37.514525695958838 ], [ 126.890268332297723, 37.514520931205659 ], [ 126.890216955473264, 37.51454513762215 ], [ 126.890236622054928, 37.514570248890877 ], [ 126.890233159001809, 37.5145715070229 ], [ 126.890242157078674, 37.514582850029811 ], [ 126.890249819607504, 37.514579523562382 ], [ 126.890256276031934, 37.514588620693935 ], [ 126.890248691944151, 37.514592442783481 ], [ 126.890260478372255, 37.514607482499223 ], [ 126.890268220735436, 37.514603714617749 ], [ 126.890279634225379, 37.514618537741271 ], [ 126.890275615591847, 37.514620696347379 ], [ 126.890281936530982, 37.514629631170571 ] ] ] } },
{ "type": "Feature", "properties": { "F_YR": 2023, "F_SHIM": 0.5, "F_AREA": 17196, "F_AVR_HGT": 9.4040575, "ADM_CD": 1156012000.0, "F_ZONE_NM": "영등포구 문래동2가 35", "TYPE": "상가" }, "geometry": { "type": "Polygon", "coordinates": [ [ [ 126.891826832222634, 37.513148666864168 ], [ 126.891975965881144, 37.513078923980963 ], [ 126.892109333293547, 37.513016022888905 ], [ 126.892321895477139, 37.512916605418376 ], [ 126.892507575106052, 37.512830146115874 ], [ 126.8926859773469, 37.512746526963923 ], [ 126.892620829494689, 37.51265931354736 ], [ 126.892455531002867, 37.512435822067786 ], [ 126.892343797143639, 37.512378064096573 ], [ 126.892259917747808, 37.512315304225368 ], [ 126.892163126414218, 37.512241531175491 ], [ 126.892009834283456, 37.512124070423923 ], [ 126.891882381029774, 37.512026518447101 ], [ 126.891740375417342, 37.511918420160015 ], [ 126.891642014738594, 37.511843410855235 ], [ 126.891544860144691, 37.511771366868977 ], [ 126.891460516840311, 37.51170964213869 ], [ 126.891431895388237, 37.511744231754783 ], [ 126.891322311472564, 37.511879432222912 ], [ 126.891278594973087, 37.511933820630745 ], [ 126.891208139236511, 37.512019457642367 ], [ 126.891082552569728, 37.512175861402362 ], [ 126.890974665379545, 37.512310126087108 ], [ 126.890953068646851, 37.512336225760748 ], [ 126.891003582653511, 37.512374376167308 ], [ 126.890844230134448, 37.512440360113082 ], [ 126.89072450807835, 37.512538393420307 ], [ 126.890588727017786, 37.512649953500194 ], [ 126.890587740159788, 37.512690073940689 ], [ 126.890763981503937, 37.512830037902781 ], [ 126.890840680805553, 37.512890800901403 ], [ 126.890914215054707, 37.512950308501345 ], [ 126.890924562655627, 37.512959193003013 ], [ 126.890952479077583, 37.512981302554977 ], [ 126.891035934825879, 37.513047315547574 ], [ 126.891146209868666, 37.513135599140227 ], [ 126.891162840044302, 37.513148769223029 ], [ 126.891224662164205, 37.51319691313234 ], [ 126.891324184327132, 37.51327524852794 ], [ 126.891370167962819, 37.513310358188569 ], [ 126.891411155761006, 37.513343066524591 ], [ 126.891826832222634, 37.513148666864168 ] ] ] } },
{ "type": "Feature", "properties": { "F_YR": 2023, "F_SHIM": 0.5, "F_AREA": 145, "F_AVR_HGT": 9.7645483, "ADM_CD": 1156012000.0, "F_ZONE_NM": "영등포구 문래동2가 49-18", "TYPE": "상가" }, "geometry": { "type": "Polygon", "coordinates": [ [ [ 126.892445504972457, 37.513138635006904 ], [ 126.892455546300553, 37.513148266918421 ], [ 126.892489374574495, 37.513118862597153 ], [ 126.892559014766235, 37.513064858065043 ], [ 126.892473566846874, 37.512998916388504 ], [ 126.892362464369555, 37.513050702153947 ], [ 126.892445504972457, 37.513138635006904 ] ] ] } },
{ "type": "Feature", "properties": { "F_YR": 2023, "F_SHIM": 0.5, "F_AREA": 149, "F_AVR_HGT": 10.64883041, "ADM_CD": 1156012000.0, "F_ZONE_NM": "영등포구 문래동2가 42-15", "TYPE": "상가" }, "geometry": { "type": "Polygon", "coordinates": [ [ [ 126.893401955303034, 37.51311939502181 ], [ 126.893518569560825, 37.513064820229644 ], [ 126.893613587741569, 37.51302056002443 ], [ 126.893573976451663, 37.512966112666909 ], [ 126.893368161776749, 37.51306224993192 ], [ 126.893401955303034, 37.51311939502181 ] ] ] } },
{ "type": "Feature", "properties": { "F_YR": 2023, "F_SHIM": 0.5, "F_AREA": 208, "F_AVR_HGT": 10.64883041, "ADM_CD": 1156012000.0, "F_ZONE_NM": "영등포구 문래동2가 42-17", "TYPE": "상가" }, "geometry": { "type": "Polygon", "coordinates": [ [ [ 126.89368023248818, 37.513090385026992 ], [ 126.893703776149067, 37.51307848633634 ], [ 126.893802639908202, 37.513026363791006 ], [ 126.893764665060573, 37.512974341669683 ], [ 126.893711439335888, 37.512901474583167 ], [ 126.893589437650576, 37.512958738624349 ], [ 126.893658808896106, 37.513059542383935 ], [ 126.89368023248818, 37.513090385026992 ] ] ] } },
{ "type": "Feature", "properties": { "F_YR": 2023, "F_SHIM": 0.5, "F_AREA": 518, "F_AVR_HGT": 11.55919933, "ADM_CD": 1156012000.0, "F_ZONE_NM": "영등포구 문래동2가 20-3", "TYPE": "상가" }, "geometry": { "type": "Polygon", "coordinates": [ [ [ 126.894247057162673, 37.512921216479775 ], [ 126.894316646657344, 37.513004459634118 ], [ 126.894541860375313, 37.512898733663015 ], [ 126.89456257304262, 37.51288900363808 ], [ 126.894559424748422, 37.512852095977223 ], [ 126.894557965727287, 37.512836192070566 ], [ 126.894421972447461, 37.512791154187603 ], [ 126.894246534895828, 37.512732907768417 ], [ 126.894242928419558, 37.512810777608578 ], [ 126.894239153498745, 37.512887791348085 ], [ 126.894239026296432, 37.512897639122535 ], [ 126.894238023081925, 37.512911036026999 ], [ 126.894247057162673, 37.512921216479775 ] ] ] } },
{ "type": "Feature", "properties": { "F_YR": 2023, "F_SHIM": 0.2, "F_AREA": 231, "F_AVR_HGT": 10.34883041, "ADM_CD": 1156012000.0, "F_ZONE_NM": "서울특별시 영등포구 문래동2가 20-4 도은정밀", "TYPE": "상가" }, "geometry": { "type": "Polygon", "coordinates": [ [ [ 126.894026953907769, 37.512941261788121 ], [ 126.89414102113777, 37.512887639117764 ], [ 126.894032116391003, 37.512748642477007 ], [ 126.893983153348273, 37.512771348072874 ], [ 126.893944081987996, 37.512789818963896 ], [ 126.893931671629105, 37.512838785823199 ], [ 126.893931316248597, 37.51284209215612 ], [ 126.894011131042262, 37.512948473379538 ], [ 126.894026953907769, 37.512941261788121 ] ] ] } },
{ "type": "Feature", "properties": { "F_YR": 2023, "F_SHIM": 0.5, "F_AREA": 140, "F_AVR_HGT": 11.55919933, "ADM_CD": 1156012000.0, "F_ZONE_NM": "영등포구 문래동2가 6-2", "TYPE": "상가" }, "geometry": { "type": "Polygon", "coordinates": [ [ [ 126.894854958467718, 37.512880348144471 ], [ 126.894979442962423, 37.512921726114236 ], [ 126.895022223147976, 37.512840224520183 ], [ 126.895025070514436, 37.512834343580948 ], [ 126.894923908965453, 37.512800942504597 ], [ 126.894901117015621, 37.51279347970587 ], [ 126.894848545516481, 37.512824516619865 ], [ 126.894854958467718, 37.512880348144471 ] ] ] } },
{ "type": "Feature", "properties": { "F_YR": 2023, "F_SHIM": 0.5, "F_AREA": 58, "F_AVR_HGT": 9.29970074, "ADM_CD": 1156012200.0, "F_ZONE_NM": "영등포구 문래동4가 25-6", "TYPE": "상가" }, "geometry": { "type": "Polygon", "coordinates": [ [ [ 126.889843273874973, 37.515606707797588 ], [ 126.889890226843036, 37.51558385787196 ], [ 126.889821219219428, 37.51549136848044 ], [ 126.889772501071263, 37.515514667207164 ], [ 126.889792678507078, 37.515538607734342 ], [ 126.889789497738306, 37.515540163448748 ], [ 126.889798754745485, 37.515552362678591 ], [ 126.889806722929691, 37.515548946430016 ], [ 126.889813338022222, 37.515557854525213 ], [ 126.889806465653606, 37.515562190826394 ], [ 126.889815540747122, 37.515575020579966 ], [ 126.889823588729001, 37.515571189947636 ], [ 126.889835172375328, 37.515585724953908 ], [ 126.889830361597731, 37.515588081014627 ], [ 126.889843273874973, 37.515606707797588 ] ] ] } },
{ "type": "Feature", "properties": { "F_YR": 2023, "F_SHIM": 0.5, "F_AREA": 155, "F_AVR_HGT": 9.18435478, "ADM_CD": 1156012200.0, "F_ZONE_NM": "영등포구 문래동4가 34-11", "TYPE": "상가" }, "geometry": { "type": "Polygon", "coordinates": [ [ [ 126.890608068278624, 37.5140030788098 ], [ 126.890656422407375, 37.513980338007578 ], [ 126.890587609861313, 37.513886317528502 ], [ 126.890539481978109, 37.513909067525461 ], [ 126.890461845352164, 37.513946007483121 ], [ 126.890531473825476, 37.5140389205758 ], [ 126.890608068278624, 37.5140030788098 ] ] ] } },
{ "type": "Feature", "properties": { "F_YR": 2023, "F_SHIM": 0.5, "F_AREA": 126, "F_AVR_HGT": 9.18435478, "ADM_CD": 1156012200.0, "F_ZONE_NM": "영등포구 문래동4가 34-10", "TYPE": "상가" }, "geometry": { "type": "Polygon", "coordinates": [ [ [ 126.89095491289828, 37.513984474026955 ], [ 126.890882811919909, 37.513888126071613 ], [ 126.890784484932396, 37.513934615440682 ], [ 126.890855839916952, 37.514030548298116 ], [ 126.89095491289828, 37.513984474026955 ] ] ] } },
{ "type": "Feature", "properties": { "F_YR": 2023, "F_SHIM": 0.5, "F_AREA": 54, "F_AVR_HGT": 9.25885391, "ADM_CD": 1156012200.0, "F_ZONE_NM": "영등포구 문래동4가 32-48", "TYPE": "상가" }, "geometry": { "type": "Polygon", "coordinates": [ [ [ 126.891585784051685, 37.51399883004116 ], [ 126.891594374290747, 37.514010704154437 ], [ 126.891643168500721, 37.513988476925476 ], [ 126.891580199016246, 37.51390452658579 ], [ 126.891530419242827, 37.513927807036978 ], [ 126.891547816739475, 37.513950095859485 ], [ 126.89154469173036, 37.513952264350955 ], [ 126.891551736176837, 37.513961533149441 ], [ 126.891559410053731, 37.513958098487642 ], [ 126.891568328301673, 37.513969972908235 ], [ 126.891560518520691, 37.513973524573615 ], [ 126.891570734213587, 37.513987661702018 ], [ 126.891578974472793, 37.513983659938575 ], [ 126.891589620991383, 37.513997112709248 ], [ 126.891585784051685, 37.51399883004116 ] ] ] } },
{ "type": "Feature", "properties": { "F_YR": 2023, "F_SHIM": 0.5, "F_AREA": 54, "F_AVR_HGT": 9.25885391, "ADM_CD": 1156012200.0, "F_ZONE_NM": "영등포구 문래동4가 32-49", "TYPE": "상가" }, "geometry": { "type": "Polygon", "coordinates": [ [ [ 126.891643168500721, 37.513988476925476 ], [ 126.891691850496386, 37.513965618874586 ], [ 126.891682320724897, 37.513954230432624 ], [ 126.89168664479682, 37.513951990972714 ], [ 126.891676304890851, 37.513937700569336 ], [ 126.891667941502277, 37.513940828258846 ], [ 126.89165822189446, 37.513927772795483 ], [ 126.891665647371113, 37.513924031557046 ], [ 126.8916568768026, 37.513911715792922 ], [ 126.891648207122401, 37.513915455873587 ], [ 126.891641625281238, 37.513906962367763 ], [ 126.891645644141036, 37.513904596485951 ], [ 126.891628677168129, 37.513881812530279 ], [ 126.891580199016246, 37.51390452658579 ], [ 126.891643168500721, 37.513988476925476 ] ] ] } },
{ "type": "Feature", "properties": { "F_YR": 2023, "F_SHIM": 0.5, "F_AREA": 60, "F_AVR_HGT": 9.18435478, "ADM_CD": 1156012200.0, "F_ZONE_NM": "영등포구 문래동4가 34-13", "TYPE": "상가" }, "geometry": { "type": "Polygon", "coordinates": [ [ [ 126.890704935392947, 37.513957236936029 ], [ 126.890690972265091, 37.513937933509013 ], [ 126.89069413052502, 37.513936242599286 ], [ 126.890683236560847, 37.513921960599284 ], [ 126.890676275290772, 37.51392535983296 ], [ 126.890665166157063, 37.513911257828568 ], [ 126.89067339525171, 37.513907184038104 ], [ 126.890665492726342, 37.513896941306136 ], [ 126.890657049963764, 37.513900176969102 ], [ 126.8906491484409, 37.513889258489868 ], [ 126.890652940872229, 37.513887054608666 ], [ 126.890636122273975, 37.513863576882763 ], [ 126.890587609861313, 37.513886317528502 ], [ 126.890656422407375, 37.513980338007578 ], [ 126.890704935392947, 37.513957236936029 ] ] ] } },
{ "type": "Feature", "properties": { "F_YR": 2023, "F_SHIM": 0.5, "F_AREA": 123, "F_AVR_HGT": 9.18435478, "ADM_CD": 1156012200.0, "F_ZONE_NM": "영등포구 문래동4가 34-20", "TYPE": "상가" }, "geometry": { "type": "Polygon", "coordinates": [ [ [ 126.890982305149393, 37.513971119869375 ], [ 126.891092742649988, 37.513919298750267 ], [ 126.891030124386731, 37.513835411514869 ], [ 126.890919835245398, 37.513886394788692 ], [ 126.890982305149393, 37.513971119869375 ] ] ] } },
{ "type": "Feature", "properties": { "F_YR": 2023, "F_SHIM": 0.5, "F_AREA": 54, "F_AVR_HGT": 9.25885391, "ADM_CD": 1156012200.0, "F_ZONE_NM": "영등포구 문래동4가 32-50", "TYPE": "상가" }, "geometry": { "type": "Polygon", "coordinates": [ [ [ 126.891682320724897, 37.513954230432624 ], [ 126.891691850496386, 37.513965618874586 ], [ 126.891739491406099, 37.513943066174718 ], [ 126.89167695251237, 37.513858539648517 ], [ 126.891628677168129, 37.513881812530279 ], [ 126.891645644141036, 37.513904596485951 ], [ 126.891641625281238, 37.513906962367763 ], [ 126.891648207122401, 37.513915455873587 ], [ 126.8916568768026, 37.513911715792922 ], [ 126.891665647371113, 37.513924031557046 ], [ 126.89165822189446, 37.513927772795483 ], [ 126.891667941502277, 37.513940828258846 ], [ 126.891676304890851, 37.513937700569336 ], [ 126.89168664479682, 37.513951990972714 ], [ 126.891682320724897, 37.513954230432624 ] ] ] } },
{ "type": "Feature", "properties": { "F_YR": 2023, "F_SHIM": 0.5, "F_AREA": 85, "F_AVR_HGT": 9.25885391, "ADM_CD": 1156012200.0, "F_ZONE_NM": "영등포구 문래동4가 33-5", "TYPE": "상가" }, "geometry": { "type": "Polygon", "coordinates": [ [ [ 126.891331731500955, 37.513958120591667 ], [ 126.891361137673982, 37.513944326736571 ], [ 126.891371936611236, 37.513938696570492 ], [ 126.891382023162819, 37.513902134541098 ], [ 126.891325262446927, 37.51382676733671 ], [ 126.891257781072781, 37.513857689626704 ], [ 126.89128168962084, 37.513890364041721 ], [ 126.891278825155837, 37.513892262470428 ], [ 126.891286342251675, 37.513903144509015 ], [ 126.891294796351474, 37.513899872771795 ], [ 126.89130231443076, 37.513910088073111 ], [ 126.891295737761993, 37.51391348770219 ], [ 126.891305140836636, 37.513926380720747 ], [ 126.891311547033766, 37.513923530539778 ], [ 126.891322317359879, 37.51393736186855 ], [ 126.891318094970515, 37.513939673489688 ], [ 126.891331731500955, 37.513958120591667 ] ] ] } },
{ "type": "Feature", "properties": { "F_YR": 2023, "F_SHIM": 0.5, "F_AREA": 203, "F_AVR_HGT": 9.18435478, "ADM_CD": 1156012200.0, "F_ZONE_NM": "영등포구 문래동4가 34-16", "TYPE": "상가" }, "geometry": { "type": "Polygon", "coordinates": [ [ [ 126.890704935392947, 37.513957236936029 ], [ 126.890751547443145, 37.51393458456004 ], [ 126.890803160993542, 37.513910522289358 ], [ 126.890873315136801, 37.513877467402096 ], [ 126.89082235797882, 37.513809412470906 ], [ 126.890776894039476, 37.513797647898059 ], [ 126.890732921085345, 37.513817897099983 ], [ 126.890682472203181, 37.513842230732003 ], [ 126.890636122273975, 37.513863576882763 ], [ 126.890652940872229, 37.513887054608666 ], [ 126.8906491484409, 37.513889258489868 ], [ 126.890657049963764, 37.513900176969102 ], [ 126.890665492726342, 37.513896941306136 ], [ 126.89067339525171, 37.513907184038104 ], [ 126.890665166157063, 37.513911257828568 ], [ 126.890676275290772, 37.51392535983296 ], [ 126.890683236560847, 37.513921960599284 ], [ 126.89069413052502, 37.513936242599286 ], [ 126.890690972265091, 37.513937933509013 ], [ 126.890704935392947, 37.513957236936029 ] ] ] } },
{ "type": "Feature", "properties": { "F_YR": 2023, "F_SHIM": 0.5, "F_AREA": 86, "F_AVR_HGT": 9.25885391, "ADM_CD": 1156012200.0, "F_ZONE_NM": "영등포구 문래동4가 33-13", "TYPE": "상가" }, "geometry": { "type": "Polygon", "coordinates": [ [ [ 126.89140935830325, 37.513889086569677 ], [ 126.891455151804536, 37.513899905160152 ], [ 126.89149606945432, 37.513880472750422 ], [ 126.891485042827995, 37.513864001279835 ], [ 126.891488439734132, 37.513861535714454 ], [ 126.891477420124289, 37.5138479924872 ], [ 126.891469407720479, 37.513850886230657 ], [ 126.891459077487383, 37.513837749092204 ], [ 126.891466898993315, 37.513833909125623 ], [ 126.891458455122404, 37.513822521676992 ], [ 126.891450113711173, 37.513826090859773 ], [ 126.891441679341867, 37.51381593778359 ], [ 126.891445076644231, 37.513813201920954 ], [ 126.891421888851951, 37.51378263654135 ], [ 126.891353240147609, 37.513815179591319 ], [ 126.89140935830325, 37.513889086569677 ] ] ] } },
{ "type": "Feature", "properties": { "F_YR": 2023, "F_SHIM": 0.5, "F_AREA": 269, "F_AVR_HGT": 12.3044548, "ADM_CD": 1156012000.0, "F_ZONE_NM": "영등포구 문래동2가 7-4", "TYPE": "상가" }, "geometry": { "type": "Polygon", "coordinates": [ [ [ 126.895328380026712, 37.512866935366027 ], [ 126.895430251038221, 37.512678961926113 ], [ 126.895333446928916, 37.512643609950693 ], [ 126.895310229516639, 37.512688963256281 ], [ 126.895273129277413, 37.512761406042223 ], [ 126.895228273275961, 37.512743625071501 ], [ 126.895215713830524, 37.512738802449427 ], [ 126.895127842631467, 37.512673428134917 ], [ 126.895115911383968, 37.512664317325196 ], [ 126.895095489130981, 37.512676723668477 ], [ 126.895141262999402, 37.512709200767262 ], [ 126.895223557000421, 37.512767326042244 ], [ 126.895205760963393, 37.512802160566928 ], [ 126.895223104292086, 37.512807401953111 ], [ 126.895214084760227, 37.512826756248508 ], [ 126.895328380026712, 37.512866935366027 ] ] ] } },
{ "type": "Feature", "properties": { "F_YR": 2023, "F_SHIM": 0.5, "F_AREA": 170, "F_AVR_HGT": 10.64883041, "ADM_CD": 1156012000.0, "F_ZONE_NM": "영등포구 문래동2가 39-2", "TYPE": "상가" }, "geometry": { "type": "Polygon", "coordinates": [ [ [ 126.893562700054773, 37.512730167460248 ], [ 126.893691005318658, 37.512670242248994 ], [ 126.893713777744395, 37.512659712365959 ], [ 126.89365512912245, 37.512582677697942 ], [ 126.893643086369408, 37.512588306938433 ], [ 126.893537915933123, 37.5126374683216 ], [ 126.893489462187645, 37.512659903879872 ], [ 126.893530631830345, 37.512715956466529 ], [ 126.89354659408265, 37.512737612990001 ], [ 126.893562700054773, 37.512730167460248 ] ] ] } },
{ "type": "Feature", "properties": { "F_YR": 2023, "F_SHIM": 0.5, "F_AREA": 154, "F_AVR_HGT": 10.64883041, "ADM_CD": 1156012000.0, "F_ZONE_NM": "영등포구 문래동2가 21-9", "TYPE": "상가" }, "geometry": { "type": "Polygon", "coordinates": [ [ [ 126.893986151045112, 37.512708037787441 ], [ 126.894070325840957, 37.5126686147009 ], [ 126.894050345024738, 37.512641233265008 ], [ 126.894037069839385, 37.512622903930719 ], [ 126.894012190144963, 37.512588571348651 ], [ 126.893972296256806, 37.51253396168412 ], [ 126.8939180490719, 37.512558158097058 ], [ 126.893883007576804, 37.512574443218014 ], [ 126.893892207905296, 37.512586939410632 ], [ 126.893986151045112, 37.512708037787441 ] ] ] } },
{ "type": "Feature", "properties": { "F_YR": 2023, "F_SHIM": 0.5, "F_AREA": 423, "F_AVR_HGT": 9.88315582, "ADM_CD": 1156012000.0, "F_ZONE_NM": "영등포구 문래동2가 33-4", "TYPE": "상가" }, "geometry": { "type": "Polygon", "coordinates": [ [ [ 126.892479945079785, 37.512362062010396 ], [ 126.892617986552196, 37.512296110271606 ], [ 126.892746385095322, 37.512234267045557 ], [ 126.892759178792176, 37.512178813484766 ], [ 126.892675742663116, 37.512114486580913 ], [ 126.892528575548894, 37.512210379091663 ], [ 126.892362104975476, 37.512318840501457 ], [ 126.892408303245759, 37.512354067091472 ], [ 126.892479945079785, 37.512362062010396 ] ] ] } },
{ "type": "Feature", "properties": { "F_YR": 2023, "F_SHIM": 0.5, "F_AREA": 81, "F_AVR_HGT": 9.12537098, "ADM_CD": 1156012200.0, "F_ZONE_NM": "영등포구 문래동4가 30-7", "TYPE": "상가" }, "geometry": { "type": "Polygon", "coordinates": [ [ [ 126.888834728147401, 37.515466104662785 ], [ 126.888763699358336, 37.515364683855033 ], [ 126.88871254757187, 37.515388970917428 ], [ 126.88871553631256, 37.515394767175245 ], [ 126.888764174223326, 37.515500158052554 ], [ 126.888834728147401, 37.515466104662785 ] ] ] } },
{ "type": "Feature", "properties": { "F_YR": 2023, "F_SHIM": 0.5, "F_AREA": 119, "F_AVR_HGT": 9.1824255, "ADM_CD": 1156012200.0, "F_ZONE_NM": "영등포구 문래동4가 37-22", "TYPE": "상가" }, "geometry": { "type": "Polygon", "coordinates": [ [ [ 126.889798216116304, 37.514388437536802 ], [ 126.889731250467889, 37.514292742459894 ], [ 126.889632278356814, 37.514338662627736 ], [ 126.889700653086521, 37.51442993520309 ], [ 126.889798216116304, 37.514388437536802 ] ] ] } },
{ "type": "Feature", "properties": { "F_YR": 2023, "F_SHIM": 0.2, "F_AREA": 100, "F_AVR_HGT": 8.8824255, "ADM_CD": 1156012200.0, "F_ZONE_NM": "서울 영등포구 경인로77길  44 1층 태원테크 (문래동4가)", "TYPE": "공장-건물" }, "geometry": { "type": "Polygon", "coordinates": [ [ [ 126.889798216116304, 37.514388437536802 ], [ 126.889878495126098, 37.514347382963876 ], [ 126.889810597303921, 37.514254777466853 ], [ 126.889731250467889, 37.514292742459894 ], [ 126.889798216116304, 37.514388437536802 ] ] ] } },
{ "type": "Feature", "properties": { "F_YR": 2023, "F_SHIM": 0.5, "F_AREA": 204, "F_AVR_HGT": 9.1824255, "ADM_CD": 1156012200.0, "F_ZONE_NM": "영등포구 문래동4가 36-8", "TYPE": "상가" }, "geometry": { "type": "Polygon", "coordinates": [ [ [ 126.88995821835374, 37.514383299906406 ], [ 126.890052976344435, 37.514341601160943 ], [ 126.889942960656356, 37.514192742842674 ], [ 126.889837762361893, 37.514242279306941 ], [ 126.889948325174103, 37.514388228021261 ], [ 126.88995821835374, 37.514383299906406 ] ] ] } },
{ "type": "Feature", "properties": { "F_YR": 2023, "F_SHIM": 0.2, "F_AREA": 212, "F_AVR_HGT": 8.88084145, "ADM_CD": 1156012200.0, "F_ZONE_NM": "서울 영등포구 경인로77길  42 대산산업 (문래동4가)", "TYPE": "미분류" }, "geometry": { "type": "Polygon", "coordinates": [ [ [ 126.890052976344435, 37.514341601160943 ], [ 126.8901613981526, 37.514292148634311 ], [ 126.890116301335084, 37.514231117687565 ], [ 126.890048679478895, 37.51414296350648 ], [ 126.889942960656356, 37.514192742842674 ], [ 126.890052976344435, 37.514341601160943 ] ] ] } },
{ "type": "Feature", "properties": { "F_YR": 2023, "F_SHIM": 0.5, "F_AREA": 2262, "F_AVR_HGT": 10.63050652, "ADM_CD": 1156012000.0, "F_ZONE_NM": "영등포구 문래동2가 30-1", "TYPE": "상가" }, "geometry": { "type": "Polygon", "coordinates": [ [ [ 126.892616163150933, 37.511853980621567 ], [ 126.89269655191849, 37.511913583541386 ], [ 126.892770601918912, 37.511851834365054 ], [ 126.892731095078418, 37.511827579203548 ], [ 126.892659800822528, 37.511783076378862 ], [ 126.892563680319853, 37.511722657037097 ], [ 126.892636002717865, 37.511604332778127 ], [ 126.892676952903898, 37.511538048161029 ], [ 126.892622941911881, 37.511516653776518 ], [ 126.892606279375158, 37.511510259359831 ], [ 126.892534621432901, 37.51148277594686 ], [ 126.892298352029229, 37.511391232723859 ], [ 126.892057188246639, 37.511297963588675 ], [ 126.89199311591365, 37.511312049846865 ], [ 126.891911440263215, 37.511406254371977 ], [ 126.891920815859962, 37.511461007620831 ], [ 126.891945479260656, 37.511479906377801 ], [ 126.891985723104156, 37.511510361342751 ], [ 126.892151578045386, 37.511636942843396 ], [ 126.892326958283874, 37.511770479596791 ], [ 126.892448537648988, 37.511862871975119 ], [ 126.892517199423352, 37.511804226420004 ], [ 126.892603921820353, 37.511863970396796 ], [ 126.892616163150933, 37.511853980621567 ] ] ] } },
{ "type": "Feature", "properties": { "F_YR": 2023, "F_SHIM": 0.5, "F_AREA": 52, "F_AVR_HGT": 9.29970074, "ADM_CD": 1156012200.0, "F_ZONE_NM": "영등포구 문래동4가 26-14", "TYPE": "상가" }, "geometry": { "type": "Polygon", "coordinates": [ [ [ 126.889683671968299, 37.515394858805472 ], [ 126.889690354348517, 37.515404136379779 ], [ 126.889737499781191, 37.515381115506962 ], [ 126.889672821723551, 37.515298207709584 ], [ 126.88964142085193, 37.5153140715421 ], [ 126.889626660448002, 37.515321193449317 ], [ 126.889644235881448, 37.515345356786831 ], [ 126.889641371628713, 37.515347047946449 ], [ 126.889649070592213, 37.515357272531709 ], [ 126.889657186990959, 37.515353063557036 ], [ 126.889666443119864, 37.515365821414264 ], [ 126.889659073122857, 37.51537012119595 ], [ 126.889669573039072, 37.515383177559364 ], [ 126.889677111548053, 37.515379652793079 ], [ 126.889685949748412, 37.515392022824784 ], [ 126.889683671968299, 37.515394858805472 ] ] ] } },
{ "type": "Feature", "properties": { "F_YR": 2023, "F_SHIM": 0.5, "F_AREA": 48, "F_AVR_HGT": 9.12537098, "ADM_CD": 1156012200.0, "F_ZONE_NM": "영등포구 문래동4가 30-12", "TYPE": "상가" }, "geometry": { "type": "Polygon", "coordinates": [ [ [ 126.888706855434194, 37.51537567579178 ], [ 126.888763757920373, 37.515348312815135 ], [ 126.888698525339478, 37.515258808665045 ], [ 126.888677272990876, 37.515310514541497 ], [ 126.888706855434194, 37.51537567579178 ] ] ] } },
{ "type": "Feature", "properties": { "F_YR": 2023, "F_SHIM": 0.5, "F_AREA": 46, "F_AVR_HGT": 9.12537098, "ADM_CD": 1156012200.0, "F_ZONE_NM": "영등포구 문래동4가 30-13", "TYPE": "상가" }, "geometry": { "type": "Polygon", "coordinates": [ [ [ 126.888802323346653, 37.515329536826052 ], [ 126.88873827801325, 37.515240295119312 ], [ 126.888729336390298, 37.515244151854539 ], [ 126.888698525339478, 37.515258808665045 ], [ 126.888763757920373, 37.515348312815135 ], [ 126.888802323346653, 37.515329536826052 ] ] ] } },
{ "type": "Feature", "properties": { "F_YR": 2023, "F_SHIM": 0.5, "F_AREA": 111, "F_AVR_HGT": 9.1824255, "ADM_CD": 1156012200.0, "F_ZONE_NM": "영등포구 문래동4가 37-16", "TYPE": "상가" }, "geometry": { "type": "Polygon", "coordinates": [ [ [ 126.889384447009078, 37.514585102329875 ], [ 126.889470915373849, 37.514542864596066 ], [ 126.889400024284541, 37.514447697198236 ], [ 126.889312947487014, 37.514488402609707 ], [ 126.889384447009078, 37.514585102329875 ] ] ] } },
{ "type": "Feature", "properties": { "F_YR": 2023, "F_SHIM": 0.5, "F_AREA": 79, "F_AVR_HGT": 9.1824255, "ADM_CD": 1156012200.0, "F_ZONE_NM": "영등포구 문래동4가 37-17", "TYPE": "상가" }, "geometry": { "type": "Polygon", "coordinates": [ [ [ 126.889470915373849, 37.514542864596066 ], [ 126.889534199039829, 37.514513723324214 ], [ 126.889463161042841, 37.514418429685087 ], [ 126.889400024284541, 37.514447697198236 ], [ 126.889470915373849, 37.514542864596066 ] ] ] } },
{ "type": "Feature", "properties": { "F_YR": 2023, "F_SHIM": 0.5, "F_AREA": 136, "F_AVR_HGT": 9.1824255, "ADM_CD": 1156012200.0, "F_ZONE_NM": "영등포구 문래동4가 37-20", "TYPE": "상가" }, "geometry": { "type": "Polygon", "coordinates": [ [ [ 126.889866935102134, 37.514491756658181 ], [ 126.889805481383959, 37.514401211522205 ], [ 126.889886169451884, 37.514358913956428 ], [ 126.889878495126098, 37.514347382963876 ], [ 126.889798216116304, 37.514388437536802 ], [ 126.889700653086521, 37.51442993520309 ], [ 126.88977840925557, 37.514533425108731 ], [ 126.889866935102134, 37.514491756658181 ] ] ] } },
{ "type": "Feature", "properties": { "F_YR": 2023, "F_SHIM": 0.5, "F_AREA": 18, "F_AVR_HGT": 9.29761219, "ADM_CD": 1156012200.0, "F_ZONE_NM": "영등포구 문래동4가 42-2", "TYPE": "상가" }, "geometry": { "type": "Polygon", "coordinates": [ [ [ 126.888238452681293, 37.514511920217302 ], [ 126.888208995800795, 37.514446497672232 ], [ 126.888184167241093, 37.514454519748242 ], [ 126.88821608612308, 37.514522449429904 ], [ 126.888238452681293, 37.514511920217302 ] ] ] } },
{ "type": "Feature", "properties": { "F_YR": 2023, "F_SHIM": 0.5, "F_AREA": 145, "F_AVR_HGT": 9.18435478, "ADM_CD": 1156012200.0, "F_ZONE_NM": "영등포구 문래동4가 35-4", "TYPE": "상가" }, "geometry": { "type": "Polygon", "coordinates": [ [ [ 126.890532413952968, 37.514175530491265 ], [ 126.890478521267909, 37.514103949762301 ], [ 126.890450580953626, 37.514067243942662 ], [ 126.890351413123938, 37.514115975639221 ], [ 126.890434545822444, 37.514224921204935 ], [ 126.890532413952968, 37.514175530491265 ] ] ] } },
{ "type": "Feature", "properties": { "F_YR": 2023, "F_SHIM": 0.5, "F_AREA": 150, "F_AVR_HGT": 9.45177174, "ADM_CD": 1156012200.0, "F_ZONE_NM": "영등포구 문래동4가 32-24", "TYPE": "상가" }, "geometry": { "type": "Polygon", "coordinates": [ [ [ 126.891242379969441, 37.514315966932713 ], [ 126.891381897791064, 37.514249180115392 ], [ 126.891321071255973, 37.514169457311162 ], [ 126.891181375311746, 37.514234369819306 ], [ 126.891242379969441, 37.514315966932713 ] ] ] } },
{ "type": "Feature", "properties": { "F_YR": 2023, "F_SHIM": 0.5, "F_AREA": 79, "F_AVR_HGT": 9.45177174, "ADM_CD": 1156012200.0, "F_ZONE_NM": "영등포구 문래동4가 32-23", "TYPE": "상가" }, "geometry": { "type": "Polygon", "coordinates": [ [ [ 126.891585452699672, 37.514294158242812 ], [ 126.891625736388548, 37.51427522074745 ], [ 126.891634500096217, 37.514238233999734 ], [ 126.891581903891009, 37.514168826380882 ], [ 126.891515891473503, 37.514200615139742 ], [ 126.891536301634559, 37.514227970366555 ], [ 126.891531897373596, 37.514230885493276 ], [ 126.89154035369657, 37.514241534130647 ], [ 126.891548220431631, 37.514237730240922 ], [ 126.891555558237783, 37.514247512879614 ], [ 126.891547691131919, 37.514251569048419 ], [ 126.89155837166868, 37.514264985813128 ], [ 126.891565457761203, 37.51426130733504 ], [ 126.891578205652195, 37.514276473954666 ], [ 126.891574434991213, 37.514279263533183 ], [ 126.891585452699672, 37.514294158242812 ] ] ] } },
{ "type": "Feature", "properties": { "F_YR": 2023, "F_SHIM": 0.5, "F_AREA": 388, "F_AVR_HGT": 9.18435478, "ADM_CD": 1156012200.0, "F_ZONE_NM": "영등포구 문래동4가 35-2", "TYPE": "상가" }, "geometry": { "type": "Polygon", "coordinates": [ [ [ 126.890210183505161, 37.514184894988269 ], [ 126.890281822619414, 37.514150012831365 ], [ 126.890351413123938, 37.514115975639221 ], [ 126.890450580953626, 37.514067243942662 ], [ 126.890441199442165, 37.514055152763305 ], [ 126.890386674144736, 37.513983147928045 ], [ 126.890048679478895, 37.51414296350648 ], [ 126.890116301335084, 37.514231117687565 ], [ 126.890210183505161, 37.514184894988269 ] ] ] } },
{ "type": "Feature", "properties": { "F_YR": 2023, "F_SHIM": 0.5, "F_AREA": 81, "F_AVR_HGT": 9.25885391, "ADM_CD": 1156012200.0, "F_ZONE_NM": "영등포구 문래동4가 32-25", "TYPE": "상가" }, "geometry": { "type": "Polygon", "coordinates": [ [ [ 126.891239622057881, 37.514191617885409 ], [ 126.891224709832244, 37.514171493729634 ], [ 126.891229136458406, 37.514168758834437 ], [ 126.891217464061754, 37.514153007533686 ], [ 126.891208896369321, 37.514156585497865 ], [ 126.891199323339293, 37.514143881522592 ], [ 126.891207597276676, 37.514140078035773 ], [ 126.89119892756257, 37.51412843807941 ], [ 126.891190653798404, 37.514132124436308 ], [ 126.89118302209836, 37.514122251400636 ], [ 126.891187301322319, 37.514119759638263 ], [ 126.891169679292545, 37.514096371338312 ], [ 126.891130267790984, 37.514114453547428 ], [ 126.891117741060526, 37.514148877912525 ], [ 126.891172083287174, 37.514222864429293 ], [ 126.891239622057881, 37.514191617885409 ] ] ] } },
{ "type": "Feature", "properties": { "F_YR": 2023, "F_SHIM": 0.5, "F_AREA": 97, "F_AVR_HGT": 9.12537098, "ADM_CD": 1156012200.0, "F_ZONE_NM": "영등포구 문래동4가 39-1", "TYPE": "상가" }, "geometry": { "type": "Polygon", "coordinates": [ [ [ 126.888618747374352, 37.515183922750801 ], [ 126.888683418141909, 37.515203211796198 ], [ 126.888735182483259, 37.515177681956018 ], [ 126.888664289438267, 37.515084036808531 ], [ 126.888589696692421, 37.515118770994746 ], [ 126.888618747374352, 37.515183922750801 ] ] ] } },
{ "type": "Feature", "properties": { "F_YR": 2023, "F_SHIM": 0.5, "F_AREA": 141, "F_AVR_HGT": 10.22218513, "ADM_CD": 1156012200.0, "F_ZONE_NM": "영등포구 문래동4가 2-4", "TYPE": "상가" }, "geometry": { "type": "Polygon", "coordinates": [ [ [ 126.892403877126839, 37.515200336993836 ], [ 126.892441569679278, 37.515182198716303 ], [ 126.892514645816632, 37.515146911089865 ], [ 126.892441056707838, 37.51505279719953 ], [ 126.892403308333797, 37.515070475917817 ], [ 126.89236927176249, 37.515086941709214 ], [ 126.892331147737679, 37.515106232840033 ], [ 126.892359201972795, 37.515143280692975 ], [ 126.892403877126839, 37.515200336993836 ] ] ] } },
{ "type": "Feature", "properties": { "F_YR": 2023, "F_SHIM": 0.5, "F_AREA": 91, "F_AVR_HGT": 9.18435478, "ADM_CD": 1156012200.0, "F_ZONE_NM": "영등포구 문래동4가 34-21", "TYPE": "상가" }, "geometry": { "type": "Polygon", "coordinates": [ [ [ 126.890981487909869, 37.513842664082489 ], [ 126.89095830970831, 37.513813387045687 ], [ 126.890963200124375, 37.51381061655453 ], [ 126.890951084998477, 37.513796027097264 ], [ 126.890944735020952, 37.513799102560398 ], [ 126.890933916602975, 37.513787262353496 ], [ 126.890941162057331, 37.513782890294699 ], [ 126.890931982450425, 37.513771916577952 ], [ 126.8909252707505, 37.513774838532072 ], [ 126.890917197477108, 37.513765316453807 ], [ 126.890920821067922, 37.513762544778238 ], [ 126.890902758331819, 37.513738984835264 ], [ 126.890863765431831, 37.513757085368539 ], [ 126.890852181879765, 37.513796168741287 ], [ 126.890911910877634, 37.513875602445083 ], [ 126.890981487909869, 37.513842664082489 ] ] ] } },
{ "type": "Feature", "properties": { "F_YR": 2023, "F_SHIM": 0.5, "F_AREA": 119, "F_AVR_HGT": 9.25885391, "ADM_CD": 1156012200.0, "F_ZONE_NM": "영등포구 문래동4가 33-6", "TYPE": "상가" }, "geometry": { "type": "Polygon", "coordinates": [ [ [ 126.891208940224004, 37.513865473684888 ], [ 126.891222793433244, 37.513859630145426 ], [ 126.891316772718795, 37.51381581231341 ], [ 126.891252536471143, 37.513732166953844 ], [ 126.89114635583465, 37.513781568522013 ], [ 126.891208940224004, 37.513865473684888 ] ] ] } },
{ "type": "Feature", "properties": { "F_YR": 2023, "F_SHIM": 0.5, "F_AREA": 63, "F_AVR_HGT": 9.25885391, "ADM_CD": 1156012200.0, "F_ZONE_NM": "영등포구 문래동4가 33-15", "TYPE": "상가" }, "geometry": { "type": "Polygon", "coordinates": [ [ [ 126.891544705982369, 37.513857749866801 ], [ 126.891595017834121, 37.513834118515895 ], [ 126.891582169405694, 37.513818140906878 ], [ 126.891585430377162, 37.513815810361585 ], [ 126.891575326360396, 37.513802664433747 ], [ 126.891567347620438, 37.513805747424428 ], [ 126.891556680176592, 37.513791159376652 ], [ 126.891562850210903, 37.513787362916162 ], [ 126.891555862717354, 37.513777832882184 ], [ 126.891548053656393, 37.513780907019544 ], [ 126.891539599142376, 37.513769060058706 ], [ 126.891543221851165, 37.513766874010727 ], [ 126.891520035143813, 37.513735551814364 ], [ 126.891472800792542, 37.51375858233331 ], [ 126.891544705982369, 37.513857749866801 ] ] ] } },
{ "type": "Feature", "properties": { "F_YR": 2023, "F_SHIM": 0.5, "F_AREA": 66, "F_AVR_HGT": 9.18435478, "ADM_CD": 1156012200.0, "F_ZONE_NM": "영등포구 문래동4가 34-22", "TYPE": "상가" }, "geometry": { "type": "Polygon", "coordinates": [ [ [ 126.891021014087045, 37.513823446774218 ], [ 126.891029208037907, 37.51382017481253 ], [ 126.890951666395964, 37.513716271459565 ], [ 126.890943459866179, 37.513720408360463 ], [ 126.890902758331819, 37.513738984835264 ], [ 126.890920821067922, 37.513762544778238 ], [ 126.890917197477108, 37.513765316453807 ], [ 126.8909252707505, 37.513774838532072 ], [ 126.890931982450425, 37.513771916577952 ], [ 126.890941162057331, 37.513782890294699 ], [ 126.890933916602975, 37.513787262353496 ], [ 126.890944735020952, 37.513799102560398 ], [ 126.890951084998477, 37.513796027097264 ], [ 126.890963200124375, 37.51381061655453 ], [ 126.89095830970831, 37.513813387045687 ], [ 126.890981487909869, 37.513842664082489 ], [ 126.891021014087045, 37.513823446774218 ] ] ] } },
{ "type": "Feature", "properties": { "F_YR": 2023, "F_SHIM": 0.5, "F_AREA": 63, "F_AVR_HGT": 9.25885391, "ADM_CD": 1156012200.0, "F_ZONE_NM": "영등포구 문래동4가 33-16", "TYPE": "상가" }, "geometry": { "type": "Polygon", "coordinates": [ [ [ 126.891582169405694, 37.513818140906878 ], [ 126.891595017834121, 37.513834118515895 ], [ 126.891642341850982, 37.513811655659396 ], [ 126.891586677770306, 37.513736514848418 ], [ 126.891561755458184, 37.513716327357805 ], [ 126.891520035143813, 37.513735551814364 ], [ 126.891543221851165, 37.513766874010727 ], [ 126.891539599142376, 37.513769060058706 ], [ 126.891548053656393, 37.513780907019544 ], [ 126.891555862717354, 37.513777832882184 ], [ 126.891562850210903, 37.513787362916162 ], [ 126.891556680176592, 37.513791159376652 ], [ 126.891567347620438, 37.513805747424428 ], [ 126.891575326360396, 37.513802664433747 ], [ 126.891585430377162, 37.513815810361585 ], [ 126.891582169405694, 37.513818140906878 ] ] ] } },
{ "type": "Feature", "properties": { "F_YR": 2023, "F_SHIM": 0.5, "F_AREA": 67, "F_AVR_HGT": 9.18435478, "ADM_CD": 1156012200.0, "F_ZONE_NM": "영등포구 문래동4가 33-8", "TYPE": "상가" }, "geometry": { "type": "Polygon", "coordinates": [ [ [ 126.891055852193801, 37.51380783806345 ], [ 126.89107843369915, 37.513796867024283 ], [ 126.891055967955865, 37.513767662752194 ], [ 126.891058968922962, 37.513765241878701 ], [ 126.891047951436605, 37.513750320089059 ], [ 126.891041092236307, 37.513753557260493 ], [ 126.891030919740786, 37.513740897759938 ], [ 126.891038457794849, 37.513737526074529 ], [ 126.891029811293208, 37.513725534738221 ], [ 126.891022273239997, 37.513728906423047 ], [ 126.891014154410016, 37.513719591537836 ], [ 126.89101783364643, 37.513717432588734 ], [ 126.891000359350414, 37.513693674991785 ], [ 126.890951666395964, 37.513716271459565 ], [ 126.891029208037907, 37.51382017481253 ], [ 126.891055852193801, 37.51380783806345 ] ] ] } },
{ "type": "Feature", "properties": { "F_YR": 2023, "F_SHIM": 0.5, "F_AREA": 135, "F_AVR_HGT": 9.25885391, "ADM_CD": 1156012200.0, "F_ZONE_NM": "영등포구 문래동4가 33-20", "TYPE": "상가" }, "geometry": { "type": "Polygon", "coordinates": [ [ [ 126.891499265220617, 37.513729919265629 ], [ 126.891549848898961, 37.513705990857879 ], [ 126.891447095654229, 37.513624490150242 ], [ 126.891429460600961, 37.513633096250246 ], [ 126.891356997307156, 37.513667644969765 ], [ 126.891427934770704, 37.513763234718368 ], [ 126.891499265220617, 37.513729919265629 ] ] ] } },
{ "type": "Feature", "properties": { "F_YR": 2023, "F_SHIM": 0.5, "F_AREA": 108, "F_AVR_HGT": 9.25885391, "ADM_CD": 1156012200.0, "F_ZONE_NM": "영등포구 문래동4가 33-23", "TYPE": "상가" }, "geometry": { "type": "Polygon", "coordinates": [ [ [ 126.891265192287264, 37.513694481086176 ], [ 126.891302430793459, 37.513677108590137 ], [ 126.891356128282681, 37.513650948699734 ], [ 126.891287809883792, 37.51355893830528 ], [ 126.891224990708707, 37.513588585513922 ], [ 126.891212757013676, 37.513623812052515 ], [ 126.891265192287264, 37.513694481086176 ] ] ] } },
{ "type": "Feature", "properties": { "F_YR": 2023, "F_SHIM": 0.5, "F_AREA": 77, "F_AVR_HGT": 9.25885391, "ADM_CD": 1156012200.0, "F_ZONE_NM": "영등포구 문래동4가 33-24", "TYPE": "상가" }, "geometry": { "type": "Polygon", "coordinates": [ [ [ 126.891433537654237, 37.513614206159353 ], [ 126.891335723057594, 37.513535746313359 ], [ 126.891287809883792, 37.51355893830528 ], [ 126.891356128282681, 37.513650948699734 ], [ 126.891433537654237, 37.513614206159353 ] ] ] } },
{ "type": "Feature", "properties": { "F_YR": 2023, "F_SHIM": 0.2, "F_AREA": 288, "F_AVR_HGT": 8.82537098, "ADM_CD": 1156012200.0, "F_ZONE_NM": "서울 영등포구 경인로77길  58 세영특수강 (문래동4가)", "TYPE": "미분류" }, "geometry": { "type": "Polygon", "coordinates": [ [ [ 126.888460447629882, 37.5150565327001 ], [ 126.888397852188191, 37.514921377437759 ], [ 126.888396539937546, 37.514921484300622 ], [ 126.888206072080536, 37.515011257185499 ], [ 126.888293978325734, 37.515133606628254 ], [ 126.888460447629882, 37.5150565327001 ] ] ] } },
{ "type": "Feature", "properties": { "F_YR": 2023, "F_SHIM": 0.5, "F_AREA": 80, "F_AVR_HGT": 9.1824255, "ADM_CD": 1156012200.0, "F_ZONE_NM": "영등포구 문래동4가 37-18", "TYPE": "상가" }, "geometry": { "type": "Polygon", "coordinates": [ [ [ 126.889597687345073, 37.51448385240537 ], [ 126.889527000273588, 37.514388333887545 ], [ 126.889463161042841, 37.514418429685087 ], [ 126.889534199039829, 37.514513723324214 ], [ 126.889597687345073, 37.51448385240537 ] ] ] } },
{ "type": "Feature", "properties": { "F_YR": 2023, "F_SHIM": 0.5, "F_AREA": 111, "F_AVR_HGT": 9.1824255, "ADM_CD": 1156012200.0, "F_ZONE_NM": "영등포구 문래동4가 37-19", "TYPE": "상가" }, "geometry": { "type": "Polygon", "coordinates": [ [ [ 126.889597687345073, 37.51448385240537 ], [ 126.889685365941233, 37.514441489520877 ], [ 126.889614881239083, 37.514346746103143 ], [ 126.889527000273588, 37.514388333887545 ], [ 126.889597687345073, 37.51448385240537 ] ] ] } },
{ "type": "Feature", "properties": { "F_YR": 2023, "F_SHIM": 0.5, "F_AREA": 96, "F_AVR_HGT": 9.18084145, "ADM_CD": 1156012200.0, "F_ZONE_NM": "영등포구 문래동4가 35-8", "TYPE": "상가" }, "geometry": { "type": "Polygon", "coordinates": [ [ [ 126.89035553529969, 37.514417687071472 ], [ 126.890343501349463, 37.514401764155629 ], [ 126.890346670814168, 37.514400163365501 ], [ 126.890335934254423, 37.514386521189927 ], [ 126.890326066127102, 37.514389827567065 ], [ 126.890315046623357, 37.514376302252728 ], [ 126.890325210573437, 37.514371824860071 ], [ 126.890317411249612, 37.514360636156894 ], [ 126.890307586577578, 37.514365149908151 ], [ 126.890300870039468, 37.514356034514236 ], [ 126.89030492291198, 37.514353659700333 ], [ 126.89027728870937, 37.514316467591563 ], [ 126.890205944737701, 37.514350530116324 ], [ 126.89021252638787, 37.514359068750998 ], [ 126.890283897621501, 37.514451452037576 ], [ 126.89035553529969, 37.514417687071472 ] ] ] } },
{ "type": "Feature", "properties": { "F_YR": 2023, "F_SHIM": 0.5, "F_AREA": 515, "F_AVR_HGT": 13.03341484, "ADM_CD": 1156012100.0, "F_ZONE_NM": "영등포구 문래동3가 54-36", "TYPE": "상가" }, "geometry": { "type": "Polygon", "coordinates": [ [ [ 126.897180793288982, 37.514331488614538 ], [ 126.897158385942703, 37.514014804708324 ], [ 126.896997176871153, 37.51401027432572 ], [ 126.897018093255724, 37.51434119268238 ], [ 126.897180793288982, 37.514331488614538 ] ] ] } },
{ "type": "Feature", "properties": { "F_YR": 2023, "F_SHIM": 0.5, "F_AREA": 315, "F_AVR_HGT": 12.78459549, "ADM_CD": 1156012100.0, "F_ZONE_NM": "영등포구 문래동3가 58-58", "TYPE": "상가" }, "geometry": { "type": "Polygon", "coordinates": [ [ [ 126.895782194660768, 37.514164128336972 ], [ 126.895794484048395, 37.514152111037944 ], [ 126.89581979848306, 37.514127752735661 ], [ 126.895920185188757, 37.514030264632638 ], [ 126.895951604881361, 37.513999712905367 ], [ 126.895997077467698, 37.513957794141781 ], [ 126.895967354280515, 37.513908149726355 ], [ 126.895945179824253, 37.513919707711658 ], [ 126.895879544700733, 37.513950102704925 ], [ 126.895695548795544, 37.514038487922214 ], [ 126.895771038262168, 37.514174804164675 ], [ 126.895782194660768, 37.514164128336972 ] ] ] } },
{ "type": "Feature", "properties": { "F_YR": 2023, "F_SHIM": 0.5, "F_AREA": 1498, "F_AVR_HGT": 12.72499371, "ADM_CD": 1156012100.0, "F_ZONE_NM": "영등포구 문래동3가 56-1", "TYPE": "상가" }, "geometry": { "type": "Polygon", "coordinates": [ [ [ 126.898332097274078, 37.513945495025936 ], [ 126.898436456969137, 37.513744691011574 ], [ 126.89843778370529, 37.513742250469505 ], [ 126.897812316881911, 37.513525761244814 ], [ 126.897719643502683, 37.51368321003465 ], [ 126.897691311527566, 37.513673670615546 ], [ 126.897669908263197, 37.513716647342072 ], [ 126.897926578350621, 37.513804963109763 ], [ 126.898332097274078, 37.513945495025936 ] ] ] } },
{ "type": "Feature", "properties": { "F_YR": 2023, "F_SHIM": 0.5, "F_AREA": 28, "F_AVR_HGT": 9.12537098, "ADM_CD": 1156012200.0, "F_ZONE_NM": "영등포구 문래동4가 39-8", "TYPE": "상가" }, "geometry": { "type": "Polygon", "coordinates": [ [ [ 126.888568939503344, 37.515074557297361 ], [ 126.888583785938593, 37.515107962402425 ], [ 126.88865785723867, 37.515073975548312 ], [ 126.88863519037146, 37.515043500226078 ], [ 126.888568939503344, 37.515074557297361 ] ] ] } },
{ "type": "Feature", "properties": { "F_YR": 2023, "F_SHIM": 0.2, "F_AREA": 126, "F_AVR_HGT": 8.88435478, "ADM_CD": 1156012200.0, "F_ZONE_NM": "서울특별시 영등포구 문래동4가 34-7 수성테크", "TYPE": "상가" }, "geometry": { "type": "Polygon", "coordinates": [ [ [ 126.890612076920192, 37.514145241742675 ], [ 126.890710370477862, 37.514098671398017 ], [ 126.890638721010276, 37.514003089566025 ], [ 126.890539386964662, 37.514049631844436 ], [ 126.890612076920192, 37.514145241742675 ] ] ] } },
{ "type": "Feature", "properties": { "F_YR": 2023, "F_SHIM": 0.5, "F_AREA": 62, "F_AVR_HGT": 9.25885391, "ADM_CD": 1156012200.0, "F_ZONE_NM": "영등포구 문래동4가 32-29", "TYPE": "상가" }, "geometry": { "type": "Polygon", "coordinates": [ [ [ 126.891386902556818, 37.514122405617783 ], [ 126.89143691945236, 37.514099521887232 ], [ 126.891421635967902, 37.514078009875938 ], [ 126.89142540556567, 37.51407594109812 ], [ 126.891414465271367, 37.51406228981989 ], [ 126.891406395254947, 37.514065886282239 ], [ 126.891395455984863, 37.514051541236157 ], [ 126.891403345223353, 37.514047809456592 ], [ 126.891395861896626, 37.514037017556774 ], [ 126.891387792888125, 37.514039929261735 ], [ 126.891380499044075, 37.514031047649453 ], [ 126.891384099174672, 37.514028843565455 ], [ 126.891365040983331, 37.514005201676355 ], [ 126.891316291102797, 37.514027987449303 ], [ 126.891386902556818, 37.514122405617783 ] ] ] } },
{ "type": "Feature", "properties": { "F_YR": 2023, "F_SHIM": 0.5, "F_AREA": 44, "F_AVR_HGT": 9.12537098, "ADM_CD": 1156012200.0, "F_ZONE_NM": "영등포구 문래동4가 38-11", "TYPE": "상가" }, "geometry": { "type": "Polygon", "coordinates": [ [ [ 126.888682312070557, 37.515021281636791 ], [ 126.888631088720459, 37.514950531542169 ], [ 126.888583604837422, 37.5149729209543 ], [ 126.88863519037146, 37.515043500226078 ], [ 126.888682312070557, 37.515021281636791 ] ] ] } },
{ "type": "Feature", "properties": { "F_YR": 2023, "F_SHIM": 0.2, "F_AREA": 134, "F_AVR_HGT": 8.99761219, "ADM_CD": 1156012200.0, "F_ZONE_NM": "서울 영등포구 경인로77길  56-1 성실자동차공업사 (문래동4가)", "TYPE": "미분류" }, "geometry": { "type": "Polygon", "coordinates": [ [ [ 126.888647660668312, 37.514927229602094 ], [ 126.888579130791101, 37.514834379534221 ], [ 126.888481094532182, 37.514881326762477 ], [ 126.888527518743402, 37.514984102739319 ], [ 126.888647660668312, 37.514927229602094 ] ] ] } },
{ "type": "Feature", "properties": { "F_YR": 2023, "F_SHIM": 0.5, "F_AREA": 65, "F_AVR_HGT": 9.29761219, "ADM_CD": 1156012200.0, "F_ZONE_NM": "영등포구 문래동4가 38-6", "TYPE": "상가" }, "geometry": { "type": "Polygon", "coordinates": [ [ [ 126.888977100434175, 37.514924894998423 ], [ 126.888900936365374, 37.514823712640371 ], [ 126.888854267596727, 37.514845733530628 ], [ 126.888927308095518, 37.514948021166269 ], [ 126.888977100434175, 37.514924894998423 ] ] ] } },
{ "type": "Feature", "properties": { "F_YR": 2023, "F_SHIM": 0.5, "F_AREA": 123, "F_AVR_HGT": 9.18084145, "ADM_CD": 1156012200.0, "F_ZONE_NM": "영등포구 문래동4가 23-20", "TYPE": "상가" }, "geometry": { "type": "Polygon", "coordinates": [ [ [ 126.891006176780138, 37.514910998240858 ], [ 126.891064595940662, 37.514882157938345 ], [ 126.890995620951585, 37.514790002620352 ], [ 126.890895425203368, 37.514837382311441 ], [ 126.890965790181909, 37.514930349884388 ], [ 126.891006176780138, 37.514910998240858 ] ] ] } },
{ "type": "Feature", "properties": { "F_YR": 2023, "F_SHIM": 0.5, "F_AREA": 65, "F_AVR_HGT": 9.29761219, "ADM_CD": 1156012200.0, "F_ZONE_NM": "영등포구 문래동4가 38-14", "TYPE": "상가" }, "geometry": { "type": "Polygon", "coordinates": [ [ [ 126.888647660668312, 37.514927229602094 ], [ 126.888700079206444, 37.514902808626104 ], [ 126.88868815915707, 37.514886543273462 ], [ 126.888691827599885, 37.514884123098192 ], [ 126.888681860711699, 37.514870292299534 ], [ 126.888673914777485, 37.514873969782734 ], [ 126.888664308125882, 37.5148612835916 ], [ 126.888671463218998, 37.51485698366632 ], [ 126.888663539615806, 37.514845830776117 ], [ 126.88865527778681, 37.514848967358674 ], [ 126.888647972809579, 37.514840130618168 ], [ 126.888652297999968, 37.514837242553703 ], [ 126.888631448423027, 37.514809336804561 ], [ 126.888579130791101, 37.514834379534221 ], [ 126.888647660668312, 37.514927229602094 ] ] ] } },
{ "type": "Feature", "properties": { "F_YR": 2023, "F_SHIM": 0.5, "F_AREA": 208, "F_AVR_HGT": 9.90823841, "ADM_CD": 1156012000.0, "F_ZONE_NM": "영등포구 문래동2가 49-2", "TYPE": "상가" }, "geometry": { "type": "Polygon", "coordinates": [ [ [ 126.89299252439865, 37.513620045579366 ], [ 126.892858466245315, 37.513511595565369 ], [ 126.892850064945335, 37.51351753441223 ], [ 126.892776926751196, 37.513565616346419 ], [ 126.892768410342725, 37.513572924595735 ], [ 126.892763252922137, 37.513596066440535 ], [ 126.892847884512719, 37.513687397223613 ], [ 126.89299252439865, 37.513620045579366 ] ] ] } },
{ "type": "Feature", "properties": { "F_YR": 2023, "F_SHIM": 0.5, "F_AREA": 650, "F_AVR_HGT": 12.30716228, "ADM_CD": 1156012000.0, "F_ZONE_NM": "영등포구 문래동2가 14-84", "TYPE": "상가" }, "geometry": { "type": "Polygon", "coordinates": [ [ [ 126.894553635257992, 37.513667339204133 ], [ 126.894578014771412, 37.513672136557339 ], [ 126.894769646562892, 37.51358332749794 ], [ 126.8947201296711, 37.51351821279178 ], [ 126.894666458090839, 37.513447742388401 ], [ 126.89458391576396, 37.513341467266372 ], [ 126.894431140419286, 37.513412246284702 ], [ 126.894409463830996, 37.513479017484478 ], [ 126.894553635257992, 37.513667339204133 ] ] ] } },
{ "type": "Feature", "properties": { "F_YR": 2023, "F_SHIM": 0.5, "F_AREA": 34, "F_AVR_HGT": 11.15814781, "ADM_CD": 1156012000.0, "F_ZONE_NM": "영등포구 문래동2가 44-8", "TYPE": "상가" }, "geometry": { "type": "Polygon", "coordinates": [ [ [ 126.89384305493347, 37.513623779183661 ], [ 126.893826263643518, 37.5136042573086 ], [ 126.893776112385808, 37.513626925691845 ], [ 126.893760346039542, 37.513610441099566 ], [ 126.893746847144499, 37.513613897620317 ], [ 126.893739816231289, 37.51360291707153 ], [ 126.893720190013795, 37.513612017244881 ], [ 126.893709753779817, 37.513617278548658 ], [ 126.893717976611256, 37.513625286899384 ], [ 126.893729270362627, 37.51362149500121 ], [ 126.893758924680412, 37.513662859763137 ], [ 126.89384305493347, 37.513623779183661 ] ] ] } },
{ "type": "Feature", "properties": { "F_YR": 2023, "F_SHIM": 0.5, "F_AREA": 107, "F_AVR_HGT": 11.15814781, "ADM_CD": 1156012000.0, "F_ZONE_NM": "영등포구 문래동2가 44-17", "TYPE": "상가" }, "geometry": { "type": "Polygon", "coordinates": [ [ [ 126.893455082736011, 37.513613387804618 ], [ 126.893383469061931, 37.51352224957165 ], [ 126.893331313603852, 37.513546366535572 ], [ 126.893314161408838, 37.513596743544504 ], [ 126.893359417349558, 37.513658782539949 ], [ 126.893455082736011, 37.513613387804618 ] ] ] } },
{ "type": "Feature", "properties": { "F_YR": 2023, "F_SHIM": 0.5, "F_AREA": 286, "F_AVR_HGT": 9.90823841, "ADM_CD": 1156012000.0, "F_ZONE_NM": "영등포구 문래동2가 56-8", "TYPE": "상가" }, "geometry": { "type": "Polygon", "coordinates": [ [ [ 126.892082787036657, 37.513627873866625 ], [ 126.892180820286285, 37.513580319966174 ], [ 126.892274212650292, 37.513535023192645 ], [ 126.892152361948504, 37.513440837425854 ], [ 126.892055199512185, 37.513488590330034 ], [ 126.891962632966738, 37.513533752547168 ], [ 126.892082787036657, 37.513627873866625 ] ] ] } },
{ "type": "Feature", "properties": { "F_YR": 2023, "F_SHIM": 0.5, "F_AREA": 55, "F_AVR_HGT": 9.90823841, "ADM_CD": 1156012000.0, "F_ZONE_NM": "영등포구 문래동2가 48-1", "TYPE": "상가" }, "geometry": { "type": "Polygon", "coordinates": [ [ [ 126.89307017036333, 37.513583374262765 ], [ 126.893003931256217, 37.513506899942421 ], [ 126.892956948062746, 37.513536553609114 ], [ 126.893014482043498, 37.513610055682221 ], [ 126.89307017036333, 37.513583374262765 ] ] ] } },
{ "type": "Feature", "properties": { "F_YR": 2023, "F_SHIM": 0.5, "F_AREA": 60, "F_AVR_HGT": 9.29761219, "ADM_CD": 1156012200.0, "F_ZONE_NM": "영등포구 문래동4가 38-15", "TYPE": "상가" }, "geometry": { "type": "Polygon", "coordinates": [ [ [ 126.88868815915707, 37.514886543273462 ], [ 126.888700079206444, 37.514902808626104 ], [ 126.888748559077911, 37.514879960609754 ], [ 126.888680178224334, 37.51478574122801 ], [ 126.888676397814621, 37.514787404459355 ], [ 126.888631448423027, 37.514809336804561 ], [ 126.888652297999968, 37.514837242553703 ], [ 126.888647972809579, 37.514840130618168 ], [ 126.88865527778681, 37.514848967358674 ], [ 126.888663539615806, 37.514845830776117 ], [ 126.888671463218998, 37.51485698366632 ], [ 126.888664308125882, 37.5148612835916 ], [ 126.888673914777485, 37.514873969782734 ], [ 126.888681860711699, 37.514870292299534 ], [ 126.888691827599885, 37.514884123098192 ], [ 126.88868815915707, 37.514886543273462 ] ] ] } },
{ "type": "Feature", "properties": { "F_YR": 2023, "F_SHIM": 0.5, "F_AREA": 119, "F_AVR_HGT": 9.1824255, "ADM_CD": 1156012200.0, "F_ZONE_NM": "영등포구 문래동4가 38-29", "TYPE": "상가" }, "geometry": { "type": "Polygon", "coordinates": [ [ [ 126.889163525041511, 37.51483782001057 ], [ 126.889086115631471, 37.514737276292948 ], [ 126.889077365374447, 37.514741799974104 ], [ 126.888997418029689, 37.514779853998419 ], [ 126.889003164115167, 37.5147873557585 ], [ 126.889073878246379, 37.51487972112286 ], [ 126.889163525041511, 37.51483782001057 ] ] ] } },
{ "type": "Feature", "properties": { "F_YR": 2023, "F_SHIM": 0.5, "F_AREA": 72, "F_AVR_HGT": 11.15814781, "ADM_CD": 1156012000.0, "F_ZONE_NM": "영등포구 문래동2가 44-11", "TYPE": "상가" }, "geometry": { "type": "Polygon", "coordinates": [ [ [ 126.893719065356251, 37.51357608448901 ], [ 126.893748034327814, 37.51357488556674 ], [ 126.893817479778093, 37.513537999047436 ], [ 126.893781978707395, 37.513495962229861 ], [ 126.893632095664785, 37.513568283553532 ], [ 126.893647640855832, 37.513589083733024 ], [ 126.893707634434193, 37.513565153982647 ], [ 126.893719065356251, 37.51357608448901 ] ] ] } },
{ "type": "Feature", "properties": { "F_YR": 2023, "F_SHIM": 0.5, "F_AREA": 2036, "F_AVR_HGT": 13.16212845, "ADM_CD": 1156012000.0, "F_ZONE_NM": "영등포구 문래동2가 2", "TYPE": "상가" }, "geometry": { "type": "Polygon", "coordinates": [ [ [ 126.896134409188591, 37.513559874627894 ], [ 126.896397643397151, 37.51343412286375 ], [ 126.896418684948003, 37.513423708049707 ], [ 126.896278662289532, 37.513242086694497 ], [ 126.896443331675854, 37.513165297208332 ], [ 126.896452392537554, 37.513148537726188 ], [ 126.89645281204875, 37.513147817302269 ], [ 126.896500421241896, 37.513073851799284 ], [ 126.896086360577968, 37.5129325491191 ], [ 126.895964115369878, 37.51314793124164 ], [ 126.895922274487347, 37.513221649404713 ], [ 126.895926633757981, 37.513274595843903 ], [ 126.895927997573537, 37.513278002828983 ], [ 126.895933958510369, 37.513285954944422 ], [ 126.895983031819497, 37.513353456388757 ], [ 126.896134409188591, 37.513559874627894 ] ] ] } },
{ "type": "Feature", "properties": { "F_YR": 2023, "F_SHIM": 0.5, "F_AREA": 274, "F_AVR_HGT": 9.25885391, "ADM_CD": 1156012000.0, "F_ZONE_NM": "영등포구 문래동2가 56-10", "TYPE": "상가" }, "geometry": { "type": "Polygon", "coordinates": [ [ [ 126.891962632966738, 37.513533752547168 ], [ 126.892055199512185, 37.513488590330034 ], [ 126.892152361948504, 37.513440837425854 ], [ 126.892036396919053, 37.513351855735465 ], [ 126.891932174907836, 37.513400719231434 ], [ 126.891844804915038, 37.513442588531412 ], [ 126.891962632966738, 37.513533752547168 ] ] ] } },
{ "type": "Feature", "properties": { "F_YR": 2023, "F_SHIM": 0.5, "F_AREA": 148, "F_AVR_HGT": 12.78459549, "ADM_CD": 1156012000.0, "F_ZONE_NM": "영등포구 문래동2가 12-5", "TYPE": "상가" }, "geometry": { "type": "Polygon", "coordinates": [ [ [ 126.895368410653091, 37.513520680201381 ], [ 126.895427676009518, 37.513491387994669 ], [ 126.895491569815249, 37.513460442079321 ], [ 126.895446657711659, 37.513394052394268 ], [ 126.895448175752634, 37.513392368894358 ], [ 126.895428685503916, 37.513369520146327 ], [ 126.895303271593107, 37.513432567284845 ], [ 126.895368410653091, 37.513520680201381 ] ] ] } },
{ "type": "Feature", "properties": { "F_YR": 2023, "F_SHIM": 0.5, "F_AREA": 291, "F_AVR_HGT": 9.43942356, "ADM_CD": 1156012200.0, "F_ZONE_NM": "영등포구 문래동4가 10-12", "TYPE": "상가" }, "geometry": { "type": "Polygon", "coordinates": [ [ [ 126.888676577398286, 37.516073044696711 ], [ 126.88868544050014, 37.516068818482829 ], [ 126.888625095624576, 37.515955613771403 ], [ 126.888591352350673, 37.51597179043253 ], [ 126.888419002030972, 37.516054535174725 ], [ 126.888473020729364, 37.516169680086229 ], [ 126.888676577398286, 37.516073044696711 ] ] ] } },
{ "type": "Feature", "properties": { "F_YR": 2023, "F_SHIM": 0.2, "F_AREA": 76, "F_AVR_HGT": 10.41408844, "ADM_CD": 1156012900.0, "F_ZONE_NM": "서울 영등포구 양평로22길 11？1층(양평동5가)", "TYPE": "상가-시설" }, "geometry": { "type": "Polygon", "coordinates": [ [ [ 126.894526902558695, 37.53885415078998 ], [ 126.894472927519303, 37.538785554380567 ], [ 126.894390182710239, 37.538833195906612 ], [ 126.894436114045462, 37.538893099493947 ], [ 126.894526902558695, 37.53885415078998 ] ] ] } },
{ "type": "Feature", "properties": { "F_YR": 2023, "F_SHIM": 0.5, "F_AREA": 117, "F_AVR_HGT": 10.60574341, "ADM_CD": 1156011900.0, "F_ZONE_NM": "영등포구 문래동1가 58-14", "TYPE": "상가" }, "geometry": { "type": "Polygon", "coordinates": [ [ [ 126.894634651209913, 37.511901405612548 ], [ 126.89467059191719, 37.511833196651388 ], [ 126.894671646644497, 37.511831206403087 ], [ 126.894688635957948, 37.511798957083556 ], [ 126.894591424546377, 37.51176473037301 ], [ 126.894586173923017, 37.511774402322779 ], [ 126.894564955961201, 37.511813477352732 ], [ 126.894535742734234, 37.511867429600237 ], [ 126.894634651209913, 37.511901405612548 ] ] ] } },
{ "type": "Feature", "properties": { "F_YR": 2023, "F_SHIM": 0.5, "F_AREA": 67, "F_AVR_HGT": 9.7645483, "ADM_CD": 1156012000.0, "F_ZONE_NM": "영등포구 문래동2가 49-17", "TYPE": "상가" }, "geometry": { "type": "Polygon", "coordinates": [ [ [ 126.892554010883032, 37.513169098720375 ], [ 126.89262127865473, 37.513113127791677 ], [ 126.892559014766235, 37.513064858065043 ], [ 126.892489374574495, 37.513118862597153 ], [ 126.892554010883032, 37.513169098720375 ] ] ] } },
{ "type": "Feature", "properties": { "F_YR": 2023, "F_SHIM": 0.5, "F_AREA": 547, "F_AVR_HGT": 10.97153664, "ADM_CD": 1156011900.0, "F_ZONE_NM": "영등포구 문래동1가 91", "TYPE": "상가" }, "geometry": { "type": "Polygon", "coordinates": [ [ [ 126.893011109933937, 37.510977863618415 ], [ 126.893023553528991, 37.51098428113368 ], [ 126.893088365522871, 37.510974591857895 ], [ 126.893171340705479, 37.510872026453903 ], [ 126.893232311531165, 37.510796569830426 ], [ 126.893227879437859, 37.510779789209884 ], [ 126.893217515937025, 37.510742784786359 ], [ 126.893090843073395, 37.510677067018889 ], [ 126.893081325499935, 37.510688663119794 ], [ 126.893011052031454, 37.510775634869482 ], [ 126.892894049931925, 37.510920542750426 ], [ 126.893011109933937, 37.510977863618415 ] ] ] } },
{ "type": "Feature", "properties": { "F_YR": 2023, "F_SHIM": 0.2, "F_AREA": 220, "F_AVR_HGT": 12.08563824, "ADM_CD": 1156013200.0, "F_ZONE_NM": "서울 영등포구 도림로81길 13-2 미림빌라", "TYPE": "공동-연립" }, "geometry": { "type": "Polygon", "coordinates": [ [ [ 126.903776306581292, 37.501173867320958 ], [ 126.90376278886049, 37.501055032491053 ], [ 126.903724945355563, 37.501057722186331 ], [ 126.903664142446075, 37.501062005641721 ], [ 126.903594153751072, 37.501068470878089 ], [ 126.903552737102629, 37.501070761117177 ], [ 126.903590094927495, 37.501154215514475 ], [ 126.903637959042499, 37.5011856099174 ], [ 126.903776306581292, 37.501173867320958 ] ] ] } },
{ "type": "Feature", "properties": { "F_YR": 2023, "F_SHIM": 0.5, "F_AREA": 212, "F_AVR_HGT": 9.18084145, "ADM_CD": 1156012200.0, "F_ZONE_NM": "영등포구 문래동4가 36-2", "TYPE": "상가" }, "geometry": { "type": "Polygon", "coordinates": [ [ [ 126.890276076231373, 37.514455129746167 ], [ 126.890283897621501, 37.514451452037576 ], [ 126.89021252638787, 37.514359068750998 ], [ 126.890205944737701, 37.514350530116324 ], [ 126.890194904767142, 37.514335572187626 ], [ 126.890086333477171, 37.514386637386558 ], [ 126.890058137283063, 37.514400359985025 ], [ 126.890077181091186, 37.514425858121527 ], [ 126.890146655581361, 37.514515807011115 ], [ 126.890255826595975, 37.514464679253109 ], [ 126.890276076231373, 37.514455129746167 ] ] ] } },
{ "type": "Feature", "properties": { "F_YR": 2023, "F_SHIM": 0.2, "F_AREA": 658, "F_AVR_HGT": 13.98859615, "ADM_CD": 1156013200.0, "F_ZONE_NM": "서울특별시 영등포구 신길동 116-17 대신아파트 A동 201호", "TYPE": "주택" }, "geometry": { "type": "Polygon", "coordinates": [ [ [ 126.917403871211434, 37.511629926196612 ], [ 126.917573994907059, 37.511477850846141 ], [ 126.917196199670087, 37.51134591912534 ], [ 126.917177590340899, 37.511449493434796 ], [ 126.917157576508814, 37.511554787640186 ], [ 126.917403871211434, 37.511629926196612 ] ] ] } },
{ "type": "Feature", "properties": { "F_YR": 2023, "F_SHIM": 0.2, "F_AREA": 51, "F_AVR_HGT": 33.77883835, "ADM_CD": 1159010200.0, "F_ZONE_NM": "서울특별시 동작구 상도로22길 6 1층 (상도동, 엘지부동산공인중개사사무소)", "TYPE": "상가-시설" }, "geometry": { "type": "Polygon", "coordinates": [ [ [ 126.936410752269808, 37.502900660651441 ], [ 126.936447371944183, 37.502913529060471 ], [ 126.936500824304048, 37.502856083817555 ], [ 126.936396581670294, 37.502822572341216 ], [ 126.936410258321828, 37.502896443707868 ], [ 126.936410752269808, 37.502900660651441 ] ] ] } },
{ "type": "Feature", "properties": { "F_YR": 2023, "F_SHIM": 0.2, "F_AREA": 133, "F_AVR_HGT": 15.09060593, "ADM_CD": 1159010700.0, "F_ZONE_NM": "서울 동작구 사당로30길 23-8", "TYPE": "공동-아파트" }, "geometry": { "type": "Polygon", "coordinates": [ [ [ 126.981271428966423, 37.483780558950983 ], [ 126.981350348386997, 37.483778428063161 ], [ 126.981391617125894, 37.483777353897608 ], [ 126.981386755108161, 37.483694010454577 ], [ 126.981385382025124, 37.483670530128087 ], [ 126.981384853002524, 37.483661664185639 ], [ 126.981270555709941, 37.483664708061475 ], [ 126.981271428966423, 37.483780558950983 ] ] ] } },
{ "type": "Feature", "properties": { "F_YR": 2023, "F_SHIM": 0.2, "F_AREA": 175, "F_AVR_HGT": 35.61159058, "ADM_CD": 1159010800.0, "F_ZONE_NM": "서울 동작구 등용로8가길 2-7 (대방동)", "TYPE": "단독주택" }, "geometry": { "type": "Polygon", "coordinates": [ [ [ 126.933100153766318, 37.506869937702675 ], [ 126.9332144608248, 37.506859876635865 ], [ 126.933192170610951, 37.506796064111128 ], [ 126.933151633512892, 37.506699516792466 ], [ 126.933054536449049, 37.506726211178538 ], [ 126.933058801899236, 37.506736818391502 ], [ 126.933050226033004, 37.506740075032603 ], [ 126.933100153766318, 37.506869937702675 ] ] ] } },
{ "type": "Feature", "properties": { "F_YR": 2023, "F_SHIM": 0.2, "F_AREA": 6146, "F_AVR_HGT": 25.17912979, "ADM_CD": 1159010100.0, "F_ZONE_NM": "서울 동작구 만양로 84지하 1층", "TYPE": "상가-시설" }, "geometry": { "type": "Polygon", "coordinates": [ [ [ 126.945683421241995, 37.510464668734578 ], [ 126.945655244560413, 37.510452654133189 ], [ 126.945476188661488, 37.510498357993484 ], [ 126.945102283434537, 37.510594235312261 ], [ 126.944831537116087, 37.510664212279025 ], [ 126.944798584267289, 37.510671386417748 ], [ 126.944793946679525, 37.510686719159715 ], [ 126.944765150657048, 37.510701049201089 ], [ 126.944562429965416, 37.511136583662278 ], [ 126.944589881751867, 37.511150048778617 ], [ 126.944714715671296, 37.511210583783722 ], [ 126.944752388510693, 37.511229000249543 ], [ 126.94481025295913, 37.511259418666604 ], [ 126.94486602687202, 37.511287358311165 ], [ 126.944928256340177, 37.511319040159023 ], [ 126.945008360126465, 37.511361019910218 ], [ 126.945087606025893, 37.511400836804505 ], [ 126.945185212330912, 37.511451411295013 ], [ 126.945247985709415, 37.511482120156415 ], [ 126.945267432840112, 37.511401147819107 ], [ 126.945311360077852, 37.511284588740246 ], [ 126.94535205307352, 37.511182173756573 ], [ 126.945376547377691, 37.511127584986674 ], [ 126.94539562011397, 37.511093157946853 ], [ 126.945441814955458, 37.511014099383338 ], [ 126.945543185798513, 37.510839615339798 ], [ 126.945624867119903, 37.510707297558824 ], [ 126.945716593582134, 37.510557451061842 ], [ 126.945713141127158, 37.510545970729012 ], [ 126.945683421241995, 37.510464668734578 ] ] ] } },
{ "type": "Feature", "properties": { "F_YR": 2023, "F_SHIM": 0.2, "F_AREA": 218, "F_AVR_HGT": 30.77036781, "ADM_CD": 1150010300.0, "F_ZONE_NM": "서울 강서구까치산로18다길 5-4 지하층101호", "TYPE": "단독주택" }, "geometry": { "type": "Polygon", "coordinates": [ [ [ 126.851053019805732, 37.546977142498797 ], [ 126.85095177501573, 37.546887599136177 ], [ 126.850937541827165, 37.546897726143072 ], [ 126.850903227239954, 37.546905665159812 ], [ 126.850818178311542, 37.546972284026133 ], [ 126.850846034941782, 37.546996385033445 ], [ 126.850931423652497, 37.54707025805854 ], [ 126.851053019805732, 37.546977142498797 ] ] ] } },
{ "type": "Feature", "properties": { "F_YR": 2023, "F_SHIM": 0.2, "F_AREA": 125, "F_AVR_HGT": 23.72674484, "ADM_CD": 1162010200.0, "F_ZONE_NM": "서울특별시 관악구 남부순환로187길 20 (신림동, 준하우스)", "TYPE": "미분류" }, "geometry": { "type": "Polygon", "coordinates": [ [ [ 126.93351063015453, 37.48576139557742 ], [ 126.933649432464847, 37.485760295073149 ], [ 126.933647050927021, 37.485668175386053 ], [ 126.933511472062762, 37.485668322682088 ], [ 126.93351063015453, 37.48576139557742 ] ] ] } },
{ "type": "Feature", "properties": { "F_YR": 2023, "F_SHIM": 0.2, "F_AREA": 123, "F_AVR_HGT": 22.92598839, "ADM_CD": 1162010200.0, "F_ZONE_NM": "서울 관악구 신림로66길 12 지하1층 (신림동)", "TYPE": "미분류" }, "geometry": { "type": "Polygon", "coordinates": [ [ [ 126.930340735009693, 37.485379171131285 ], [ 126.930464293789314, 37.485403518457737 ], [ 126.930453703698717, 37.485279642497105 ], [ 126.930365499877922, 37.485268407996102 ], [ 126.930340735009693, 37.485379171131285 ] ] ] } },
{ "type": "Feature", "properties": { "F_YR": 2023, "F_SHIM": 0.2, "F_AREA": 231, "F_AVR_HGT": 111.84372253, "ADM_CD": 1162010100.0, "F_ZONE_NM": "서울 관악구 인헌길 161-12, 제비 01호", "TYPE": "공동-연립" }, "geometry": { "type": "Polygon", "coordinates": [ [ [ 126.969588111689035, 37.468959806655519 ], [ 126.969679227362448, 37.468817364563975 ], [ 126.969609221986374, 37.46878757652788 ], [ 126.96954825709804, 37.468764593472613 ], [ 126.969457446849518, 37.468906107513661 ], [ 126.969588111689035, 37.468959806655519 ] ] ] } },
{ "type": "Feature", "properties": { "F_YR": 2023, "F_SHIM": 0.2, "F_AREA": 252, "F_AVR_HGT": 50.4970047, "ADM_CD": 1162010200.0, "F_ZONE_NM": "서울 관악구 대학동 1536-1번지 1층", "TYPE": "미분류" }, "geometry": { "type": "Polygon", "coordinates": [ [ [ 126.936272626732276, 37.469385601107575 ], [ 126.936239283359185, 37.469237782111747 ], [ 126.936070944014403, 37.469259943787975 ], [ 126.936103812577556, 37.469407429196558 ], [ 126.936272626732276, 37.469385601107575 ] ] ] } },
{ "type": "Feature", "properties": { "F_YR": 2023, "F_SHIM": 0.1, "F_AREA": 78, "F_AVR_HGT": 57.89781342, "ADM_CD": 1129011100.0, "F_ZONE_NM": "성북구 삼선동1가 282-5", "TYPE": "주택" }, "geometry": { "type": "Polygon", "coordinates": [ [ [ 127.008641457919992, 37.584171129699932 ], [ 127.008559219537801, 37.584188640787339 ], [ 127.008555494936445, 37.584190794365504 ], [ 127.008558943586308, 37.584263918168226 ], [ 127.008660396575991, 37.584264903159031 ], [ 127.008641457919992, 37.584171129699932 ] ] ] } },
{ "type": "Feature", "properties": { "F_YR": 2023, "F_SHIM": 0.1, "F_AREA": 140, "F_AVR_HGT": 99.13814697, "ADM_CD": 1129011100.0, "F_ZONE_NM": "성북구 삼선동1가 301-5", "TYPE": "주택" }, "geometry": { "type": "Polygon", "coordinates": [ [ [ 127.00863878980887, 37.581357530670871 ], [ 127.008714815993557, 37.581404990016829 ], [ 127.008767136255571, 37.581341115900976 ], [ 127.008814928069427, 37.581278287185249 ], [ 127.008796010079678, 37.581274747476861 ], [ 127.008790203327777, 37.581285019078067 ], [ 127.008716070883978, 37.581269094183568 ], [ 127.008663992775482, 37.581260565007042 ], [ 127.008654565718018, 37.581296821264459 ], [ 127.00863878980887, 37.581357530670871 ] ] ] } },
{ "type": "Feature", "properties": { "F_YR": 2023, "F_SHIM": 0.3, "F_AREA": 185, "F_AVR_HGT": 44.32968979, "ADM_CD": 1035010600.0, "F_ZONE_NM": "노원구 중계동 90-18", "TYPE": "주택" }, "geometry": { "type": "Polygon", "coordinates": [ [ [ 127.083273027183992, 37.650211568188929 ], [ 127.083277379216966, 37.65024321644038 ], [ 127.083458530819783, 37.650247307333061 ], [ 127.083437487488155, 37.650195236555774 ], [ 127.083469707915512, 37.650086051993952 ], [ 127.083356652055457, 37.650106132123945 ], [ 127.083356824384524, 37.650097951147231 ], [ 127.083348705814331, 37.650093253686485 ], [ 127.083330809919801, 37.650193535655404 ], [ 127.083328611093549, 37.6502137460593 ], [ 127.083273027183992, 37.650211568188929 ] ] ] } },
{ "type": "Feature", "properties": { "F_YR": 2023, "F_SHIM": 0.1, "F_AREA": 1217, "F_AVR_HGT": 46.64099655, "ADM_CD": 1165010900.0, "F_ZONE_NM": "서초구 내곡동 334", "TYPE": "주택" }, "geometry": { "type": "Polygon", "coordinates": [ [ [ 127.060964136769854, 37.458561434738755 ], [ 127.061009967365379, 37.458616544173239 ], [ 127.061061178423557, 37.458558034147039 ], [ 127.060964331907215, 37.458479542293965 ], [ 127.060934100628486, 37.458455032139916 ], [ 127.060877574077239, 37.458395053609991 ], [ 127.060805439631622, 37.458336209139752 ], [ 127.060746209149414, 37.458272672932189 ], [ 127.060727509316933, 37.458222865732303 ], [ 127.060682659581843, 37.458164061572596 ], [ 127.060622510309543, 37.458139133828993 ], [ 127.060524629942847, 37.458110143346516 ], [ 127.060356798145435, 37.458052301406973 ], [ 127.060305092139728, 37.458027459397876 ], [ 127.060295097138905, 37.458022923303588 ], [ 127.06023644121143, 37.457970577034672 ], [ 127.060186803077372, 37.457843704125828 ], [ 127.060156364438171, 37.45781352655063 ], [ 127.06012098013808, 37.457804002457735 ], [ 127.060088755977901, 37.457803108417323 ], [ 127.060110081946931, 37.457931094634624 ], [ 127.060125903099234, 37.458000446163233 ], [ 127.060129021950033, 37.458014094843861 ], [ 127.060138866473949, 37.458057545437185 ], [ 127.0602398016092, 37.45813411680043 ], [ 127.060257579638488, 37.458147415810608 ], [ 127.060329467489851, 37.458180807346643 ], [ 127.060470877171525, 37.458228129757678 ], [ 127.060603915907265, 37.458295017004424 ], [ 127.060721745025759, 37.458337593594642 ], [ 127.060748930098711, 37.458354888279899 ], [ 127.060791245656048, 37.45838180711506 ], [ 127.060846427082438, 37.458427433351453 ], [ 127.060888754988397, 37.458469876461891 ], [ 127.06092275235946, 37.458511620960657 ], [ 127.060964136769854, 37.458561434738755 ] ] ] } },
{ "type": "Feature", "properties": { "F_YR": 2023, "F_SHIM": 0.1, "F_AREA": 140, "F_AVR_HGT": 38.85191116, "ADM_CD": 1129011500.0, "F_ZONE_NM": "성북구 삼선동5가 151-5", "TYPE": "주택" }, "geometry": { "type": "Polygon", "coordinates": [ [ [ 127.016411700801328, 37.587058595580423 ], [ 127.016316974105678, 37.586967986383598 ], [ 127.016263688484386, 37.587003969397436 ], [ 127.016223670666449, 37.587032031073633 ], [ 127.016322687993167, 37.587120675658262 ], [ 127.016411700801328, 37.587058595580423 ] ] ] } },
{ "type": "Feature", "properties": { "F_YR": 2023, "F_SHIM": 0.1, "F_AREA": 1202, "F_AVR_HGT": 56.47813187, "ADM_CD": 1165010100.0, "F_ZONE_NM": "서초구 방배동 621-2", "TYPE": "상가" }, "geometry": { "type": "Polygon", "coordinates": [ [ [ 126.994843847022651, 37.472796096202813 ], [ 126.995022240798775, 37.472613445811184 ], [ 126.995063161831496, 37.472638315734478 ], [ 126.995139840352707, 37.472523784398525 ], [ 126.995160660917165, 37.472422701994681 ], [ 126.995070463319891, 37.472391026854311 ], [ 126.995037750813935, 37.472352507187232 ], [ 126.994976527108207, 37.472322995966721 ], [ 126.994847106335328, 37.472374481056292 ], [ 126.994758188684528, 37.472442564801817 ], [ 126.994760554581319, 37.472532512065243 ], [ 126.994739658470394, 37.472712792552343 ], [ 126.994754623348214, 37.472741904814754 ], [ 126.994843847022651, 37.472796096202813 ] ] ] } },
{ "type": "Feature", "properties": { "F_YR": 2023, "F_SHIM": 0.1, "F_AREA": 793, "F_AVR_HGT": 56.47813187, "ADM_CD": 1165010100.0, "F_ZONE_NM": "서초구 방배동 620", "TYPE": "주택" }, "geometry": { "type": "Polygon", "coordinates": [ [ [ 126.995070463319891, 37.472391026854311 ], [ 126.995160660917165, 37.472422701994681 ], [ 126.995168389326878, 37.472336485432649 ], [ 126.99531798515477, 37.472190918314766 ], [ 126.995148904463633, 37.472150814691283 ], [ 126.995021813734525, 37.472192307975611 ], [ 126.994919928418796, 37.472149477658697 ], [ 126.994787415247075, 37.47214714560053 ], [ 126.994765525283924, 37.47219292431641 ], [ 126.994757653596253, 37.472233252762095 ], [ 126.994784894775862, 37.472267978973321 ], [ 126.994904677600786, 37.472287086998961 ], [ 126.994976527108207, 37.472322995966721 ], [ 126.995037750813935, 37.472352507187232 ], [ 126.995070463319891, 37.472391026854311 ] ] ] } },
{ "type": "Feature", "properties": { "F_YR": 2023, "F_SHIM": 0.3, "F_AREA": 57, "F_AVR_HGT": 52.39984207, "ADM_CD": 1135010500.0, "F_ZONE_NM": "노원구 상계동 77-56", "TYPE": "상가" }, "geometry": { "type": "Polygon", "coordinates": [ [ [ 127.081348024492911, 37.66945434781767 ], [ 127.081387474827238, 37.669396640854565 ], [ 127.081377126526647, 37.669375592133257 ], [ 127.081323170173135, 37.669445913512796 ], [ 127.081252961243948, 37.669400858306588 ], [ 127.081233518481525, 37.669418260216084 ], [ 127.081297567561634, 37.669490222638331 ], [ 127.081348024492911, 37.66945434781767 ] ] ] } },
{ "type": "Feature", "properties": { "F_YR": 2023, "F_SHIM": 0.1, "F_AREA": 101, "F_AVR_HGT": 34.05428467, "ADM_CD": 1129013700.0, "F_ZONE_NM": "성북구 상월곡동 24-164", "TYPE": "주택" }, "geometry": { "type": "Polygon", "coordinates": [ [ [ 127.050763952817334, 37.60595906738375 ], [ 127.050842979069699, 37.606012291454135 ], [ 127.050916373522483, 37.605940434443625 ], [ 127.050884020972774, 37.605910174970859 ], [ 127.050842562940176, 37.605879450783718 ], [ 127.050763952817334, 37.60595906738375 ] ] ] } },
{ "type": "Feature", "properties": { "F_YR": 2023, "F_SHIM": 0.1, "F_AREA": 187, "F_AVR_HGT": 128.57688293000001, "ADM_CD": 1129013300.0, "F_ZONE_NM": "성북구 정릉동 772-24", "TYPE": "주택" }, "geometry": { "type": "Polygon", "coordinates": [ [ [ 127.005919637784956, 37.617303633898423 ], [ 127.005923423115021, 37.617149566051836 ], [ 127.005800869553497, 37.617151732914436 ], [ 127.005800180730262, 37.617188348796788 ], [ 127.005801501777867, 37.617313278736852 ], [ 127.005919637784956, 37.617303633898423 ] ] ] } },
{ "type": "Feature", "properties": { "F_YR": 2023, "F_SHIM": 0.1, "F_AREA": 121, "F_AVR_HGT": 52.43148575, "ADM_CD": 1129013800.0, "F_ZONE_NM": "성북구 장위동 233-462", "TYPE": "주택" }, "geometry": { "type": "Polygon", "coordinates": [ [ [ 127.047344599079779, 37.612353658991175 ], [ 127.047435452674065, 37.612386509501299 ], [ 127.04748179183089, 37.612247470030027 ], [ 127.047413120413168, 37.612224440638585 ], [ 127.047344599079779, 37.612353658991175 ] ] ] } },
{ "type": "Feature", "properties": { "F_YR": 2023, "F_SHIM": 0.1, "F_AREA": 167, "F_AVR_HGT": 48.27374802, "ADM_CD": 1129013800.0, "F_ZONE_NM": "성북구 장위동 246-297", "TYPE": "주택" }, "geometry": { "type": "Polygon", "coordinates": [ [ [ 127.047741454222887, 37.611250756931213 ], [ 127.047794201024814, 37.611164278067861 ], [ 127.047803302492426, 37.611120657979448 ], [ 127.047796155629982, 37.611083513310128 ], [ 127.047768177880371, 37.611041520513915 ], [ 127.047653980468539, 37.611095281732602 ], [ 127.047682165789439, 37.611143347090334 ], [ 127.047741454222887, 37.611250756931213 ] ] ] } },
{ "type": "Feature", "properties": { "F_YR": 2023, "F_SHIM": 0.1, "F_AREA": 117, "F_AVR_HGT": 21.33613548, "ADM_CD": 1129013800.0, "F_ZONE_NM": "성북구 장위동 305-41", "TYPE": "주택" }, "geometry": { "type": "Polygon", "coordinates": [ [ [ 127.049391212182712, 37.621323235919718 ], [ 127.049501615471328, 37.621300738660295 ], [ 127.049400133340157, 37.621227602278942 ], [ 127.049303459810446, 37.621251823766869 ], [ 127.049340517448329, 37.621332455479397 ], [ 127.049352115856863, 37.621331414651848 ], [ 127.049391212182712, 37.621323235919718 ] ] ] } },
{ "type": "Feature", "properties": { "F_YR": 2023, "F_SHIM": 0.3, "F_AREA": 510, "F_AVR_HGT": 30.85287361, "ADM_CD": 1135010300.0, "F_ZONE_NM": "노원구 공릉동 240-143", "TYPE": "주택" }, "geometry": { "type": "Polygon", "coordinates": [ [ [ 127.082224796509465, 37.621675192517039 ], [ 127.082257296735023, 37.62161445325458 ], [ 127.082303300415717, 37.62152362102205 ], [ 127.082313587671919, 37.621504639343563 ], [ 127.082214485172528, 37.621493769255352 ], [ 127.082205335724794, 37.621527958687373 ], [ 127.081975679368625, 37.621499797686724 ], [ 127.081929225886071, 37.62152041673815 ], [ 127.081904372350621, 37.621634704945258 ], [ 127.082224796509465, 37.621675192517039 ] ] ] } },
{ "type": "Feature", "properties": { "F_YR": 2023, "F_SHIM": 0.3, "F_AREA": 119, "F_AVR_HGT": 30.85287361, "ADM_CD": 1135010300.0, "F_ZONE_NM": "노원구 공릉동 240-167", "TYPE": "주택" }, "geometry": { "type": "Polygon", "coordinates": [ [ [ 127.081800132366908, 37.621439056048544 ], [ 127.081854830291292, 37.621437847551974 ], [ 127.081877263004742, 37.621421245239283 ], [ 127.081897412687425, 37.621325187060961 ], [ 127.081768536572611, 37.621329824717428 ], [ 127.081776486403967, 37.621422917562903 ], [ 127.081800132366908, 37.621439056048544 ] ] ] } },
{ "type": "Feature", "properties": { "F_YR": 2023, "F_SHIM": 0.3, "F_AREA": 130, "F_AVR_HGT": 30.85287361, "ADM_CD": 1135010300.0, "F_ZONE_NM": "노원구 공릉동 240-168", "TYPE": "주택" }, "geometry": { "type": "Polygon", "coordinates": [ [ [ 127.081768536572611, 37.621329824717428 ], [ 127.081897412687425, 37.621325187060961 ], [ 127.081916692122917, 37.621230985489106 ], [ 127.081760825242469, 37.621237299325074 ], [ 127.081768536572611, 37.621329824717428 ] ] ] } },
{ "type": "Feature", "properties": { "F_YR": 2023, "F_SHIM": 0.3, "F_AREA": 267, "F_AVR_HGT": 30.85287361, "ADM_CD": 1135010300.0, "F_ZONE_NM": "노원구 공릉동 240-212", "TYPE": "주택" }, "geometry": { "type": "Polygon", "coordinates": [ [ [ 127.082214485172528, 37.621493769255352 ], [ 127.082313587671919, 37.621504639343563 ], [ 127.082369868091931, 37.621395726390809 ], [ 127.082402998917516, 37.621331770155173 ], [ 127.082314351308398, 37.621320577641299 ], [ 127.082304526135502, 37.621358317405402 ], [ 127.082198590727373, 37.621344866168499 ], [ 127.082169099144622, 37.62148535809996 ], [ 127.082215274583177, 37.621490534197832 ], [ 127.082214485172528, 37.621493769255352 ] ] ] } },
{ "type": "Feature", "properties": { "F_YR": 2023, "F_SHIM": 0.3, "F_AREA": 194, "F_AVR_HGT": 29.1161068, "ADM_CD": 1135010500.0, "F_ZONE_NM": "노원구 상계동 370-13", "TYPE": "주택" }, "geometry": { "type": "Polygon", "coordinates": [ [ [ 127.066377635333538, 37.657857350918228 ], [ 127.066399619833362, 37.657921244940063 ], [ 127.066509549528519, 37.657819239185578 ], [ 127.066569484344953, 37.657762507836971 ], [ 127.066478060687118, 37.657707787979888 ], [ 127.066364035848267, 37.657818066902493 ], [ 127.066377635333538, 37.657857350918228 ] ] ] } },
{ "type": "Feature", "properties": { "F_YR": 2023, "F_SHIM": 0.3, "F_AREA": 240, "F_AVR_HGT": 29.1161068, "ADM_CD": 1135010500.0, "F_ZONE_NM": "노원구 상계동 370-16", "TYPE": "주택" }, "geometry": { "type": "Polygon", "coordinates": [ [ [ 127.066611081799536, 37.657964402253988 ], [ 127.066669487220437, 37.657947143385407 ], [ 127.066743115184323, 37.657919956345459 ], [ 127.066675375551313, 37.657825022071073 ], [ 127.066569484344953, 37.657762507836971 ], [ 127.066509549528519, 37.657819239185578 ], [ 127.066611081799536, 37.657964402253988 ] ] ] } },
{ "type": "Feature", "properties": { "F_YR": 2023, "F_SHIM": 0.3, "F_AREA": 167, "F_AVR_HGT": 28.41992264, "ADM_CD": 1135010500.0, "F_ZONE_NM": "노원구 상계동 370-19", "TYPE": "주택" }, "geometry": { "type": "Polygon", "coordinates": [ [ [ 127.066851771144826, 37.657684048166637 ], [ 127.06695565622681, 37.657655763063914 ], [ 127.066900085819825, 37.657571372573969 ], [ 127.066846588645234, 37.65755076989597 ], [ 127.066723259227118, 37.657607851783141 ], [ 127.066796744392505, 37.65765096781837 ], [ 127.066851771144826, 37.657684048166637 ] ] ] } },
{ "type": "Feature", "properties": { "F_YR": 2023, "F_SHIM": 0.2, "F_AREA": 239, "F_AVR_HGT": 15.3932373, "ADM_CD": 1147010200.0, "F_ZONE_NM": "서울 양천구 목동중앙본로30가길 32B01호 (목동) 3통 7반(목동, 삼성빌라)", "TYPE": "공동주택" }, "geometry": { "type": "Polygon", "coordinates": [ [ [ 126.871801925663519, 37.545568893102576 ], [ 126.871984991592484, 37.545516656364399 ], [ 126.871976425947921, 37.545496825163568 ], [ 126.871952757603623, 37.54544210903579 ], [ 126.871934273459956, 37.54539956197214 ], [ 126.871749627019753, 37.545449814715617 ], [ 126.871788625414297, 37.545538695289636 ], [ 126.871801925663519, 37.545568893102576 ] ] ] } },
{ "type": "Feature", "properties": { "F_YR": 2023, "F_SHIM": 0.1, "F_AREA": 176, "F_AVR_HGT": 22.52245674, "ADM_CD": 1165010200.0, "F_ZONE_NM": "서초구 양재동 346-3", "TYPE": "주택" }, "geometry": { "type": "Polygon", "coordinates": [ [ [ 127.043420884964434, 37.468316832897067 ], [ 127.043523475818617, 37.468226876315534 ], [ 127.043414686422096, 37.468147806821193 ], [ 127.043311982554769, 37.4682378534498 ], [ 127.043420884964434, 37.468316832897067 ] ] ] } },
{ "type": "Feature", "properties": { "F_YR": 2023, "F_SHIM": 0.1, "F_AREA": 716, "F_AVR_HGT": 64.33986816, "ADM_CD": 1129011100.0, "F_ZONE_NM": "성북구 삼선동1가 278-25", "TYPE": "주택" }, "geometry": { "type": "Polygon", "coordinates": [ [ [ 127.00736140625348, 37.584477336942143 ], [ 127.007364293055929, 37.584474588792645 ], [ 127.007400602982514, 37.584492886010239 ], [ 127.007476022779315, 37.584430615101788 ], [ 127.007478728321971, 37.584426515479947 ], [ 127.007490667866193, 37.58436674347967 ], [ 127.007491346892024, 37.584363346728871 ], [ 127.007521282066946, 37.584232459003601 ], [ 127.007468547216845, 37.584247039623435 ], [ 127.007467380653893, 37.584241534658929 ], [ 127.007473287513619, 37.584203665927532 ], [ 127.007380808099441, 37.584144674004278 ], [ 127.007258866049497, 37.584180557251521 ], [ 127.007248903295419, 37.584183774254861 ], [ 127.007226122802138, 37.584313093851215 ], [ 127.007224991162929, 37.584319932388127 ], [ 127.007216764604252, 37.584375748855223 ], [ 127.007224339964452, 37.584391416632201 ], [ 127.007228291450502, 37.584394551871696 ], [ 127.007276014401072, 37.58442448931163 ], [ 127.00736140625348, 37.584477336942143 ] ] ] } },
{ "type": "Feature", "properties": { "F_YR": 2023, "F_SHIM": 0.2, "F_AREA": 232, "F_AVR_HGT": 27.83924217, "ADM_CD": 1165010600.0, "F_ZONE_NM": "서울 서초구 강남대로97길 8 1,2층 ,지하1층 (잠원동)", "TYPE": "상가-시설" }, "geometry": { "type": "Polygon", "coordinates": [ [ [ 127.019285701999266, 37.51490587238392 ], [ 127.019337566438324, 37.514728025886235 ], [ 127.019210763484352, 37.51470425864067 ], [ 127.01915989387382, 37.514880978689256 ], [ 127.019285701999266, 37.51490587238392 ] ] ] } },
{ "type": "Feature", "properties": { "F_YR": 2023, "F_SHIM": 0.2, "F_AREA": 97, "F_AVR_HGT": 30.49404068, "ADM_CD": 1174010600.0, "F_ZONE_NM": "서울 강동구 동남로49길  52 단독주택 (둔촌동)", "TYPE": "단독주택" }, "geometry": { "type": "Polygon", "coordinates": [ [ [ 127.146996339693047, 37.532581197222861 ], [ 127.147036533887587, 37.532573489265012 ], [ 127.147089687746828, 37.532562737983923 ], [ 127.147062580632308, 37.532464112653926 ], [ 127.146965048449076, 37.532483523067214 ], [ 127.146996339693047, 37.532581197222861 ] ] ] } },
{ "type": "Feature", "properties": { "F_YR": 2023, "F_SHIM": 0.2, "F_AREA": 155, "F_AVR_HGT": 27.37995071, "ADM_CD": 1174010600.0, "F_ZONE_NM": "서울 강동구 천호대로188길 46-4, 지하 2호", "TYPE": "단독주택" }, "geometry": { "type": "Polygon", "coordinates": [ [ [ 127.142735447213454, 37.532131727703216 ], [ 127.142874109704124, 37.532114614142884 ], [ 127.142874788372055, 37.532114532241238 ], [ 127.142852662339052, 37.532020495035965 ], [ 127.142848442791163, 37.532002750520071 ], [ 127.142709731202146, 37.532023720359852 ], [ 127.142730155894597, 37.532109578608406 ], [ 127.142735447213454, 37.532131727703216 ] ] ] } },
{ "type": "Feature", "properties": { "F_YR": 2023, "F_SHIM": 0.1, "F_AREA": 169, "F_AVR_HGT": 20.69102058, "ADM_CD": 1174010700.0, "F_ZONE_NM": "강동구 암사동 470-29", "TYPE": "상가" }, "geometry": { "type": "Polygon", "coordinates": [ [ [ 127.132155636266248, 37.552426398158573 ], [ 127.132132615572587, 37.552334252333836 ], [ 127.1320886570971, 37.552305919759462 ], [ 127.131990429227287, 37.552306848234707 ], [ 127.1319948247464, 37.552426350709659 ], [ 127.132155636266248, 37.552426398158573 ] ] ] } },
{ "type": "Feature", "properties": { "F_YR": 2023, "F_SHIM": 0.1, "F_AREA": 134, "F_AVR_HGT": 69.62238464000001, "ADM_CD": 1129011100.0, "F_ZONE_NM": "성북구 삼선동1가 291-15", "TYPE": "주택" }, "geometry": { "type": "Polygon", "coordinates": [ [ [ 127.008364220274743, 37.582623180180995 ], [ 127.008436373889737, 37.58265143990775 ], [ 127.008494511587045, 37.582557031167525 ], [ 127.008537752725857, 37.582488832968806 ], [ 127.008530732190764, 37.582474895131362 ], [ 127.008450792577278, 37.58247835963877 ], [ 127.008448721543957, 37.58248667586188 ], [ 127.008432456881863, 37.582530978300746 ], [ 127.008428110142717, 37.582538078325456 ], [ 127.008379377355325, 37.582599041884635 ], [ 127.008364220274743, 37.582623180180995 ] ] ] } },
{ "type": "Feature", "properties": { "F_YR": 2023, "F_SHIM": 0.1, "F_AREA": 187, "F_AVR_HGT": 27.29691849, "ADM_CD": 1165010700.0, "F_ZONE_NM": "서초구 반포동 711-8", "TYPE": "주택" }, "geometry": { "type": "Polygon", "coordinates": [ [ [ 127.018270574174693, 37.508579598553595 ], [ 127.018394309153805, 37.508487030482755 ], [ 127.018321887721427, 37.508425250401991 ], [ 127.018265336695393, 37.508423816837393 ], [ 127.018171466889399, 37.50849436919971 ], [ 127.018270574174693, 37.508579598553595 ] ] ] } },
{ "type": "Feature", "properties": { "F_YR": 2023, "F_SHIM": 0.2, "F_AREA": 271, "F_AVR_HGT": 18.08844109, "ADM_CD": 1168010600.0, "F_ZONE_NM": "서울 강남구 대치동 935지하1층", "TYPE": "상가-시설" }, "geometry": { "type": "Polygon", "coordinates": [ [ [ 127.054120669149867, 37.498161013886701 ], [ 127.054315108632224, 37.498224627776366 ], [ 127.054375296902833, 37.498101794704638 ], [ 127.054182554353261, 37.498038720755559 ], [ 127.054120669149867, 37.498161013886701 ] ] ] } },
{ "type": "Feature", "properties": { "F_YR": 2023, "F_SHIM": 0.2, "F_AREA": 137, "F_AVR_HGT": 20.82504387, "ADM_CD": 1154510200.0, "F_ZONE_NM": "서울 금천구 시흥대로92길 8 101호", "TYPE": "상가-시설" }, "geometry": { "type": "Polygon", "coordinates": [ [ [ 126.898833734857703, 37.461579149675458 ], [ 126.898846620494851, 37.461603857396973 ], [ 126.898944010106959, 37.461635296909911 ], [ 126.898995328722449, 37.461534032519417 ], [ 126.898879437332283, 37.461493422778503 ], [ 126.898833734857703, 37.461579149675458 ] ] ] } },
{ "type": "Feature", "properties": { "F_YR": 2023, "F_SHIM": 0.2, "F_AREA": 212, "F_AVR_HGT": 17.23631783, "ADM_CD": 1154510300.0, "F_ZONE_NM": "서울특별시 금천구 시흥대로62길 13 (시흥동) 피앙새 노래연습장 지하", "TYPE": "미분류" }, "geometry": { "type": "Polygon", "coordinates": [ [ [ 126.901490336093374, 37.455413996375626 ], [ 126.901457259008751, 37.455368341472798 ], [ 126.901399250088218, 37.455288292093833 ], [ 126.901341740934697, 37.45527427778385 ], [ 126.901330206287454, 37.45527913343529 ], [ 126.901291757452597, 37.455295318931839 ], [ 126.90126329184821, 37.455368186113681 ], [ 126.901261363871981, 37.455373140007069 ], [ 126.901333449231799, 37.455389869727838 ], [ 126.901419831303414, 37.455449409261519 ], [ 126.901490336093374, 37.455413996375626 ] ] ] } },
{ "type": "Feature", "properties": { "F_YR": 2023, "F_SHIM": 0.3, "F_AREA": 164, "F_AVR_HGT": 37.81414108, "ADM_CD": 1135010500.0, "F_ZONE_NM": "노원구 상계동 143-11", "TYPE": "주택" }, "geometry": { "type": "Polygon", "coordinates": [ [ [ 127.070512864563611, 37.664867437217453 ], [ 127.070425745780597, 37.664798617741205 ], [ 127.070392752817838, 37.664773860243514 ], [ 127.070305866173911, 37.664845835634331 ], [ 127.070424809417304, 37.664938197064252 ], [ 127.070512864563611, 37.664867437217453 ] ] ] } },
{ "type": "Feature", "properties": { "F_YR": 2023, "F_SHIM": 0.3, "F_AREA": 157, "F_AVR_HGT": 35.51059418, "ADM_CD": 1135010500.0, "F_ZONE_NM": "노원구 상계동 169-68", "TYPE": "주택" }, "geometry": { "type": "Polygon", "coordinates": [ [ [ 127.070803628603642, 37.662300609686831 ], [ 127.07085590156592, 37.662340528146331 ], [ 127.070973593316566, 37.662236639721264 ], [ 127.070889317054707, 37.662174819447252 ], [ 127.070771407981994, 37.662276590628871 ], [ 127.070803628603642, 37.662300609686831 ] ] ] } },
{ "type": "Feature", "properties": { "F_YR": 2023, "F_SHIM": 0.2, "F_AREA": 195, "F_AVR_HGT": 28.16754456, "ADM_CD": 1147010100.0, "F_ZONE_NM": "서울 양천구 중앙로45길 31B02(신정동, 동화빌라)", "TYPE": "공동주택" }, "geometry": { "type": "Polygon", "coordinates": [ [ [ 126.849539268036239, 37.521682611301273 ], [ 126.849559859532718, 37.521680925904384 ], [ 126.849554983601564, 37.521575142868762 ], [ 126.849552710388579, 37.521524684247503 ], [ 126.849421929968798, 37.5215308228805 ], [ 126.849430380227759, 37.521658955189814 ], [ 126.849472967969149, 37.521688022042881 ], [ 126.849539268036239, 37.521682611301273 ] ] ] } },
{ "type": "Feature", "properties": { "F_YR": 2023, "F_SHIM": 0.2, "F_AREA": 899, "F_AVR_HGT": 32.00937958, "ADM_CD": 1129010600.0, "F_ZONE_NM": "서울 성북구 동소문로  50, 63-1삼성빌딩지하1층(동소문동3가)", "TYPE": "미분류" }, "geometry": { "type": "Polygon", "coordinates": [ [ [ 127.01156104502958, 37.590562417254212 ], [ 127.011557545915068, 37.59055911093747 ], [ 127.011554352521998, 37.590555894693139 ], [ 127.01145454338905, 37.590464759509132 ], [ 127.011454554710397, 37.590464750498356 ], [ 127.011417513581463, 37.59042631759629 ], [ 127.011329423289382, 37.590332811731059 ], [ 127.011305393520118, 37.590307036548417 ], [ 127.011283164360421, 37.590283657831648 ], [ 127.011085084038015, 37.590516038044633 ], [ 127.011087586529413, 37.590517659614527 ], [ 127.011142572482029, 37.590545955078547 ], [ 127.011311165374877, 37.590632679023656 ], [ 127.011346279088755, 37.590651146294604 ], [ 127.011354862139768, 37.590655263080372 ], [ 127.011362414822173, 37.590659262823451 ], [ 127.01142799971295, 37.590693575848114 ], [ 127.011460999494687, 37.590651974604441 ], [ 127.011461916275422, 37.590649361671232 ], [ 127.011463920118786, 37.590647469434337 ], [ 127.011464633248949, 37.590646027798549 ], [ 127.011467033252629, 37.590643162464566 ], [ 127.011468357721128, 37.590641117117421 ], [ 127.011486878431043, 37.59061850984574 ], [ 127.011491984455361, 37.59061511270167 ], [ 127.01156104502958, 37.590562417254212 ] ] ] } },
{ "type": "Feature", "properties": { "F_YR": 2023, "F_SHIM": 0.2, "F_AREA": 40, "F_AVR_HGT": 34.55647964, "ADM_CD": 1129010800.0, "F_ZONE_NM": "서울 성북구 보문로 40길 29,2층", "TYPE": "소상공인-전통시장" }, "geometry": { "type": "Polygon", "coordinates": [ [ [ 127.015140043633778, 37.592148115985175 ], [ 127.015164490007294, 37.592150590869437 ], [ 127.015170181117881, 37.592127281740105 ], [ 127.015173191155981, 37.592117289472839 ], [ 127.015168684537741, 37.592116488117739 ], [ 127.015057198189638, 37.592104770136963 ], [ 127.015048678476788, 37.592139846443928 ], [ 127.015140043633778, 37.592148115985175 ] ] ] } },
{ "type": "Feature", "properties": { "F_YR": 2023, "F_SHIM": 0.3, "F_AREA": 142, "F_AVR_HGT": 20.92837982, "ADM_CD": 1135010200.0, "F_ZONE_NM": "노원구 월계동 272-56", "TYPE": "주택" }, "geometry": { "type": "Polygon", "coordinates": [ [ [ 127.058102422624231, 37.632741381369691 ], [ 127.058209888769625, 37.632681324637431 ], [ 127.058132330566991, 37.632591381173874 ], [ 127.058022237355559, 37.632652997786728 ], [ 127.058102422624231, 37.632741381369691 ] ] ] } },
{ "type": "Feature", "properties": { "F_YR": 2023, "F_SHIM": 0.3, "F_AREA": 132, "F_AVR_HGT": 20.92837982, "ADM_CD": 1135010200.0, "F_ZONE_NM": "노원구 월계동 272-74", "TYPE": "주택" }, "geometry": { "type": "Polygon", "coordinates": [ [ [ 127.058550901412218, 37.633052093048725 ], [ 127.058640158514322, 37.633002342908007 ], [ 127.058636278753369, 37.632891866837525 ], [ 127.05856661280886, 37.632931002992848 ], [ 127.058485668625309, 37.632977352377793 ], [ 127.058550901412218, 37.633052093048725 ] ] ] } },
{ "type": "Feature", "properties": { "F_YR": 2023, "F_SHIM": 0.3, "F_AREA": 159, "F_AVR_HGT": 23.87280159, "ADM_CD": 1135010200.0, "F_ZONE_NM": "노원구 월계동 383-6", "TYPE": "주택" }, "geometry": { "type": "Polygon", "coordinates": [ [ [ 127.05979918939606, 37.623362589877722 ], [ 127.059895131085653, 37.62343184581411 ], [ 127.059921342158788, 37.623416272926406 ], [ 127.05996573021902, 37.623381509174386 ], [ 127.060015154477327, 37.623355446372969 ], [ 127.059962080283142, 37.623277060406771 ], [ 127.059931508865077, 37.623293518422344 ], [ 127.05979918939606, 37.623362589877722 ] ] ] } },
{ "type": "Feature", "properties": { "F_YR": 2023, "F_SHIM": 0.3, "F_AREA": 98, "F_AVR_HGT": 31.93587379, "ADM_CD": 1135010500.0, "F_ZONE_NM": "노원구 상계동 389-377", "TYPE": "주택" }, "geometry": { "type": "Polygon", "coordinates": [ [ [ 127.068266623315026, 37.659942854388667 ], [ 127.068178764615524, 37.659874294893278 ], [ 127.068107574811677, 37.659930168457457 ], [ 127.068193928217312, 37.660000972281239 ], [ 127.068266623315026, 37.659942854388667 ] ] ] } },
{ "type": "Feature", "properties": { "F_YR": 2023, "F_SHIM": 0.3, "F_AREA": 96, "F_AVR_HGT": 29.4680069, "ADM_CD": 1135010500.0, "F_ZONE_NM": "노원구 상계동 389-247", "TYPE": "주택" }, "geometry": { "type": "Polygon", "coordinates": [ [ [ 127.067707952079346, 37.658492510702857 ], [ 127.067778073549434, 37.658549196678898 ], [ 127.067867247751167, 37.658480825684777 ], [ 127.067795823528755, 37.658424735135952 ], [ 127.067707952079346, 37.658492510702857 ] ] ] } },
{ "type": "Feature", "properties": { "F_YR": 2023, "F_SHIM": 0.3, "F_AREA": 92, "F_AVR_HGT": 29.4680069, "ADM_CD": 1135010500.0, "F_ZONE_NM": "노원구 상계동 389-259", "TYPE": "주택" }, "geometry": { "type": "Polygon", "coordinates": [ [ [ 127.067607895494262, 37.65841722732975 ], [ 127.067673650398746, 37.658470230830019 ], [ 127.06776338938721, 37.658399769336491 ], [ 127.067699617127829, 37.658346089042695 ], [ 127.067607895494262, 37.65841722732975 ] ] ] } },
{ "type": "Feature", "properties": { "F_YR": 2023, "F_SHIM": 0.3, "F_AREA": 95, "F_AVR_HGT": 29.4680069, "ADM_CD": 1135010500.0, "F_ZONE_NM": "노원구 상계동 389-260", "TYPE": "주택" }, "geometry": { "type": "Polygon", "coordinates": [ [ [ 127.067607895494262, 37.65841722732975 ], [ 127.067699617127829, 37.658346089042695 ], [ 127.06763499478248, 37.658292165927257 ], [ 127.067541006290526, 37.658362972072851 ], [ 127.067607895494262, 37.65841722732975 ] ] ] } },
{ "type": "Feature", "properties": { "F_YR": 2023, "F_SHIM": 0.3, "F_AREA": 94, "F_AVR_HGT": 29.4680069, "ADM_CD": 1135010500.0, "F_ZONE_NM": "노원구 상계동 389-275", "TYPE": "주택" }, "geometry": { "type": "Polygon", "coordinates": [ [ [ 127.067725568802743, 37.658166798619156 ], [ 127.067655224360976, 37.658113815737444 ], [ 127.067567467650861, 37.658182915571103 ], [ 127.067635523657003, 37.658236791751612 ], [ 127.067725568802743, 37.658166798619156 ] ] ] } },
{ "type": "Feature", "properties": { "F_YR": 2023, "F_SHIM": 0.3, "F_AREA": 93, "F_AVR_HGT": 29.4680069, "ADM_CD": 1135010500.0, "F_ZONE_NM": "노원구 상계동 389-276", "TYPE": "주택" }, "geometry": { "type": "Polygon", "coordinates": [ [ [ 127.067730068835203, 37.658320970813001 ], [ 127.067823466810367, 37.658249065659625 ], [ 127.067754267147691, 37.658196433574361 ], [ 127.067667304257526, 37.65826612767863 ], [ 127.067730068835203, 37.658320970813001 ] ] ] } },
{ "type": "Feature", "properties": { "F_YR": 2023, "F_SHIM": 0.3, "F_AREA": 96, "F_AVR_HGT": 29.4680069, "ADM_CD": 1135010500.0, "F_ZONE_NM": "노원구 상계동 389-277", "TYPE": "주택" }, "geometry": { "type": "Polygon", "coordinates": [ [ [ 127.067823466810367, 37.658249065659625 ], [ 127.06791522408362, 37.658180233677243 ], [ 127.067843925703883, 37.658125188213916 ], [ 127.067754267147691, 37.658196433574361 ], [ 127.067823466810367, 37.658249065659625 ] ] ] } },
{ "type": "Feature", "properties": { "F_YR": 2023, "F_SHIM": 0.3, "F_AREA": 88, "F_AVR_HGT": 29.4680069, "ADM_CD": 1135010500.0, "F_ZONE_NM": "노원구 상계동 389-281", "TYPE": "주택" }, "geometry": { "type": "Polygon", "coordinates": [ [ [ 127.067823466810367, 37.658249065659625 ], [ 127.067888788160843, 37.658298798748575 ], [ 127.067979252489735, 37.658228841226467 ], [ 127.06791522408362, 37.658180233677243 ], [ 127.067823466810367, 37.658249065659625 ] ] ] } },
{ "type": "Feature", "properties": { "F_YR": 2023, "F_SHIM": 0.3, "F_AREA": 92, "F_AVR_HGT": 29.4680069, "ADM_CD": 1135010500.0, "F_ZONE_NM": "노원구 상계동 389-282", "TYPE": "주택" }, "geometry": { "type": "Polygon", "coordinates": [ [ [ 127.067888788160843, 37.658298798748575 ], [ 127.067823466810367, 37.658249065659625 ], [ 127.067730068835203, 37.658320970813001 ], [ 127.067792467074582, 37.658371561520752 ], [ 127.067888788160843, 37.658298798748575 ] ] ] } },
{ "type": "Feature", "properties": { "F_YR": 2023, "F_SHIM": 0.3, "F_AREA": 95, "F_AVR_HGT": 29.4680069, "ADM_CD": 1135010500.0, "F_ZONE_NM": "노원구 상계동 389-283", "TYPE": "주택" }, "geometry": { "type": "Polygon", "coordinates": [ [ [ 127.067988772905167, 37.65838234385938 ], [ 127.067917690259435, 37.658328037120008 ], [ 127.067829843174735, 37.658397470557624 ], [ 127.067897446797616, 37.658451959501683 ], [ 127.067988772905167, 37.65838234385938 ] ] ] } },
{ "type": "Feature", "properties": { "F_YR": 2023, "F_SHIM": 0.3, "F_AREA": 144, "F_AVR_HGT": 29.4680069, "ADM_CD": 1135010500.0, "F_ZONE_NM": "노원구 상계동 394-8", "TYPE": "주택" }, "geometry": { "type": "Polygon", "coordinates": [ [ [ 127.067262051858407, 37.657878538824534 ], [ 127.067362346380506, 37.657890808220536 ], [ 127.067370317237547, 37.65785674694154 ], [ 127.067358525928071, 37.65781231746778 ], [ 127.067187822276921, 37.657788536790093 ], [ 127.067172399325756, 37.657866822025497 ], [ 127.067262051858407, 37.657878538824534 ] ] ] } },
{ "type": "Feature", "properties": { "F_YR": 2023, "F_SHIM": 0.3, "F_AREA": 263, "F_AVR_HGT": 29.1161068, "ADM_CD": 1135010500.0, "F_ZONE_NM": "노원구 상계동 394-21", "TYPE": "주택" }, "geometry": { "type": "Polygon", "coordinates": [ [ [ 127.067152658055178, 37.657957416969708 ], [ 127.067172399325756, 37.657866822025497 ], [ 127.067187822276921, 37.657788536790093 ], [ 127.067200834195333, 37.657726380335149 ], [ 127.067181572937159, 37.65773139146485 ], [ 127.067060247956007, 37.657825538671844 ], [ 127.066987691994072, 37.657873051296455 ], [ 127.066971377772632, 37.657930353306888 ], [ 127.067149835487882, 37.657956616672813 ], [ 127.067152658055178, 37.657957416969708 ] ] ] } },
{ "type": "Feature", "properties": { "F_YR": 2023, "F_SHIM": 0.3, "F_AREA": 170, "F_AVR_HGT": 39.43636017, "ADM_CD": 1135010500.0, "F_ZONE_NM": "노원구 상계동 456-85", "TYPE": "주택" }, "geometry": { "type": "Polygon", "coordinates": [ [ [ 127.066773325124331, 37.663743357342184 ], [ 127.066761065721508, 37.663643887644341 ], [ 127.066590837536395, 37.663660532547297 ], [ 127.066605706406278, 37.663763379473352 ], [ 127.066773325124331, 37.663743357342184 ] ] ] } },
{ "type": "Feature", "properties": { "F_YR": 2023, "F_SHIM": 0.3, "F_AREA": 84, "F_AVR_HGT": 26.45332603, "ADM_CD": 1135010500.0, "F_ZONE_NM": "노원구 상계동 1054-33", "TYPE": "주택" }, "geometry": { "type": "Polygon", "coordinates": [ [ [ 127.05145661368573, 37.673094544740103 ], [ 127.051464935066761, 37.673096676520828 ], [ 127.051477656803655, 37.673102302209017 ], [ 127.051528449507458, 37.673187035127469 ], [ 127.051563512295743, 37.673056946921911 ], [ 127.05146238158251, 37.673041321878401 ], [ 127.051447845341755, 37.673085106264544 ], [ 127.05145661368573, 37.673094544740103 ] ] ] } },
{ "type": "Feature", "properties": { "F_YR": 2023, "F_SHIM": 0.3, "F_AREA": 397, "F_AVR_HGT": 26.37736206, "ADM_CD": 1135010500.0, "F_ZONE_NM": "노원구 상계동 1087-1", "TYPE": "주택" }, "geometry": { "type": "Polygon", "coordinates": [ [ [ 127.051161713045474, 37.674224055602267 ], [ 127.051221133166095, 37.674225111747106 ], [ 127.051317065421216, 37.674194140922559 ], [ 127.051438130864199, 37.674150762013277 ], [ 127.051419682874098, 37.674125551615298 ], [ 127.051418788559218, 37.674025724306141 ], [ 127.05141810554413, 37.67402139092016 ], [ 127.051127087228537, 37.674092924699856 ], [ 127.051161713045474, 37.674224055602267 ] ] ] } },
{ "type": "Feature", "properties": { "F_YR": 2023, "F_SHIM": 0.1, "F_AREA": 360, "F_AVR_HGT": 35.60034714, "ADM_CD": 1165011000.0, "F_ZONE_NM": "서초구 염곡동 100-34", "TYPE": "주택" }, "geometry": { "type": "Polygon", "coordinates": [ [ [ 127.051680857929654, 37.462433041372016 ], [ 127.0516881984218, 37.46242317225709 ], [ 127.051676450931865, 37.462384154740569 ], [ 127.051552873305042, 37.462231910340755 ], [ 127.051435666599588, 37.462225833076893 ], [ 127.051419966088034, 37.462395318649868 ], [ 127.051680857929654, 37.462433041372016 ] ] ] } }
]
}
