od_id,station,station_line,station_lon,station_lat,facility_source,facility_name,facility_address,facility_lon,facility_lat,straight_line_distance_m,geometry,station_node,facility_node,station_snap_distance_m,facility_snap_distance_m,snap_status
od_2577,불광,3호선,126.92982,37.610553,pedestrian_support_point,맨홀,서울특별시 은평구 통일로 895-2,126.9197,37.6214,1499.228,POINT (126.9197 37.6214),5930698997,11230505659,50.209801741355435,39.58349013296481,PASS
od_2582,불광,3호선,126.92982,37.610553,pedestrian_support_point,과속방지턱,서울특별시 은평구 갈현동  459-1,126.916,37.6184,1499.114,POINT (126.916 37.6184),5930698997,3823586667,50.209801741355435,9.300003614407768,PASS
od_909,불광,6호선,126.92939,37.610873,mobility_facility,정보부동산중개인사무소,서울특별시 은평구 통일로 581-2,126.937,37.5988,1499.024,POINT (126.937 37.5988),5930698997,3811678114,11.603222454866666,29.286734448860155,PASS
od_898,불광,6호선,126.92939,37.610873,mobility_facility,청수공인중개사사무소,서울특별시 은평구 통일로 581-2,126.937,37.5988,1499.024,POINT (126.937 37.5988),5930698997,3811678114,11.603222454866666,29.286734448860155,PASS
od_2313,불광,3호선,126.92982,37.610553,mobility_facility,한라똥돼지,서울특별시 은평구 역말로 34,126.914,37.6057,1497.122,POINT (126.914 37.6057),5930698997,3822944309,50.209801741355435,9.910607128182754,PASS
od_67,연신내,6호선,126.920625,37.618636,mobility_facility,13. 역말 사거리 ,서울특별시 은평구 역말로 41,126.9147,37.606,1496.851,POINT (126.9147 37.606),11230505686,4584756059,20.028299588559467,28.081587968804246,PASS
od_96,연신내,6호선,126.920625,37.618636,mobility_facility,연세부동산,서울특별시 은평구 역말로 41,126.9147,37.606,1496.851,POINT (126.9147 37.606),11230505686,4584756059,20.028299588559467,28.081587968804246,PASS
od_152,연신내,6호선,126.920625,37.618636,mobility_facility,행복양꼬치,서울특별시 은평구 역말로 41,126.9147,37.606,1496.851,POINT (126.9147 37.606),11230505686,4584756059,20.028299588559467,28.081587968804246,PASS
od_17,연신내,6호선,126.920625,37.618636,mobility_facility,이정표1,서울특별시 은평구 서오릉로23길 8-5,126.9042,37.6153,1496.644,POINT (126.9042 37.6153),11230505686,11655534381,20.028299588559467,3.4990310891707592,PASS
od_1331,응암,6호선,126.915577,37.598605,mobility_facility,쉼터3,서울특별시 은평구 신사동 산 93-16,126.9006,37.5923,1496.373,POINT (126.9006 37.5923),8735757178,11729856050,11.20363638320314,76.79361647509394,PASS
od_338,연신내,6호선,126.920625,37.618636,pedestrian_support_point,맨홀,서울특별시 은평구 역촌동  45-42,126.9151,37.6059,1495.365,POINT (126.9151 37.6059),11230505686,10789210641,20.028299588559467,8.475372817365667,PASS
od_569,독바위,6호선,126.933031,37.618456,pedestrian_support_point,빗물받이,서울특별시 은평구 연서로27길 26,126.9161,37.6188,1495.248,POINT (126.9161 37.6188),3824954278,3823586730,2.93341759236071,3.89268808680543,PASS
od_2929,연신내,3호선,126.921038,37.619229,pedestrian_support_point,불광역3호선.서울혁신파크,서울특별시 은평구 진흥로 200,126.9316,37.6087,1495.075,POINT (126.9316 37.6087),13357342120,11204976882,32.16422242836125,1.9067441159293512,PASS
od_2244,불광,3호선,126.92982,37.610553,mobility_facility,임마누엘역촌공동체,서울특별시 은평구 진흥로1길 13-19,126.9174,37.6014,1494.908,POINT (126.9174 37.6014),5930698997,3811554620,50.209801741355435,10.390713810596353,PASS
od_31,연신내,6호선,126.920625,37.618636,mobility_facility,정혜영헤어큐,"서울특별시 은평구 진관1로 21-9, 106동 (진관동, 은평뉴타운 박석고개)",126.921,37.6321,1494.729,POINT (126.921 37.6321),11230505686,11150009642,20.028299588559467,20.367148514425438,PASS
od_121,연신내,6호선,126.920625,37.618636,mobility_facility,정혜영헤어큐,"서울특별시 은평구 진관1로 21-9, 106동 (진관동, 은평뉴타운 박석고개)",126.921,37.6321,1494.729,POINT (126.921 37.6321),11230505686,11150009642,20.028299588559467,20.367148514425438,PASS
od_1073,불광,6호선,126.92939,37.610873,pedestrian_support_point,갈현동미미아파트,서울특별시 은평구 갈현로 238,126.9152,37.6182,1493.629,POINT (126.9152 37.6182),5930698997,3823586665,11.603222454866666,16.101913760818515,PASS
od_359,연신내,6호선,126.920625,37.618636,pedestrian_support_point,맨홀,서울특별시 은평구 녹번동  116-3,126.9316,37.6084,1493.201,POINT (126.9316 37.6084),11230505686,3811140069,20.028299588559467,12.407604499203776,PASS
od_2380,불광,3호선,126.92982,37.610553,pedestrian_support_point,빗물받이,서울특별시 은평구 불광로 179-6,126.9297,37.624,1492.511,POINT (126.9297 37.624),5930698997,3823587889,50.209801741355435,9.693311760326324,PASS
od_175,연신내,6호선,126.920625,37.618636,mobility_facility,봉산무장애숲길 입구,서울특별시 은평구 서오릉로25길 27,126.904,37.6162,1492.463,POINT (126.904 37.6162),11230505686,3823349628,20.028299588559467,21.401862322597072,PASS
od_1020,불광,6호선,126.92939,37.610873,pedestrian_support_point,장애인화장실,서울특별시 은평구 구산동  199-19,126.9127,37.613,1492.405,POINT (126.9127 37.613),5930698997,3820983735,11.603222454866666,53.83338009875228,PASS
od_345,연신내,6호선,126.920625,37.618636,pedestrian_support_point,맨홀,서울특별시 은평구 서오릉로 63,126.9236,37.6054,1492.352,POINT (126.9236 37.6054),11230505686,3811092420,20.028299588559467,14.867519445607602,PASS
od_554,독바위,6호선,126.933031,37.618456,mobility_facility,주)우시장정육식당은평,서울특별시 은평구 서오릉로 110,126.9201,37.6098,1492.126,POINT (126.9201 37.6098),3824954278,3819768642,2.93341759236071,33.44673292745976,PASS
od_854,불광,6호선,126.92939,37.610873,mobility_facility,임마누엘역촌공동체,서울특별시 은평구 진흥로1길 13-19,126.9174,37.6014,1492.088,POINT (126.9174 37.6014),5930698997,3811554620,11.603222454866666,10.390713810596353,PASS
od_1282,응암,6호선,126.915577,37.598605,mobility_facility,갈현베르빌부동산공인중개사사무소,서울특별시 은평구 연서로 149,126.917,37.612,1491.999,POINT (126.917 37.612),8735757178,7060279696,11.20363638320314,28.554158706233746,PASS
od_232,연신내,6호선,126.920625,37.618636,pedestrian_support_point,장애인화장실,서울특별시 은평구 통일로 684,126.9324,37.609,1491.523,POINT (126.9324 37.609),11230505686,5281059749,20.028299588559467,38.72721591991591,PASS
od_2802,연신내,3호선,126.921038,37.619229,mobility_facility,정관장,서울특별시 은평구 진흥로 196,126.9312,37.6085,1490.975,POINT (126.9312 37.6085),13357342120,10678122748,32.16422242836125,14.10087479940482,PASS
od_258,연신내,6호선,126.920625,37.618636,pedestrian_support_point,지하철환기구,서울특별시 은평구 서오릉로 63,126.9235,37.6054,1490.823,POINT (126.9235 37.6054),11230505686,3811092420,20.028299588559467,15.955167925592756,PASS
od_259,연신내,6호선,126.920625,37.618636,pedestrian_support_point,지하철환기구,서울특별시 은평구 서오릉로 63,126.9235,37.6054,1490.823,POINT (126.9235 37.6054),11230505686,3811092420,20.028299588559467,15.955167925592756,PASS
od_87,연신내,6호선,126.920625,37.618636,mobility_facility,글라스옵트,서울특별시 은평구 역말로 43,126.9149,37.606,1490.772,POINT (126.9149 37.606),11230505686,10789210635,20.028299588559467,27.75296408100183,PASS
od_2384,불광,3호선,126.92982,37.610553,pedestrian_support_point,빗물받이,서울특별시 은평구 연서로27길 26,126.9164,37.6187,1490.473,POINT (126.9164 37.6187),5930698997,3823586708,50.209801741355435,18.571432795698463,PASS
od_1005,불광,6호선,126.92939,37.610873,pedestrian_support_point,빗물받이,서울특별시 은평구 불광로 179-6,126.9294,37.6243,1490.254,POINT (126.9294 37.6243),5930698997,3823588067,11.603222454866666,11.697661414695668,PASS
od_2889,연신내,3호선,126.921038,37.619229,pedestrian_support_point,역촌,서울특별시 은평구 서오릉로 63,126.923,37.6059,1489.483,POINT (126.923 37.6059),13357342120,8460926747,32.16422242836125,17.73207227050489,PASS
od_2251,불광,3호선,126.92982,37.610553,mobility_facility,용두동쭈꾸미,서울특별시 은평구 역말로 34-1,126.9141,37.6057,1488.886,POINT (126.9141 37.6057),5930698997,3820984281,50.209801741355435,8.78494095008683,PASS
od_80,연신내,6호선,126.920625,37.618636,mobility_facility,신세계고기백화점,서울특별시 은평구 갈현로 109,126.9107,37.6078,1488.064,POINT (126.9107 37.6078),11230505686,3820983944,20.028299588559467,27.54874073039807,PASS
od_863,불광,6호선,126.92939,37.610873,mobility_facility,지호한방삼계탕,서울특별시 은평구 연서로 47,126.9154,37.6034,1487.923,POINT (126.9154 37.6034),5930698997,3822944277,11.603222454866666,26.070239833394357,PASS
od_1001,불광,6호선,126.92939,37.610873,pedestrian_support_point,빗물받이,서울특별시 은평구 역촌동  45-42,126.9138,37.6058,1487.259,POINT (126.9138 37.6058),5930698997,3822944309,11.603222454866666,11.322849198399426,PASS
od_1733,응암,6호선,126.915577,37.598605,pedestrian_support_point,맨홀,서울특별시 은평구 구산동  1-22,126.9158,37.612,1486.829,POINT (126.9158 37.612),8735757178,10789210621,11.20363638320314,8.629385891118837,PASS
od_1520,응암,6호선,126.915577,37.598605,mobility_facility,경하프라자약국,서울특별시 은평구 서오릉로 157,126.9156,37.612,1486.7,POINT (126.9156 37.612),8735757178,10789210621,11.20363638320314,19.711571964702642,PASS
od_738,독바위,6호선,126.933031,37.618456,pedestrian_support_point,빗물받이,서울특별시 은평구 연서로27길 26,126.9162,37.6188,1486.422,POINT (126.9162 37.6188),3824954278,3823586730,2.93341759236071,10.215858999896263,PASS
od_2293,불광,3호선,126.92982,37.610553,mobility_facility,갈현알곡공인중개사사무소,서울특별시 은평구 갈현로 222,126.915,37.6169,1486.054,POINT (126.915 37.6169),5930698997,3823586486,50.209801741355435,17.353332100605147,PASS
od_3031,연신내,3호선,126.921038,37.619229,pedestrian_support_point,불광역.불광1동주민센터,서울특별시 은평구 진흥로 215,126.9326,37.6095,1485.954,POINT (126.9326 37.6095),13357342120,10678122723,32.16422242836125,30.528958244749028,PASS
od_2464,불광,3호선,126.92982,37.610553,pedestrian_support_point,청구성심병원,서울특별시 은평구 통일로83길 6,126.9193,37.621,1485.637,POINT (126.9193 37.621),5930698997,353194436,50.209801741355435,8.657079706876354,PASS
od_1939,녹번,3호선,126.935756,37.600927,mobility_facility,하이로또 복권방,서울특별시 은평구 응암로 282,126.9198,37.5967,1485.106,POINT (126.9198 37.5967),436867704,3811326793,5.477178362551235,53.900807534101666,PASS
od_2525,불광,3호선,126.92982,37.610553,pedestrian_support_point,맨홀,서울특별시 은평구 역촌동  45-42,126.9141,37.6058,1484.906,POINT (126.9141 37.6058),5930698997,3820984281,50.209801741355435,3.980956845043946,PASS
od_2368,불광,3호선,126.92982,37.610553,pedestrian_support_point,빗물받이,서울특별시 은평구 역촌동  45-42,126.9141,37.6058,1484.906,POINT (126.9141 37.6058),5930698997,3820984281,50.209801741355435,3.980956845043946,PASS
od_1641,응암,6호선,126.915577,37.598605,pedestrian_support_point,장애인화장실,서울특별시 은평구 갈현로 151,126.9111,37.6115,1484.799,POINT (126.9111 37.6115),8735757178,3823349370,11.20363638320314,19.764873347002087,PASS
od_1530,응암,6호선,126.915577,37.598605,mobility_facility,고은헤어,서울특별시 은평구 은평로21길 19-6,126.9319,37.6018,1484.417,POINT (126.9319 37.6018),8735757178,4580560141,11.20363638320314,22.030944976524957,PASS
od_2807,연신내,3호선,126.921038,37.619229,mobility_facility,쿠아레비,서울특별시 은평구 진흥로 101,126.9224,37.6059,1484.255,POINT (126.9224 37.6059),13357342120,10789220052,32.16422242836125,10.869712515046412,PASS
od_103,연신내,6호선,126.920625,37.618636,mobility_facility,예랑헤어,서울특별시 은평구 통일로63길 10,126.9308,37.608,1483.442,POINT (126.9308 37.608),11230505686,3811140023,20.028299588559467,16.466651776855677,PASS
od_101,연신내,6호선,126.920625,37.618636,mobility_facility,향이나는야채,서울특별시 은평구 진흥로1길 56,126.9183,37.6054,1483.327,POINT (126.9183 37.6054),11230505686,3819767942,20.028299588559467,12.858120390720913,PASS
od_1689,응암,6호선,126.915577,37.598605,pedestrian_support_point,구산역4번출구,서울특별시 은평구 갈현동  530-9,126.9172,37.6119,1482.543,POINT (126.9172 37.6119),8735757178,13734502262,11.20363638320314,33.503985268292084,PASS
od_472,독바위,6호선,126.933031,37.618456,mobility_facility,은평공인중개사사무소,서울특별시 은평구 연서로18길 6,126.9182,37.6122,1482.126,POINT (126.9182 37.6122),3824954278,4580503144,2.93341759236071,11.527105810340908,PASS
od_588,독바위,6호선,126.933031,37.618456,pedestrian_support_point,빗물받이,서울특별시 은평구 갈현로 294,126.9175,37.6235,1481.004,POINT (126.9175 37.6235),3824954278,353194381,2.93341759236071,27.312011346208195,PASS
od_433,독바위,6호선,126.933031,37.618456,mobility_facility,유호루하스공인중개사사무소,서울특별시 은평구 갈현로 300,126.9175,37.6235,1481.004,POINT (126.9175 37.6235),3824954278,353194381,2.93341759236071,27.312011346208195,PASS
od_870,불광,6호선,126.92939,37.610873,mobility_facility,중화대반점,서울특별시 은평구 연서로17길 41,126.913,37.6137,1480.746,POINT (126.913 37.6137),5930698997,3823584991,11.603222454866666,30.114589703719034,PASS
od_312,연신내,6호선,126.920625,37.618636,pedestrian_support_point,맨홀,서울특별시 은평구 서오릉로 63,126.9235,37.6055,1479.887,POINT (126.9235 37.6055),11230505686,3811092420,20.028299588559467,7.23094868995835,PASS
od_1937,녹번,3호선,126.935756,37.600927,mobility_facility,인간미 헤어,서울특별시 은평구 진흥로1길 4,126.919,37.6007,1479.878,POINT (126.919 37.6007),436867704,10678122610,5.477178362551235,21.00478087606158,PASS
od_14,연신내,6호선,126.920625,37.618636,mobility_facility,이정표3,서울특별시 은평구 구산동 산 136-12,126.9045,37.615,1479.73,POINT (126.9045 37.615),11230505686,11655534372,20.028299588559467,21.097758694347885,PASS
od_2532,불광,3호선,126.92982,37.610553,pedestrian_support_point,맨홀,서울특별시 은평구 역촌동  64-38,126.9156,37.6035,1479.646,POINT (126.9156 37.6035),5930698997,3819767791,50.209801741355435,13.196637390690714,PASS
od_447,독바위,6호선,126.933031,37.618456,mobility_facility,조은공인중개사,서울특별시 은평구 연서로 158,126.9178,37.6129,1479.378,POINT (126.9178 37.6129),3824954278,10678122524,2.93341759236071,38.809650348411346,PASS
od_513,독바위,6호선,126.933031,37.618456,mobility_facility,조은공인중개사사무소,서울특별시 은평구 연서로 158,126.9178,37.6129,1479.378,POINT (126.9178 37.6129),3824954278,10678122524,2.93341759236071,38.809650348411346,PASS
od_2949,연신내,3호선,126.921038,37.619229,pedestrian_support_point,맨홀,서울특별시 은평구 진흥로 192,126.9313,37.6087,1478.699,POINT (126.9313 37.6087),13357342120,11178032846,32.16422242836125,4.908142702803897,PASS
od_1157,불광,6호선,126.92939,37.610873,pedestrian_support_point,맨홀,서울특별시 은평구 구산동  195-3,126.9129,37.6132,1478.685,POINT (126.9129 37.6132),5930698997,3820983733,11.603222454866666,54.227281238066595,PASS
od_2817,연신내,3호선,126.921038,37.619229,mobility_facility,역촌역,서울특별시 은평구 서오릉로 63,126.923,37.606,1478.46,POINT (126.923 37.606),13357342120,8460926747,32.16422242836125,11.080562328111156,PASS
od_3030,연신내,3호선,126.921038,37.619229,pedestrian_support_point,역촌역,서울특별시 은평구 서오릉로 63,126.923,37.606,1478.46,POINT (126.923 37.606),13357342120,8460926747,32.16422242836125,11.080562328111156,PASS
od_2864,연신내,3호선,126.921038,37.619229,pedestrian_support_point,장애인화장실,서울특별시 은평구 서오릉로 63,126.923,37.606,1478.46,POINT (126.923 37.606),13357342120,8460926747,32.16422242836125,11.080562328111156,PASS
od_289,연신내,6호선,126.920625,37.618636,pedestrian_support_point,역촌역,서울특별시 은평구 서오릉로 63,126.9234,37.6055,1478.399,POINT (126.9234 37.6055),11230505686,3811092420,20.028299588559467,15.524672982041224,PASS
od_1399,응암,6호선,126.915577,37.598605,mobility_facility,이룸통신,서울특별시 은평구 서오릉로 150,126.9166,37.6119,1478.362,POINT (126.9166 37.6119),8735757178,7060279696,11.20363638320314,23.61713160988323,PASS
od_1443,응암,6호선,126.915577,37.598605,mobility_facility,의자4,서울특별시 은평구 신사동  산 93-16,126.9004,37.593,1477.65,POINT (126.9004 37.593),8735757178,11729856050,11.20363638320314,54.39498863715399,PASS
od_265,연신내,6호선,126.920625,37.618636,pedestrian_support_point,불광역.불광1동주민센터,서울특별시 은평구 통일로 684,126.9323,37.6091,1477.41,POINT (126.9323 37.6091),11230505686,5281059749,20.028299588559467,26.60907685078538,PASS
od_2378,불광,3호선,126.92982,37.610553,pedestrian_support_point,빗물받이,서울특별시 은평구 역촌동  45-42,126.9142,37.6058,1476.656,POINT (126.9142 37.6058),5930698997,3820984281,50.209801741355435,11.969549005170151,PASS
od_2200,불광,3호선,126.92982,37.610553,mobility_facility,탑공인중개사사무소,"서울특별시 은평구 연서로21길 33, A동 (갈현동, 뉴아름빌)",126.9143,37.6155,1476.202,POINT (126.9143 37.6155),5930698997,3823586258,50.209801741355435,15.44365546833936,PASS
od_2986,연신내,3호선,126.921038,37.619229,pedestrian_support_point,맨홀,서울특별시 은평구 연서로9길 5-5,126.9151,37.6068,1475.753,POINT (126.9151 37.6068),13357342120,10789210633,32.16422242836125,3.304144455211579,PASS
od_1497,응암,6호선,126.915577,37.598605,mobility_facility,현대메디알레공인중개사사무소,서울특별시 은평구 진흥로13길 9,126.9255,37.6093,1475.402,POINT (126.9255 37.6093),8735757178,3819768549,11.20363638320314,9.612669763146753,PASS
od_924,불광,6호선,126.92939,37.610873,mobility_facility,한라똥돼지,서울특별시 은평구 역말로 34,126.914,37.6057,1475.214,POINT (126.914 37.6057),5930698997,3822944309,11.603222454866666,9.910607128182754,PASS
od_2495,불광,3호선,126.92982,37.610553,pedestrian_support_point,맨홀,서울특별시 은평구 구산동  195-5,126.9134,37.613,1474.999,POINT (126.9134 37.613),5930698997,10678122449,50.209801741355435,50.155390113696065,PASS
od_1026,불광,6호선,126.92939,37.610873,pedestrian_support_point,장애인화장실,서울특별시 은평구 연서로27길 31-6,126.9158,37.6186,1474.845,POINT (126.9158 37.6186),5930698997,3823586667,11.603222454866666,31.82071986851436,PASS
od_2050,녹번,3호선,126.935756,37.600927,pedestrian_support_point,시립은평병원.파크자이아파트,서울특별시 은평구 응암동  240-28,126.922,37.5934,1474.335,POINT (126.922 37.5934),436867704,3811067084,5.477178362551235,21.3649383992678,PASS
od_1003,불광,6호선,126.92939,37.610873,pedestrian_support_point,빗물받이,서울특별시 은평구 갈현동  459-1,126.916,37.6188,1473.659,POINT (126.916 37.6188),5930698997,3823586730,11.603222454866666,9.00507658707072,PASS
od_1330,응암,6호선,126.915577,37.598605,mobility_facility,이정표1,서울특별시 은평구 은평터널로7길 39-17,126.9007,37.5926,1473.211,POINT (126.9007 37.5926),8735757178,11729856050,11.20363638320314,43.877453933933936,PASS
od_750,독바위,6호선,126.933031,37.618456,pedestrian_support_point,길천사우나,서울특별시 은평구 연서로21길 3,126.9172,37.6143,1471.837,POINT (126.9172 37.6143),3824954278,3823585013,2.93341759236071,28.598890461565414,PASS
od_2598,불광,3호선,126.92982,37.610553,pedestrian_support_point,북한산대창센시티아파트,서울특별시 은평구 불광로 199,126.9297,37.6238,1470.313,POINT (126.9297 37.6238),5930698997,3823587889,50.209801741355435,14.256969108404567,PASS
od_2513,불광,3호선,126.92982,37.610553,pedestrian_support_point,맨홀,서울특별시 은평구 불광로 179-6,126.9298,37.6238,1470.276,POINT (126.9298 37.6238),5930698997,3823587844,50.209801741355435,7.666658005518447,PASS
od_2650,불광,3호선,126.92982,37.610553,pedestrian_support_point,빗물받이,서울특별시 은평구 불광로 179-6,126.9298,37.6238,1470.276,POINT (126.9298 37.6238),5930698997,3823587844,50.209801741355435,7.666658005518447,PASS
od_2517,불광,3호선,126.92982,37.610553,pedestrian_support_point,맨홀,서울특별시 은평구 역촌동  64-38,126.9155,37.6038,1469.89,POINT (126.9155 37.6038),5930698997,10789210649,50.209801741355435,2.4977257735460636,PASS
od_592,독바위,6호선,126.933031,37.618456,pedestrian_support_point,빗물받이,서울특별시 은평구 연서로27길 26,126.9164,37.6187,1468.525,POINT (126.9164 37.6187),3824954278,3823586708,2.93341759236071,18.571432795698463,PASS
od_2652,불광,3호선,126.92982,37.610553,pedestrian_support_point,빗물받이,서울특별시 은평구 역촌동  45-42,126.9143,37.6058,1468.412,POINT (126.9143 37.6058),5930698997,4584756059,50.209801741355435,16.774344909592593,PASS
od_1251,불광,6호선,126.92939,37.610873,pedestrian_support_point,빗물받이,서울특별시 은평구 불광로 179-6,126.9295,37.6241,1468.088,POINT (126.9295 37.6241),5930698997,3823587941,11.603222454866666,9.29145977777856,PASS
od_292,연신내,6호선,126.920625,37.618636,pedestrian_support_point,불광역3호선.서울혁신파크,서울특별시 은평구 진흥로 200,126.9316,37.6087,1468.025,POINT (126.9316 37.6087),11230505686,11204976882,20.028299588559467,1.9067441159293512,PASS
od_1359,응암,6호선,126.915577,37.598605,mobility_facility,대한공인중개사사무소,서울특별시 은평구 진흥로13길 13,126.925,37.6095,1467.848,POINT (126.925 37.6095),8735757178,3819768571,11.20363638320314,16.26069717571956,PASS
od_2272,불광,3호선,126.92982,37.610553,mobility_facility,머스트부동산공인중개사사무소,서울특별시 은평구 연서로29길 24,126.9177,37.6196,1467.415,POINT (126.9177 37.6196),5930698997,3823586771,50.209801741355435,9.430536821860157,PASS
od_1667,응암,6호선,126.915577,37.598605,pedestrian_support_point,구산동주민센터,서울특별시 은평구 갈현로 152,126.9114,37.6114,1467.222,POINT (126.9114 37.6114),8735757178,3823349370,11.20363638320314,9.821313588341685,PASS
od_1544,응암,6호선,126.915577,37.598605,mobility_facility,주스공인중개사사무소,서울특별시 은평구 은평로21길 25,126.9316,37.6021,1467.152,POINT (126.9316 37.6021),8735757178,3811155123,11.20363638320314,16.452260176643716,PASS
od_1284,응암,6호선,126.915577,37.598605,mobility_facility,e끌림(단지내)공인중개사사무소,서울특별시 은평구 은평로 220,126.932,37.6006,1467.086,POINT (126.932 37.6006),8735757178,11955692539,11.20363638320314,23.640640475492845,PASS
od_861,불광,6호선,126.92939,37.610873,mobility_facility,용두동쭈꾸미,서울특별시 은평구 역말로 34-1,126.9141,37.6057,1467.084,POINT (126.9141 37.6057),5930698997,3820984281,11.603222454866666,8.78494095008683,PASS
od_1151,불광,6호선,126.92939,37.610873,pedestrian_support_point,맨홀,서울특별시 은평구 역촌동  64-38,126.9156,37.6035,1467.074,POINT (126.9156 37.6035),5930698997,3819767791,11.603222454866666,13.196637390690714,PASS
od_967,불광,6호선,126.92939,37.610873,pedestrian_support_point,빗물받이,서울특별시 은평구 연서로27길 26,126.9161,37.6188,1466.585,POINT (126.9161 37.6188),5930698997,3823586730,11.603222454866666,3.89268808680543,PASS
od_1285,응암,6호선,126.915577,37.598605,mobility_facility,이편한부동산공인중개사사무소,서울특별시 은평구 은평로 220,126.932,37.6005,1465.453,POINT (126.932 37.6005),8735757178,11955742138,11.20363638320314,30.772887592859657,PASS
od_401,연신내,6호선,126.920625,37.618636,pedestrian_support_point,불광역.불광1동주민센터,서울특별시 은평구 진흥로 215,126.9326,37.6095,1464.936,POINT (126.9326 37.6095),11230505686,10678122723,20.028299588559467,30.528958244749028,PASS
od_581,독바위,6호선,126.933031,37.618456,pedestrian_support_point,빗물받이,서울특별시 은평구 갈현로 294,126.9177,37.6235,1464.673,POINT (126.9177 37.6235),3824954278,353194381,2.93341759236071,13.054287643648692,PASS
od_2294,불광,3호선,126.92982,37.610553,mobility_facility,27.  역촌상가,서울특별시 은평구 역촌동  45-42,126.9144,37.6057,1464.223,POINT (126.9144 37.6057),5930698997,4584756059,50.209801741355435,14.576215997895634,PASS
od_378,연신내,6호선,126.920625,37.618636,pedestrian_support_point,역말사거리,서울특별시 은평구 연서로 79,126.9151,37.6062,1463.929,POINT (126.9151 37.6062),11230505686,10789210635,20.028299588559467,17.284000472513593,PASS
od_2301,불광,3호선,126.92982,37.610553,mobility_facility,똘레랑스,서울특별시 은평구 연서로21길 31,126.9144,37.6154,1463.896,POINT (126.9144 37.6154),5930698997,3823586258,50.209801741355435,24.64105124034121,PASS
od_15,연신내,6호선,126.920625,37.618636,mobility_facility,의자2,서울특별시 은평구 서오릉로21가길 14-2,126.9048,37.6147,1463.858,POINT (126.9048 37.6147),11230505686,11655534366,20.028299588559467,27.457041914797223,PASS
od_2001,녹번,3호선,126.935756,37.600927,pedestrian_support_point,빗물받이,"서울특별시 은평구 응암로30길 16, 102동 (응암동, 백련산에스케이뷰아이파크)",126.9215,37.5942,1463.696,POINT (126.9215 37.5942),436867704,9764159803,5.477178362551235,16.76885260868119,PASS
od_1757,응암,6호선,126.915577,37.598605,pedestrian_support_point,맨홀,서울특별시 은평구 은평로 215,126.9318,37.6013,1463.506,POINT (126.9318 37.6013),8735757178,2309932437,11.20363638320314,12.500414507836101,PASS
od_1479,응암,6호선,126.915577,37.598605,mobility_facility,12.  대주아파트,서울특별시 은평구 응암동  691-1,126.9227,37.5867,1463.431,POINT (126.9227 37.5867),8735757178,3811066660,11.20363638320314,31.365414196390464,PASS
od_1674,응암,6호선,126.915577,37.598605,pedestrian_support_point,구산역1번출구,서울특별시 은평구 대조동  207-16,126.9175,37.6117,1463.288,POINT (126.9175 37.6117),8735757178,10678122534,11.20363638320314,14.542174499313548,PASS
od_2255,불광,3호선,126.92982,37.610553,mobility_facility,형제세탁소,서울특별시 은평구 연서로11길 20-4,126.9134,37.6088,1462.817,POINT (126.9134 37.6088),5930698997,4584669561,50.209801741355435,15.202986423803189,PASS
od_1144,불광,6호선,126.92939,37.610873,pedestrian_support_point,맨홀,서울특별시 은평구 역촌동  45-42,126.9141,37.6058,1462.775,POINT (126.9141 37.6058),5930698997,3820984281,11.603222454866666,3.980956845043946,PASS
od_980,불광,6호선,126.92939,37.610873,pedestrian_support_point,빗물받이,서울특별시 은평구 역촌동  45-42,126.9141,37.6058,1462.775,POINT (126.9141 37.6058),5930698997,3820984281,11.603222454866666,3.980956845043946,PASS
od_13,연신내,6호선,126.920625,37.618636,mobility_facility,이정표2,서울특별시 은평구 구산동 산 135-5,126.9047,37.615,1462.75,POINT (126.9047 37.615),11230505686,11655534372,20.028299588559467,5.79809525150404,PASS
od_2392,불광,3호선,126.92982,37.610553,pedestrian_support_point,빗물받이,서울특별시 은평구 연서로27길 26,126.9167,37.6186,1462.702,POINT (126.9167 37.6186),5930698997,3823586708,50.209801741355435,10.214889202050852,PASS
od_157,연신내,6호선,126.920625,37.618636,mobility_facility,정관장,서울특별시 은평구 진흥로 196,126.9312,37.6085,1461.97,POINT (126.9312 37.6085),11230505686,10678122748,20.028299588559467,14.10087479940482,PASS
od_2688,연신내,3호선,126.921038,37.619229,mobility_facility,아침공인중개사사무소,"서울특별시 은평구 연서로44길 7, 412동 (진관동, 은평뉴타운 폭포동)",126.932,37.6291,1461.765,POINT (126.932 37.6291),13357342120,11150161188,32.16422242836125,51.495313675829756,PASS
od_1384,응암,6호선,126.915577,37.598605,mobility_facility,쉼터4,서울특별시 은평구 신사동  산 93-16,126.9006,37.593,1461.648,POINT (126.9006 37.593),8735757178,11729856050,11.20363638320314,37.20898006666804,PASS
od_2692,연신내,3호선,126.921038,37.619229,mobility_facility,아이비공인중개사사무소,서울특별시 은평구 갈현로 122,126.9111,37.6087,1461.346,POINT (126.9111 37.6087),13357342120,4584691357,32.16422242836125,17.173204809288325,PASS
od_1447,응암,6호선,126.915577,37.598605,mobility_facility,12. 구산역 4번출구 ,서울특별시 은평구 갈현동  531-9,126.9173,37.6117,1461.344,POINT (126.9173 37.6117),8735757178,13734502262,11.20363638320314,9.682530490657077,PASS
od_2243,불광,3호선,126.92982,37.610553,mobility_facility,불광작은예수의집,서울특별시 은평구 연서로37길 21-5,126.9262,37.6234,1461.259,POINT (126.9262 37.6234),5930698997,3823587789,50.209801741355435,17.424348942416625,PASS
od_1259,불광,6호선,126.92939,37.610873,pedestrian_support_point,갈현제2동주민센터,서울특별시 은평구 갈현동  502-6,126.9159,37.6185,1461.214,POINT (126.9159 37.6185),5930698997,3823586667,11.603222454866666,18.662940327117862,PASS
od_1152,불광,6호선,126.92939,37.610873,pedestrian_support_point,맨홀,서울특별시 은평구 갈현동  459-1,126.916,37.6186,1460.516,POINT (126.916 37.6186),5930698997,3823586730,11.603222454866666,27.318371700213756,PASS
od_2343,불광,3호선,126.92982,37.610553,mobility_facility,역촌동주민센터,서울특별시 은평구 연서로 59,126.9152,37.6044,1460.433,POINT (126.9152 37.6044),5930698997,10789210647,50.209801741355435,38.26104260520466,PASS
od_2609,불광,3호선,126.92982,37.610553,pedestrian_support_point,역촌동주민센터,서울특별시 은평구 연서로 59,126.9152,37.6044,1460.433,POINT (126.9152 37.6044),5930698997,10789210647,50.209801741355435,38.26104260520466,PASS
od_2632,불광,3호선,126.92982,37.610553,pedestrian_support_point,역촌동주민센터,서울특별시 은평구 연서로 59,126.9152,37.6044,1460.433,POINT (126.9152 37.6044),5930698997,10789210647,50.209801741355435,38.26104260520466,PASS
od_2411,불광,3호선,126.92982,37.610553,pedestrian_support_point,장애인화장실,서울특별시 은평구 연서로 59,126.9152,37.6044,1460.433,POINT (126.9152 37.6044),5930698997,10789210647,50.209801741355435,38.26104260520466,PASS
od_2412,불광,3호선,126.92982,37.610553,pedestrian_support_point,장애인화장실,서울특별시 은평구 연서로 59,126.9152,37.6044,1460.433,POINT (126.9152 37.6044),5930698997,10789210647,50.209801741355435,38.26104260520466,PASS
od_281,연신내,6호선,126.920625,37.618636,pedestrian_support_point,역말사거리,서울특별시 은평구 역촌동  45-36,126.9156,37.6061,1460.387,POINT (126.9156 37.6061),11230505686,10789210638,20.028299588559467,10.319645312739826,PASS
od_1248,불광,6호선,126.92939,37.610873,pedestrian_support_point,빗물받이,서울특별시 은평구 연서로27길 26,126.9162,37.6188,1459.531,POINT (126.9162 37.6188),5930698997,3823586730,11.603222454866666,10.215858999896263,PASS
od_1043,불광,6호선,126.92939,37.610873,pedestrian_support_point,장애인화장실,서울특별시 은평구 연서로29길 31,126.9167,37.6193,1459.481,POINT (126.9167 37.6193),5930698997,3823586784,11.603222454866666,63.559164224240256,PASS
od_1418,응암,6호선,126.915577,37.598605,mobility_facility,라브리지헤어살롱,서울특별시 은평구 서오릉로 134-30,126.9181,37.6116,1459.408,POINT (126.9181 37.6116),8735757178,3819768900,11.20363638320314,21.00248417183239,PASS
od_2452,불광,3호선,126.92982,37.610553,pedestrian_support_point,북한산대창센시티아파트,서울특별시 은평구 불광동  172-18,126.9299,37.6237,1459.193,POINT (126.9299 37.6237),5930698997,3823587831,50.209801741355435,2.7925222424313016,PASS
od_2626,불광,3호선,126.92982,37.610553,pedestrian_support_point,빗물받이,서울특별시 은평구 불광로 179-6,126.9299,37.6237,1459.193,POINT (126.9299 37.6237),5930698997,3823587831,50.209801741355435,2.7925222424313016,PASS
od_2651,불광,3호선,126.92982,37.610553,pedestrian_support_point,빗물받이,서울특별시 은평구 불광로 179-6,126.9299,37.6237,1459.193,POINT (126.9299 37.6237),5930698997,3823587831,50.209801741355435,2.7925222424313016,PASS
od_2276,불광,3호선,126.92982,37.610553,mobility_facility,장철민공인중개사사무소,서울특별시 은평구 통일로82길 15,126.9203,37.6213,1459.188,POINT (126.9203 37.6213),5930698997,3823587053,50.209801741355435,22.270456497501844,PASS
od_2521,불광,3호선,126.92982,37.610553,pedestrian_support_point,맨홀,서울특별시 은평구 역촌동  64-38,126.9155,37.604,1458.694,POINT (126.9155 37.604),5930698997,10789210647,50.209801741355435,14.143037135055984,PASS
od_942,불광,6호선,126.92939,37.610873,mobility_facility,금호부동산,"서울특별시 은평구 응암로 318, 101동 (응암동, 응암동금호아파트)",126.9218,37.5992,1458.662,POINT (126.9218 37.5992),5930698997,11688945311,11.603222454866666,4.7280109508406385,PASS
od_1329,응암,6호선,126.915577,37.598605,mobility_facility,의자1,서울특별시 은평구 은평터널로7길 48,126.9007,37.5929,1458.447,POINT (126.9007 37.5929),8735757178,11729856050,11.20363638320314,27.075038519796927,PASS
od_2775,연신내,3호선,126.921038,37.619229,mobility_facility,이혜정헤어라인,서울특별시 은평구 진흥로12가길 25,126.9294,37.6079,1458.123,POINT (126.9294 37.6079),13357342120,4580539387,32.16422242836125,16.523030255681032,PASS
od_2791,연신내,3호선,126.921038,37.619229,mobility_facility,이혜정헤어라인,서울특별시 은평구 진흥로12가길 25,126.9294,37.6079,1458.123,POINT (126.9294 37.6079),13357342120,4580539387,32.16422242836125,16.523030255681032,PASS
od_2748,연신내,3호선,126.921038,37.619229,mobility_facility,프리롤,서울특별시 은평구 진흥로 201,126.9317,37.6092,1457.795,POINT (126.9317 37.6092),13357342120,11204976893,32.16422242836125,18.599495085750153,PASS
od_2427,불광,3호선,126.92982,37.610553,pedestrian_support_point,장애인화장실,서울특별시 은평구 통일로 873,126.9195,37.6208,1457.274,POINT (126.9195 37.6208),5930698997,4580091946,50.209801741355435,30.800661070172836,PASS
od_992,불광,6호선,126.92939,37.610873,pedestrian_support_point,빗물받이,서울특별시 은평구 불광로 179-6,126.9297,37.624,1457.214,POINT (126.9297 37.624),5930698997,3823587889,11.603222454866666,9.693311760326324,PASS
od_441,독바위,6호선,126.933031,37.618456,mobility_facility,부동산친구공인중개사사무소,서울특별시 은평구 통일로87길 17,126.9177,37.6233,1456.335,POINT (126.9177 37.6233),3824954278,353194381,2.93341759236071,13.809131288868306,PASS
od_442,독바위,6호선,126.933031,37.618456,mobility_facility,연리지부동산공인중개사사무소,서울특별시 은평구 통일로87길 17,126.9177,37.6233,1456.335,POINT (126.9177 37.6233),3824954278,353194381,2.93341759236071,13.809131288868306,PASS
od_1136,불광,6호선,126.92939,37.610873,pedestrian_support_point,맨홀,서울특별시 은평구 역촌동  64-38,126.9155,37.6038,1456.192,POINT (126.9155 37.6038),5930698997,10789210649,11.603222454866666,2.4977257735460636,PASS
od_1326,응암,6호선,126.915577,37.598605,mobility_facility,의자5,서울특별시 은평구 신사동 산 93-12,126.9005,37.5933,1455.861,POINT (126.9005 37.5933),8735757178,11729856050,11.20363638320314,62.20368003821549,PASS
od_393,연신내,6호선,126.920625,37.618636,pedestrian_support_point,쉘터형 택시 승차대,서울특별시 은평구 역촌동  17-55,126.9224,37.6056,1455.318,POINT (126.9224 37.6056),11230505686,436867927,20.028299588559467,16.43398612932405,PASS
od_2980,연신내,3호선,126.921038,37.619229,pedestrian_support_point,맨홀,서울특별시 은평구 연서로9길 5-5,126.9151,37.607,1455.024,POINT (126.9151 37.607),13357342120,10789210633,32.16422242836125,24.834861458125534,PASS
od_862,불광,6호선,126.92939,37.610873,mobility_facility,인간미 헤어,서울특별시 은평구 진흥로1길 4,126.919,37.6007,1454.837,POINT (126.919 37.6007),5930698997,10678122610,11.603222454866666,21.00478087606158,PASS
od_1332,응암,6호선,126.915577,37.598605,mobility_facility,쉼터2,서울특별시 은평구 은평터널로7길 39-17,126.901,37.5925,1454.77,POINT (126.901 37.5925),8735757178,11729856050,11.20363638320314,45.67198536031548,PASS
od_990,불광,6호선,126.92939,37.610873,pedestrian_support_point,빗물받이,서울특별시 은평구 역촌동  45-42,126.9142,37.6058,1454.63,POINT (126.9142 37.6058),5930698997,3820984281,11.603222454866666,11.969549005170151,PASS
od_560,독바위,6호선,126.933031,37.618456,mobility_facility,구립갈현노인복지관,서울특별시 은평구 통일로89길 12-6,126.9187,37.6249,1453.334,POINT (126.9187 37.6249),3824954278,3823588213,2.93341759236071,14.684954679387907,PASS
od_1915,녹번,3호선,126.935756,37.600927,mobility_facility,거장공인중개사사무소,서울특별시 은평구 진흥로 35,126.9193,37.6008,1453.239,POINT (126.9193 37.6008),436867704,10678122590,5.477178362551235,22.482119606318296,PASS
od_223,연신내,6호선,126.920625,37.618636,pedestrian_support_point,장애인화장실,서울특별시 은평구 서오릉로 47,126.9231,37.6057,1452.291,POINT (126.9231 37.6057),11230505686,10678122647,20.028299588559467,25.45355064426953,PASS
od_2252,불광,3호선,126.92982,37.610553,mobility_facility,인간미 헤어,서울특별시 은평구 진흥로1길 4,126.919,37.6007,1452.145,POINT (126.919 37.6007),5930698997,10678122610,50.209801741355435,21.00478087606158,PASS
od_482,독바위,6호선,126.933031,37.618456,mobility_facility,원탑(래미안단지내)공인중개사사무소,서울특별시 은평구 통일로 630,126.9353,37.6055,1451.864,POINT (126.9353 37.6055),3824954278,11207547674,2.93341759236071,22.18544416807933,PASS
od_1444,응암,6호선,126.915577,37.598605,mobility_facility,28. 대주아파트,서울특별시 은평구 응암동  761-9,126.9229,37.5869,1451.205,POINT (126.9229 37.5869),8735757178,7443932734,11.20363638320314,49.26123230820569,PASS
od_313,연신내,6호선,126.920625,37.618636,pedestrian_support_point,맨홀,서울특별시 은평구 진흥로 192,126.9313,37.6087,1450.678,POINT (126.9313 37.6087),11230505686,11178032846,20.028299588559467,4.908142702803897,PASS
od_2297,불광,3호선,126.92982,37.610553,mobility_facility,정보부동산중개인사무소,서울특별시 은평구 통일로 581-2,126.937,37.5988,1450.368,POINT (126.937 37.5988),5930698997,3811678114,50.209801741355435,29.286734448860155,PASS
od_2286,불광,3호선,126.92982,37.610553,mobility_facility,청수공인중개사사무소,서울특별시 은평구 통일로 581-2,126.937,37.5988,1450.368,POINT (126.937 37.5988),5930698997,3811678114,50.209801741355435,29.286734448860155,PASS
od_2945,연신내,3호선,126.921038,37.619229,pedestrian_support_point,맨홀,서울특별시 은평구 대조동  15-178,126.9311,37.6089,1450.336,POINT (126.9311 37.6089),13357342120,10678122761,32.16422242836125,7.19333684068632,PASS
od_553,독바위,6호선,126.933031,37.618456,mobility_facility,만포면옥,서울특별시 은평구 연서로 171,126.9175,37.6142,1450.287,POINT (126.9175 37.6142),3824954278,13734502231,2.93341759236071,11.412836264443412,PASS
od_2419,불광,3호선,126.92982,37.610553,pedestrian_support_point,장애인화장실,서울특별시 은평구 갈현로14길 32,126.9141,37.6068,1449.186,POINT (126.9141 37.6068),5930698997,3820984134,50.209801741355435,27.759040185976865,PASS
od_1647,응암,6호선,126.915577,37.598605,pedestrian_support_point,구산,서울특별시 은평구 연서로 143,126.9171,37.6116,1448.559,POINT (126.9171 37.6116),8735757178,10678122461,11.20363638320314,3.680887247345679,PASS
od_2108,녹번,3호선,126.935756,37.600927,pedestrian_support_point,맨홀,"서울특별시 은평구 응암로30길 16, 102동 (응암동, 백련산에스케이뷰아이파크)",126.9217,37.5942,1448.532,POINT (126.9217 37.5942),436867704,9764159803,5.477178362551235,26.03280413129449,PASS
od_1999,녹번,3호선,126.935756,37.600927,pedestrian_support_point,빗물받이,"서울특별시 은평구 응암로30길 16, 102동 (응암동, 백련산에스케이뷰아이파크)",126.9217,37.5942,1448.532,POINT (126.9217 37.5942),436867704,9764159803,5.477178362551235,26.03280413129449,PASS
od_2283,불광,3호선,126.92982,37.610553,mobility_facility,대한민국부동산공인중개사사무소,서울특별시 은평구 통일로83길 5-9,126.9192,37.6205,1448.444,POINT (126.9192 37.6205),5930698997,3823586885,50.209801741355435,11.099717380922833,PASS
od_756,독바위,6호선,126.933031,37.618456,pedestrian_support_point,빗물받이,서울특별시 은평구 갈현로 294,126.9179,37.6235,1448.373,POINT (126.9179 37.6235),3824954278,353194381,2.93341759236071,14.6765822428947,PASS
od_2553,불광,3호선,126.92982,37.610553,pedestrian_support_point,맨홀,서울특별시 은평구 불광로 179-6,126.93,37.6236,1448.165,POINT (126.93 37.6236),5930698997,3823587796,50.209801741355435,9.692820124103024,PASS
od_1198,불광,6호선,126.92939,37.610873,pedestrian_support_point,맨홀,서울특별시 은평구 통일로 895-2,126.9197,37.6214,1448.111,POINT (126.9197 37.6214),5930698997,11230505659,11.603222454866666,39.58349013296481,PASS
od_2568,불광,3호선,126.92982,37.610553,pedestrian_support_point,맨홀,서울특별시 은평구 역촌동  45-42,126.9145,37.6059,1447.949,POINT (126.9145 37.6059),5930698997,4584756059,50.209801741355435,10.046254226479064,PASS
od_2253,불광,3호선,126.92982,37.610553,mobility_facility,컴포즈커피역말사거리점,서울특별시 은평구 역말로 40,126.9146,37.6057,1447.816,POINT (126.9146 37.6057),5930698997,4584756059,50.209801741355435,15.604704510750556,PASS
od_478,독바위,6호선,126.933031,37.618456,mobility_facility,01.  시립은평노인종합복지관,서울특별시 은평구 진관동  140-3,126.931,37.6314,1447.792,POINT (126.931 37.6314),3824954278,5310076760,2.93341759236071,28.53205180117579,PASS
od_2579,불광,3호선,126.92982,37.610553,pedestrian_support_point,맨홀,서울특별시 은평구 역촌동  64-38,126.9155,37.6042,1447.753,POINT (126.9155 37.6042),5930698997,10789210647,50.209801741355435,9.420527619673726,PASS
od_440,독바위,6호선,126.933031,37.618456,mobility_facility,예스부동산공인중개사사무소,서울특별시 은평구 통일로 660,126.9358,37.6056,1447.671,POINT (126.9358 37.6056),3824954278,3811715832,2.93341759236071,24.549675950942884,PASS
od_439,독바위,6호선,126.933031,37.618456,mobility_facility,좋은예감(단지내)공인중개사사무소,서울특별시 은평구 통일로 660,126.9358,37.6056,1447.671,POINT (126.9358 37.6056),3824954278,3811715832,2.93341759236071,24.549675950942884,PASS
od_1203,불광,6호선,126.92939,37.610873,pedestrian_support_point,과속방지턱,서울특별시 은평구 갈현동  459-1,126.916,37.6184,1447.594,POINT (126.916 37.6184),5930698997,3823586667,11.603222454866666,9.300003614407768,PASS
od_57,연신내,6호선,126.920625,37.618636,mobility_facility,부동산재테크공인중개사사무소,서울특별시 은평구 연서로 78,126.9157,37.6062,1447.139,POINT (126.9157 37.6062),11230505686,10789210638,20.028299588559467,24.316972838814074,PASS
od_1276,불광,6호선,126.92939,37.610873,pedestrian_support_point,빗물받이,서울특별시 은평구 역촌동  45-42,126.9143,37.6058,1446.493,POINT (126.9143 37.6058),5930698997,4584756059,11.603222454866666,16.774344909592593,PASS
od_2492,불광,3호선,126.92982,37.610553,pedestrian_support_point,맨홀,서울특별시 은평구 불광동  484-81,126.9202,37.6211,1446.267,POINT (126.9202 37.6211),5930698997,5273692779,50.209801741355435,8.333138835269724,PASS
od_2331,불광,3호선,126.92982,37.610553,mobility_facility,금호부동산,"서울특별시 은평구 응암로 318, 101동 (응암동, 응암동금호아파트)",126.9218,37.5992,1445.43,POINT (126.9218 37.5992),5930698997,11688945311,50.209801741355435,4.7280109508406385,PASS
od_2581,불광,3호선,126.92982,37.610553,pedestrian_support_point,과속방지턱,서울특별시 은평구 역촌동  64-38,126.9154,37.6044,1444.846,POINT (126.9154 37.6044),5930698997,10789210647,50.209801741355435,31.259705461599054,PASS
od_613,독바위,6호선,126.933031,37.618456,pedestrian_support_point,장애인화장실,서울특별시 은평구 연서로29길 31,126.9167,37.6193,1444.824,POINT (126.9167 37.6193),3824954278,3823586784,2.93341759236071,63.559164224240256,PASS
od_51,연신내,6호선,126.920625,37.618636,mobility_facility,푸르지오공인중개사사무소,서울특별시 은평구 연서로 78,126.9158,37.6062,1444.51,POINT (126.9158 37.6062),11230505686,10789210638,20.028299588559467,29.96655925863777,PASS
od_1140,불광,6호선,126.92939,37.610873,pedestrian_support_point,맨홀,서울특별시 은평구 역촌동  64-38,126.9155,37.604,1444.345,POINT (126.9155 37.604),5930698997,10789210647,11.603222454866666,14.143037135055984,PASS
od_954,불광,6호선,126.92939,37.610873,mobility_facility,역촌동주민센터,서울특별시 은평구 연서로 59,126.9152,37.6044,1444.313,POINT (126.9152 37.6044),5930698997,10789210647,11.603222454866666,38.26104260520466,PASS
od_1230,불광,6호선,126.92939,37.610873,pedestrian_support_point,역촌동주민센터,서울특별시 은평구 연서로 59,126.9152,37.6044,1444.313,POINT (126.9152 37.6044),5930698997,10789210647,11.603222454866666,38.26104260520466,PASS
od_1255,불광,6호선,126.92939,37.610873,pedestrian_support_point,역촌동주민센터,서울특별시 은평구 연서로 59,126.9152,37.6044,1444.313,POINT (126.9152 37.6044),5930698997,10789210647,11.603222454866666,38.26104260520466,PASS
od_1028,불광,6호선,126.92939,37.610873,pedestrian_support_point,장애인화장실,서울특별시 은평구 연서로 59,126.9152,37.6044,1444.313,POINT (126.9152 37.6044),5930698997,10789210647,11.603222454866666,38.26104260520466,PASS
od_1029,불광,6호선,126.92939,37.610873,pedestrian_support_point,장애인화장실,서울특별시 은평구 연서로 59,126.9152,37.6044,1444.313,POINT (126.9152 37.6044),5930698997,10789210647,11.603222454866666,38.26104260520466,PASS
od_1328,응암,6호선,126.915577,37.598605,mobility_facility,의자3,서울특별시 은평구 은평터널로7길 48,126.9007,37.5932,1444.3,POINT (126.9007 37.5932),8735757178,11729856050,11.20363638320314,42.029357049585265,PASS
od_1394,응암,6호선,126.915577,37.598605,mobility_facility,큰사랑 온누리약국,서울특별시 은평구 서오릉로 149,126.9164,37.6116,1444.133,POINT (126.9164 37.6116),8735757178,10789210622,11.20363638320314,5.565090659714759,PASS
od_2840,연신내,3호선,126.921038,37.619229,pedestrian_support_point,빗물받이,서울특별시 은평구 불광동  285-56,126.9313,37.6091,1443.868,POINT (126.9313 37.6091),13357342120,5273692793,32.16422242836125,5.348711882873894,PASS
od_2216,불광,3호선,126.92982,37.610553,mobility_facility,16. 역말 사거리 ,서울특별시 은평구 역말로 40,126.9147,37.6056,1443.814,POINT (126.9147 37.6056),5930698997,3822944311,50.209801741355435,21.62723088069917,PASS
od_1397,응암,6호선,126.915577,37.598605,mobility_facility,쿠아레비(구산),서울특별시 은평구 서오릉로 149,126.9163,37.6116,1443.716,POINT (126.9163 37.6116),8735757178,10789210622,11.20363638320314,12.792520235589928,PASS
od_900,불광,6호선,126.92939,37.610873,mobility_facility,수지공인중개사사무소,서울특별시 은평구 백련산로 147,126.9252,37.5983,1443.68,POINT (126.9252 37.5983),5930698997,3811327004,11.603222454866666,9.726727973862403,PASS
od_484,독바위,6호선,126.933031,37.618456,mobility_facility,10. 세명컴퓨터고등학교,서울특별시 은평구 통일로 895-2,126.9199,37.6262,1443.098,POINT (126.9199 37.6262),3824954278,11230505704,2.93341759236071,27.79253603048261,PASS
od_1354,응암,6호선,126.915577,37.598605,mobility_facility,고구마공인중개사사무소,서울특별시 은평구 가좌로7길 27,126.9184,37.5858,1442.915,POINT (126.9184 37.5858),8735757178,3811441078,11.20363638320314,16.7180177073698,PASS
od_906,불광,6호선,126.92939,37.610873,mobility_facility,27.  역촌상가,서울특별시 은평구 역촌동  45-42,126.9144,37.6057,1442.745,POINT (126.9144 37.6057),5930698997,4584756059,11.603222454866666,14.576215997895634,PASS
od_348,연신내,6호선,126.920625,37.618636,pedestrian_support_point,맨홀,서울특별시 은평구 서오릉로 63,126.9232,37.6058,1442.685,POINT (126.9232 37.6058),11230505686,10678122647,20.028299588559467,11.735277797274414,PASS
od_1933,녹번,3호선,126.935756,37.600927,mobility_facility,디온,서울특별시 은평구 응암로 291,126.92,37.5975,1442.439,POINT (126.92 37.5975),436867704,3811554497,5.477178362551235,19.081393407250047,PASS
od_599,독바위,6호선,126.933031,37.618456,pedestrian_support_point,빗물받이,서울특별시 은평구 연서로27길 26,126.9167,37.6186,1441.88,POINT (126.9167 37.6186),3824954278,3823586708,2.93341759236071,10.214889202050852,PASS
od_432,독바위,6호선,126.933031,37.618456,mobility_facility,은평중심공인중개사사무소,서울특별시 은평구 연서로23길 7,126.9171,37.6156,1441.782,POINT (126.9171 37.6156),3824954278,4580111219,2.93341759236071,22.432053920095864,PASS
od_736,독바위,6호선,126.933031,37.618456,pedestrian_support_point,빗물받이,서울특별시 은평구 갈현로 294,126.918,37.6235,1440.235,POINT (126.918 37.6235),3824954278,353194381,2.93341759236071,21.693099787557752,PASS
od_2197,불광,3호선,126.92982,37.610553,mobility_facility,24.  역말  사거리,서울특별시 은평구 역촌동  45-42,126.9146,37.6059,1439.703,POINT (126.9146 37.6059),5930698997,4584756059,50.209801741355435,13.930153044146424,PASS
od_2633,불광,3호선,126.92982,37.610553,pedestrian_support_point,빗물받이,서울특별시 은평구 역촌동  45-42,126.9146,37.6059,1439.703,POINT (126.9146 37.6059),5930698997,4584756059,50.209801741355435,13.930153044146424,PASS
od_919,불광,6호선,126.92939,37.610873,mobility_facility,골드샤인,서울특별시 은평구 은평로 116,126.9207,37.5999,1439.46,POINT (126.9207 37.5999),5930698997,3811554559,11.603222454866666,27.263779137397233,PASS
od_912,불광,6호선,126.92939,37.610873,mobility_facility,금호공인중개사사무소,서울특별시 은평구 응암로 318,126.9223,37.5992,1438.911,POINT (126.9223 37.5992),5930698997,11688945276,11.603222454866666,7.995628506746649,PASS
od_996,불광,6호선,126.92939,37.610873,pedestrian_support_point,빗물받이,서울특별시 은평구 연서로27길 26,126.9164,37.6187,1438.753,POINT (126.9164 37.6187),5930698997,3823586708,11.603222454866666,18.571432795698463,PASS
od_1321,응암,6호선,126.915577,37.598605,mobility_facility,의자8,서울특별시 은평구 신사동 산 93-8,126.9005,37.5937,1438.475,POINT (126.9005 37.5937),8735757178,11729856001,11.20363638320314,55.233625607316824,PASS
od_2860,연신내,3호선,126.921038,37.619229,pedestrian_support_point,장애인화장실,서울특별시 은평구 진흥로 191,126.9307,37.6088,1437.896,POINT (126.9307 37.6088),13357342120,8461842574,32.16422242836125,32.65883949687224,PASS
od_94,연신내,6호선,126.920625,37.618636,mobility_facility,병천순대국왕족발,서울특별시 은평구 연서로9길 28,126.9121,37.6076,1437.659,POINT (126.9121 37.6076),11230505686,3820983950,20.028299588559467,11.026737266684826,PASS
od_1586,응암,6호선,126.915577,37.598605,pedestrian_support_point,빗물받이,서울특별시 은평구 갈현동  536-9,126.9171,37.6115,1437.509,POINT (126.9171 37.6115),8735757178,10678122535,11.20363638320314,4.990830024367615,PASS
od_1333,응암,6호선,126.915577,37.598605,mobility_facility,쉼터1,서울특별시 은평구 은평터널로7길 39-18,126.9011,37.5927,1436.698,POINT (126.9011 37.5927),8735757178,11729856050,11.20363638320314,24.820355553953938,PASS
od_918,불광,6호선,126.92939,37.610873,mobility_facility,알레르망,서울특별시 은평구 응암로 319,126.9214,37.5996,1436.391,POINT (126.9214 37.5996),5930698997,4631404116,11.603222454866666,23.439106868699216,PASS
od_1327,응암,6호선,126.915577,37.598605,mobility_facility,의자2,서울특별시 은평구 은평터널로7길 48,126.9008,37.5932,1436.271,POINT (126.9008 37.5932),8735757178,11729856050,11.20363638320314,36.979146575853854,PASS
od_2304,불광,3호선,126.92982,37.610553,mobility_facility,박채김치찌개구산역점,서울특별시 은평구 서오릉로 178,126.9139,37.6132,1436.005,POINT (126.9139 37.6132),5930698997,10678122450,50.209801741355435,28.47391710862614,PASS
od_905,불광,6호선,126.92939,37.610873,mobility_facility,갈현알곡공인중개사사무소,서울특별시 은평구 갈현로 222,126.915,37.6169,1435.848,POINT (126.915 37.6169),5930698997,3823586486,11.603222454866666,17.353332100605147,PASS
od_2256,불광,3호선,126.92982,37.610553,mobility_facility,동주루,서울특별시 은평구 연서로4길 10-1,126.9172,37.6024,1435.477,POINT (126.9172 37.6024),5930698997,3819767635,50.209801741355435,8.84328730768997,PASS
od_2961,연신내,3호선,126.921038,37.619229,pedestrian_support_point,맨홀,서울특별시 은평구 통일로 716-2,126.9313,37.6092,1435.243,POINT (126.9313 37.6092),13357342120,11178032842,32.16422242836125,5.903164963173508,PASS
od_2989,연신내,3호선,126.921038,37.619229,pedestrian_support_point,맨홀,서울특별시 은평구 통일로 716-2,126.9313,37.6092,1435.243,POINT (126.9313 37.6092),13357342120,11178032842,32.16422242836125,5.903164963173508,PASS
od_1132,불광,6호선,126.92939,37.610873,pedestrian_support_point,맨홀,서울특별시 은평구 불광로 179-6,126.9298,37.6238,1435.215,POINT (126.9298 37.6238),5930698997,3823587844,11.603222454866666,7.666658005518447,PASS
od_1274,불광,6호선,126.92939,37.610873,pedestrian_support_point,빗물받이,서울특별시 은평구 불광로 179-6,126.9298,37.6238,1435.215,POINT (126.9298 37.6238),5930698997,3823587844,11.603222454866666,7.666658005518447,PASS
od_2665,연신내,3호선,126.921038,37.619229,mobility_facility,성신공인중개사사무소,서울특별시 은평구 서오릉로7길 11,126.9213,37.6063,1435.166,POINT (126.9213 37.6063),13357342120,3819767996,32.16422242836125,23.38601134782119,PASS
od_1219,불광,6호선,126.92939,37.610873,pedestrian_support_point,북한산대창센시티아파트,서울특별시 은평구 불광로 199,126.9297,37.6238,1435.02,POINT (126.9297 37.6238),5930698997,3823587889,11.603222454866666,14.256969108404567,PASS
od_2373,불광,3호선,126.92982,37.610553,pedestrian_support_point,빗물받이,서울특별시 은평구 연서로27길 26,126.917,37.6185,1434.969,POINT (126.917 37.6185),5930698997,3823586693,50.209801741355435,11.179798217405779,PASS
od_1972,녹번,3호선,126.935756,37.600927,mobility_facility,자금성,서울특별시 은평구 응암로 288,126.9202,37.5972,1434.656,POINT (126.9202 37.5972),436867704,3811554497,5.477178362551235,18.696155522886112,PASS
od_1651,응암,6호선,126.915577,37.598605,pedestrian_support_point,지하철환기구,서울특별시 은평구 구산동  1-19,126.9167,37.6115,1434.636,POINT (126.9167 37.6115),8735757178,10678122431,11.20363638320314,8.74888804995012,PASS
od_230,연신내,6호선,126.920625,37.618636,pedestrian_support_point,장애인화장실,서울특별시 은평구 갈현로14길 32,126.9141,37.6068,1434.443,POINT (126.9141 37.6068),11230505686,3820984134,20.028299588559467,27.759040185976865,PASS
od_32,연신내,6호선,126.920625,37.618636,mobility_facility,신성공인중개사사무소,서울특별시 은평구 연서로9길 21,126.9126,37.6074,1434.305,POINT (126.9126 37.6074),11230505686,3820983937,20.028299588559467,15.803064092383703,PASS
od_1083,불광,6호선,126.92939,37.610873,pedestrian_support_point,청구성심병원,서울특별시 은평구 통일로83길 6,126.9193,37.621,1434.201,POINT (126.9193 37.621),5930698997,353194436,11.603222454866666,8.657079706876354,PASS
od_2910,연신내,3호선,126.921038,37.619229,pedestrian_support_point,미주아트빌,서울특별시 은평구 연서로9길 5,126.9145,37.6074,1434.191,POINT (126.9145 37.6074),13357342120,3820984066,32.16422242836125,12.684633914968801,PASS
od_3005,연신내,3호선,126.921038,37.619229,pedestrian_support_point,불광역3호선.서울혁신파크,서울특별시 은평구 통일로 707,126.9311,37.6091,1432.853,POINT (126.9311 37.6091),13357342120,5273692793,32.16422242836125,12.534183725817295,PASS
od_100,연신내,6호선,126.920625,37.618636,mobility_facility,프리롤,서울특별시 은평구 진흥로 201,126.9317,37.6092,1432.816,POINT (126.9317 37.6092),11230505686,11204976893,20.028299588559467,18.599495085750153,PASS
od_1200,불광,6호선,126.92939,37.610873,pedestrian_support_point,맨홀,서울특별시 은평구 역촌동  64-38,126.9155,37.6042,1432.743,POINT (126.9155 37.6042),5930698997,10789210647,11.603222454866666,9.420527619673726,PASS
od_685,독바위,6호선,126.933031,37.618456,pedestrian_support_point,맨홀,서울특별시 은평구 연서로18길 3-28,126.9179,37.6138,1432.359,POINT (126.9179 37.6138),3824954278,13734502239,2.93341759236071,24.925379255716575,PASS
od_2481,불광,3호선,126.92982,37.610553,pedestrian_support_point,역촌동주민센터,서울특별시 은평구 역촌동  45-42,126.9148,37.6057,1431.439,POINT (126.9148 37.6057),5930698997,4584756059,50.209801741355435,29.922602404916265,PASS
od_1114,불광,6호선,126.92939,37.610873,pedestrian_support_point,맨홀,서울특별시 은평구 구산동  195-5,126.9134,37.613,1431.412,POINT (126.9134 37.613),5930698997,10678122449,11.603222454866666,50.155390113696065,PASS
od_1896,녹번,3호선,126.935756,37.600927,mobility_facility,초록빛,서울특별시 은평구 응암로 291,126.9201,37.5976,1431.017,POINT (126.9201 37.5976),436867704,3811326849,5.477178362551235,26.921072944668563,PASS
od_2307,불광,3호선,126.92982,37.610553,mobility_facility,골드샤인,서울특별시 은평구 은평로 116,126.9207,37.5999,1430.563,POINT (126.9207 37.5999),5930698997,3811554559,50.209801741355435,27.263779137397233,PASS
od_866,불광,6호선,126.92939,37.610873,mobility_facility,형제세탁소,서울특별시 은평구 연서로11길 20-4,126.9134,37.6088,1430.475,POINT (126.9134 37.6088),5930698997,4584669561,11.603222454866666,15.202986423803189,PASS
od_1324,응암,6호선,126.915577,37.598605,mobility_facility,의자7,서울특별시 은평구 신사동 산 93-8,126.9006,37.5937,1430.305,POINT (126.9006 37.5937),8735757178,11729856001,11.20363638320314,63.89379687953459,PASS
od_817,불광,6호선,126.92939,37.610873,mobility_facility,거장공인중개사사무소,서울특별시 은평구 진흥로 35,126.9193,37.6008,1429.582,POINT (126.9193 37.6008),5930698997,10678122590,11.603222454866666,22.482119606318296,PASS
od_867,불광,6호선,126.92939,37.610873,mobility_facility,동주루,서울특별시 은평구 연서로4길 10-1,126.9172,37.6024,1429.318,POINT (126.9172 37.6024),5930698997,3819767635,11.603222454866666,8.84328730768997,PASS
od_247,연신내,6호선,126.920625,37.618636,pedestrian_support_point,역촌,서울특별시 은평구 서오릉로 63,126.923,37.6059,1429.028,POINT (126.923 37.6059),11230505686,8460926747,20.028299588559467,17.73207227050489,PASS
od_1202,불광,6호선,126.92939,37.610873,pedestrian_support_point,과속방지턱,서울특별시 은평구 역촌동  64-38,126.9154,37.6044,1429.02,POINT (126.9154 37.6044),5930698997,10789210647,11.603222454866666,31.259705461599054,PASS
od_2682,연신내,3호선,126.921038,37.619229,mobility_facility,정혜영헤어큐,"서울특별시 은평구 진관1로 21-9, 106동 (진관동, 은평뉴타운 박석고개)",126.921,37.6321,1428.549,POINT (126.921 37.6321),13357342120,11150009642,32.16422242836125,20.367148514425438,PASS
od_2767,연신내,3호선,126.921038,37.619229,mobility_facility,정혜영헤어큐,"서울특별시 은평구 진관1로 21-9, 106동 (진관동, 은평뉴타운 박석고개)",126.921,37.6321,1428.549,POINT (126.921 37.6321),13357342120,11150009642,32.16422242836125,20.367148514425438,PASS
od_1895,녹번,3호선,126.935756,37.600927,mobility_facility,임가네갈비탕,서울특별시 은평구 응암로 291-1,126.9201,37.5977,1428.193,POINT (126.9201 37.5977),436867704,3811326849,5.477178362551235,24.319862603107044,PASS
od_809,불광,6호선,126.92939,37.610873,mobility_facility,탑공인중개사사무소,"서울특별시 은평구 연서로21길 33, A동 (갈현동, 뉴아름빌)",126.9143,37.6155,1427.872,POINT (126.9143 37.6155),5930698997,3823586258,11.603222454866666,15.44365546833936,PASS
od_600,독바위,6호선,126.933031,37.618456,pedestrian_support_point,빗물받이,서울특별시 은평구 갈현로 294,126.9181,37.6234,1427.803,POINT (126.9181 37.6234),3824954278,353194381,2.93341759236071,27.702079612714964,PASS
od_2541,불광,3호선,126.92982,37.610553,pedestrian_support_point,맨홀,서울특별시 은평구 구산동  195-5,126.9139,37.6128,1427.587,POINT (126.9139 37.6128),5930698997,10678122449,50.209801741355435,5.896979575038053,PASS
od_2215,불광,3호선,126.92982,37.610553,mobility_facility,13. 역말 사거리 ,서울특별시 은평구 역말로 41,126.9147,37.606,1427.497,POINT (126.9147 37.606),5930698997,4584756059,50.209801741355435,28.081587968804246,PASS
od_2247,불광,3호선,126.92982,37.610553,mobility_facility,연세부동산,서울특별시 은평구 역말로 41,126.9147,37.606,1427.497,POINT (126.9147 37.606),5930698997,4584756059,50.209801741355435,28.081587968804246,PASS
od_2316,불광,3호선,126.92982,37.610553,mobility_facility,행복양꼬치,서울특별시 은평구 역말로 41,126.9147,37.606,1427.497,POINT (126.9147 37.606),5930698997,4584756059,50.209801741355435,28.081587968804246,PASS
od_864,불광,6호선,126.92939,37.610873,mobility_facility,컴포즈커피역말사거리점,서울특별시 은평구 역말로 40,126.9146,37.6057,1426.561,POINT (126.9146 37.6057),5930698997,4584756059,11.603222454866666,15.604704510750556,PASS
od_1323,응암,6호선,126.915577,37.598605,mobility_facility,의자6,서울특별시 은평구 신사동 산 93-8,126.9007,37.5936,1426.429,POINT (126.9007 37.5936),8735757178,11729856001,11.20363638320314,71.76282221066778,PASS
od_2208,불광,3호선,126.92982,37.610553,mobility_facility,거장공인중개사사무소,서울특별시 은평구 진흥로 35,126.9193,37.6008,1426.413,POINT (126.9193 37.6008),5930698997,10678122590,50.209801741355435,22.482119606318296,PASS
od_1189,불광,6호선,126.92939,37.610873,pedestrian_support_point,맨홀,서울특별시 은평구 역촌동  45-42,126.9145,37.6059,1425.909,POINT (126.9145 37.6059),5930698997,4584756059,11.603222454866666,10.046254226479064,PASS
od_2250,불광,3호선,126.92982,37.610553,mobility_facility,예일부동산,서울특별시 은평구 연서로13길 19,126.9137,37.6098,1425.774,POINT (126.9137 37.6098),5930698997,3820983863,50.209801741355435,19.464777977409067,PASS
od_515,독바위,6호선,126.933031,37.618456,mobility_facility,대영공인중개사사무소,서울특별시 은평구 연서로18길 14,126.919,37.6121,1425.571,POINT (126.919 37.6121),3824954278,3819769006,2.93341759236071,36.067131538815794,PASS
od_2306,불광,3호선,126.92982,37.610553,mobility_facility,알레르망,서울특별시 은평구 응암로 319,126.9214,37.5996,1425.001,POINT (126.9214 37.5996),5930698997,4631404116,50.209801741355435,23.439106868699216,PASS
od_1070,불광,6호선,126.92939,37.610873,pedestrian_support_point,북한산대창센시티아파트,서울특별시 은평구 불광동  172-18,126.9299,37.6237,1424.372,POINT (126.9299 37.6237),5930698997,3823587831,11.603222454866666,2.7925222424313016,PASS
od_1247,불광,6호선,126.92939,37.610873,pedestrian_support_point,빗물받이,서울특별시 은평구 불광로 179-6,126.9299,37.6237,1424.372,POINT (126.9299 37.6237),5930698997,3823587831,11.603222454866666,2.7925222424313016,PASS
od_1275,불광,6호선,126.92939,37.610873,pedestrian_support_point,빗물받이,서울특별시 은평구 불광로 179-6,126.9299,37.6237,1424.372,POINT (126.9299 37.6237),5930698997,3823587831,11.603222454866666,2.7925222424313016,PASS
od_2300,불광,3호선,126.92982,37.610553,mobility_facility,금호공인중개사사무소,서울특별시 은평구 응암로 318,126.9223,37.5992,1424.318,POINT (126.9223 37.5992),5930698997,11688945276,50.209801741355435,7.995628506746649,PASS
od_1036,불광,6호선,126.92939,37.610873,pedestrian_support_point,장애인화장실,서울특별시 은평구 갈현로14길 32,126.9141,37.6068,1423.735,POINT (126.9141 37.6068),5930698997,3820984134,11.603222454866666,27.759040185976865,PASS
od_825,불광,6호선,126.92939,37.610873,mobility_facility,16. 역말 사거리 ,서울특별시 은평구 역말로 40,126.9147,37.6056,1423.012,POINT (126.9147 37.6056),5930698997,3822944311,11.603222454866666,21.62723088069917,PASS
od_1293,응암,6호선,126.915577,37.598605,mobility_facility,쉼터11,서울특별시 은평구 신사동 산 48-2,126.9004,37.6029,1422.482,POINT (126.9004 37.6029),8735757178,11655568445,11.20363638320314,159.8990824869909,WARNING
od_308,연신내,6호선,126.920625,37.618636,pedestrian_support_point,맨홀,서울특별시 은평구 대조동  15-178,126.9311,37.6089,1422.331,POINT (126.9311 37.6089),11230505686,10678122761,20.028299588559467,7.19333684068632,PASS
od_162,연신내,6호선,126.920625,37.618636,mobility_facility,쿠아레비,서울특별시 은평구 진흥로 101,126.9224,37.6059,1422.22,POINT (126.9224 37.6059),11230505686,10789220052,20.028299588559467,10.869712515046412,PASS
od_1907,녹번,3호선,126.935756,37.600927,mobility_facility,행복한공인중개사사무소,서울특별시 은평구 은평로8길 20,126.9199,37.5987,1421.855,POINT (126.9199 37.5987),436867704,4583412593,5.477178362551235,37.834447105303255,PASS
od_129,연신내,6호선,126.920625,37.618636,mobility_facility,이혜정헤어라인,서울특별시 은평구 진흥로12가길 25,126.9294,37.6079,1421.308,POINT (126.9294 37.6079),11230505686,4580539387,20.028299588559467,16.523030255681032,PASS
od_145,연신내,6호선,126.920625,37.618636,mobility_facility,이혜정헤어라인,서울특별시 은평구 진흥로12가길 25,126.9294,37.6079,1421.308,POINT (126.9294 37.6079),11230505686,4580539387,20.028299588559467,16.523030255681032,PASS
od_665,독바위,6호선,126.933031,37.618456,pedestrian_support_point,대조동주민센터,서울특별시 은평구 연서로18길 3-28,126.9179,37.6141,1420.683,POINT (126.9179 37.6141),3824954278,10678122511,2.93341759236071,12.224447143044427,PASS
od_2605,불광,3호선,126.92982,37.610553,pedestrian_support_point,청구성심병원후문,서울특별시 은평구 갈현동  420-35,126.9194,37.6203,1420.095,POINT (126.9194 37.6203),5930698997,3823586828,50.209801741355435,11.728906971695977,PASS
od_2288,불광,3호선,126.92982,37.610553,mobility_facility,수지공인중개사사무소,서울특별시 은평구 백련산로 147,126.9252,37.5983,1419.82,POINT (126.9252 37.5983),5930698997,3811327004,50.209801741355435,9.726727973862403,PASS
od_2563,불광,3호선,126.92982,37.610553,pedestrian_support_point,맨홀,서울특별시 은평구 구산동  195-5,126.914,37.6128,1418.895,POINT (126.914 37.6128),5930698997,353194173,50.209801741355435,9.645996848153478,PASS
od_1292,응암,6호선,126.915577,37.598605,mobility_facility,마리아공인중개사사무소,서울특별시 은평구 가좌로7길 22,126.9189,37.5861,1418.604,POINT (126.9189 37.5861),8735757178,4583165775,11.20363638320314,17.36266837357834,PASS
od_853,불광,6호선,126.92939,37.610873,mobility_facility,불광작은예수의집,서울특별시 은평구 연서로37길 21-5,126.9262,37.6234,1418.601,POINT (126.9262 37.6234),5930698997,3823587789,11.603222454866666,17.424348942416625,PASS
od_172,연신내,6호선,126.920625,37.618636,mobility_facility,역촌역,서울특별시 은평구 서오릉로 63,126.923,37.606,1418.05,POINT (126.923 37.606),11230505686,8460926747,20.028299588559467,11.080562328111156,PASS
od_400,연신내,6호선,126.920625,37.618636,pedestrian_support_point,역촌역,서울특별시 은평구 서오릉로 63,126.923,37.606,1418.05,POINT (126.923 37.606),11230505686,8460926747,20.028299588559467,11.080562328111156,PASS
od_220,연신내,6호선,126.920625,37.618636,pedestrian_support_point,장애인화장실,서울특별시 은평구 서오릉로 63,126.923,37.606,1418.05,POINT (126.923 37.606),11230505686,8460926747,20.028299588559467,11.080562328111156,PASS
od_2782,연신내,3호선,126.921038,37.619229,mobility_facility,온나라공인중개사사무소,서울특별시 은평구 역말로7길 5,126.9179,37.6067,1417.916,POINT (126.9179 37.6067),13357342120,3819768028,32.16422242836125,24.397915944260838,PASS
od_806,불광,6호선,126.92939,37.610873,mobility_facility,24.  역말  사거리,서울특별시 은평구 역촌동  45-42,126.9146,37.6059,1417.771,POINT (126.9146 37.6059),5930698997,4584756059,11.603222454866666,13.930153044146424,PASS
od_1256,불광,6호선,126.92939,37.610873,pedestrian_support_point,빗물받이,서울특별시 은평구 역촌동  45-42,126.9146,37.6059,1417.771,POINT (126.9146 37.6059),5930698997,4584756059,11.603222454866666,13.930153044146424,PASS
od_1893,녹번,3호선,126.935756,37.600927,mobility_facility,미소공인중개사사무소,서울특별시 은평구 백련산로2길 19,126.9244,37.5919,1417.582,POINT (126.9244 37.5919),436867704,7443851042,5.477178362551235,34.82933802289641,PASS
od_196,연신내,6호선,126.920625,37.618636,pedestrian_support_point,빗물받이,서울특별시 은평구 불광동  285-56,126.9313,37.6091,1417.221,POINT (126.9313 37.6091),11230505686,5273692793,20.028299588559467,5.348711882873894,PASS
od_2145,녹번,3호선,126.935756,37.600927,pedestrian_support_point,빗물받이,"서울특별시 은평구 응암로30길 16, 102동 (응암동, 백련산에스케이뷰아이파크)",126.9222,37.5941,1416.783,POINT (126.9222 37.5941),436867704,3811325354,5.477178362551235,14.77740163788812,PASS
od_644,독바위,6호선,126.933031,37.618456,pedestrian_support_point,은평연세병원,서울특별시 은평구 갈현동  530-9,126.9177,37.6147,1416.283,POINT (126.9177 37.6147),3824954278,13734502230,2.93341759236071,10.027825011722237,PASS
od_1985,녹번,3호선,126.935756,37.600927,mobility_facility,홈즈공인중개사사무소,서울특별시 은평구 진흥로7가길 2,126.9204,37.6046,1415.952,POINT (126.9204 37.6046),436867704,4583516173,5.477178362551235,19.366225256234117,PASS
od_913,불광,6호선,126.92939,37.610873,mobility_facility,똘레랑스,서울특별시 은평구 연서로21길 31,126.9144,37.6154,1415.661,POINT (126.9144 37.6154),5930698997,3823586258,11.603222454866666,24.64105124034121,PASS
od_2901,연신내,3호선,126.921038,37.619229,pedestrian_support_point,지하철환기구,서울특별시 은평구 통일로 716-2,126.9311,37.6093,1415.503,POINT (126.9311 37.6093),13357342120,11228574127,32.16422242836125,19.32201926641998,PASS
od_884,불광,6호선,126.92939,37.610873,mobility_facility,머스트부동산공인중개사사무소,서울특별시 은평구 연서로29길 24,126.9177,37.6196,1415.426,POINT (126.9177 37.6196),5930698997,3823586771,11.603222454866666,9.430536821860157,PASS
od_2540,불광,3호선,126.92982,37.610553,pedestrian_support_point,맨홀,서울특별시 은평구 불광로 179-6,126.9303,37.6233,1415.415,POINT (126.9303 37.6233),5930698997,3823587739,50.209801741355435,8.10577710448668,PASS
od_2365,불광,3호선,126.92982,37.610553,pedestrian_support_point,빗물받이,서울특별시 은평구 불광로 179-6,126.9303,37.6233,1415.415,POINT (126.9303 37.6233),5930698997,3823587739,50.209801741355435,8.10577710448668,PASS
od_582,독바위,6호선,126.933031,37.618456,pedestrian_support_point,빗물받이,서울특별시 은평구 연서로27길 26,126.917,37.6185,1415.315,POINT (126.917 37.6185),3824954278,3823586693,2.93341759236071,11.179798217405779,PASS
od_2246,불광,3호선,126.92982,37.610553,mobility_facility,아우라헤어,서울특별시 은평구 연서로 73,126.915,37.6057,1415.093,POINT (126.915 37.6057),5930698997,10789210641,50.209801741355435,21.961808534777123,PASS
od_1227,불광,6호선,126.92939,37.610873,pedestrian_support_point,쉘터형 택시 승차대,서울특별시 은평구 진흥로 34-2,126.9199,37.6006,1415.003,POINT (126.9199 37.6006),5930698997,3811554587,11.603222454866666,19.532305251998174,PASS
od_1583,응암,6호선,126.915577,37.598605,pedestrian_support_point,빗물받이,서울특별시 은평구 구산동  1-19,126.917,37.6113,1414.598,POINT (126.917 37.6113),8735757178,10678122536,11.20363638320314,7.515165590903744,PASS
od_2484,불광,3호선,126.92982,37.610553,pedestrian_support_point,갈현초교.로데오거리,서울특별시 은평구 연서로27길 21,126.9171,37.6183,1414.413,POINT (126.9171 37.6183),5930698997,353194179,50.209801741355435,26.82860474719592,PASS
od_2599,불광,3호선,126.92982,37.610553,pedestrian_support_point,갈현초교.로데오거리,서울특별시 은평구 연서로27길 26,126.9172,37.6184,1414.22,POINT (126.9172 37.6184),5930698997,353194179,50.209801741355435,20.808122654624068,PASS
od_2351,불광,3호선,126.92982,37.610553,mobility_facility,신화공인중개사사무소,서울특별시 은평구 연서로27길 22,126.9173,37.6185,1414.17,POINT (126.9173 37.6185),5930698997,353194179,50.209801741355435,23.422654966478923,PASS
od_1317,응암,6호선,126.915577,37.598605,mobility_facility,의자10,서울특별시 은평구 신사동 산 93-8,126.9007,37.5939,1413.792,POINT (126.9007 37.5939),8735757178,11729856001,11.20363638320314,79.05733018010898,PASS
od_1174,불광,6호선,126.92939,37.610873,pedestrian_support_point,맨홀,서울특별시 은평구 불광로 179-6,126.93,37.6236,1413.587,POINT (126.93 37.6236),5930698997,3823587796,11.603222454866666,9.692820124103024,PASS
od_1338,응암,6호선,126.915577,37.598605,mobility_facility,장어가,서울특별시 은평구 진흥로 144,126.9261,37.6082,1413.344,POINT (126.9261 37.6082),8735757178,10789220108,11.20363638320314,17.15740368045905,PASS
od_2897,연신내,3호선,126.921038,37.619229,pedestrian_support_point,지하철환기구,서울특별시 은평구 통일로 707,126.9309,37.6092,1413.214,POINT (126.9309 37.6092),13357342120,11228574127,32.16422242836125,8.619960598903031,PASS
od_595,독바위,6호선,126.933031,37.618456,pedestrian_support_point,빗물받이,서울특별시 은평구 갈현로 294,126.9183,37.6234,1411.519,POINT (126.9183 37.6234),3824954278,3823587768,2.93341759236071,31.066401690461696,PASS
od_2240,불광,3호선,126.92982,37.610553,mobility_facility,글라스옵트,서울특별시 은평구 역말로 43,126.9149,37.606,1410.995,POINT (126.9149 37.606),5930698997,10789210635,50.209801741355435,27.75296408100183,PASS
od_1007,불광,6호선,126.92939,37.610873,pedestrian_support_point,빗물받이,서울특별시 은평구 연서로27길 26,126.9167,37.6186,1410.957,POINT (126.9167 37.6186),5930698997,3823586708,11.603222454866666,10.214889202050852,PASS
od_1334,응암,6호선,126.915577,37.598605,mobility_facility,입구,서울특별시 은평구 은평터널로7길 45-1,126.9013,37.5929,1410.901,POINT (126.9013 37.5929),8735757178,11729856006,11.20363638320314,1.3885892258442094,PASS
od_1100,불광,6호선,126.92939,37.610873,pedestrian_support_point,역촌동주민센터,서울특별시 은평구 역촌동  45-42,126.9148,37.6057,1410.413,POINT (126.9148 37.6057),5930698997,4584756059,11.603222454866666,29.922602404916265,PASS
od_2928,연신내,3호선,126.921038,37.619229,pedestrian_support_point,미주아트빌,서울특별시 은평구 구산동  22-13,126.9149,37.6075,1410.091,POINT (126.9149 37.6075),13357342120,3820984136,32.16422242836125,15.584000617314647,PASS
od_1901,녹번,3호선,126.935756,37.600927,mobility_facility,현대재테크공인중개사사무소,서울특별시 은평구 통일로69길 8,126.9275,37.6118,1409.885,POINT (126.9275 37.6118),436867704,3819768982,5.477178362551235,22.61242487262003,PASS
od_2606,불광,3호선,126.92982,37.610553,pedestrian_support_point,쉘터형 택시 승차대,서울특별시 은평구 진흥로 34-2,126.9199,37.6006,1409.817,POINT (126.9199 37.6006),5930698997,3811554587,50.209801741355435,19.532305251998174,PASS
od_2957,연신내,3호선,126.921038,37.619229,pedestrian_support_point,맨홀,서울특별시 은평구 진흥로15길 26,126.932,37.61,1409.233,POINT (126.932 37.61),13357342120,3811140122,32.16422242836125,3.939035099846771,PASS
od_325,연신내,6호선,126.920625,37.618636,pedestrian_support_point,맨홀,서울특별시 은평구 통일로 716-2,126.9313,37.6092,1408.951,POINT (126.9313 37.6092),11230505686,11178032842,20.028299588559467,5.903164963173508,PASS
od_357,연신내,6호선,126.920625,37.618636,pedestrian_support_point,맨홀,서울특별시 은평구 통일로 716-2,126.9313,37.6092,1408.951,POINT (126.9313 37.6092),11230505686,11178032842,20.028299588559467,5.903164963173508,PASS
od_1891,녹번,3호선,126.935756,37.600927,mobility_facility,성신공인중개사사무소,서울특별시 은평구 서오릉로7길 11,126.9213,37.6063,1408.938,POINT (126.9213 37.6063),436867704,3819767996,5.477178362551235,23.38601134782119,PASS
od_748,독바위,6호선,126.933031,37.618456,pedestrian_support_point,빗물받이,서울특별시 은평구 연서로18길 3-28,126.918,37.6142,1408.623,POINT (126.918 37.6142),3824954278,10678122511,2.93341759236071,5.290183226015234,PASS
od_888,불광,6호선,126.92939,37.610873,mobility_facility,장철민공인중개사사무소,서울특별시 은평구 통일로82길 15,126.9203,37.6213,1408.326,POINT (126.9203 37.6213),5930698997,3823587053,11.603222454866666,22.270456497501844,PASS
od_1894,녹번,3호선,126.935756,37.600927,mobility_facility,미래공인중개사사무소,서울특별시 은평구 백련산로2길 19,126.9243,37.5921,1408.312,POINT (126.9243 37.5921),436867704,7443851042,5.477178362551235,52.35215273343727,PASS
od_216,연신내,6호선,126.920625,37.618636,pedestrian_support_point,장애인화장실,서울특별시 은평구 진흥로 191,126.9307,37.6088,1408.211,POINT (126.9307 37.6088),11230505686,8461842574,20.028299588559467,32.65883949687224,PASS
od_724,독바위,6호선,126.933031,37.618456,pedestrian_support_point,갈현중앙시장,서울특별시 은평구 통일로87길 12,126.9184,37.6235,1407.766,POINT (126.9184 37.6235),3824954278,3823587768,2.93341759236071,25.848653140261955,PASS
od_1337,응암,6호선,126.915577,37.598605,mobility_facility,내고향 막창,서울특별시 은평구 진흥로 144,126.926,37.6082,1407.554,POINT (126.926 37.6082),8735757178,10789220108,11.20363638320314,19.290626139405187,PASS
od_2375,불광,3호선,126.92982,37.610553,pedestrian_support_point,빗물받이,서울특별시 은평구 연서로27길 26,126.9173,37.6184,1407.275,POINT (126.9173 37.6184),5930698997,353194179,50.209801741355435,13.902142175775266,PASS
od_492,독바위,6호선,126.933031,37.618456,mobility_facility,연세약국,서울특별시 은평구 연서로 181,126.9177,37.615,1406.84,POINT (126.9177 37.615),3824954278,13734502230,2.93341759236071,43.07038461489607,PASS
od_3018,연신내,3호선,126.921038,37.619229,pedestrian_support_point,역촌역.역촌오거리,서울특별시 은평구 서오릉로 71,126.9224,37.6066,1406.832,POINT (126.9224 37.6066),13357342120,3819768031,32.16422242836125,17.810647228287785,PASS
od_664,독바위,6호선,126.933031,37.618456,pedestrian_support_point,갈현초교.로데오거리,서울특별시 은평구 연서로27길 21,126.9171,37.6183,1406.586,POINT (126.9171 37.6183),3824954278,353194179,2.93341759236071,26.82860474719592,PASS
od_1045,불광,6호선,126.92939,37.610873,pedestrian_support_point,장애인화장실,서울특별시 은평구 통일로 873,126.9195,37.6208,1405.837,POINT (126.9195 37.6208),5930698997,4580091946,11.603222454866666,30.800661070172836,PASS
od_1320,응암,6호선,126.915577,37.598605,mobility_facility,의자9,서울특별시 은평구 신사동 산 93-8,126.9008,37.5939,1405.589,POINT (126.9008 37.5939),8735757178,11729856001,11.20363638320314,87.13340373403692,PASS
od_372,연신내,6호선,126.920625,37.618636,pedestrian_support_point,불광역3호선.서울혁신파크,서울특별시 은평구 통일로 707,126.9311,37.6091,1405.54,POINT (126.9311 37.6091),11230505686,5273692793,20.028299588559467,12.534183725817295,PASS
od_824,불광,6호선,126.92939,37.610873,mobility_facility,13. 역말 사거리 ,서울특별시 은평구 역말로 41,126.9147,37.606,1405.333,POINT (126.9147 37.606),5930698997,4584756059,11.603222454866666,28.081587968804246,PASS
od_857,불광,6호선,126.92939,37.610873,mobility_facility,연세부동산,서울특별시 은평구 역말로 41,126.9147,37.606,1405.333,POINT (126.9147 37.606),5930698997,4584756059,11.603222454866666,28.081587968804246,PASS
od_927,불광,6호선,126.92939,37.610873,mobility_facility,행복양꼬치,서울특별시 은평구 역말로 41,126.9147,37.606,1405.333,POINT (126.9147 37.606),5930698997,4584756059,11.603222454866666,28.081587968804246,PASS
od_2545,불광,3호선,126.92982,37.610553,pedestrian_support_point,맨홀,서울특별시 은평구 불광동  484-82,126.9203,37.6207,1405.277,POINT (126.9203 37.6207),5930698997,3823586933,50.209801741355435,26.77357076309859,PASS
od_1625,응암,6호선,126.915577,37.598605,pedestrian_support_point,장애인화장실,서울특별시 은평구 연서로 137-1,126.9172,37.6112,1405.235,POINT (126.9172 37.6112),8735757178,2292697262,11.20363638320314,12.062285546901522,PASS
od_2370,불광,3호선,126.92982,37.610553,pedestrian_support_point,빗물받이,서울특별시 은평구 불광로 179-6,126.9304,37.6232,1404.615,POINT (126.9304 37.6232),5930698997,3823587739,50.209801741355435,7.238624858678553,PASS
od_2144,녹번,3호선,126.935756,37.600927,pedestrian_support_point,빗물받이,"서울특별시 은평구 응암로30길 16, 102동 (응암동, 백련산에스케이뷰아이파크)",126.9224,37.5941,1401.891,POINT (126.9224 37.5941),436867704,3811325354,5.477178362551235,8.061154873082948,PASS
od_2950,연신내,3호선,126.921038,37.619229,pedestrian_support_point,맨홀,서울특별시 은평구 통일로 712-2,126.9316,37.6098,1401.712,POINT (126.9316 37.6098),13357342120,3811140115,32.16422242836125,1.0419238122199508,PASS
od_1892,녹번,3호선,126.935756,37.600927,mobility_facility,명가공인중개사사무소,서울특별시 은평구 백련산로 84,126.9234,37.593,1401.684,POINT (126.9234 37.593),436867704,8476907274,5.477178362551235,21.808009961327876,PASS
od_1322,응암,6호선,126.915577,37.598605,mobility_facility,안내판1,서울특별시 은평구 신사동 산 93-8,126.9009,37.5938,1401.58,POINT (126.9009 37.5938),8735757178,11729856001,11.20363638320314,92.06329159928686,PASS
od_1294,응암,6호선,126.915577,37.598605,mobility_facility,의자25,서울특별시 은평구 신사동 산 48-2,126.9004,37.6023,1401.575,POINT (126.9004 37.6023),8735757178,11224820745,11.20363638320314,114.48307899205327,WARNING
od_2424,불광,3호선,126.92982,37.610553,pedestrian_support_point,장애인화장실,서울특별시 은평구 불광로 180,126.9316,37.6231,1401.422,POINT (126.9316 37.6231),5930698997,3823587470,50.209801741355435,49.35998542396476,PASS
od_353,연신내,6호선,126.920625,37.618636,pedestrian_support_point,맨홀,서울특별시 은평구 연서로9길 5-5,126.9151,37.6068,1401.317,POINT (126.9151 37.6068),11230505686,10789210633,20.028299588559467,3.304144455211579,PASS
od_2999,연신내,3호선,126.921038,37.619229,pedestrian_support_point,과속방지턱,서울특별시 은평구 진흥로15길 26,126.932,37.6101,1401.186,POINT (126.932 37.6101),13357342120,3811140122,32.16422242836125,8.751906062658577,PASS
od_2123,녹번,3호선,126.935756,37.600927,pedestrian_support_point,쉘터형 택시 승차대,서울특별시 은평구 진흥로 34-2,126.9199,37.6006,1400.659,POINT (126.9199 37.6006),436867704,3811554587,5.477178362551235,19.532305251998174,PASS
od_1965,녹번,3호선,126.935756,37.600927,mobility_facility,사랑의집,서울특별시 은평구 역말로10길 30-1,126.9238,37.6092,1399.173,POINT (126.9238 37.6092),436867704,10968647958,5.477178362551235,25.219799857210795,PASS
od_2162,불광,3호선,126.92982,37.610553,mobility_facility,부자공인중개사사무소,서울특별시 은평구 연서로19길 26-9,126.9149,37.6148,1399.118,POINT (126.9149 37.6148),5930698997,4580122457,50.209801741355435,52.814783378424146,PASS
od_2973,연신내,3호선,126.921038,37.619229,pedestrian_support_point,맨홀,서울특별시 은평구 통일로 707,126.9308,37.6093,1399.032,POINT (126.9308 37.6093),13357342120,10678122712,32.16422242836125,6.645330283278782,PASS
od_2548,불광,3호선,126.92982,37.610553,pedestrian_support_point,맨홀,서울특별시 은평구 역촌동  45-42,126.9151,37.6059,1398.582,POINT (126.9151 37.6059),5930698997,10789210641,50.209801741355435,8.475372817365667,PASS
od_655,독바위,6호선,126.933031,37.618456,pedestrian_support_point,대림모터스,서울특별시 은평구 연서로18길 3-28,126.918,37.6145,1397.807,POINT (126.918 37.6145),3824954278,10678122518,2.93341759236071,15.402456309918318,PASS
od_723,독바위,6호선,126.933031,37.618456,pedestrian_support_point,갈현초교.로데오거리,서울특별시 은평구 연서로27길 26,126.9172,37.6184,1397.664,POINT (126.9172 37.6184),3824954278,353194179,2.93341759236071,20.808122654624068,PASS
od_2460,불광,3호선,126.92982,37.610553,pedestrian_support_point,미주아트빌,서울특별시 은평구 연서로9길 5,126.9145,37.6074,1397.241,POINT (126.9145 37.6074),5930698997,3820984066,50.209801741355435,12.684633914968801,PASS
od_895,불광,6호선,126.92939,37.610873,mobility_facility,대한민국부동산공인중개사사무소,서울특별시 은평구 통일로83길 5-9,126.9192,37.6205,1396.808,POINT (126.9192 37.6205),5930698997,3823586885,11.603222454866666,11.099717380922833,PASS
od_1956,녹번,3호선,126.935756,37.600927,mobility_facility,이레네미용실,서울특별시 은평구 백련산로 89,126.9229,37.5936,1396.523,POINT (126.9229 37.5936),436867704,3811067087,5.477178362551235,30.02758433085918,PASS
od_1953,녹번,3호선,126.935756,37.600927,mobility_facility,10.  시립은평병원,서울특별시 은평구 응암동  236-5,126.923,37.5935,1395.879,POINT (126.923 37.5935),436867704,3811067087,5.477178362551235,15.867901411244583,PASS
od_1111,불광,6호선,126.92939,37.610873,pedestrian_support_point,맨홀,서울특별시 은평구 불광동  484-81,126.9202,37.6211,1395.259,POINT (126.9202 37.6211),5930698997,5273692779,11.603222454866666,8.333138835269724,PASS
od_856,불광,6호선,126.92939,37.610873,mobility_facility,아우라헤어,서울특별시 은평구 연서로 73,126.915,37.6057,1394.302,POINT (126.915 37.6057),5930698997,10789210641,11.603222454866666,21.961808534777123,PASS
od_547,독바위,6호선,126.933031,37.618456,mobility_facility,기원주간보호센터,서울특별시 은평구 통일로87길 6-19,126.9188,37.6239,1394.093,POINT (126.9188 37.6239),3824954278,3823587909,2.93341759236071,13.346887107316759,PASS
od_1404,응암,6호선,126.915577,37.598605,mobility_facility,서울특별시립평화로운집,서울특별시 은평구 갈현로15길 27-1,126.9051,37.608,1393.996,POINT (126.9051 37.608),8735757178,3823349274,11.20363638320314,26.334977316143483,PASS
od_1286,응암,6호선,126.915577,37.598605,mobility_facility,일등단지내(375-8500)공인중개사사무소,서울특별시 은평구 은평로 220,126.9313,37.5997,1393.782,POINT (126.9313 37.5997),8735757178,10641896367,11.20363638320314,63.856879489108834,PASS
od_2387,불광,3호선,126.92982,37.610553,pedestrian_support_point,빗물받이,서울특별시 은평구 연서로27길 26,126.9174,37.6183,1393.475,POINT (126.9174 37.6183),5930698997,353194179,50.209801741355435,0.8048798633216763,PASS
od_1319,응암,6호선,126.915577,37.598605,mobility_facility,안내판2,서울특별시 은평구 신사동 산 93-8,126.9009,37.594,1393.284,POINT (126.9009 37.594),8735757178,11729856001,11.20363638320314,99.75440857201265,PASS
od_1318,응암,6호선,126.915577,37.598605,mobility_facility,의자11,서울특별시 은평구 신사동 산 93-8,126.9009,37.594,1393.284,POINT (126.9009 37.594),8735757178,11729856001,11.20363638320314,99.75440857201265,PASS
od_2971,연신내,3호선,126.921038,37.619229,pedestrian_support_point,맨홀,서울특별시 은평구 구산동  22-13,126.9151,37.6076,1393.11,POINT (126.9151 37.6076),13357342120,10789210634,32.16422242836125,16.802029757591384,PASS
od_2992,연신내,3호선,126.921038,37.619229,pedestrian_support_point,과속방지턱,서울특별시 은평구 불광동  281-231,126.931,37.6095,1392.698,POINT (126.931 37.6095),13357342120,11228574128,32.16422242836125,8.269542740970463,PASS
od_2979,연신내,3호선,126.921038,37.619229,pedestrian_support_point,맨홀,서울특별시 은평구 통일로 712-2,126.9313,37.6097,1392.642,POINT (126.9313 37.6097),13357342120,457819074,32.16422242836125,4.035355784647507,PASS
od_710,독바위,6호선,126.933031,37.618456,pedestrian_support_point,과속방지턱,서울특별시 은평구 연서로18길 3-28,126.9182,37.6142,1392.001,POINT (126.9182 37.6142),3824954278,3819769262,2.93341759236071,22.477100007994032,PASS
od_916,불광,6호선,126.92939,37.610873,mobility_facility,박채김치찌개구산역점,서울특별시 은평구 서오릉로 178,126.9139,37.6132,1391.834,POINT (126.9139 37.6132),5930698997,10678122450,11.603222454866666,28.47391710862614,PASS
od_2875,연신내,3호선,126.921038,37.619229,pedestrian_support_point,장애인화장실,서울특별시 은평구 진흥로15길 10,126.9321,37.6103,1391.402,POINT (126.9321 37.6103),13357342120,3811140122,32.16422242836125,31.138979204294397,PASS
od_2876,연신내,3호선,126.921038,37.619229,pedestrian_support_point,장애인화장실,서울특별시 은평구 진흥로15길 10,126.9321,37.6103,1391.402,POINT (126.9321 37.6103),13357342120,3811140122,32.16422242836125,31.138979204294397,PASS
od_2561,불광,3호선,126.92982,37.610553,pedestrian_support_point,맨홀,서울특별시 은평구 구산동  195-5,126.9143,37.6127,1390.883,POINT (126.9143 37.6127),5930698997,10678140797,50.209801741355435,31.83831253118486,PASS
od_1391,응암,6호선,126.915577,37.598605,mobility_facility,뽕잎사랑,서울특별시 은평구 은평로 205-1,126.9309,37.6015,1390.76,POINT (126.9309 37.6015),8735757178,3811678439,11.20363638320314,29.72453475953012,PASS
od_860,불광,6호선,126.92939,37.610873,mobility_facility,예일부동산,서울특별시 은평구 연서로13길 19,126.9137,37.6098,1390.461,POINT (126.9137 37.6098),5930698997,3820983863,11.603222454866666,19.464777977409067,PASS
od_1299,응암,6호선,126.915577,37.598605,mobility_facility,쉼터13,서울특별시 은평구 역촌동 산 31-1,126.9019,37.6048,1389.759,POINT (126.9019 37.6048),8735757178,11655568445,11.20363638320314,122.50660396202497,WARNING
od_1300,응암,6호선,126.915577,37.598605,mobility_facility,종점,서울특별시 은평구 역촌동 산 31-1,126.9019,37.6048,1389.759,POINT (126.9019 37.6048),8735757178,11655568445,11.20363638320314,122.50660396202497,WARNING
od_1899,녹번,3호선,126.935756,37.600927,mobility_facility,이레네미용실,서울특별시 은평구 백련산로 89,126.923,37.5936,1389.353,POINT (126.923 37.5936),436867704,3811067087,5.477178362551235,25.878661262095218,PASS
od_850,불광,6호선,126.92939,37.610873,mobility_facility,글라스옵트,서울특별시 은평구 역말로 43,126.9149,37.606,1389.05,POINT (126.9149 37.606),5930698997,10789210635,11.603222454866666,27.75296408100183,PASS
od_261,연신내,6호선,126.920625,37.618636,pedestrian_support_point,지하철환기구,서울특별시 은평구 통일로 716-2,126.9311,37.6093,1388.9,POINT (126.9311 37.6093),11230505686,11228574127,20.028299588559467,19.32201926641998,PASS
od_583,독바위,6호선,126.933031,37.618456,pedestrian_support_point,빗물받이,서울특별시 은평구 연서로27길 26,126.9173,37.6184,1388.835,POINT (126.9173 37.6184),3824954278,353194179,2.93341759236071,13.902142175775266,PASS
od_568,독바위,6호선,126.933031,37.618456,mobility_facility,신화공인중개사사무소,서울특별시 은평구 연서로27길 22,126.9173,37.6185,1388.829,POINT (126.9173 37.6185),3824954278,353194179,2.93341759236071,23.422654966478923,PASS
od_321,연신내,6호선,126.920625,37.618636,pedestrian_support_point,맨홀,서울특별시 은평구 진흥로15길 26,126.932,37.61,1388.292,POINT (126.932 37.61),11230505686,3811140122,20.028299588559467,3.939035099846771,PASS
od_468,독바위,6호선,126.933031,37.618456,mobility_facility,탑클래스공인중개사사무소,서울특별시 은평구 연서로20길 3,126.9182,37.6143,1388.273,POINT (126.9182 37.6143),3824954278,10678122518,2.93341759236071,21.961169205915787,PASS
od_1765,응암,6호선,126.915577,37.598605,pedestrian_support_point,맨홀,서울특별시 은평구 은평로21길 3-19,126.9309,37.6014,1388.239,POINT (126.9309 37.6014),8735757178,3811678439,11.20363638320314,18.60627479172123,PASS
od_572,독바위,6호선,126.933031,37.618456,pedestrian_support_point,빗물받이,서울특별시 은평구 갈현로 294,126.9186,37.6234,1387.156,POINT (126.9186 37.6234),3824954278,3823587768,2.93341759236071,5.049612704556835,PASS
od_2146,녹번,3호선,126.935756,37.600927,pedestrian_support_point,빗물받이,"서울특별시 은평구 응암로30길 16, 102동 (응암동, 백련산에스케이뷰아이파크)",126.9226,37.5941,1387.064,POINT (126.9226 37.5941),436867704,8476757763,5.477178362551235,20.835860898097287,PASS
od_39,연신내,6호선,126.920625,37.618636,mobility_facility,아이비공인중개사사무소,서울특별시 은평구 갈현로 122,126.9111,37.6087,1386.861,POINT (126.9111 37.6087),11230505686,4584691357,20.028299588559467,17.173204809288325,PASS
od_2595,불광,3호선,126.92982,37.610553,pedestrian_support_point,역말사거리,서울특별시 은평구 연서로 79,126.9151,37.6062,1386.63,POINT (126.9151 37.6062),5930698997,10789210635,50.209801741355435,17.284000472513593,PASS
od_255,연신내,6호선,126.920625,37.618636,pedestrian_support_point,지하철환기구,서울특별시 은평구 통일로 707,126.9309,37.6092,1385.575,POINT (126.9309 37.6092),11230505686,11228574127,20.028299588559467,8.619960598903031,PASS
od_1919,녹번,3호선,126.935756,37.600927,mobility_facility,리치공인중개사사무소,서울특별시 은평구 역말로10길 32,126.9239,37.6091,1385.229,POINT (126.9239 37.6091),436867704,10968647958,5.477178362551235,12.23768373696107,PASS
od_3045,연신내,3호선,126.921038,37.619229,pedestrian_support_point,불광제1동주민센터,서울특별시 은평구 진흥로15길 10,126.932,37.6103,1385.219,POINT (126.932 37.6103),13357342120,3811140122,32.16422242836125,30.669469881853335,PASS
od_1989,녹번,3호선,126.935756,37.600927,mobility_facility,메디알레소망공인중개사사무소,서울특별시 은평구 서오릉로8길 23,126.9238,37.609,1384.708,POINT (126.9238 37.609),436867704,3004846056,5.477178362551235,12.20580599543036,PASS
od_1162,불광,6호선,126.92939,37.610873,pedestrian_support_point,맨홀,서울특별시 은평구 구산동  195-5,126.9139,37.6128,1384.288,POINT (126.9139 37.6128),5930698997,10678122449,11.603222454866666,5.896979575038053,PASS
od_2693,연신내,3호선,126.921038,37.619229,mobility_facility,역촌리더스공인중개사사무소,서울특별시 은평구 역말로 79,126.9187,37.6069,1383.869,POINT (126.9187 37.6069),13357342120,10789220051,32.16422242836125,25.00741557273473,PASS
od_65,연신내,6호선,126.920625,37.618636,mobility_facility,09. 은평뉴타운 109동 ,서울특별시 은평구 진관동  106-1,126.921,37.6311,1383.769,POINT (126.921 37.6311),11230505686,11150030073,20.028299588559467,56.85770769009453,PASS
od_2570,불광,3호선,126.92982,37.610553,pedestrian_support_point,맨홀,서울특별시 은평구 불광동  172-2,126.9306,37.623,1383.199,POINT (126.9306 37.623),5930698997,3823587658,50.209801741355435,7.071333564895868,PASS
od_985,불광,6호선,126.92939,37.610873,pedestrian_support_point,빗물받이,서울특별시 은평구 연서로27길 26,126.917,37.6185,1383.198,POINT (126.917 37.6185),5930698997,3823586693,11.603222454866666,11.179798217405779,PASS
od_1910,녹번,3호선,126.935756,37.600927,mobility_facility,한방부동산공인중개사사무소,서울특별시 은평구 진흥로5길 6,126.9203,37.6029,1382.3,POINT (126.9203 37.6029),436867704,3819767654,5.477178362551235,17.118744165075146,PASS
od_1485,응암,6호선,126.915577,37.598605,mobility_facility,사랑의집,서울특별시 은평구 역말로10길 30-1,126.9238,37.6092,1382.046,POINT (126.9238 37.6092),8735757178,10968647958,11.20363638320314,25.219799857210795,PASS
od_481,독바위,6호선,126.933031,37.618456,mobility_facility,30.  세명컴퓨터고등학교,서울특별시 은평구 통일로 928,126.9203,37.6257,1381.883,POINT (126.9203 37.6257),3824954278,3823588586,2.93341759236071,23.47017048392268,PASS
od_540,독바위,6호선,126.933031,37.618456,mobility_facility,굿모닝부동산공인중개사사무소,서울특별시 은평구 통일로 928,126.9203,37.6257,1381.883,POINT (126.9203 37.6257),3824954278,3823588586,2.93341759236071,23.47017048392268,PASS
od_1161,불광,6호선,126.92939,37.610873,pedestrian_support_point,맨홀,서울특별시 은평구 불광로 179-6,126.9303,37.6233,1381.602,POINT (126.9303 37.6233),5930698997,3823587739,11.603222454866666,8.10577710448668,PASS
od_977,불광,6호선,126.92939,37.610873,pedestrian_support_point,빗물받이,서울특별시 은평구 불광로 179-6,126.9303,37.6233,1381.602,POINT (126.9303 37.6233),5930698997,3823587739,11.603222454866666,8.10577710448668,PASS
od_368,연신내,6호선,126.920625,37.618636,pedestrian_support_point,과속방지턱,서울특별시 은평구 진흥로15길 26,126.932,37.6101,1380.652,POINT (126.932 37.6101),11230505686,3811140122,20.028299588559467,8.751906062658577,PASS
od_346,연신내,6호선,126.920625,37.618636,pedestrian_support_point,맨홀,서울특별시 은평구 연서로9길 5-5,126.9151,37.607,1380.529,POINT (126.9151 37.607),11230505686,10789210633,20.028299588559467,24.834861458125534,PASS
od_596,독바위,6호선,126.933031,37.618456,pedestrian_support_point,빗물받이,서울특별시 은평구 연서로27길 26,126.9174,37.6183,1380.103,POINT (126.9174 37.6183),3824954278,353194179,2.93341759236071,0.8048798633216763,PASS
od_2350,불광,3호선,126.92982,37.610553,mobility_facility,로데오공인중개사사무소,서울특별시 은평구 연서로27길 20,126.9176,37.6183,1379.622,POINT (126.9176 37.6183),5930698997,353194179,50.209801741355435,17.23330449826046,PASS
od_591,독바위,6호선,126.933031,37.618456,pedestrian_support_point,빗물받이,서울특별시 은평구 갈현동  389-14,126.9187,37.6234,1379.052,POINT (126.9187 37.6234),3824954278,3823587768,2.93341759236071,4.748801686835443,PASS
od_314,연신내,6호선,126.920625,37.618636,pedestrian_support_point,맨홀,서울특별시 은평구 통일로 712-2,126.9316,37.6098,1378.664,POINT (126.9316 37.6098),11230505686,3811140115,20.028299588559467,1.0419238122199508,PASS
od_1948,녹번,3호선,126.935756,37.600927,mobility_facility,성신부동산중개인사무소,서울특별시 은평구 통일로69길 15,126.927,37.6112,1377.609,POINT (126.927 37.6112),436867704,3819768830,5.477178362551235,7.327967965410851,PASS
od_1376,응암,6호선,126.915577,37.598605,mobility_facility,리치공인중개사사무소,서울특별시 은평구 역말로10길 32,126.9239,37.6091,1377.307,POINT (126.9239 37.6091),8735757178,10968647958,11.20363638320314,12.23768373696107,PASS
od_1169,불광,6호선,126.92939,37.610873,pedestrian_support_point,맨홀,서울특별시 은평구 역촌동  45-42,126.9151,37.6059,1377.213,POINT (126.9151 37.6059),5930698997,10789210641,11.603222454866666,8.475372817365667,PASS
od_1184,불광,6호선,126.92939,37.610873,pedestrian_support_point,맨홀,서울특별시 은평구 구산동  195-5,126.914,37.6128,1375.565,POINT (126.914 37.6128),5930698997,353194173,11.603222454866666,9.645996848153478,PASS
od_556,독바위,6호선,126.933031,37.618456,mobility_facility,한마음1호공동생활가정,서울특별시 은평구 통일로89길 5-7,126.9193,37.6243,1374.825,POINT (126.9193 37.6243),3824954278,3823588091,2.93341759236071,25.3510603626517,PASS
od_2720,연신내,3호선,126.921038,37.619229,mobility_facility,33. 역촌역 3번출구,서울특별시 은평구 녹번동  144-100,126.9235,37.607,1374.584,POINT (126.9235 37.607),13357342120,3819768079,32.16422242836125,11.590932900594975,PASS
od_2486,불광,3호선,126.92982,37.610553,pedestrian_support_point,불광중학교,서울특별시 은평구 불광로 180,126.931,37.6229,1374.339,POINT (126.931 37.6229),5930698997,3823587658,50.209801741355435,29.871010508967732,PASS
od_2445,불광,3호선,126.92982,37.610553,pedestrian_support_point,지하철환기구,서울특별시 은평구 불광동  484-82,126.9204,37.6204,1373.373,POINT (126.9204 37.6204),5930698997,3823586832,50.209801741355435,25.6196464884963,PASS
od_645,독바위,6호선,126.933031,37.618456,pedestrian_support_point,한전서대문은평.북한산푸르지오,서울특별시 은평구 녹번동  19-46,126.9338,37.6061,1373.062,POINT (126.9338 37.6061),3824954278,3811156609,2.93341759236071,9.220227316799237,PASS
od_2379,불광,3호선,126.92982,37.610553,pedestrian_support_point,빗물받이,서울특별시 은평구 불광동  172-2,126.9307,37.6229,1372.585,POINT (126.9307 37.6229),5930698997,3823587658,50.209801741355435,9.158863188363053,PASS
od_233,연신내,6호선,126.920625,37.618636,pedestrian_support_point,장애인화장실,서울특별시 은평구 진흥로15길 10,126.9321,37.6103,1372.021,POINT (126.9321 37.6103),11230505686,3811140122,20.028299588559467,31.138979204294397,PASS
od_234,연신내,6호선,126.920625,37.618636,pedestrian_support_point,장애인화장실,서울특별시 은평구 진흥로15길 10,126.9321,37.6103,1372.021,POINT (126.9321 37.6103),11230505686,3811140122,20.028299588559467,31.138979204294397,PASS
od_337,연신내,6호선,126.920625,37.618636,pedestrian_support_point,맨홀,서울특별시 은평구 통일로 707,126.9308,37.6093,1371.405,POINT (126.9308 37.6093),11230505686,10678122712,20.028299588559467,6.645330283278782,PASS
od_982,불광,6호선,126.92939,37.610873,pedestrian_support_point,빗물받이,서울특별시 은평구 불광로 179-6,126.9304,37.6232,1371.068,POINT (126.9304 37.6232),5930698997,3823587739,11.603222454866666,7.238624858678553,PASS
od_1041,불광,6호선,126.92939,37.610873,pedestrian_support_point,장애인화장실,서울특별시 은평구 불광로 180,126.9316,37.6231,1371.021,POINT (126.9316 37.6231),5930698997,3823587470,11.603222454866666,49.35998542396476,PASS
od_9,연신내,6호선,126.920625,37.618636,mobility_facility,성신공인중개사사무소,서울특별시 은평구 서오릉로7길 11,126.9213,37.6063,1370.46,POINT (126.9213 37.6063),11230505686,3819767996,20.028299588559467,23.38601134782119,PASS
od_1906,녹번,3호선,126.935756,37.600927,mobility_facility,경희부동산공인중개사사무소,서울특별시 은평구 서오릉로8길 22,126.9238,37.6088,1370.45,POINT (126.9238 37.6088),436867704,3004846056,5.477178362551235,12.144877296157121,PASS
od_1079,불광,6호선,126.92939,37.610873,pedestrian_support_point,미주아트빌,서울특별시 은평구 연서로9길 5,126.9145,37.6074,1370.079,POINT (126.9145 37.6074),5930698997,3820984066,11.603222454866666,12.684633914968801,PASS
od_1951,녹번,3호선,126.935756,37.600927,mobility_facility,비타민공인중개사사무소,서울특별시 은평구 통일로69길 19,126.9268,37.611,1369.417,POINT (126.9268 37.611),436867704,3819768830,5.477178362551235,21.426583627761886,PASS
od_1950,녹번,3호선,126.935756,37.600927,mobility_facility,행운공인중개사사무소,서울특별시 은평구 통일로69길 19,126.9268,37.611,1369.417,POINT (126.9268 37.611),436867704,3819768830,5.477178362551235,21.426583627761886,PASS
od_1226,불광,6호선,126.92939,37.610873,pedestrian_support_point,청구성심병원후문,서울특별시 은평구 갈현동  420-35,126.9194,37.6203,1368.456,POINT (126.9194 37.6203),5930698997,3823586828,11.603222454866666,11.728906971695977,PASS
od_1944,녹번,3호선,126.935756,37.600927,mobility_facility,열린공인중개사사무소,서울특별시 은평구 진흥로 51,126.9203,37.6018,1368.29,POINT (126.9203 37.6018),436867704,10789220067,5.477178362551235,15.09998599822484,PASS
od_344,연신내,6호선,126.920625,37.618636,pedestrian_support_point,맨홀,서울특별시 은평구 통일로 712-2,126.9313,37.6097,1368.203,POINT (126.9313 37.6097),11230505686,457819074,20.028299588559467,4.035355784647507,PASS
od_1664,응암,6호선,126.915577,37.598605,pedestrian_support_point,구산역2번출구.예일여고,서울특별시 은평구 서오릉로 135,126.9178,37.6108,1367.672,POINT (126.9178 37.6108),8735757178,13734364680,11.20363638320314,8.907471651351939,PASS
od_1935,녹번,3호선,126.935756,37.600927,mobility_facility,삼성부동산공인중개사사무소,서울특별시 은평구 통일로69길 21,126.9265,37.6108,1367.027,POINT (126.9265 37.6108),436867704,3819768724,5.477178362551235,44.41168195369329,PASS
od_361,연신내,6호선,126.920625,37.618636,pedestrian_support_point,과속방지턱,서울특별시 은평구 불광동  281-231,126.931,37.6095,1366.484,POINT (126.931 37.6095),11230505686,11228574128,20.028299588559467,8.269542740970463,PASS
od_1295,응암,6호선,126.915577,37.598605,mobility_facility,의자24,서울특별시 은평구 신사동 산 48-2,126.9006,37.6017,1366.46,POINT (126.9006 37.6017),8735757178,11224820745,11.20363638320314,47.75108334444138,PASS
od_1873,응암,6호선,126.915577,37.598605,pedestrian_support_point,구산전철역,서울특별시 은평구 서오릉로 135,126.9177,37.6108,1366.432,POINT (126.9177 37.6108),8735757178,3819768784,11.20363638320314,14.288896569710253,PASS
od_1522,응암,6호선,126.915577,37.598605,mobility_facility,정다운약국,서울특별시 은평구 진흥로 137,126.9251,37.6083,1365.648,POINT (126.9251 37.6083),8735757178,3819768234,11.20363638320314,28.481207977758245,PASS
od_414,연신내,6호선,126.920625,37.618636,pedestrian_support_point,불광제1동주민센터,서울특별시 은평구 진흥로15길 10,126.932,37.6103,1365.515,POINT (126.932 37.6103),11230505686,3811140122,20.028299588559467,30.669469881853335,PASS
od_1639,응암,6호선,126.915577,37.598605,pedestrian_support_point,장애인화장실,서울특별시 은평구 서오릉로 137,126.9176,37.6108,1365.249,POINT (126.9176 37.6108),8735757178,10678122540,11.20363638320314,15.033987745238399,PASS
od_2569,불광,3호선,126.92982,37.610553,pedestrian_support_point,맨홀,서울특별시 은평구 연서로9길 5-5,126.9151,37.6068,1364.851,POINT (126.9151 37.6068),5930698997,10789210633,50.209801741355435,3.304144455211579,PASS
od_1316,응암,6호선,126.915577,37.598605,mobility_facility,쉼터5,서울특별시 은평구 신사동 산 93-8,126.9013,37.5939,1364.692,POINT (126.9013 37.5939),8735757178,8749602909,11.20363638320314,108.25605818761493,WARNING
od_2444,불광,3호선,126.92982,37.610553,pedestrian_support_point,지하철환기구,서울특별시 은평구 불광동  484-82,126.9204,37.6203,1364.557,POINT (126.9204 37.6203),5930698997,3823586832,50.209801741355435,18.10310136167577,PASS
od_1216,불광,6호선,126.92939,37.610873,pedestrian_support_point,역말사거리,서울특별시 은평구 연서로 79,126.9151,37.6062,1364.207,POINT (126.9151 37.6062),5930698997,10789210635,11.603222454866666,17.284000472513593,PASS
od_1538,응암,6호선,126.915577,37.598605,mobility_facility,메디알레소망공인중개사사무소,서울특별시 은평구 서오릉로8길 23,126.9238,37.609,1363.209,POINT (126.9238 37.609),8735757178,3004846056,11.20363638320314,12.20580599543036,PASS
od_1103,불광,6호선,126.92939,37.610873,pedestrian_support_point,갈현초교.로데오거리,서울특별시 은평구 연서로27길 21,126.9171,37.6183,1362.685,POINT (126.9171 37.6183),5930698997,353194179,11.603222454866666,26.82860474719592,PASS
od_567,독바위,6호선,126.933031,37.618456,mobility_facility,로데오공인중개사사무소,서울특별시 은평구 연서로27길 20,126.9176,37.6183,1362.447,POINT (126.9176 37.6183),3824954278,353194179,2.93341759236071,17.23330449826046,PASS
od_1220,불광,6호선,126.92939,37.610873,pedestrian_support_point,갈현초교.로데오거리,서울특별시 은평구 연서로27길 26,126.9172,37.6184,1362.442,POINT (126.9172 37.6184),5930698997,353194179,11.603222454866666,20.808122654624068,PASS
od_962,불광,6호선,126.92939,37.610873,mobility_facility,신화공인중개사사무소,서울특별시 은평구 연서로27길 22,126.9173,37.6185,1362.347,POINT (126.9173 37.6185),5930698997,353194179,11.603222454866666,23.422654966478923,PASS
od_523,독바위,6호선,126.933031,37.618456,mobility_facility,일등공인중개사사무소,서울특별시 은평구 통일로 911,126.9196,37.6245,1362.322,POINT (126.9196 37.6245),3824954278,3823588091,2.93341759236071,18.376380366479793,PASS
od_2386,불광,3호선,126.92982,37.610553,pedestrian_support_point,빗물받이,서울특별시 은평구 불광동  172-2,126.9308,37.6228,1362.037,POINT (126.9308 37.6228),5930698997,3823587658,50.209801741355435,22.807559153553946,PASS
od_2480,불광,3호선,126.92982,37.610553,pedestrian_support_point,미주아트빌,서울특별시 은평구 구산동  22-13,126.9149,37.6075,1360.268,POINT (126.9149 37.6075),5930698997,3820984136,50.209801741355435,15.584000617314647,PASS
od_522,독바위,6호선,126.933031,37.618456,mobility_facility,머스트부동산공인중개사사무소,서울특별시 은평구 연서로29길 24,126.9177,37.6196,1359.439,POINT (126.9177 37.6196),3824954278,3823586771,2.93341759236071,9.430536821860157,PASS
od_270,연신내,6호선,126.920625,37.618636,pedestrian_support_point,미주아트빌,서울특별시 은평구 연서로9길 5,126.9145,37.6074,1359.282,POINT (126.9145 37.6074),11230505686,3820984066,20.028299588559467,12.684633914968801,PASS
od_1914,녹번,3호선,126.935756,37.600927,mobility_facility,은평공인중개사사무소,서울특별시 은평구 통일로69길 27,126.926,37.6104,1359.249,POINT (126.926 37.6104),436867704,3819768724,5.477178362551235,23.65546745461619,PASS
od_1943,녹번,3호선,126.935756,37.600927,mobility_facility,은평공인중개사사무소,서울특별시 은평구 통일로69길 27,126.926,37.6104,1359.249,POINT (126.926 37.6104),436867704,3819768724,5.477178362551235,23.65546745461619,PASS
od_2520,불광,3호선,126.92982,37.610553,pedestrian_support_point,맨홀,서울특별시 은평구 통일로 866,126.9205,37.6203,1359.194,POINT (126.9205 37.6203),5930698997,3823586832,50.209801741355435,11.438778594296867,PASS
od_2630,불광,3호선,126.92982,37.610553,pedestrian_support_point,빗물받이,서울특별시 은평구 연서로27길 26,126.9178,37.6182,1358.898,POINT (126.9178 37.6182),5930698997,4580111217,50.209801741355435,10.823908717922853,PASS
od_2557,불광,3호선,126.92982,37.610553,pedestrian_support_point,맨홀,서울특별시 은평구 연서로9길 5-5,126.9151,37.607,1358.239,POINT (126.9151 37.607),5930698997,10789210633,50.209801741355435,24.834861458125534,PASS
od_2472,불광,3호선,126.92982,37.610553,pedestrian_support_point,역촌중앙시장,서울특별시 은평구 서오릉로 174,126.9147,37.6128,1358.095,POINT (126.9147 37.6128),5930698997,13132929153,50.209801741355435,4.396823196109936,PASS
od_1920,녹번,3호선,126.935756,37.600927,mobility_facility,30. 시립은평병원,서울특별시 은평구 백련산로 90,126.9232,37.5939,1355.644,POINT (126.9232 37.5939),436867704,3811067118,5.477178362551235,7.3620959521827265,PASS
od_987,불광,6호선,126.92939,37.610873,pedestrian_support_point,빗물받이,서울특별시 은평구 연서로27길 26,126.9173,37.6184,1355.479,POINT (126.9173 37.6184),5930698997,353194179,11.603222454866666,13.902142175775266,PASS
od_721,독바위,6호선,126.933031,37.618456,pedestrian_support_point,갈현중앙시장,서울특별시 은평구 갈현동  389-14,126.919,37.6234,1354.795,POINT (126.919 37.6234),3824954278,353193935,2.93341759236071,9.631013197935268,PASS
od_518,독바위,6호선,126.933031,37.618456,mobility_facility,3s인테리어필림,서울특별시 은평구 통일로 911,126.9197,37.6245,1354.645,POINT (126.9197 37.6245),3824954278,436393825,2.93341759236071,18.430247599889487,PASS
od_1166,불광,6호선,126.92939,37.610873,pedestrian_support_point,맨홀,서울특별시 은평구 불광동  484-82,126.9203,37.6207,1354.137,POINT (126.9203 37.6207),5930698997,3823586933,11.603222454866666,26.77357076309859,PASS
od_2461,불광,3호선,126.92982,37.610553,pedestrian_support_point,역촌중앙시장,서울특별시 은평구 구산동  195-5,126.9147,37.6125,1352.379,POINT (126.9147 37.6125),5930698997,10678140797,50.209801741355435,16.55785900757153,PASS
od_771,불광,6호선,126.92939,37.610873,mobility_facility,부자공인중개사사무소,서울특별시 은평구 연서로19길 26-9,126.9149,37.6148,1351.561,POINT (126.9149 37.6148),5930698997,4580122457,11.603222454866666,52.814783378424146,PASS
od_2531,불광,3호선,126.92982,37.610553,pedestrian_support_point,맨홀,서울특별시 은평구 불광로 179-6,126.9309,37.6227,1351.555,POINT (126.9309 37.6227),5930698997,436849329,50.209801741355435,30.40805291217917,PASS
od_1366,응암,6호선,126.915577,37.598605,mobility_facility,한강공인중개사사무소,서울특별시 은평구 연서로13길 34,126.9123,37.6105,1351.555,POINT (126.9123 37.6105),8735757178,3820983892,11.20363638320314,24.77048677492265,PASS
od_797,불광,6호선,126.92939,37.610873,mobility_facility,녹번힐스테이트공인중개사사무소,서울특별시 은평구 통일로 596,126.9365,37.6001,1350.489,POINT (126.9365 37.6001),5930698997,8374268026,11.603222454866666,34.414823047730444,PASS
od_1191,불광,6호선,126.92939,37.610873,pedestrian_support_point,맨홀,서울특별시 은평구 불광동  172-2,126.9306,37.623,1350.2,POINT (126.9306 37.623),5930698997,3823587658,11.603222454866666,7.071333564895868,PASS
od_64,연신내,6호선,126.920625,37.618636,mobility_facility,31.  은평뉴타운  112동,서울특별시 은평구 진관동  106-1,126.9208,37.6308,1350.164,POINT (126.9208 37.6308),11230505686,4714543154,20.028299588559467,68.84533328753469,PASS
od_2471,불광,3호선,126.92982,37.610553,pedestrian_support_point,역말사거리,서울특별시 은평구 역촌동  45-36,126.9156,37.6061,1349.362,POINT (126.9156 37.6061),5930698997,10789210638,50.209801741355435,10.319645312739826,PASS
od_550,독바위,6호선,126.933031,37.618456,mobility_facility,일등공신중개사사무소,서울특별시 은평구 통일로 911,126.9197,37.6244,1349.184,POINT (126.9197 37.6244),3824954278,3823588091,2.93341759236071,12.472714117925909,PASS
od_1437,응암,6호선,126.915577,37.598605,mobility_facility,쉼터12,서울특별시 은평구 신사동  산 48-6,126.9015,37.6033,1347.89,POINT (126.9015 37.6033),8735757178,11655568445,11.20363638320314,57.13294203420976,PASS
od_1182,불광,6호선,126.92939,37.610873,pedestrian_support_point,맨홀,서울특별시 은평구 구산동  195-5,126.9143,37.6127,1347.692,POINT (126.9143 37.6127),5930698997,10678140797,11.603222454866666,31.83831253118486,PASS
od_136,연신내,6호선,126.920625,37.618636,mobility_facility,온나라공인중개사사무소,서울특별시 은평구 역말로7길 5,126.9179,37.6067,1346.438,POINT (126.9179 37.6067),11230505686,3819768028,20.028299588559467,24.397915944260838,PASS
od_461,독바위,6호선,126.933031,37.618456,mobility_facility,경희부동산공인중개사사무소,서울특별시 은평구 서오릉로8길 22,126.9238,37.6088,1346.41,POINT (126.9238 37.6088),3824954278,3004846056,2.93341759236071,12.144877296157121,PASS
od_712,독바위,6호선,126.933031,37.618456,pedestrian_support_point,과속방지턱,서울특별시 은평구 연서로24길 19-1,126.9188,37.6141,1346.238,POINT (126.9188 37.6141),3824954278,3819769255,2.93341759236071,14.561320261302315,PASS
od_948,불광,6호선,126.92939,37.610873,mobility_facility,아네스트공인중개사,서울특별시 은평구 은평로 123,126.9215,37.6005,1345.678,POINT (126.9215 37.6005),5930698997,3811078666,11.603222454866666,23.873968491102772,PASS
od_1807,응암,6호선,126.915577,37.598605,pedestrian_support_point,은평구청,서울특별시 은평구 은평로 203-2,126.9304,37.6014,1345.238,POINT (126.9304 37.6014),8735757178,3811678443,11.20363638320314,19.601674622995766,PASS
od_2643,불광,3호선,126.92982,37.610553,pedestrian_support_point,빗물받이,서울특별시 은평구 연서로27길 26,126.9179,37.6181,1345.075,POINT (126.9179 37.6181),5930698997,4580111217,50.209801741355435,4.632684357392194,PASS
od_387,연신내,6호선,126.920625,37.618636,pedestrian_support_point,역촌역.역촌오거리,서울특별시 은평구 서오릉로 71,126.9224,37.6066,1345.028,POINT (126.9224 37.6066),11230505686,3819768031,20.028299588559467,17.810647228287785,PASS
od_743,독바위,6호선,126.933031,37.618456,pedestrian_support_point,빗물받이,서울특별시 은평구 연서로27길 26,126.9178,37.6182,1344.981,POINT (126.9178 37.6182),3824954278,4580111217,2.93341759236071,10.823908717922853,PASS
od_2305,불광,3호선,126.92982,37.610553,mobility_facility,공화춘,서울특별시 은평구 연서로 304,126.9273,37.6225,1344.525,POINT (126.9273 37.6225),5930698997,3823587404,50.209801741355435,15.620863448974749,PASS
od_1347,응암,6호선,126.915577,37.598605,mobility_facility,경희부동산공인중개사사무소,서울특별시 은평구 서오릉로8길 22,126.9238,37.6088,1344.475,POINT (126.9238 37.6088),8735757178,3004846056,11.20363638320314,12.144877296157121,PASS
od_1913,녹번,3호선,126.935756,37.600927,mobility_facility,대한공인중개사사무소,서울특별시 은평구 진흥로13길 13,126.925,37.6095,1344.407,POINT (126.925 37.6095),436867704,3819768571,5.477178362551235,16.26069717571956,PASS
od_2550,불광,3호선,126.92982,37.610553,pedestrian_support_point,맨홀,서울특별시 은평구 구산동  195-5,126.9148,37.6125,1343.664,POINT (126.9148 37.6125),5930698997,10678140797,50.209801741355435,20.547501959333104,PASS
od_1301,응암,6호선,126.915577,37.598605,mobility_facility,의자23,서울특별시 은평구 신사동 산 48-2,126.9007,37.6011,1342.62,POINT (126.9007 37.6011),8735757178,11224820745,11.20363638320314,24.97466201497164,PASS
od_1105,불광,6호선,126.92939,37.610873,pedestrian_support_point,불광중학교,서울특별시 은평구 불광로 180,126.931,37.6229,1342.415,POINT (126.931 37.6229),5930698997,3823587658,11.603222454866666,29.871010508967732,PASS
od_1296,응암,6호선,126.915577,37.598605,mobility_facility,의자27,서울특별시 은평구 역촌동 산 31-1,126.9021,37.6042,1342.368,POINT (126.9021 37.6042),8735757178,11655568445,11.20363638320314,58.25103755892465,PASS
od_2025,녹번,3호선,126.935756,37.600927,pedestrian_support_point,장애인화장실,서울특별시 은평구 통일로 742,126.9291,37.6118,1342.292,POINT (126.9291 37.6118),436867704,3819768985,5.477178362551235,29.54713057391822,PASS
od_2780,연신내,3호선,126.921038,37.619229,mobility_facility,예성공인중개사사무소,서울특별시 은평구 연서로 99,126.9151,37.6081,1341.857,POINT (126.9151 37.6081),13357342120,10789210630,32.16422242836125,12.851044509350475,PASS
od_2209,불광,3호선,126.92982,37.610553,mobility_facility,03.  불광중학교,서울특별시 은평구 불광로 179-6,126.9311,37.6226,1341.855,POINT (126.9311 37.6226),5930698997,436849329,50.209801741355435,9.70331697127588,PASS
od_2389,불광,3호선,126.92982,37.610553,pedestrian_support_point,빗물받이,서울특별시 은평구 불광로 179-6,126.9311,37.6226,1341.855,POINT (126.9311 37.6226),5930698997,436849329,50.209801741355435,9.70331697127588,PASS
od_999,불광,6호선,126.92939,37.610873,pedestrian_support_point,빗물받이,서울특별시 은평구 연서로27길 26,126.9174,37.6183,1341.69,POINT (126.9174 37.6183),5930698997,353194179,11.603222454866666,0.8048798633216763,PASS
od_892,불광,6호선,126.92939,37.610873,mobility_facility,09.  동부센트레빌,서울특별시 은평구 응암동  159-3,126.926,37.5991,1340.524,POINT (126.926 37.5991),5930698997,3811327086,11.603222454866666,16.687828035020395,PASS
od_2542,불광,3호선,126.92982,37.610553,pedestrian_support_point,맨홀,서울특별시 은평구 구산동  22-13,126.9151,37.6076,1340.415,POINT (126.9151 37.6076),5930698997,10789210634,50.209801741355435,16.802029757591384,PASS
od_1190,불광,6호선,126.92939,37.610873,pedestrian_support_point,맨홀,서울특별시 은평구 연서로9길 5-5,126.9151,37.6068,1340.301,POINT (126.9151 37.6068),5930698997,10789210633,11.603222454866666,3.304144455211579,PASS
od_1681,응암,6호선,126.915577,37.598605,pedestrian_support_point,은평구청,서울특별시 은평구 응암동  75-2,126.9304,37.6012,1340.295,POINT (126.9304 37.6012),8735757178,3811678443,11.20363638320314,14.96610055280692,PASS
od_1298,응암,6호선,126.915577,37.598605,mobility_facility,의자28,서울특별시 은평구 역촌동 산 31-1,126.902,37.604,1340.14,POINT (126.902 37.604),8735757178,11655568445,11.20363638320314,34.47780494388014,PASS
od_991,불광,6호선,126.92939,37.610873,pedestrian_support_point,빗물받이,서울특별시 은평구 불광동  172-2,126.9307,37.6229,1339.869,POINT (126.9307 37.6229),5930698997,3823587658,11.603222454866666,9.158863188363053,PASS
od_2749,연신내,3호선,126.921038,37.619229,mobility_facility,형제세탁소,서울특별시 은평구 연서로11길 20-4,126.9134,37.6088,1339.624,POINT (126.9134 37.6088),13357342120,4584669561,32.16422242836125,15.202986423803189,PASS
od_496,독바위,6호선,126.933031,37.618456,mobility_facility,웰빙 누룽지 통닭구이,서울특별시 은평구 통일로 909,126.9197,37.6242,1338.472,POINT (126.9197 37.6242),3824954278,3823587935,2.93341759236071,14.683174459336284,PASS
od_500,독바위,6호선,126.933031,37.618456,mobility_facility,CU은평수안점,서울특별시 은평구 통일로 671,126.9333,37.6064,1338.297,POINT (126.9333 37.6064),3824954278,3811156612,2.93341759236071,21.981989864283936,PASS
od_720,독바위,6호선,126.933031,37.618456,pedestrian_support_point,서울혁신파크,서울특별시 은평구 통일로 671,126.9333,37.6064,1338.297,POINT (126.9333 37.6064),3824954278,3811156612,2.93341759236071,21.981989864283936,PASS
od_733,독바위,6호선,126.933031,37.618456,pedestrian_support_point,은평늘봄장애인자립생활센터,서울특별시 은평구 통일로 671,126.9333,37.6064,1338.297,POINT (126.9333 37.6064),3824954278,3811156612,2.93341759236071,21.981989864283936,PASS
od_498,독바위,6호선,126.933031,37.618456,mobility_facility,금광모터샵,서울특별시 은평구 통일로 920,126.9203,37.625,1338.177,POINT (126.9203 37.625),3824954278,3823588382,2.93341759236071,19.16200122304098,PASS
od_658,독바위,6호선,126.933031,37.618456,pedestrian_support_point,연갈현공판장후문,서울특별시 은평구 갈현동  420-5,126.9191,37.6232,1337.839,POINT (126.9191 37.6232),3824954278,353193935,2.93341759236071,19.844007280952493,PASS
od_2207,불광,3호선,126.92982,37.610553,mobility_facility,부동산재테크공인중개사사무소,서울특별시 은평구 연서로 78,126.9157,37.6062,1337.099,POINT (126.9157 37.6062),5930698997,10789210638,50.209801741355435,24.316972838814074,PASS
od_2120,녹번,3호선,126.935756,37.600927,pedestrian_support_point,역촌역.역촌오거리,서울특별시 은평구 서오릉로 71,126.9224,37.6066,1336.926,POINT (126.9224 37.6066),436867704,3819768031,5.477178362551235,17.810647228287785,PASS
od_1550,응암,6호선,126.915577,37.598605,pedestrian_support_point,빗물받이,서울특별시 은평구 녹번동  79-17,126.9301,37.602,1336.693,POINT (126.9301 37.602),8735757178,2309932442,11.20363638320314,6.06910669456764,PASS
od_904,불광,6호선,126.92939,37.610873,mobility_facility,현대공인중개사사무소,서울특별시 은평구 통일로 598,126.9364,37.6002,1336.56,POINT (126.9364 37.6002),5930698997,8374268026,11.603222454866666,42.45030679999849,PASS
od_751,독바위,6호선,126.933031,37.618456,pedestrian_support_point,빗물받이,서울특별시 은평구 연서로27길 26,126.9179,37.6181,1336.437,POINT (126.9179 37.6181),3824954278,4580111217,2.93341759236071,4.632684357392194,PASS
od_2184,불광,3호선,126.92982,37.610553,mobility_facility,친구공인중개사사무소,서울특별시 은평구 진흥로1길 22,126.9188,37.6023,1336.375,POINT (126.9188 37.6023),5930698997,3819767633,50.209801741355435,17.010539087222877,PASS
od_1633,응암,6호선,126.915577,37.598605,pedestrian_support_point,장애인화장실,"서울특별시 은평구 은평로 204-4, 102동 (응암동, 거성리젠시)",126.9305,37.6006,1336.291,POINT (126.9305 37.6006),8735757178,11955692541,11.20363638320314,14.197521689613636,PASS
od_1785,응암,6호선,126.915577,37.598605,pedestrian_support_point,과속방지턱,서울특별시 은평구 녹번동  79-21,126.9302,37.6017,1336.226,POINT (126.9302 37.6017),8735757178,3811155098,11.20363638320314,20.074536103961766,PASS
od_2337,불광,3호선,126.92982,37.610553,mobility_facility,아네스트공인중개사,서울특별시 은평구 은평로 123,126.9215,37.6005,1335.919,POINT (126.9215 37.6005),5930698997,3811078666,50.209801741355435,23.873968491102772,PASS
od_291,연신내,6호선,126.920625,37.618636,pedestrian_support_point,미주아트빌,서울특별시 은평구 구산동  22-13,126.9149,37.6075,1335.342,POINT (126.9149 37.6075),11230505686,3820984136,20.028299588559467,15.584000617314647,PASS
od_1297,응암,6호선,126.915577,37.598605,mobility_facility,의자26,서울특별시 은평구 역촌동 산 31-1,126.902,37.6039,1335.219,POINT (126.902 37.6039),8735757178,11655568445,11.20363638320314,23.797014702790648,PASS
od_1968,녹번,3호선,126.935756,37.600927,mobility_facility,골드샤인,서울특별시 은평구 은평로 116,126.9207,37.5999,1334.427,POINT (126.9207 37.5999),436867704,3811554559,5.477178362551235,27.263779137397233,PASS
od_2470,불광,3호선,126.92982,37.610553,pedestrian_support_point,불광중학교,서울특별시 은평구 불광로 180,126.9315,37.6225,1334.259,POINT (126.9315 37.6225),5930698997,356265596,50.209801741355435,15.274990889093548,PASS
od_793,불광,6호선,126.92939,37.610873,mobility_facility,친구공인중개사사무소,서울특별시 은평구 진흥로1길 22,126.9188,37.6023,1334.08,POINT (126.9188 37.6023),5930698997,3819767633,11.603222454866666,17.010539087222877,PASS
od_2916,연신내,3호선,126.921038,37.619229,pedestrian_support_point,불광전철역,서울특별시 은평구 통일로 707,126.9304,37.6098,1333.575,POINT (126.9304 37.6098),13357342120,10678122709,32.16422242836125,28.170432316480124,PASS
od_1291,응암,6호선,126.915577,37.598605,mobility_facility,가나공인중개사사무소,서울특별시 은평구 백련산로 36,126.9229,37.5881,1333.295,POINT (126.9229 37.5881),8735757178,3811066701,11.20363638320314,42.663173852735554,PASS
od_1887,녹번,3호선,126.935756,37.600927,mobility_facility,올레공인중개사사무소,서울특별시 은평구 불광로 64,126.9322,37.6126,1333.082,POINT (126.9322 37.6126),436867704,4580205470,5.477178362551235,22.90326221742574,PASS
od_1099,불광,6호선,126.92939,37.610873,pedestrian_support_point,미주아트빌,서울특별시 은평구 구산동  22-13,126.9149,37.6075,1333.064,POINT (126.9149 37.6075),5930698997,3820984136,11.603222454866666,15.584000617314647,PASS
od_1178,불광,6호선,126.92939,37.610873,pedestrian_support_point,맨홀,서울특별시 은평구 연서로9길 5-5,126.9151,37.607,1332.976,POINT (126.9151 37.607),5930698997,10789210633,11.603222454866666,24.834861458125534,PASS
od_2314,불광,3호선,126.92982,37.610553,mobility_facility,계절의별미탕,서울특별시 은평구 진흥로1길 25,126.9184,37.6027,1332.86,POINT (126.9184 37.6027),5930698997,4583513366,50.209801741355435,17.722387983378013,PASS
od_2007,녹번,3호선,126.935756,37.600927,pedestrian_support_point,빗물받이,서울특별시 은평구 응암동  225-146,126.9231,37.5944,1331.894,POINT (126.9231 37.5944),436867704,3811326361,5.477178362551235,21.671608494151926,PASS
od_2533,불광,3호선,126.92982,37.610553,pedestrian_support_point,맨홀,서울특별시 은평구 불광로 179-6,126.9312,37.6225,1331.575,POINT (126.9312 37.6225),5930698997,436849329,50.209801741355435,4.783892591187977,PASS
od_2358,불광,3호선,126.92982,37.610553,pedestrian_support_point,빗물받이,서울특별시 은평구 불광동  177-21,126.9312,37.6225,1331.575,POINT (126.9312 37.6225),5930698997,436849329,50.209801741355435,4.783892591187977,PASS
od_2593,불광,3호선,126.92982,37.610553,pedestrian_support_point,불광중학교,서울특별시 은평구 불광로 179,126.9311,37.6225,1330.796,POINT (126.9311 37.6225),5930698997,436849329,50.209801741355435,8.332210614892231,PASS
od_1546,응암,6호선,126.915577,37.598605,pedestrian_support_point,빗물받이,서울특별시 은평구 녹번동  79-21,126.9301,37.6018,1330.608,POINT (126.9301 37.6018),8735757178,2309932442,11.20363638320314,25.12592144039798,PASS
od_998,불광,6호선,126.92939,37.610873,pedestrian_support_point,빗물받이,서울특별시 은평구 불광동  172-2,126.9308,37.6228,1329.61,POINT (126.9308 37.6228),5930698997,3823587658,11.603222454866666,22.807559153553946,PASS
od_2201,불광,3호선,126.92982,37.610553,mobility_facility,푸르지오공인중개사사무소,서울특별시 은평구 연서로 78,126.9158,37.6062,1328.87,POINT (126.9158 37.6062),5930698997,10789210638,50.209801741355435,29.96655925863777,PASS
od_564,독바위,6호선,126.933031,37.618456,mobility_facility,메디알레소망공인중개사사무소,서울특별시 은평구 서오릉로8길 23,126.9238,37.609,1328.808,POINT (126.9238 37.609),3824954278,3004846056,2.93341759236071,12.20580599543036,PASS
od_925,불광,6호선,126.92939,37.610873,mobility_facility,계절의별미탕,서울특별시 은평구 진흥로1길 25,126.9184,37.6027,1328.365,POINT (126.9184 37.6027),5930698997,4583513366,11.603222454866666,17.722387983378013,PASS
od_2915,연신내,3호선,126.921038,37.619229,pedestrian_support_point,불광역4번출구,서울특별시 은평구 통일로 707,126.9303,37.6098,1328.121,POINT (126.9303 37.6098),13357342120,10678122709,32.16422242836125,31.886244045263194,PASS
od_1849,응암,6호선,126.915577,37.598605,pedestrian_support_point,빗물받이,서울특별시 은평구 은평로 203-2,126.9302,37.6014,1328.058,POINT (126.9302 37.6014),8735757178,13734265011,11.20363638320314,8.058306207733297,PASS
od_2290,불광,3호선,126.92982,37.610553,mobility_facility,예성공인중개사사무소,서울특별시 은평구 연서로 99,126.9151,37.6081,1327.932,POINT (126.9151 37.6081),5930698997,10789210630,50.209801741355435,12.851044509350475,PASS
od_1090,불광,6호선,126.92939,37.610873,pedestrian_support_point,역말사거리,서울특별시 은평구 역촌동  45-36,126.9156,37.6061,1327.87,POINT (126.9156 37.6061),5930698997,10789210638,11.603222454866666,10.319645312739826,PASS
od_961,불광,6호선,126.92939,37.610873,mobility_facility,로데오공인중개사사무소,서울특별시 은평구 연서로27길 20,126.9176,37.6183,1327.802,POINT (126.9176 37.6183),5930698997,353194179,11.603222454866666,17.23330449826046,PASS
od_2443,불광,3호선,126.92982,37.610553,pedestrian_support_point,지하철환기구,서울특별시 은평구 불광동  484-82,126.9206,37.62,1327.414,POINT (126.9206 37.62),5930698997,11228575797,50.209801741355435,12.796990424852618,PASS
od_1813,응암,6호선,126.915577,37.598605,pedestrian_support_point,쉘터형 택시 승차대,서울특별시 은평구 역촌동  1-57,126.9171,37.6105,1327.047,POINT (126.9171 37.6105),8735757178,10789220081,11.20363638320314,11.985254278910759,PASS
od_557,독바위,6호선,126.933031,37.618456,mobility_facility,정다운약국,서울특별시 은평구 진흥로 137,126.9251,37.6083,1327.001,POINT (126.9251 37.6083),3824954278,3819768234,2.93341759236071,28.481207977758245,PASS
od_456,독바위,6호선,126.933031,37.618456,mobility_facility,중앙공인중개사사무소,서울특별시 은평구 통일로 673,126.933,37.6065,1326.99,POINT (126.933 37.6065),3824954278,3811156621,2.93341759236071,8.205236390490773,PASS
od_2772,연신내,3호선,126.921038,37.619229,mobility_facility,현대공인중개사사무소,서울특별시 은평구 불광로2길 10,126.9328,37.6118,1325.993,POINT (126.9328 37.6118),13357342120,3824953850,32.16422242836125,30.371380294254898,PASS
od_2138,녹번,3호선,126.935756,37.600927,pedestrian_support_point,응암제2동주민센터,서울특별시 은평구 백련산로 100,126.9231,37.5945,1325.889,POINT (126.9231 37.5945),436867704,3811326390,5.477178362551235,17.43421801609877,PASS
od_2019,녹번,3호선,126.935756,37.600927,pedestrian_support_point,장애인화장실,서울특별시 은평구 백련산로 100,126.9231,37.5945,1325.889,POINT (126.9231 37.5945),436867704,3811326390,5.477178362551235,17.43421801609877,PASS
od_827,불광,6호선,126.92939,37.610873,mobility_facility,31. 동부센트레빌 / 등기소 ,서울특별시 은평구 응암동  159-3,126.9262,37.5992,1325.843,POINT (126.9262 37.5992),5930698997,3811327086,11.603222454866666,4.870707533762497,PASS
od_1806,응암,6호선,126.915577,37.598605,pedestrian_support_point,구산역3번출구.예일여고,서울특별시 은평구 구산동  1-19,126.9168,37.6105,1324.625,POINT (126.9168 37.6105),8735757178,3820983701,11.20363638320314,13.556524690766485,PASS
od_1311,응암,6호선,126.915577,37.598605,mobility_facility,이정표4,서울특별시 은평구 신사동 산 93-8,126.9016,37.5943,1323.584,POINT (126.9016 37.5943),8735757178,4709422442,11.20363638320314,96.29277750059738,PASS
od_2282,불광,3호선,126.92982,37.610553,mobility_facility,연신내일등부동산공인중개사사무소,서울특별시 은평구 연서로29길 9,126.919,37.6188,1323.035,POINT (126.919 37.6188),5930698997,3823586724,50.209801741355435,15.589216177012561,PASS
od_1908,녹번,3호선,126.935756,37.600927,mobility_facility,송강공인중개사사무소,서울특별시 은평구 진흥로 71,126.9211,37.6034,1322.982,POINT (126.9211 37.6034),436867704,10789220062,5.477178362551235,12.800570732040622,PASS
od_1846,응암,6호선,126.915577,37.598605,pedestrian_support_point,녹번동주민센터,서울특별시 은평구 은평로 195,126.9299,37.6021,1322.968,POINT (126.9299 37.6021),8735757178,3811155115,11.20363638320314,6.9268990609445025,PASS
od_1536,응암,6호선,126.915577,37.598605,mobility_facility,아이맘택시,서울특별시 은평구 은평로 195,126.9296,37.6028,1322.962,POINT (126.9296 37.6028),8735757178,3811139668,11.20363638320314,19.33411278327391,PASS
od_1063,불광,6호선,126.92939,37.610873,pedestrian_support_point,지하철환기구,서울특별시 은평구 불광동  484-82,126.9204,37.6204,1322.147,POINT (126.9204 37.6204),5930698997,3823586832,11.603222454866666,25.6196464884963,PASS
od_1770,응암,6호선,126.915577,37.598605,pedestrian_support_point,맨홀,서울특별시 은평구 은평로 203-4,126.9301,37.6015,1322.126,POINT (126.9301 37.6015),8735757178,3811155098,11.20363638320314,3.916799425406456,PASS
od_2505,불광,3호선,126.92982,37.610553,pedestrian_support_point,맨홀,서울특별시 은평구 불광동  177-21,126.9313,37.6224,1321.367,POINT (126.9313 37.6224),5930698997,436862401,50.209801741355435,9.279701740256037,PASS
od_1987,녹번,3호선,126.935756,37.600927,mobility_facility,응암2동주민센터,서울특별시 은평구 백련산로 100,126.9231,37.5946,1319.951,POINT (126.9231 37.5946),436867704,3811326390,5.477178362551235,12.212704042990973,PASS
od_2125,녹번,3호선,126.935756,37.600927,pedestrian_support_point,응암2동주민센터,서울특별시 은평구 백련산로 100,126.9231,37.5946,1319.951,POINT (126.9231 37.5946),436867704,3811326390,5.477178362551235,12.212704042990973,PASS
od_2029,녹번,3호선,126.935756,37.600927,pedestrian_support_point,장애인화장실,서울특별시 은평구 백련산로 90,126.9237,37.5939,1319.772,POINT (126.9237 37.5939),436867704,3811067118,5.477178362551235,51.41056601395771,PASS
od_1457,응암,6호선,126.915577,37.598605,mobility_facility,나나부동산중개인사무소,서울특별시 은평구 응암로12길 29,126.9198,37.5872,1319.628,POINT (126.9198 37.5872),8735757178,3811441293,11.20363638320314,25.52746440429128,PASS
od_1150,불광,6호선,126.92939,37.610873,pedestrian_support_point,맨홀,서울특별시 은평구 불광로 179-6,126.9309,37.6227,1319.423,POINT (126.9309 37.6227),5930698997,436849329,11.603222454866666,30.40805291217917,PASS
od_2664,연신내,3호선,126.921038,37.619229,mobility_facility,하나공인중개사사무소,서울특별시 은평구 불광로2길 7,126.9329,37.612,1319.301,POINT (126.9329 37.612),13357342120,3824953850,32.16422242836125,21.779274448067056,PASS
od_335,연신내,6호선,126.920625,37.618636,pedestrian_support_point,맨홀,서울특별시 은평구 구산동  22-13,126.9151,37.6076,1318.441,POINT (126.9151 37.6076),11230505686,10789210634,20.028299588559467,16.802029757591384,PASS
od_650,독바위,6호선,126.933031,37.618456,pedestrian_support_point,신한은행갈현지점,서울특별시 은평구 통일로 905,126.9197,37.6238,1317.907,POINT (126.9197 37.6238),3824954278,11230505656,2.93341759236071,30.0149889970599,PASS
od_2716,연신내,3호선,126.921038,37.619229,mobility_facility,09. 은평뉴타운 109동 ,서울특별시 은평구 진관동  106-1,126.921,37.6311,1317.56,POINT (126.921 37.6311),13357342120,11150030073,32.16422242836125,56.85770769009453,PASS
od_1315,응암,6호선,126.915577,37.598605,mobility_facility,쉼터6,서울특별시 은평구 은평터널로7길 6,126.902,37.5937,1316.815,POINT (126.902 37.5937),8735757178,8502553709,11.20363638320314,47.63765438154653,PASS
od_70,연신내,6호선,126.920625,37.618636,mobility_facility,33. 역촌역 3번출구,서울특별시 은평구 녹번동  144-100,126.9235,37.607,1316.181,POINT (126.9235 37.607),11230505686,3819768079,20.028299588559467,11.590932900594975,PASS
od_126,연신내,6호선,126.920625,37.618636,mobility_facility,현대공인중개사사무소,서울특별시 은평구 불광로2길 10,126.9328,37.6118,1315.721,POINT (126.9328 37.6118),11230505686,3824953850,20.028299588559467,30.371380294254898,PASS
od_816,불광,6호선,126.92939,37.610873,mobility_facility,부동산재테크공인중개사사무소,서울특별시 은평구 연서로 78,126.9157,37.6062,1315.361,POINT (126.9157 37.6062),5930698997,10789210638,11.603222454866666,24.316972838814074,PASS
od_725,독바위,6호선,126.933031,37.618456,pedestrian_support_point,세명컴퓨터고등학교,서울특별시 은평구 통일로 902,126.92,37.6242,1315.245,POINT (126.92 37.6242),3824954278,3823588079,2.93341759236071,11.925373905442942,PASS
od_2280,불광,3호선,126.92982,37.610553,mobility_facility,09.  동부센트레빌,서울특별시 은평구 응암동  159-3,126.926,37.5991,1315.151,POINT (126.926 37.5991),5930698997,3811327086,50.209801741355435,16.687828035020395,PASS
od_486,독바위,6호선,126.933031,37.618456,mobility_facility,리치공인중개사사무소,서울특별시 은평구 역말로10길 32,126.9239,37.6091,1314.627,POINT (126.9239 37.6091),3824954278,10968647958,2.93341759236071,12.23768373696107,PASS
od_1091,불광,6호선,126.92939,37.610873,pedestrian_support_point,역촌중앙시장,서울특별시 은평구 서오릉로 174,126.9147,37.6128,1314.546,POINT (126.9147 37.6128),5930698997,13132929153,11.603222454866666,4.396823196109936,PASS
od_1786,응암,6호선,126.915577,37.598605,pedestrian_support_point,과속방지턱,서울특별시 은평구 녹번동  79-17,126.9298,37.6021,1314.528,POINT (126.9298 37.6021),8735757178,3811155115,11.20363638320314,7.265928695528425,PASS
od_40,연신내,6호선,126.920625,37.618636,mobility_facility,역촌리더스공인중개사사무소,서울특별시 은평구 역말로 79,126.9187,37.6069,1313.611,POINT (126.9187 37.6069),11230505686,10789220051,20.028299588559467,25.00741557273473,PASS
od_1062,불광,6호선,126.92939,37.610873,pedestrian_support_point,지하철환기구,서울특별시 은평구 불광동  484-82,126.9204,37.6203,1313.287,POINT (126.9204 37.6203),5930698997,3823586832,11.603222454866666,18.10310136167577,PASS
od_2543,불광,3호선,126.92982,37.610553,pedestrian_support_point,맨홀,서울특별시 은평구 통일로 867,126.9207,37.6199,1313.233,POINT (126.9207 37.6199),5930698997,3823586792,50.209801741355435,3.214783944494879,PASS
od_2476,불광,3호선,126.92982,37.610553,pedestrian_support_point,불광중학교,서울특별시 은평구 불광로 176,126.9316,37.6223,1313.228,POINT (126.9316 37.6223),5930698997,356265595,50.209801741355435,15.861003082433177,PASS
od_2721,연신내,3호선,126.921038,37.619229,mobility_facility,34. 불광역 1번출구,서울특별시 은평구 통일로 720,126.9305,37.6101,1313.206,POINT (126.9305 37.6101),13357342120,11228574114,32.16422242836125,20.026368740428214,PASS
od_2904,연신내,3호선,126.921038,37.619229,pedestrian_support_point,불광역1번출구,서울특별시 은평구 통일로 730-2,126.9305,37.6101,1313.206,POINT (126.9305 37.6101),13357342120,11228574114,32.16422242836125,20.026368740428214,PASS
od_1163,불광,6호선,126.92939,37.610873,pedestrian_support_point,맨홀,서울특별시 은평구 구산동  22-13,126.9151,37.6076,1313.01,POINT (126.9151 37.6076),5930698997,10789210634,11.603222454866666,16.802029757591384,PASS
od_1722,응암,6호선,126.915577,37.598605,pedestrian_support_point,맨홀,서울특별시 은평구 구산동  1-19,126.9167,37.6104,1312.867,POINT (126.9167 37.6104),8735757178,3820983701,11.20363638320314,1.400723358769238,PASS
od_2779,연신내,3호선,126.921038,37.619229,mobility_facility,부동산친구공인중개사사무소,서울특별시 은평구 불광로2길 8,126.9327,37.6119,1312.18,POINT (126.9327 37.6119),13357342120,3824953864,32.16422242836125,17.432162168119962,PASS
od_1310,응암,6호선,126.915577,37.598605,mobility_facility,쉼터7,서울특별시 은평구 은평터널로9가길 9-13,126.9016,37.5946,1311.929,POINT (126.9016 37.5946),8735757178,4709422442,11.20363638320314,66.2074888369493,PASS
od_546,독바위,6호선,126.933031,37.618456,mobility_facility,사랑의집,서울특별시 은평구 역말로10길 30-1,126.9238,37.6092,1311.346,POINT (126.9238 37.6092),3824954278,10968647958,2.93341759236071,25.219799857210795,PASS
od_2364,불광,3호선,126.92982,37.610553,pedestrian_support_point,빗물받이,서울특별시 은평구 연서로27길 26,126.9183,37.618,1310.599,POINT (126.9183 37.618),5930698997,4580091948,50.209801741355435,7.705239916356613,PASS
od_76,연신내,6호선,126.920625,37.618636,mobility_facility,39. 은평경찰서,서울특별시 은평구 불광동  산 19-8,126.9295,37.6281,1310.418,POINT (126.9295 37.6281),11230505686,10209606886,20.028299588559467,23.645636787086485,PASS
od_8,연신내,6호선,126.920625,37.618636,mobility_facility,하나공인중개사사무소,서울특별시 은평구 불광로2길 7,126.9329,37.612,1310.338,POINT (126.9329 37.612),11230505686,3824953850,20.028299588559467,21.779274448067056,PASS
od_818,불광,6호선,126.92939,37.610873,mobility_facility,03.  불광중학교,서울특별시 은평구 불광로 179-6,126.9311,37.6226,1310.298,POINT (126.9311 37.6226),5930698997,436849329,11.603222454866666,9.70331697127588,PASS
od_1002,불광,6호선,126.92939,37.610873,pedestrian_support_point,빗물받이,서울특별시 은평구 불광로 179-6,126.9311,37.6226,1310.298,POINT (126.9311 37.6226),5930698997,436849329,11.603222454866666,9.70331697127588,PASS
od_1973,녹번,3호선,126.935756,37.600927,mobility_facility,역촌호프,서울특별시 은평구 진흥로 81-1,126.9215,37.6042,1310.233,POINT (126.9215 37.6042),436867704,10789220060,5.477178362551235,14.72503968113338,PASS
od_1964,녹번,3호선,126.935756,37.600927,mobility_facility,은평장애인주간보호센터,서울특별시 은평구 진흥로 87,126.9217,37.6047,1309.941,POINT (126.9217 37.6047),436867704,3819767887,5.477178362551235,32.80585901030248,PASS
od_1080,불광,6호선,126.92939,37.610873,pedestrian_support_point,역촌중앙시장,서울특별시 은평구 구산동  195-5,126.9147,37.6125,1309.544,POINT (126.9147 37.6125),5930698997,10678140797,11.603222454866666,16.55785900757153,PASS
od_58,연신내,6호선,126.920625,37.618636,mobility_facility,02.  은평경찰서,서울특별시 은평구 불광동  산 24-1,126.9293,37.6282,1308.923,POINT (126.9293 37.6282),11230505686,10209606886,20.028299588559467,31.759639214886242,PASS
od_1139,불광,6호선,126.92939,37.610873,pedestrian_support_point,맨홀,서울특별시 은평구 통일로 866,126.9205,37.6203,1307.97,POINT (126.9205 37.6203),5930698997,3823586832,11.603222454866666,11.438778594296867,PASS
od_1459,응암,6호선,126.915577,37.598605,mobility_facility,이명신공인중개사사무소,서울특별시 은평구 응암로12길 26,126.9193,37.5872,1307.834,POINT (126.9193 37.5872),8735757178,3811441279,11.20363638320314,17.99614046436817,PASS
od_810,불광,6호선,126.92939,37.610873,mobility_facility,푸르지오공인중개사사무소,서울특별시 은평구 연서로 78,126.9158,37.6062,1307.251,POINT (126.9158 37.6062),5930698997,10789210638,11.603222454866666,29.96655925863777,PASS
od_1314,응암,6호선,126.915577,37.598605,mobility_facility,이정표2,서울특별시 은평구 신사동 산 93-8,126.9018,37.5943,1307.128,POINT (126.9018 37.5943),8735757178,11729856119,11.20363638320314,88.19998019459365,PASS
od_1253,불광,6호선,126.92939,37.610873,pedestrian_support_point,빗물받이,서울특별시 은평구 연서로27길 26,126.9178,37.6182,1307.071,POINT (126.9178 37.6182),5930698997,4580111217,11.603222454866666,10.823908717922853,PASS
od_2214,불광,3호선,126.92982,37.610553,mobility_facility,11. 연신내역 7번출구 ,서울특별시 은평구 통일로 865-2,126.9205,37.6197,1306.815,POINT (126.9205 37.6197),5930698997,11228575797,50.209801741355435,25.812341312415167,PASS
od_276,연신내,6호선,126.920625,37.618636,pedestrian_support_point,불광전철역,서울특별시 은평구 통일로 707,126.9304,37.6098,1306.374,POINT (126.9304 37.6098),11230505686,10678122709,20.028299588559467,28.170432316480124,PASS
od_1855,응암,6호선,126.915577,37.598605,pedestrian_support_point,빗물받이,서울특별시 은평구 은평로 195,126.9297,37.6021,1306.093,POINT (126.9297 37.6021),8735757178,3811155115,11.20363638320314,14.588506292192106,PASS
od_2278,불광,3호선,126.92982,37.610553,mobility_facility,그린공인중개사사무소,서울특별시 은평구 연서로33길 10,126.9244,37.6215,1305.837,POINT (126.9244 37.6215),5930698997,307924223,50.209801741355435,8.775060227086142,PASS
od_2768,연신내,3호선,126.921038,37.619229,mobility_facility,행운공인중개사사무소,"서울특별시 은평구 불광로2길 7, 상가동 (불광동, 북한산현대홈타운아파트)",126.9328,37.6121,1305.547,POINT (126.9328 37.6121),13357342120,3824953864,32.16422242836125,28.123955914597097,PASS
od_2686,연신내,3호선,126.921038,37.619229,mobility_facility,에이스공인중개사사무소,서울특별시 은평구 불광로2길 6-2,126.9326,37.6119,1305.264,POINT (126.9326 37.6119),13357342120,3824953864,32.16422242836125,10.439199731087813,PASS
od_2713,연신내,3호선,126.921038,37.619229,mobility_facility,06.  불광역  4번출구,서울특별시 은평구 통일로 723-1,126.9302,37.61,1305.21,POINT (126.9302 37.61),13357342120,11228574113,32.16422242836125,13.614884413917924,PASS
od_1499,응암,6호선,126.915577,37.598605,mobility_facility,주)우시장정육식당은평,서울특별시 은평구 서오릉로 110,126.9201,37.6098,1305.135,POINT (126.9201 37.6098),8735757178,3819768642,11.20363638320314,33.44673292745976,PASS
od_578,독바위,6호선,126.933031,37.618456,pedestrian_support_point,빗물받이,서울특별시 은평구 녹번동  15-2,126.9332,37.6067,1304.874,POINT (126.9332 37.6067),3824954278,3811156624,2.93341759236071,9.029989441903675,PASS
od_1089,불광,6호선,126.92939,37.610873,pedestrian_support_point,불광중학교,서울특별시 은평구 불광로 180,126.9315,37.6225,1303.849,POINT (126.9315 37.6225),5930698997,356265596,11.603222454866666,15.274990889093548,PASS
od_2279,불광,3호선,126.92982,37.610553,mobility_facility,퍼스트공인중개사사무소,서울특별시 은평구 연서로35길 6,126.926,37.6219,1303.772,POINT (126.926 37.6219),5930698997,2930525549,50.209801741355435,22.83437686271451,PASS
od_917,불광,6호선,126.92939,37.610873,mobility_facility,공화춘,서울특별시 은평구 연서로 304,126.9273,37.6225,1303.598,POINT (126.9273 37.6225),5930698997,3823587404,11.603222454866666,15.620863448974749,PASS
od_2677,연신내,3호선,126.921038,37.619229,mobility_facility,장어가,서울특별시 은평구 진흥로 144,126.9261,37.6082,1303.138,POINT (126.9261 37.6082),13357342120,10789220108,32.16422242836125,17.15740368045905,PASS
od_975,불광,6호선,126.92939,37.610873,pedestrian_support_point,장애인화장실,서울특별시 은평구 녹번동  59-1,126.9363,37.6005,1302.981,POINT (126.9363 37.6005),5930698997,11204976921,11.603222454866666,44.47105335763823,PASS
od_1932,녹번,3호선,126.935756,37.600927,mobility_facility,다루동물병원,서울특별시 은평구 불광로 60,126.9321,37.6123,1302.906,POINT (126.9321 37.6123),436867704,353195249,5.477178362551235,19.908656077216225,PASS
od_1475,응암,6호선,126.915577,37.598605,mobility_facility,은평구청,서울특별시 은평구 은평로 195,126.9294,37.6027,1302.532,POINT (126.9294 37.6027),8735757178,4580557579,11.20363638320314,37.86683259873309,PASS
od_1982,녹번,3호선,126.935756,37.600927,mobility_facility,쿠아레비,서울특별시 은평구 진흥로 101,126.9224,37.6059,1302.146,POINT (126.9224 37.6059),436867704,10789220052,5.477178362551235,10.869712515046412,PASS
od_133,연신내,6호선,126.920625,37.618636,mobility_facility,부동산친구공인중개사사무소,서울특별시 은평구 불광로2길 8,126.9327,37.6119,1302.113,POINT (126.9327 37.6119),11230505686,3824953864,20.028299588559467,17.432162168119962,PASS
od_1871,응암,6호선,126.915577,37.598605,pedestrian_support_point,빗물받이,서울특별시 은평구 구산동  1-19,126.9167,37.6103,1301.8,POINT (126.9167 37.6103),8735757178,3820983701,11.20363638320314,10.984523489204573,PASS
od_575,독바위,6호선,126.933031,37.618456,pedestrian_support_point,빗물받이,서울특별시 은평구 연서로27길 26,126.9183,37.618,1301.524,POINT (126.9183 37.618),3824954278,4580091948,2.93341759236071,7.705239916356613,PASS
od_2188,불광,3호선,126.92982,37.610553,mobility_facility,녹번힐스테이트공인중개사사무소,서울특별시 은평구 통일로 596,126.9365,37.6001,1301.505,POINT (126.9365 37.6001),5930698997,8374268026,50.209801741355435,34.414823047730444,PASS
od_1171,불광,6호선,126.92939,37.610873,pedestrian_support_point,맨홀,서울특별시 은평구 구산동  195-5,126.9148,37.6125,1300.799,POINT (126.9148 37.6125),5930698997,10678140797,11.603222454866666,20.547501959333104,PASS
od_275,연신내,6호선,126.920625,37.618636,pedestrian_support_point,불광역4번출구,서울특별시 은평구 통일로 707,126.9303,37.6098,1300.558,POINT (126.9303 37.6098),11230505686,10678122709,20.028299588559467,31.886244045263194,PASS
od_1153,불광,6호선,126.92939,37.610873,pedestrian_support_point,맨홀,서울특별시 은평구 불광로 179-6,126.9312,37.6225,1300.329,POINT (126.9312 37.6225),5930698997,436849329,11.603222454866666,4.783892591187977,PASS
od_970,불광,6호선,126.92939,37.610873,pedestrian_support_point,빗물받이,서울특별시 은평구 불광동  177-21,126.9312,37.6225,1300.329,POINT (126.9312 37.6225),5930698997,436849329,11.603222454866666,4.783892591187977,PASS
od_2676,연신내,3호선,126.921038,37.619229,mobility_facility,내고향 막창,서울특별시 은평구 진흥로 144,126.926,37.6082,1300.136,POINT (126.926 37.6082),13357342120,10789220108,32.16422242836125,19.290626139405187,PASS
od_2218,불광,3호선,126.92982,37.610553,mobility_facility,31. 동부센트레빌 / 등기소 ,서울특별시 은평구 응암동  159-3,126.9262,37.5992,1299.971,POINT (126.9262 37.5992),5930698997,3811327086,50.209801741355435,4.870707533762497,PASS
od_1309,응암,6호선,126.915577,37.598605,mobility_facility,의자12,서울특별시 은평구 은평터널로9가길 9-13,126.9017,37.5947,1299.881,POINT (126.9017 37.5947),8735757178,4709422442,11.20363638320314,52.16025178472891,PASS
od_1214,불광,6호선,126.92939,37.610873,pedestrian_support_point,불광중학교,서울특별시 은평구 불광로 179,126.9311,37.6225,1299.274,POINT (126.9311 37.6225),5930698997,436849329,11.603222454866666,8.332210614892231,PASS
od_2270,불광,3호선,126.92982,37.610553,mobility_facility,29.  연신내역  1번출구,서울특별시 은평구 통일로 850-2,126.9208,37.6198,1299.052,POINT (126.9208 37.6198),5930698997,3823586792,50.209801741355435,15.995500411915353,PASS
od_902,불광,6호선,126.92939,37.610873,mobility_facility,예성공인중개사사무소,서울특별시 은평구 연서로 99,126.9151,37.6081,1298.747,POINT (126.9151 37.6081),5930698997,10789210630,11.603222454866666,12.851044509350475,PASS
od_1969,녹번,3호선,126.935756,37.600927,mobility_facility,현대메디알레공인중개사사무소,서울특별시 은평구 진흥로13길 9,126.9255,37.6093,1297.6,POINT (126.9255 37.6093),436867704,3819768549,5.477178362551235,9.612669763146753,PASS
od_896,불광,6호선,126.92939,37.610873,mobility_facility,일광단지내공인중개사사무소,"서울특별시 은평구 은평로 220, 108동 (응암동, 녹번역e편한세상캐슬)",126.9301,37.5992,1297.091,POINT (126.9301 37.5992),5930698997,3811678234,11.603222454866666,42.927450261230234,PASS
od_711,독바위,6호선,126.933031,37.618456,pedestrian_support_point,과속방지턱,서울특별시 은평구 연서로24길 19-1,126.9194,37.6141,1296.939,POINT (126.9194 37.6141),3824954278,3819769251,2.93341759236071,12.36275907922496,PASS
od_122,연신내,6호선,126.920625,37.618636,mobility_facility,행운공인중개사사무소,"서울특별시 은평구 불광로2길 7, 상가동 (불광동, 북한산현대홈타운아파트)",126.9328,37.6121,1296.804,POINT (126.9328 37.6121),11230505686,3824953864,20.028299588559467,28.123955914597097,PASS
od_2554,불광,3호선,126.92982,37.610553,pedestrian_support_point,맨홀,서울특별시 은평구 구산동  195-5,126.9153,37.6123,1296.608,POINT (126.9153 37.6123),5930698997,10789210620,50.209801741355435,6.689540301331119,PASS
od_2390,불광,3호선,126.92982,37.610553,pedestrian_support_point,빗물받이,서울특별시 은평구 구산동  195-5,126.9153,37.6123,1296.608,POINT (126.9153 37.6123),5930698997,10789210620,50.209801741355435,6.689540301331119,PASS
od_445,독바위,6호선,126.933031,37.618456,mobility_facility,내고향 막창,서울특별시 은평구 진흥로 144,126.926,37.6082,1296.575,POINT (126.926 37.6082),3824954278,10789220108,2.93341759236071,19.290626139405187,PASS
od_1438,응암,6호선,126.915577,37.598605,mobility_facility,의자21,서울특별시 은평구 신사동  산 48-2,126.9011,37.6005,1295.62,POINT (126.9011 37.6005),8735757178,11655568418,11.20363638320314,49.26063476860307,PASS
od_1302,응암,6호선,126.915577,37.598605,mobility_facility,의자22,서울특별시 은평구 신사동 산 48-2,126.9011,37.6005,1295.62,POINT (126.9011 37.6005),8735757178,11655568418,11.20363638320314,49.26063476860307,PASS
od_34,연신내,6호선,126.920625,37.618636,mobility_facility,에이스공인중개사사무소,서울특별시 은평구 불광로2길 6-2,126.9326,37.6119,1294.894,POINT (126.9326 37.6119),11230505686,3824953864,20.028299588559467,10.439199731087813,PASS
od_2223,불광,3호선,126.92982,37.610553,mobility_facility,37. 불광중학교,서울특별시 은평구 불광동  177-21,126.9305,37.6222,1294.086,POINT (126.9305 37.6222),5930698997,3823587288,50.209801741355435,22.70814480801875,PASS
od_1267,불광,6호선,126.92939,37.610873,pedestrian_support_point,빗물받이,서울특별시 은평구 연서로27길 26,126.9179,37.6181,1293.258,POINT (126.9179 37.6181),5930698997,4580111217,11.603222454866666,4.632684357392194,PASS
od_446,독바위,6호선,126.933031,37.618456,mobility_facility,장어가,서울특별시 은평구 진흥로 144,126.9261,37.6082,1292.371,POINT (126.9261 37.6082),3824954278,10789220108,2.93341759236071,17.15740368045905,PASS
od_1124,불광,6호선,126.92939,37.610873,pedestrian_support_point,맨홀,서울특별시 은평구 불광동  177-21,126.9313,37.6224,1290.439,POINT (126.9313 37.6224),5930698997,436862401,11.603222454866666,9.279701740256037,PASS
od_2631,불광,3호선,126.92982,37.610553,pedestrian_support_point,빗물받이,서울특별시 은평구 불광동  190-3,126.9314,37.6221,1289.163,POINT (126.9314 37.6221),5930698997,3823587293,50.209801741355435,7.551810334417256,PASS
od_2124,녹번,3호선,126.935756,37.600927,pedestrian_support_point,쉘터형 택시 승차대,서울특별시 은평구 역촌동  17-55,126.9224,37.6056,1288.388,POINT (126.9224 37.6056),436867704,436867927,5.477178362551235,16.43398612932405,PASS
od_499,독바위,6호선,126.933031,37.618456,mobility_facility,하이오비,서울특별시 은평구 통일로85길 5-1,126.9191,37.6219,1287.911,POINT (126.9191 37.6219),3824954278,3823587159,2.93341759236071,11.045544384801552,PASS
od_2544,불광,3호선,126.92982,37.610553,pedestrian_support_point,맨홀,서울특별시 은평구 구산동  195-5,126.9154,37.6123,1287.878,POINT (126.9154 37.6123),5930698997,4584668991,50.209801741355435,12.621180192978276,PASS
od_876,불광,6호선,126.92939,37.610873,mobility_facility,열린공인중개사사무소,서울특별시 은평구 진흥로 51,126.9203,37.6018,1287.749,POINT (126.9203 37.6018),5930698997,10789220067,11.603222454866666,15.09998599822484,PASS
od_2292,불광,3호선,126.92982,37.610553,mobility_facility,현대공인중개사사무소,서울특별시 은평구 통일로 598,126.9364,37.6002,1287.613,POINT (126.9364 37.6002),5930698997,8374268026,50.209801741355435,42.45030679999849,PASS
od_71,연신내,6호선,126.920625,37.618636,mobility_facility,34. 불광역 1번출구,서울특별시 은평구 통일로 720,126.9305,37.6101,1287.528,POINT (126.9305 37.6101),11230505686,11228574114,20.028299588559467,20.026368740428214,PASS
od_264,연신내,6호선,126.920625,37.618636,pedestrian_support_point,불광역1번출구,서울특별시 은평구 통일로 730-2,126.9305,37.6101,1287.528,POINT (126.9305 37.6101),11230505686,11228574114,20.028299588559467,20.026368740428214,PASS
od_1627,응암,6호선,126.915577,37.598605,pedestrian_support_point,장애인화장실,서울특별시 은평구 연서로 117,126.9153,37.6102,1287.151,POINT (126.9153 37.6102),8735757178,7060279945,11.20363638320314,64.29914866054128,PASS
od_1628,응암,6호선,126.915577,37.598605,pedestrian_support_point,장애인화장실,서울특별시 은평구 연서로 117,126.9153,37.6102,1287.151,POINT (126.9153 37.6102),8735757178,7060279945,11.20363638320314,64.29914866054128,PASS
od_1629,응암,6호선,126.915577,37.598605,pedestrian_support_point,장애인화장실,서울특별시 은평구 연서로 117,126.9153,37.6102,1287.151,POINT (126.9153 37.6102),8735757178,7060279945,11.20363638320314,64.29914866054128,PASS
od_1630,응암,6호선,126.915577,37.598605,pedestrian_support_point,장애인화장실,서울특별시 은평구 연서로 117,126.9153,37.6102,1287.151,POINT (126.9153 37.6102),8735757178,7060279945,11.20363638320314,64.29914866054128,PASS
od_2232,불광,3호선,126.92982,37.610553,mobility_facility,콜핑 연신내점,서울특별시 은평구 연서로 296,126.9269,37.6219,1285.511,POINT (126.9269 37.6219),5930698997,3823587249,50.209801741355435,19.369480998514497,PASS
od_701,독바위,6호선,126.933031,37.618456,pedestrian_support_point,맨홀,서울특별시 은평구 통일로 895-2,126.9197,37.6231,1284.821,POINT (126.9197 37.6231),3824954278,436393823,2.93341759236071,29.14105443196905,PASS
od_2264,불광,3호선,126.92982,37.610553,mobility_facility,열린공인중개사사무소,서울특별시 은평구 진흥로 51,126.9203,37.6018,1284.689,POINT (126.9203 37.6018),5930698997,10789220067,50.209801741355435,15.09998599822484,PASS
od_2715,연신내,3호선,126.921038,37.619229,mobility_facility,31.  은평뉴타운  112동,서울특별시 은평구 진관동  106-1,126.9208,37.6308,1284.431,POINT (126.9208 37.6308),13357342120,4714543154,32.16422242836125,68.84533328753469,PASS
od_2205,불광,3호선,126.92982,37.610553,mobility_facility,신흥부동산중개인사무소,서울특별시 은평구 통일로80길 9,126.9216,37.6201,1284.32,POINT (126.9216 37.6201),5930698997,3823586805,50.209801741355435,11.954647293171828,PASS
od_1783,응암,6호선,126.915577,37.598605,pedestrian_support_point,과속방지턱,서울특별시 은평구 은평로 195,126.9294,37.6022,1284.225,POINT (126.9294 37.6022),8735757178,4580557578,11.20363638320314,7.79248358969637,PASS
od_1466,응암,6호선,126.915577,37.598605,mobility_facility,일광단지내공인중개사사무소,"서울특별시 은평구 은평로 220, 108동 (응암동, 녹번역e편한세상캐슬)",126.9301,37.5992,1284.207,POINT (126.9301 37.5992),8735757178,3811678234,11.20363638320314,42.927450261230234,PASS
od_1312,응암,6호선,126.915577,37.598605,mobility_facility,이정표3,서울특별시 은평구 은평터널로9가길 9-13,126.9019,37.5947,1283.243,POINT (126.9019 37.5947),8735757178,4709422442,11.20363638320314,46.163366863211586,PASS
od_1095,불광,6호선,126.92939,37.610873,pedestrian_support_point,불광중학교,서울특별시 은평구 불광로 176,126.9316,37.6223,1283.195,POINT (126.9316 37.6223),5930698997,356265595,11.603222454866666,15.861003082433177,PASS
od_1952,녹번,3호선,126.935756,37.600927,mobility_facility,예지부동산공인중개사사무소,서울특별시 은평구 응암로34길 10-4,126.9217,37.598,1283.066,POINT (126.9217 37.598),436867704,3811326959,5.477178362551235,8.291013071944858,PASS
od_519,독바위,6호선,126.933031,37.618456,mobility_facility,열매공인중개사사무소,서울특별시 은평구 통일로 676-1,126.9334,37.6069,1283.005,POINT (126.9334 37.6069),3824954278,436877328,2.93341759236071,19.736511775123688,PASS
od_543,독바위,6호선,126.933031,37.618456,mobility_facility,열매공인중개사사무소,서울특별시 은평구 통일로 676-1,126.9334,37.6069,1283.005,POINT (126.9334 37.6069),3824954278,436877328,2.93341759236071,19.736511775123688,PASS
od_2415,불광,3호선,126.92982,37.610553,pedestrian_support_point,장애인화장실,서울특별시 은평구 연서로 117,126.9153,37.6102,1282.644,POINT (126.9153 37.6102),5930698997,7060279945,50.209801741355435,64.29914866054128,PASS
od_2416,불광,3호선,126.92982,37.610553,pedestrian_support_point,장애인화장실,서울특별시 은평구 연서로 117,126.9153,37.6102,1282.644,POINT (126.9153 37.6102),5930698997,7060279945,50.209801741355435,64.29914866054128,PASS
od_2417,불광,3호선,126.92982,37.610553,pedestrian_support_point,장애인화장실,서울특별시 은평구 연서로 117,126.9153,37.6102,1282.644,POINT (126.9153 37.6102),5930698997,7060279945,50.209801741355435,64.29914866054128,PASS
od_2418,불광,3호선,126.92982,37.610553,pedestrian_support_point,장애인화장실,서울특별시 은평구 연서로 117,126.9153,37.6102,1282.644,POINT (126.9153 37.6102),5930698997,7060279945,50.209801741355435,64.29914866054128,PASS
od_2265,불광,3호선,126.92982,37.610553,mobility_facility,방주공인중개사사무소,서울특별시 은평구 연서로34길 31,126.9294,37.6221,1282.13,POINT (126.9294 37.6221),5930698997,3823587302,50.209801741355435,12.870181048570695,PASS
od_2245,불광,3호선,126.92982,37.610553,mobility_facility,솔빛공인중개사사무소,서울특별시 은평구 연서로13길 3,126.9154,37.6092,1282.05,POINT (126.9154 37.6092),5930698997,3820984106,50.209801741355435,14.786199123507679,PASS
od_2242,불광,3호선,126.92982,37.610553,mobility_facility,예일부동산공인중개사사무소,서울특별시 은평구 연서로13길 3,126.9154,37.6092,1282.05,POINT (126.9154 37.6092),5930698997,3820984106,50.209801741355435,14.786199123507679,PASS
od_1505,응암,6호선,126.915577,37.598605,mobility_facility,은평모두로,서울특별시 은평구 은평로 195,126.9291,37.6028,1281.727,POINT (126.9291 37.6028),8735757178,3811139673,11.20363638320314,35.30221753899004,PASS
od_1934,녹번,3호선,126.935756,37.600927,mobility_facility,뚜레쥬르 불광현대점,서울특별시 은평구 불광로 60,126.9321,37.6121,1281.412,POINT (126.9321 37.6121),436867704,3824953868,5.477178362551235,17.381100232660405,PASS
od_673,독바위,6호선,126.933031,37.618456,pedestrian_support_point,맨홀,서울특별시 은평구 통일로 895-2,126.9196,37.6228,1280.005,POINT (126.9196 37.6228),3824954278,11230530737,2.93341759236071,47.72048328715064,PASS
od_2179,불광,3호선,126.92982,37.610553,mobility_facility,일출부동산공인중개사사무소,서울특별시 은평구 통일로 858,126.921,37.6197,1279.478,POINT (126.921 37.6197),5930698997,3823586792,50.209801741355435,35.63637819224775,PASS
od_1882,응암,6호선,126.915577,37.598605,pedestrian_support_point,빗물받이,서울특별시 은평구 구산동  1-19,126.9166,37.6101,1279.013,POINT (126.9166 37.6101),8735757178,3819768643,11.20363638320314,14.602017210522966,PASS
od_491,독바위,6호선,126.933031,37.618456,mobility_facility,인크맥스,서울특별시 은평구 연서로 201,126.9187,37.6168,1278.515,POINT (126.9187 37.6168),3824954278,3823586495,2.93341759236071,11.010180838292758,PASS
od_62,연신내,6호선,126.920625,37.618636,mobility_facility,06.  불광역  4번출구,서울특별시 은평구 통일로 723-1,126.9302,37.61,1278.045,POINT (126.9302 37.61),11230505686,11228574113,20.028299588559467,13.614884413917924,PASS
od_1387,응암,6호선,126.915577,37.598605,mobility_facility,CU은평여왕점,서울특별시 은평구 은평로 200,126.9297,37.6011,1277.542,POINT (126.9297 37.6011),8735757178,3811678452,11.20363638320314,29.97351748067364,PASS
od_2034,녹번,3호선,126.935756,37.600927,pedestrian_support_point,장애인화장실,서울특별시 은평구 통일로 737,126.929,37.6111,1277.0,POINT (126.929 37.6111),436867704,3819768872,5.477178362551235,29.081286641095858,PASS
od_2878,연신내,3호선,126.921038,37.619229,pedestrian_support_point,장애인화장실,서울특별시 은평구 통일로 723-1,126.93,37.6102,1276.845,POINT (126.93 37.6102),13357342120,11228574113,32.16422242836125,20.903517445198055,PASS
od_2879,연신내,3호선,126.921038,37.619229,pedestrian_support_point,장애인화장실,서울특별시 은평구 통일로 723-1,126.93,37.6102,1276.845,POINT (126.93 37.6102),13357342120,11228574113,32.16422242836125,20.903517445198055,PASS
od_740,독바위,6호선,126.933031,37.618456,pedestrian_support_point,빗물받이,서울특별시 은평구 연서로24길 19-1,126.9197,37.614,1276.659,POINT (126.9197 37.614),3824954278,353194574,2.93341759236071,7.854241456992831,PASS
od_2224,불광,3호선,126.92982,37.610553,mobility_facility,38. 불광보건지소,서울특별시 은평구 연서로 296,126.9268,37.6218,1276.454,POINT (126.9268 37.6218),5930698997,3823587157,50.209801741355435,14.689974850243098,PASS
od_1967,녹번,3호선,126.935756,37.600927,mobility_facility,알레르망,서울특별시 은평구 응암로 319,126.9214,37.5996,1276.264,POINT (126.9214 37.5996),436867704,4631404116,5.477178362551235,23.439106868699216,PASS
od_1061,불광,6호선,126.92939,37.610873,pedestrian_support_point,지하철환기구,서울특별시 은평구 불광동  484-82,126.9206,37.62,1276.103,POINT (126.9206 37.62),5930698997,11228575797,11.603222454866666,12.796990424852618,PASS
od_633,독바위,6호선,126.933031,37.618456,pedestrian_support_point,지하철환기구,서울특별시 은평구 통일로 895-2,126.9197,37.6229,1276.079,POINT (126.9197 37.6229),3824954278,3823587723,2.93341759236071,48.843255213078415,PASS
od_688,독바위,6호선,126.933031,37.618456,pedestrian_support_point,맨홀,서울특별시 은평구 통일로 895-2,126.9196,37.6227,1275.866,POINT (126.9196 37.6227),3824954278,11230530737,2.93341759236071,38.257955907833875,PASS
od_2204,불광,3호선,126.92982,37.610553,mobility_facility,삼원공인중개사사무소,서울특별시 은평구 연서로31길 12,126.9238,37.621,1275.517,POINT (126.9238 37.621),5930698997,4576632338,50.209801741355435,12.908994047174717,PASS
od_1923,녹번,3호선,126.935756,37.600927,mobility_facility,33. 역촌역 3번출구,서울특별시 은평구 녹번동  144-100,126.9235,37.607,1274.977,POINT (126.9235 37.607),436867704,3819768079,5.477178362551235,11.590932900594975,PASS
od_2289,불광,3호선,126.92982,37.610553,mobility_facility,소망공인중개사사무소,서울특별시 은평구 통일로80길 25-1,126.9233,37.6208,1274.689,POINT (126.9233 37.6208),5930698997,4576632337,50.209801741355435,21.57538573969785,PASS
od_1055,불광,6호선,126.92939,37.610873,pedestrian_support_point,녹번,서울특별시 은평구 은평로 250-2,126.9358,37.6006,1272.949,POINT (126.9358 37.6006),5930698997,11204976921,11.603222454866666,27.246181072661916,PASS
od_1911,녹번,3호선,126.935756,37.600927,mobility_facility,남도공인중개사사무소,서울특별시 은평구 통일로 735,126.9291,37.6111,1272.899,POINT (126.9291 37.6111),436867704,3819768872,5.477178362551235,25.81641579371403,PASS
od_1308,응암,6호선,126.915577,37.598605,mobility_facility,화장실,서울특별시 은평구 은평터널로9가길 9-13,126.9019,37.595,1272.381,POINT (126.9019 37.595),8735757178,4709422442,11.20363638320314,14.478836925915328,PASS
od_2135,녹번,3호선,126.935756,37.600927,pedestrian_support_point,불광초등학교,서울특별시 은평구 불광동  275-3,126.9305,37.6116,1272.257,POINT (126.9305 37.6116),436867704,5281045188,5.477178362551235,15.140743514957155,PASS
od_1441,응암,6호선,126.915577,37.598605,mobility_facility,쉼터10,서울특별시 은평구 은평터널로7길 6,126.9013,37.5971,1271.819,POINT (126.9013 37.5971),8735757178,11655562703,11.20363638320314,16.523736580862533,PASS
od_894,불광,6호선,126.92939,37.610873,mobility_facility,연신내일등부동산공인중개사사무소,서울특별시 은평구 연서로29길 9,126.919,37.6188,1271.05,POINT (126.919 37.6188),5930698997,3823586724,11.603222454866666,15.589216177012561,PASS
od_1016,불광,6호선,126.92939,37.610873,pedestrian_support_point,장애인화장실,서울특별시 은평구 통일로 615-2,126.936,37.6007,1271.029,POINT (126.936 37.6007),5930698997,11204976921,11.603222454866666,11.80825133854163,PASS
od_2578,불광,3호선,126.92982,37.610553,pedestrian_support_point,맨홀,서울특별시 은평구 통일로 856,126.921,37.6196,1270.69,POINT (126.921 37.6196),5930698997,3823586792,50.209801741355435,44.20628063357636,PASS
od_2487,불광,3호선,126.92982,37.610553,pedestrian_support_point,연서시장,서울특별시 은평구 통일로 856,126.921,37.6196,1270.69,POINT (126.921 37.6196),5930698997,3823586792,50.209801741355435,44.20628063357636,PASS
od_2442,불광,3호선,126.92982,37.610553,pedestrian_support_point,지하철환기구,서울특별시 은평구 통일로 850-2,126.921,37.6196,1270.69,POINT (126.921 37.6196),5930698997,3823586792,50.209801741355435,44.20628063357636,PASS
od_2890,연신내,3호선,126.921038,37.619229,pedestrian_support_point,불광,서울특별시 은평구 통일로 730-2,126.9302,37.6104,1270.665,POINT (126.9302 37.6104),13357342120,11228574114,32.16422242836125,26.39718303339748,PASS
od_1570,응암,6호선,126.915577,37.598605,pedestrian_support_point,구산역2번출구.예일여고,서울특별시 은평구 역촌동  7-33,126.9169,37.61,1270.105,POINT (126.9169 37.61),8735757178,10789220079,11.20363638320314,2.4472379356444853,PASS
od_1305,응암,6호선,126.915577,37.598605,mobility_facility,쉼터9,서울특별시 은평구 신사동 산 93-8,126.9014,37.5967,1269.702,POINT (126.9014 37.5967),8735757178,11655562703,11.20363638320314,35.77025005747263,PASS
od_2382,불광,3호선,126.92982,37.610553,pedestrian_support_point,빗물받이,서울특별시 은평구 연서로27길 26,126.9187,37.6178,1269.204,POINT (126.9187 37.6178),5930698997,353194455,50.209801741355435,4.957096804422263,PASS
od_2644,불광,3호선,126.92982,37.610553,pedestrian_support_point,빗물받이,서울특별시 은평구 불광동  190-3,126.9315,37.6219,1268.1,POINT (126.9315 37.6219),5930698997,3823587215,50.209801741355435,8.448627144976253,PASS
od_507,독바위,6호선,126.933031,37.618456,mobility_facility,이룸부동산,서울특별시 은평구 녹번로9길 9-1,126.9306,37.6072,1267.599,POINT (126.9306 37.6072),3824954278,3811139978,2.93341759236071,12.649065678514548,PASS
od_1555,응암,6호선,126.915577,37.598605,pedestrian_support_point,빗물받이,서울특별시 은평구 은평로 195,126.9292,37.6022,1267.449,POINT (126.9292 37.6022),8735757178,2309932443,11.20363638320314,12.952046597324017,PASS
od_1877,응암,6호선,126.915577,37.598605,pedestrian_support_point,빗물받이,서울특별시 은평구 은평로 195,126.9292,37.6022,1267.449,POINT (126.9292 37.6022),8735757178,2309932443,11.20363638320314,12.952046597324017,PASS
od_1701,응암,6호선,126.915577,37.598605,pedestrian_support_point,맨홀,서울특별시 은평구 구산동  1-19,126.9165,37.61,1267.344,POINT (126.9165 37.61),8735757178,3819768615,11.20363638320314,20.910275568043435,PASS
od_589,독바위,6호선,126.933031,37.618456,pedestrian_support_point,빗물받이,서울특별시 은평구 연서로27길 26,126.9187,37.6178,1267.32,POINT (126.9187 37.6178),3824954278,353194455,2.93341759236071,4.957096804422263,PASS
od_1949,녹번,3호선,126.935756,37.600927,mobility_facility,행운공인중개사사무소,"서울특별시 은평구 불광로2길 7, 상가동 (불광동, 북한산현대홈타운아파트)",126.9328,37.6121,1267.253,POINT (126.9328 37.6121),436867704,3824953864,5.477178362551235,28.123955914597097,PASS
od_134,연신내,6호선,126.920625,37.618636,mobility_facility,예성공인중개사사무소,서울특별시 은평구 연서로 99,126.9151,37.6081,1267.05,POINT (126.9151 37.6081),11230505686,10789210630,20.028299588559467,12.851044509350475,PASS
od_2327,불광,3호선,126.92982,37.610553,mobility_facility,경하프라자약국,서울특별시 은평구 서오릉로 157,126.9156,37.612,1265.772,POINT (126.9156 37.612),5930698997,10789210621,50.209801741355435,19.711571964702642,PASS
od_2806,연신내,3호선,126.921038,37.619229,mobility_facility,정다운약국,서울특별시 은평구 진흥로 137,126.9251,37.6083,1264.909,POINT (126.9251 37.6083),13357342120,3819768234,32.16422242836125,28.481207977758245,PASS
od_102,연신내,6호선,126.920625,37.618636,mobility_facility,형제세탁소,서울특별시 은평구 연서로11길 20-4,126.9134,37.6088,1264.401,POINT (126.9134 37.6088),11230505686,4584669561,20.028299588559467,15.202986423803189,PASS
od_2781,연신내,3호선,126.921038,37.619229,mobility_facility,동래공인중개사사무소,서울특별시 은평구 서오릉로21길 8,126.9076,37.6153,1264.006,POINT (126.9076 37.6153),13357342120,3823349590,32.16422242836125,14.135559764212733,PASS
od_2995,연신내,3호선,126.921038,37.619229,pedestrian_support_point,과속방지턱,서울특별시 은평구 구산동  27-48,126.9103,37.6117,1263.76,POINT (126.9103 37.6117),13357342120,3823349379,32.16422242836125,19.05150043344422,PASS
od_2049,녹번,3호선,126.935756,37.600927,pedestrian_support_point,지하철환기구,서울특별시 은평구 불광동  276-6,126.9296,37.6112,1263.135,POINT (126.9296 37.6112),436867704,11296481755,5.477178362551235,18.752278661067162,PASS
od_1164,불광,6호선,126.92939,37.610873,pedestrian_support_point,맨홀,서울특별시 은평구 통일로 867,126.9207,37.6199,1261.924,POINT (126.9207 37.6199),5930698997,3823586792,11.603222454866666,3.214783944494879,PASS
od_1609,응암,6호선,126.915577,37.598605,pedestrian_support_point,장애인화장실,서울특별시 은평구 은평로 195,126.9289,37.6027,1261.248,POINT (126.9289 37.6027),8735757178,3811139662,11.20363638320314,29.568490775682942,PASS
od_1610,응암,6호선,126.915577,37.598605,pedestrian_support_point,장애인화장실,서울특별시 은평구 은평로 195,126.9289,37.6027,1261.248,POINT (126.9289 37.6027),8735757178,3811139662,11.20363638320314,29.568490775682942,PASS
od_1611,응암,6호선,126.915577,37.598605,pedestrian_support_point,장애인화장실,서울특별시 은평구 은평로 195,126.9289,37.6027,1261.248,POINT (126.9289 37.6027),8735757178,3811139662,11.20363638320314,29.568490775682942,PASS
od_1612,응암,6호선,126.915577,37.598605,pedestrian_support_point,장애인화장실,서울특별시 은평구 은평로 195,126.9289,37.6027,1261.248,POINT (126.9289 37.6027),8735757178,3811139662,11.20363638320314,29.568490775682942,PASS
od_832,불광,6호선,126.92939,37.610873,mobility_facility,37. 불광중학교,서울특별시 은평구 불광동  177-21,126.9305,37.6222,1260.989,POINT (126.9305 37.6222),5930698997,3823587288,11.603222454866666,22.70814480801875,PASS
od_715,독바위,6호선,126.933031,37.618456,pedestrian_support_point,과속방지턱,서울특별시 은평구 연서로24길 19-1,126.9199,37.614,1260.398,POINT (126.9199 37.614),3824954278,353194574,2.93341759236071,12.82228852760038,PASS
od_2284,불광,3호선,126.92982,37.610553,mobility_facility,일광단지내공인중개사사무소,"서울특별시 은평구 은평로 220, 108동 (응암동, 녹번역e편한세상캐슬)",126.9301,37.5992,1260.301,POINT (126.9301 37.5992),5930698997,3811678234,50.209801741355435,42.927450261230234,PASS
od_891,불광,6호선,126.92939,37.610873,mobility_facility,퍼스트공인중개사사무소,서울특별시 은평구 연서로35길 6,126.926,37.6219,1259.944,POINT (126.926 37.6219),5930698997,2930525549,11.603222454866666,22.83437686271451,PASS
od_1984,녹번,3호선,126.935756,37.600927,mobility_facility,아네스트공인중개사,서울특별시 은평구 은평로 123,126.9215,37.6005,1259.79,POINT (126.9215 37.6005),436867704,3811078666,5.477178362551235,23.873968491102772,PASS
od_2815,연신내,3호선,126.921038,37.619229,mobility_facility,불광역,서울특별시 은평구 통일로 725,126.93,37.6104,1259.498,POINT (126.93 37.6104),13357342120,11228574114,32.16422242836125,35.99324921185278,PASS
od_3028,연신내,3호선,126.921038,37.619229,pedestrian_support_point,불광역,서울특별시 은평구 통일로 723-1,126.93,37.6104,1259.498,POINT (126.93 37.6104),13357342120,11228574114,32.16422242836125,35.99324921185278,PASS
od_2040,녹번,3호선,126.935756,37.600927,pedestrian_support_point,불광,서울특별시 은평구 불광동  276-4,126.9297,37.6112,1259.36,POINT (126.9297 37.6112),436867704,13378638849,5.477178362551235,21.56255632791962,PASS
od_2041,녹번,3호선,126.935756,37.600927,pedestrian_support_point,불광,서울특별시 은평구 불광동  276-4,126.9297,37.6112,1259.36,POINT (126.9297 37.6112),436867704,13378638849,5.477178362551235,21.56255632791962,PASS
od_1992,녹번,3호선,126.935756,37.600927,mobility_facility,역촌역,서울특별시 은평구 서오릉로 63,126.923,37.606,1259.283,POINT (126.923 37.606),436867704,8460926747,5.477178362551235,11.080562328111156,PASS
od_2127,녹번,3호선,126.935756,37.600927,pedestrian_support_point,역촌역,서울특별시 은평구 서오릉로 63,126.923,37.606,1259.283,POINT (126.923 37.606),436867704,8460926747,5.477178362551235,11.080562328111156,PASS
od_2020,녹번,3호선,126.935756,37.600927,pedestrian_support_point,장애인화장실,서울특별시 은평구 서오릉로 63,126.923,37.606,1259.283,POINT (126.923 37.606),436867704,8460926747,5.477178362551235,11.080562328111156,PASS
od_1181,불광,6호선,126.92939,37.610873,pedestrian_support_point,맨홀,서울특별시 은평구 은평로 250-2,126.9357,37.6007,1259.085,POINT (126.9357 37.6007),5930698997,436867704,11.603222454866666,20.442331431899554,PASS
od_890,불광,6호선,126.92939,37.610873,mobility_facility,그린공인중개사사무소,서울특별시 은평구 연서로33길 10,126.9244,37.6215,1259.076,POINT (126.9244 37.6215),5930698997,307924223,11.603222454866666,8.775060227086142,PASS
od_2352,불광,3호선,126.92982,37.610553,mobility_facility,이화공인중개사사무소,서울특별시 은평구 연서로21길 12,126.9166,37.6148,1258.812,POINT (126.9166 37.6148),5930698997,353194452,50.209801741355435,15.607550569135348,PASS
od_976,불광,6호선,126.92939,37.610873,pedestrian_support_point,빗물받이,서울특별시 은평구 연서로27길 26,126.9183,37.618,1258.741,POINT (126.9183 37.618),5930698997,4580091948,11.603222454866666,7.705239916356613,PASS
od_1254,불광,6호선,126.92939,37.610873,pedestrian_support_point,빗물받이,서울특별시 은평구 불광동  190-3,126.9314,37.6221,1258.65,POINT (126.9314 37.6221),5930698997,3823587293,11.603222454866666,7.551810334417256,PASS
od_2810,연신내,3호선,126.921038,37.619229,mobility_facility,구산동주민센터,서울특별시 은평구 갈현로17길 10,126.9104,37.6117,1257.15,POINT (126.9104 37.6117),13357342120,3823349379,32.16422242836125,13.428101388618112,PASS
od_3024,연신내,3호선,126.921038,37.619229,pedestrian_support_point,구산동주민센터,서울특별시 은평구 갈현로17길 10,126.9104,37.6117,1257.15,POINT (126.9104 37.6117),13357342120,3823349379,32.16422242836125,13.428101388618112,PASS
od_3042,연신내,3호선,126.921038,37.619229,pedestrian_support_point,구산동주민센터,서울특별시 은평구 갈현로17길 10,126.9104,37.6117,1257.15,POINT (126.9104 37.6117),13357342120,3823349379,32.16422242836125,13.428101388618112,PASS
od_2738,연신내,3호선,126.921038,37.619229,mobility_facility,뚜레쥬르 불광현대점,서울특별시 은평구 불광로 60,126.9321,37.6121,1256.946,POINT (126.9321 37.6121),13357342120,3824953868,32.16422242836125,17.381100232660405,PASS
od_1281,응암,6호선,126.915577,37.598605,mobility_facility,의자15,서울특별시 은평구 신사동 산 48-2,126.9014,37.5976,1256.926,POINT (126.9014 37.5976),8735757178,9705185489,11.20363638320314,34.65142782876813,PASS
od_2883,연신내,3호선,126.921038,37.619229,pedestrian_support_point,장애인화장실,서울특별시 은평구 갈현로17길 10,126.9103,37.6118,1256.448,POINT (126.9103 37.6118),13357342120,3823349382,32.16422242836125,24.808202288946053,PASS
od_1458,응암,6호선,126.915577,37.598605,mobility_facility,부동산랜드윈공인중개사사무소,서울특별시 은평구 가좌로 190,126.9202,37.5879,1256.328,POINT (126.9202 37.5879),8735757178,3811066704,11.20363638320314,15.418424975640406,PASS
od_656,독바위,6호선,126.933031,37.618456,pedestrian_support_point,선일하이츠빌라,서울특별시 은평구 통일로 902,126.9199,37.6228,1255.51,POINT (126.9199 37.6228),3824954278,11230530737,2.93341759236071,42.335538354569906,PASS
od_823,불광,6호선,126.92939,37.610873,mobility_facility,11. 연신내역 7번출구 ,서울특별시 은평구 통일로 865-2,126.9205,37.6197,1255.338,POINT (126.9205 37.6197),5930698997,11228575797,11.603222454866666,25.812341312415167,PASS
od_26,연신내,6호선,126.920625,37.618636,mobility_facility,장어가,서울특별시 은평구 진흥로 144,126.9261,37.6082,1255.107,POINT (126.9261 37.6082),11230505686,10789220108,20.028299588559467,17.15740368045905,PASS
od_2148,불광,3호선,126.92982,37.610553,mobility_facility,은평중심공인중개사사무소,서울특별시 은평구 연서로23길 7,126.9171,37.6156,1255.021,POINT (126.9171 37.6156),5930698997,4580111219,50.209801741355435,22.432053920095864,PASS
od_2177,불광,3호선,126.92982,37.610553,mobility_facility,상지공인중개사사무소,서울특별시 은평구 연서로33길 4-1,126.9247,37.6211,1254.851,POINT (126.9247 37.6211),5930698997,3823586968,50.209801741355435,6.4474233372440555,PASS
od_1888,녹번,3호선,126.935756,37.600927,mobility_facility,하나공인중개사사무소,서울특별시 은평구 불광로2길 7,126.9329,37.612,1254.589,POINT (126.9329 37.612),436867704,3824953850,5.477178362551235,21.779274448067056,PASS
od_1313,응암,6호선,126.915577,37.598605,mobility_facility,안내판3,서울특별시 은평구 은평터널로9가길 9-13,126.9022,37.5948,1254.558,POINT (126.9022 37.5948),8735757178,11729856119,11.20363638320314,24.004060259953437,PASS
od_2038,녹번,3호선,126.935756,37.600927,pedestrian_support_point,역촌,서울특별시 은평구 서오릉로 63,126.923,37.6059,1254.36,POINT (126.923 37.6059),436867704,8460926747,5.477178362551235,17.73207227050489,PASS
od_1175,불광,6호선,126.92939,37.610873,pedestrian_support_point,맨홀,서울특별시 은평구 구산동  195-5,126.9153,37.6123,1254.1,POINT (126.9153 37.6123),5930698997,10789210620,11.603222454866666,6.689540301331119,PASS
od_1004,불광,6호선,126.92939,37.610873,pedestrian_support_point,빗물받이,서울특별시 은평구 구산동  195-5,126.9153,37.6123,1254.1,POINT (126.9153 37.6123),5930698997,10789210620,11.603222454866666,6.689540301331119,PASS
od_2363,불광,3호선,126.92982,37.610553,pedestrian_support_point,장애인화장실,서울특별시 은평구 녹번동  59-1,126.9363,37.6005,1253.934,POINT (126.9363 37.6005),5930698997,11204976921,50.209801741355435,44.47105335763823,PASS
od_1419,응암,6호선,126.915577,37.598605,mobility_facility,예일부동산,서울특별시 은평구 연서로13길 19,126.9137,37.6098,1253.529,POINT (126.9137 37.6098),8735757178,3820983863,11.20363638320314,19.464777977409067,PASS
od_458,독바위,6호선,126.933031,37.618456,mobility_facility,로얄공인중개사사무소,서울특별시 은평구 녹번로 73,126.9319,37.6072,1253.279,POINT (126.9319 37.6072),3824954278,3811139961,2.93341759236071,11.411638038625837,PASS
od_1306,응암,6호선,126.915577,37.598605,mobility_facility,의자13,서울특별시 은평구 신사동 산 93-8,126.9018,37.5959,1253.151,POINT (126.9018 37.5959),8735757178,4709422442,11.20363638320314,89.53246158347532,PASS
od_1513,응암,6호선,126.915577,37.598605,mobility_facility,시온공동생활가정,서울특별시 은평구 갈현로15길 24-5,126.9081,37.6082,1253.005,POINT (126.9081 37.6082),8735757178,3823349265,11.20363638320314,29.81465543137142,PASS
od_652,독바위,6호선,126.933031,37.618456,pedestrian_support_point,은평여성인력개발센터,서울특별시 은평구 녹번로 72,126.9321,37.6072,1251.996,POINT (126.9321 37.6072),3824954278,3811139961,2.93341759236071,19.905641635354513,PASS
od_2043,녹번,3호선,126.935756,37.600927,pedestrian_support_point,지하철환기구,서울특별시 은평구 불광동  276-4,126.9299,37.6112,1251.964,POINT (126.9299 37.6112),436867704,13378638849,5.477178362551235,7.997292348961212,PASS
od_25,연신내,6호선,126.920625,37.618636,mobility_facility,내고향 막창,서울특별시 은평구 진흥로 144,126.926,37.6082,1251.733,POINT (126.926 37.6082),11230505686,10789220108,20.028299588559467,19.290626139405187,PASS
od_768,불광,6호선,126.92939,37.610873,mobility_facility,일등단지내(375-8500)공인중개사사무소,서울특별시 은평구 은평로 220,126.9313,37.5997,1251.497,POINT (126.9313 37.5997),5930698997,10641896367,11.603222454866666,63.856879489108834,PASS
od_1473,응암,6호선,126.915577,37.598605,mobility_facility,조은공인중개사사무소,서울특별시 은평구 증산로15길 71,126.9056,37.5906,1251.288,POINT (126.9056 37.5906),8735757178,3822999595,11.20363638320314,14.333578323035882,PASS
od_1529,응암,6호선,126.915577,37.598605,mobility_facility,도원꽃집,서울특별시 은평구 은평로 193,126.9292,37.6017,1251.092,POINT (126.9292 37.6017),8735757178,3811155107,11.20363638320314,18.200366233949964,PASS
od_2312,불광,3호선,126.92982,37.610553,mobility_facility,하나로약국,서울특별시 은평구 연서로 277-1,126.9252,37.6212,1250.12,POINT (126.9252 37.6212),5930698997,3819770067,50.209801741355435,31.6141330442214,PASS
od_236,연신내,6호선,126.920625,37.618636,pedestrian_support_point,장애인화장실,서울특별시 은평구 통일로 723-1,126.93,37.6102,1249.717,POINT (126.93 37.6102),11230505686,11228574113,20.028299588559467,20.903517445198055,PASS
od_237,연신내,6호선,126.920625,37.618636,pedestrian_support_point,장애인화장실,서울특별시 은평구 통일로 723-1,126.93,37.6102,1249.717,POINT (126.93 37.6102),11230505686,11228574113,20.028299588559467,20.903517445198055,PASS
od_1512,응암,6호선,126.915577,37.598605,mobility_facility,은평백세콜,서울특별시 은평구 은평로 195,126.9289,37.6024,1249.637,POINT (126.9289 37.6024),8735757178,2309932449,11.20363638320314,32.66901663162708,PASS
od_1903,녹번,3호선,126.935756,37.600927,mobility_facility,에이스공인중개사사무소,서울특별시 은평구 불광로2길 6-2,126.9326,37.6119,1249.359,POINT (126.9326 37.6119),436867704,3824953864,5.477178362551235,10.439199731087813,PASS
od_671,독바위,6호선,126.933031,37.618456,pedestrian_support_point,맨홀,서울특별시 은평구 통일로 895-2,126.9196,37.622,1249.276,POINT (126.9196 37.622),3824954278,11230505660,2.93341759236071,24.947944839355713,PASS
od_855,불광,6호선,126.92939,37.610873,mobility_facility,솔빛공인중개사사무소,서울특별시 은평구 연서로13길 3,126.9154,37.6092,1249.133,POINT (126.9154 37.6092),5930698997,3820984106,11.603222454866666,14.786199123507679,PASS
od_852,불광,6호선,126.92939,37.610873,mobility_facility,예일부동산공인중개사사무소,서울특별시 은평구 연서로13길 3,126.9154,37.6092,1249.133,POINT (126.9154 37.6092),5930698997,3820984106,11.603222454866666,14.786199123507679,PASS
od_2567,불광,3호선,126.92982,37.610553,pedestrian_support_point,맨홀,서울특별시 은평구 연서로13길 13-1,126.9158,37.6091,1248.368,POINT (126.9158 37.6091),5930698997,10789210628,50.209801741355435,10.60383344334485,PASS
od_2122,녹번,3호선,126.935756,37.600927,pedestrian_support_point,지하철환기구,서울특별시 은평구 불광동  276-4,126.93,37.6112,1248.343,POINT (126.93 37.6112),436867704,457819071,5.477178362551235,3.564276354842867,PASS
od_2488,불광,3호선,126.92982,37.610553,pedestrian_support_point,북한산수자인아파트,"서울특별시 은평구 불광로 170, 101동 (불광동, 북한산 한양 수자인 아파트)",126.9317,37.6217,1248.282,POINT (126.9317 37.6217),5930698997,10682009302,50.209801741355435,28.51393090162671,PASS
od_2536,불광,3호선,126.92982,37.610553,pedestrian_support_point,맨홀,서울특별시 은평구 구산동  1-22,126.9158,37.612,1248.258,POINT (126.9158 37.612),5930698997,10789210621,50.209801741355435,8.629385891118837,PASS
od_882,불광,6호선,126.92939,37.610873,mobility_facility,29.  연신내역  1번출구,서울특별시 은평구 통일로 850-2,126.9208,37.6198,1247.744,POINT (126.9208 37.6198),5930698997,3823586792,11.603222454866666,15.995500411915353,PASS
od_1307,응암,6호선,126.915577,37.598605,mobility_facility,전망대,서울특별시 은평구 신사동 산 93-8,126.902,37.5955,1247.541,POINT (126.902 37.5955),8735757178,4709422442,11.20363638320314,43.486383133028816,PASS
od_1960,녹번,3호선,126.935756,37.600927,mobility_facility,부동산친구공인중개사사무소,서울특별시 은평구 불광로2길 8,126.9327,37.6119,1247.42,POINT (126.9327 37.6119),436867704,3824953864,5.477178362551235,17.432162168119962,PASS
od_1442,응암,6호선,126.915577,37.598605,mobility_facility,의자14,서울특별시 은평구 은평터널로7길 6,126.9019,37.5958,1247.304,POINT (126.9019 37.5958),8735757178,4709422442,11.20363638320314,77.24296629379228,PASS
od_1981,녹번,3호선,126.935756,37.600927,mobility_facility,금호부동산,"서울특별시 은평구 응암로 318, 101동 (응암동, 응암동금호아파트)",126.9218,37.5992,1247.234,POINT (126.9218 37.5992),436867704,11688945311,5.477178362551235,4.7280109508406385,PASS
od_1388,응암,6호선,126.915577,37.598605,mobility_facility,행복한사진관,서울특별시 은평구 은평로 193-2,126.929,37.6021,1247.203,POINT (126.929 37.6021),8735757178,2309932443,11.20363638320314,23.36824229846028,PASS
od_1979,녹번,3호선,126.935756,37.600927,mobility_facility,정다운약국,서울특별시 은평구 진흥로 137,126.9251,37.6083,1247.009,POINT (126.9251 37.6083),436867704,3819768234,5.477178362551235,28.481207977758245,PASS
od_1032,불광,6호선,126.92939,37.610873,pedestrian_support_point,장애인화장실,서울특별시 은평구 연서로 117,126.9153,37.6102,1246.317,POINT (126.9153 37.6102),5930698997,7060279945,11.603222454866666,64.29914866054128,PASS
od_1033,불광,6호선,126.92939,37.610873,pedestrian_support_point,장애인화장실,서울특별시 은평구 연서로 117,126.9153,37.6102,1246.317,POINT (126.9153 37.6102),5930698997,7060279945,11.603222454866666,64.29914866054128,PASS
od_1034,불광,6호선,126.92939,37.610873,pedestrian_support_point,장애인화장실,서울특별시 은평구 연서로 117,126.9153,37.6102,1246.317,POINT (126.9153 37.6102),5930698997,7060279945,11.603222454866666,64.29914866054128,PASS
od_1035,불광,6호선,126.92939,37.610873,pedestrian_support_point,장애인화장실,서울특별시 은평구 연서로 117,126.9153,37.6102,1246.317,POINT (126.9153 37.6102),5930698997,7060279945,11.603222454866666,64.29914866054128,PASS
od_877,불광,6호선,126.92939,37.610873,mobility_facility,방주공인중개사사무소,서울특별시 은평구 연서로34길 31,126.9294,37.6221,1246.077,POINT (126.9294 37.6221),5930698997,3823587302,11.603222454866666,12.870181048570695,PASS
od_89,연신내,6호선,126.920625,37.618636,mobility_facility,뚜레쥬르 불광현대점,서울특별시 은평구 불광로 60,126.9321,37.6121,1246.055,POINT (126.9321 37.6121),11230505686,3824953868,20.028299588559467,17.381100232660405,PASS
od_834,불광,6호선,126.92939,37.610873,mobility_facility,연도약국,서울특별시 은평구 은평로 144,126.9237,37.6006,1245.982,POINT (126.9237 37.6006),5930698997,2309932460,11.603222454866666,16.97169941831685,PASS
od_1634,응암,6호선,126.915577,37.598605,pedestrian_support_point,장애인화장실,서울특별시 은평구 은평로 194,126.9293,37.6012,1245.601,POINT (126.9293 37.6012),8735757178,3811678425,11.20363638320314,21.73477068894396,PASS
od_1165,불광,6호선,126.92939,37.610873,pedestrian_support_point,맨홀,서울특별시 은평구 구산동  195-5,126.9154,37.6123,1245.342,POINT (126.9154 37.6123),5930698997,4584668991,11.603222454866666,12.621180192978276,PASS
od_1824,응암,6호선,126.915577,37.598605,pedestrian_support_point,은평구청,서울특별시 은평구 은평로 195,126.9288,37.6025,1245.136,POINT (126.9288 37.6025),8735757178,2309932449,11.20363638320314,32.58558127160425,PASS
od_248,연신내,6호선,126.920625,37.618636,pedestrian_support_point,불광,서울특별시 은평구 통일로 730-2,126.9302,37.6104,1245.094,POINT (126.9302 37.6104),11230505686,11228574114,20.028299588559467,26.39718303339748,PASS
od_651,독바위,6호선,126.933031,37.618456,pedestrian_support_point,청구성심병원,서울특별시 은평구 통일로83길 6,126.9193,37.621,1244.679,POINT (126.9193 37.621),3824954278,353194436,2.93341759236071,8.657079706876354,PASS
od_2483,불광,3호선,126.92982,37.610553,pedestrian_support_point,연신내역.연서시장,서울특별시 은평구 통일로 850-2,126.921,37.6193,1244.546,POINT (126.921 37.6193),5930698997,13357342120,50.209801741355435,40.25157779932064,PASS
od_1970,녹번,3호선,126.935756,37.600927,mobility_facility,카페모임,서울특별시 은평구 은평로9길 16,126.9217,37.6017,1244.189,POINT (126.9217 37.6017),436867704,3811078690,5.477178362551235,11.350024438362952,PASS
od_2994,연신내,3호선,126.921038,37.619229,pedestrian_support_point,과속방지턱,서울특별시 은평구 구산동  13-3,126.9106,37.6117,1244.013,POINT (126.9106 37.6117),13357342120,3823349379,32.16422242836125,16.749912961741078,PASS
od_841,불광,6호선,126.92939,37.610873,mobility_facility,콜핑 연신내점,서울특별시 은평구 연서로 296,126.9269,37.6219,1243.466,POINT (126.9269 37.6219),5930698997,3823587249,11.603222454866666,19.369480998514497,PASS
od_2737,연신내,3호선,126.921038,37.619229,mobility_facility,다루동물병원,서울특별시 은평구 불광로 60,126.9321,37.6123,1243.091,POINT (126.9321 37.6123),13357342120,353195249,32.16422242836125,19.908656077216225,PASS
od_536,독바위,6호선,126.933031,37.618456,mobility_facility,대한민국부동산공인중개사사무소,서울특별시 은평구 통일로83길 5-9,126.9192,37.6205,1241.957,POINT (126.9192 37.6205),3824954278,3823586885,2.93341759236071,11.099717380922833,PASS
od_2434,불광,3호선,126.92982,37.610553,pedestrian_support_point,연신내,서울특별시 은평구 통일로 865-2,126.9209,37.6192,1241.49,POINT (126.9209 37.6192),5930698997,13357342120,50.209801741355435,31.6404289324609,PASS
od_2055,녹번,3호선,126.935756,37.600927,pedestrian_support_point,불광역9번출구.불광초등학교,서울특별시 은평구 통일로 712-2,126.9305,37.6113,1241.315,POINT (126.9305 37.6113),436867704,5281045186,5.477178362551235,18.148614078073688,PASS
od_765,불광,6호선,126.92939,37.610873,mobility_facility,녹번역힐스테이트공인중개사사무소,서울특별시 은평구 은평로 240,126.9352,37.6007,1240.179,POINT (126.9352 37.6007),5930698997,3811678409,11.603222454866666,23.749056056394735,PASS
od_535,독바위,6호선,126.933031,37.618456,mobility_facility,연신내일등부동산공인중개사사무소,서울특별시 은평구 연서로29길 9,126.919,37.6188,1239.321,POINT (126.919 37.6188),3824954278,3823586724,2.93341759236071,15.589216177012561,PASS
od_690,독바위,6호선,126.933031,37.618456,pedestrian_support_point,맨홀,서울특별시 은평구 녹번동  116-3,126.9326,37.6073,1238.78,POINT (126.9326 37.6073),3824954278,11228574102,2.93341759236071,22.217673506507115,PASS
od_2708,연신내,3호선,126.921038,37.619229,mobility_facility,한강공인중개사사무소,서울특별시 은평구 연서로13길 34,126.9123,37.6105,1238.466,POINT (126.9123 37.6105),13357342120,3820983892,32.16422242836125,24.77048677492265,PASS
od_1268,불광,6호선,126.92939,37.610873,pedestrian_support_point,빗물받이,서울특별시 은평구 불광동  190-3,126.9315,37.6219,1237.975,POINT (126.9315 37.6219),5930698997,3823587215,11.603222454866666,8.448627144976253,PASS
od_1825,응암,6호선,126.915577,37.598605,pedestrian_support_point,은평구 보건소,서울특별시 은평구 은평로 195,126.9287,37.6025,1236.858,POINT (126.9287 37.6025),8735757178,2309932449,11.20363638320314,27.8412105332821,PASS
od_2022,녹번,3호선,126.935756,37.600927,pedestrian_support_point,장애인화장실,서울특별시 은평구 서오릉로 47,126.9231,37.6057,1236.769,POINT (126.9231 37.6057),436867704,10678122647,5.477178362551235,25.45355064426953,PASS
od_2845,연신내,3호선,126.921038,37.619229,pedestrian_support_point,빗물받이,서울특별시 은평구 구산동  13-3,126.9106,37.6118,1236.584,POINT (126.9106 37.6118),13357342120,3823349386,32.16422242836125,10.133400391321503,PASS
od_1280,응암,6호선,126.915577,37.598605,mobility_facility,의자16,서울특별시 은평구 신사동 산 48-2,126.9016,37.598,1236.127,POINT (126.9016 37.598),8735757178,9705185492,11.20363638320314,34.46663913132199,PASS
od_2726,연신내,3호선,126.921038,37.619229,mobility_facility,39. 은평경찰서,서울특별시 은평구 불광동  산 19-8,126.9295,37.6281,1235.901,POINT (126.9295 37.6281),13357342120,10209606886,32.16422242836125,23.645636787086485,PASS
od_451,독바위,6호선,126.933031,37.618456,mobility_facility,경호공인중개사사무소,서울특별시 은평구 연서로20길 19-1,126.9201,37.6142,1235.519,POINT (126.9201 37.6142),3824954278,353194575,2.93341759236071,17.063956192067714,PASS
od_1439,응암,6호선,126.915577,37.598605,mobility_facility,의자20,서울특별시 은평구 신사동  산 48-2,126.9017,37.6,1235.196,POINT (126.9017 37.6),8735757178,11655568418,11.20363638320314,125.56217805369124,WARNING
od_1955,녹번,3호선,126.935756,37.600927,mobility_facility,현대공인중개사사무소,서울특별시 은평구 불광로2길 10,126.9328,37.6118,1234.689,POINT (126.9328 37.6118),436867704,3824953850,5.477178362551235,30.371380294254898,PASS
od_1304,응암,6호선,126.915577,37.598605,mobility_facility,의자18,서울특별시 은평구 신사동 산 48-2,126.9016,37.5987,1234.341,POINT (126.9016 37.5987),8735757178,9705185492,11.20363638320314,50.12153492953917,PASS
od_2709,연신내,3호선,126.921038,37.619229,mobility_facility,02.  은평경찰서,서울특별시 은평구 불광동  산 24-1,126.9293,37.6282,1234.246,POINT (126.9293 37.6282),13357342120,10209606886,32.16422242836125,31.759639214886242,PASS
od_833,불광,6호선,126.92939,37.610873,mobility_facility,38. 불광보건지소,서울특별시 은평구 연서로 296,126.9268,37.6218,1234.149,POINT (126.9268 37.6218),5930698997,3823587157,11.603222454866666,14.689974850243098,PASS
od_2907,연신내,3호선,126.921038,37.619229,pedestrian_support_point,대조시장.NC백화점,서울특별시 은평구 불광로 12,126.9278,37.6095,1233.869,POINT (126.9278 37.6095),13357342120,11229115806,32.16422242836125,48.82264064116012,PASS
od_2100,녹번,3호선,126.935756,37.600927,pedestrian_support_point,맨홀,서울특별시 은평구 서오릉로 63,126.9232,37.6058,1233.62,POINT (126.9232 37.6058),436867704,10678122647,5.477178362551235,11.735277797274414,PASS
od_814,불광,6호선,126.92939,37.610873,mobility_facility,신흥부동산중개인사무소,서울특별시 은평구 통일로80길 9,126.9216,37.6201,1233.616,POINT (126.9216 37.6201),5930698997,3823586805,11.603222454866666,11.954647293171828,PASS
od_570,독바위,6호선,126.933031,37.618456,pedestrian_support_point,빗물받이,서울특별시 은평구 연서로29길 7,126.9191,37.6176,1233.578,POINT (126.9191 37.6176),3824954278,10678122483,2.93341759236071,21.772004603065504,PASS
od_2509,불광,3호선,126.92982,37.610553,pedestrian_support_point,맨홀,서울특별시 은평구 통일로 850-2,126.9212,37.6193,1233.575,POINT (126.9212 37.6193),5930698997,13357342120,50.209801741355435,42.30379409853133,PASS
od_2798,연신내,3호선,126.921038,37.619229,mobility_facility,한일슈퍼,서울특별시 은평구 연서로14길 14,126.9174,37.6085,1233.363,POINT (126.9174 37.6085),13357342120,4584362138,32.16422242836125,13.864145800685073,PASS
od_88,연신내,6호선,126.920625,37.618636,mobility_facility,다루동물병원,서울특별시 은평구 불광로 60,126.9321,37.6123,1233.263,POINT (126.9321 37.6123),11230505686,353195249,20.028299588559467,19.908656077216225,PASS
od_170,연신내,6호선,126.920625,37.618636,mobility_facility,불광역,서울특별시 은평구 통일로 725,126.93,37.6104,1233.173,POINT (126.93 37.6104),11230505686,11228574114,20.028299588559467,35.99324921185278,PASS
od_398,연신내,6호선,126.920625,37.618636,pedestrian_support_point,불광역,서울특별시 은평구 통일로 723-1,126.93,37.6104,1233.173,POINT (126.93 37.6104),11230505686,11228574114,20.028299588559467,35.99324921185278,PASS
od_1587,응암,6호선,126.915577,37.598605,pedestrian_support_point,빗물받이,서울특별시 은평구 구산동  8-9,126.9163,37.6097,1233.078,POINT (126.9163 37.6097),8735757178,3819768584,11.20363638320314,12.375056196093304,PASS
od_3049,연신내,3호선,126.921038,37.619229,pedestrian_support_point,CGV 불광,서울특별시 은평구 불광로 20,126.9286,37.6099,1232.01,POINT (126.9286 37.6099),13357342120,11984487710,32.16422242836125,34.328089997938505,PASS
od_2064,녹번,3호선,126.935756,37.600927,pedestrian_support_point,불광역9번출구,서울특별시 은평구 불광로 40,126.9302,37.6111,1231.07,POINT (126.9302 37.6111),436867704,457819071,5.477178362551235,17.80090738866349,PASS
od_2866,연신내,3호선,126.921038,37.619229,pedestrian_support_point,장애인화장실,서울특별시 은평구 통일로 730,126.9301,37.6108,1230.993,POINT (126.9301 37.6108),13357342120,457819071,32.16422242836125,44.588029644351074,PASS
od_2746,연신내,3호선,126.921038,37.619229,mobility_facility,예일부동산,서울특별시 은평구 연서로13길 19,126.9137,37.6098,1230.829,POINT (126.9137 37.6098),13357342120,3820983863,32.16422242836125,19.464777977409067,PASS
od_2663,연신내,3호선,126.921038,37.619229,mobility_facility,올레공인중개사사무소,서울특별시 은평구 불광로 64,126.9322,37.6126,1229.834,POINT (126.9322 37.6126),13357342120,4580205470,32.16422242836125,22.90326221742574,PASS
od_2225,불광,3호선,126.92982,37.610553,mobility_facility,연도약국,서울특별시 은평구 은평로 144,126.9237,37.6006,1229.772,POINT (126.9237 37.6006),5930698997,2309932460,50.209801741355435,16.97169941831685,PASS
od_2259,불광,3호선,126.92982,37.610553,mobility_facility,현대공인중개사사무소,서울특별시 은평구 연서로34길 5,126.927,37.6214,1229.376,POINT (126.927 37.6214),5930698997,3823587020,50.209801741355435,13.682938393171247,PASS
od_2857,연신내,3호선,126.921038,37.619229,pedestrian_support_point,빗물받이,서울특별시 은평구 구산동  13-3,126.9106,37.6119,1229.211,POINT (126.9106 37.6119),13357342120,3823349386,32.16422242836125,6.156020268075195,PASS
od_788,불광,6호선,126.92939,37.610873,mobility_facility,일출부동산공인중개사사무소,서울특별시 은평구 통일로 858,126.921,37.6197,1228.22,POINT (126.921 37.6197),5930698997,3823586792,11.603222454866666,35.63637819224775,PASS
od_2403,불광,3호선,126.92982,37.610553,pedestrian_support_point,장애인화장실,서울특별시 은평구 연서로 213,126.9192,37.6177,1228.175,POINT (126.9192 37.6177),5930698997,10678122497,50.209801741355435,19.335869851319206,PASS
od_2519,불광,3호선,126.92982,37.610553,pedestrian_support_point,맨홀,서울특별시 은평구 구산동  8-9,126.916,37.6093,1228.146,POINT (126.916 37.6093),5930698997,4584362135,50.209801741355435,18.515624292585905,PASS
od_2357,불광,3호선,126.92982,37.610553,pedestrian_support_point,빗물받이,서울특별시 은평구 연서로29길 7,126.9191,37.6176,1227.829,POINT (126.9191 37.6176),5930698997,10678122483,50.209801741355435,21.772004603065504,PASS
od_813,불광,6호선,126.92939,37.610873,mobility_facility,삼원공인중개사사무소,서울특별시 은평구 연서로31길 12,126.9238,37.621,1227.569,POINT (126.9238 37.621),5930698997,4576632338,11.603222454866666,12.908994047174717,PASS
od_2190,불광,3호선,126.92982,37.610553,mobility_facility,연신내영웅공인중개사사무소,서울특별시 은평구 연서로 271,126.9246,37.6208,1227.138,POINT (126.9246 37.6208),5930698997,3823586932,50.209801741355435,14.334542259092022,PASS
od_2884,연신내,3호선,126.921038,37.619229,pedestrian_support_point,장애인화장실,서울특별시 은평구 갈현로 151,126.9111,37.6115,1227.089,POINT (126.9111 37.6115),13357342120,3823349370,32.16422242836125,19.764873347002087,PASS
od_901,불광,6호선,126.92939,37.610873,mobility_facility,소망공인중개사사무소,서울특별시 은평구 통일로80길 25-1,126.9233,37.6208,1225.985,POINT (126.9233 37.6208),5930698997,4576632337,11.603222454866666,21.57538573969785,PASS
od_1440,응암,6호선,126.915577,37.598605,mobility_facility,의자17,서울특별시 은평구 신사동  산 48-2,126.9017,37.5984,1225.678,POINT (126.9017 37.5984),8735757178,9705185492,11.20363638320314,28.711120287015458,PASS
od_2377,불광,3호선,126.92982,37.610553,pedestrian_support_point,빗물받이,서울특별시 은평구 불광동  190-3,126.9316,37.6215,1225.121,POINT (126.9316 37.6215),5930698997,10682009302,50.209801741355435,8.425213268006646,PASS
od_2477,불광,3호선,126.92982,37.610553,pedestrian_support_point,연신내역6번출구,서울특별시 은평구 갈현동  389-16,126.9206,37.6188,1224.94,POINT (126.9206 37.6188),5930698997,11663495476,50.209801741355435,4.457372907904629,PASS
od_2437,불광,3호선,126.92982,37.610553,pedestrian_support_point,녹번,서울특별시 은평구 은평로 250-2,126.9358,37.6006,1224.39,POINT (126.9358 37.6006),5930698997,11204976921,50.209801741355435,27.246181072661916,PASS
od_938,불광,6호선,126.92939,37.610873,mobility_facility,경하프라자약국,서울특별시 은평구 서오릉로 157,126.9156,37.612,1223.981,POINT (126.9156 37.612),5930698997,10789210621,11.603222454866666,19.711571964702642,PASS
od_604,독바위,6호선,126.933031,37.618456,pedestrian_support_point,장애인화장실,서울특별시 은평구 연서로 213,126.9192,37.6177,1223.964,POINT (126.9192 37.6177),3824954278,10678122497,2.93341759236071,19.335869851319206,PASS
od_930,불광,6호선,126.92939,37.610873,mobility_facility,카페모임,서울특별시 은평구 은평로9길 16,126.9217,37.6017,1223.769,POINT (126.9217 37.6017),5930698997,3811078690,11.603222454866666,11.350024438362952,PASS
od_714,독바위,6호선,126.933031,37.618456,pedestrian_support_point,과속방지턱,서울특별시 은평구 연서로24길 19-1,126.9203,37.6141,1223.565,POINT (126.9203 37.6141),3824954278,3819769256,2.93341759236071,4.546909510285207,PASS
od_933,불광,6호선,126.92939,37.610873,mobility_facility,식껍,서울특별시 은평구 응암로 339,126.9221,37.6015,1223.35,POINT (126.9221 37.6015),5930698997,3811078689,11.603222454866666,22.061420792205876,PASS
od_2963,연신내,3호선,126.921038,37.619229,pedestrian_support_point,맨홀,서울특별시 은평구 구산동  13-3,126.9107,37.6119,1222.606,POINT (126.9107 37.6119),13357342120,3823349386,32.16422242836125,4.191450845239898,PASS
od_618,독바위,6호선,126.933031,37.618456,pedestrian_support_point,장애인화장실,서울특별시 은평구 통일로 873,126.9195,37.6208,1222.575,POINT (126.9195 37.6208),3824954278,4580091946,2.93341759236071,30.800661070172836,PASS
od_2401,불광,3호선,126.92982,37.610553,pedestrian_support_point,장애인화장실,서울특별시 은평구 통일로 615-2,126.936,37.6007,1222.168,POINT (126.936 37.6007),5930698997,11204976921,50.209801741355435,11.80825133854163,PASS
od_7,연신내,6호선,126.920625,37.618636,mobility_facility,올레공인중개사사무소,서울특별시 은평구 불광로 64,126.9322,37.6126,1221.957,POINT (126.9322 37.6126),11230505686,4580205470,20.028299588559467,22.90326221742574,PASS
od_705,독바위,6호선,126.933031,37.618456,pedestrian_support_point,맨홀,서울특별시 은평구 통일로 895-2,126.9197,37.6214,1221.429,POINT (126.9197 37.6214),3824954278,11230505659,2.93341759236071,39.58349013296481,PASS
od_470,독바위,6호선,126.933031,37.618456,mobility_facility,대한공인중개사사무소,서울특별시 은평구 진흥로13길 13,126.925,37.6095,1221.003,POINT (126.925 37.6095),3824954278,3819768571,2.93341759236071,16.26069717571956,PASS
od_726,독바위,6호선,126.933031,37.618456,pedestrian_support_point,청구성심병원후문,서울특별시 은평구 갈현동  420-35,126.9194,37.6203,1220.686,POINT (126.9194 37.6203),3824954278,3823586828,2.93341759236071,11.728906971695977,PASS
od_2575,불광,3호선,126.92982,37.610553,pedestrian_support_point,맨홀,서울특별시 은평구 통일로 850-2,126.9213,37.6192,1219.393,POINT (126.9213 37.6192),5930698997,13357342120,50.209801741355435,36.60546623593415,PASS
od_1199,불광,6호선,126.92939,37.610873,pedestrian_support_point,맨홀,서울특별시 은평구 통일로 856,126.921,37.6196,1219.385,POINT (126.921 37.6196),5930698997,3823586792,11.603222454866666,44.20628063357636,PASS
od_1106,불광,6호선,126.92939,37.610873,pedestrian_support_point,연서시장,서울특별시 은평구 통일로 856,126.921,37.6196,1219.385,POINT (126.921 37.6196),5930698997,3823586792,11.603222454866666,44.20628063357636,PASS
od_1060,불광,6호선,126.92939,37.610873,pedestrian_support_point,지하철환기구,서울특별시 은평구 통일로 850-2,126.921,37.6196,1219.385,POINT (126.921 37.6196),5930698997,3823586792,11.603222454866666,44.20628063357636,PASS
od_2743,연신내,3호선,126.921038,37.619229,mobility_facility,솔빛공인중개사사무소,서울특별시 은평구 연서로13길 3,126.9154,37.6092,1219.346,POINT (126.9154 37.6092),13357342120,3820984106,32.16422242836125,14.786199123507679,PASS
od_2740,연신내,3호선,126.921038,37.619229,mobility_facility,예일부동산공인중개사사무소,서울특별시 은평구 연서로13길 3,126.9154,37.6092,1219.346,POINT (126.9154 37.6092),13357342120,3820984106,32.16422242836125,14.786199123507679,PASS
od_1107,불광,6호선,126.92939,37.610873,pedestrian_support_point,북한산수자인아파트,"서울특별시 은평구 불광로 170, 101동 (불광동, 북한산 한양 수자인 아파트)",126.9317,37.6217,1218.865,POINT (126.9317 37.6217),5930698997,10682009302,11.603222454866666,28.51393090162671,PASS
od_994,불광,6호선,126.92939,37.610873,pedestrian_support_point,빗물받이,서울특별시 은평구 연서로27길 26,126.9187,37.6178,1217.331,POINT (126.9187 37.6178),5930698997,353194455,11.603222454866666,4.957096804422263,PASS
od_2466,불광,3호선,126.92982,37.610553,pedestrian_support_point,연신내역.로데오거리,서울특별시 은평구 갈현동  389-6,126.9197,37.618,1217.171,POINT (126.9197 37.618),5930698997,13734502258,50.209801741355435,24.223238672427378,PASS
od_2319,불광,3호선,126.92982,37.610553,mobility_facility,카페모임,서울특별시 은평구 은평로9길 16,126.9217,37.6017,1216.372,POINT (126.9217 37.6017),5930698997,3811078690,50.209801741355435,11.350024438362952,PASS
od_2467,불광,3호선,126.92982,37.610553,pedestrian_support_point,연신내역.물빛공원,서울특별시 은평구 갈현동  389-6,126.9196,37.6179,1216.198,POINT (126.9196 37.6179),5930698997,3823586610,50.209801741355435,10.48917906154724,PASS
od_2912,연신내,3호선,126.921038,37.619229,pedestrian_support_point,구산동주민센터,서울특별시 은평구 갈현로 152,126.9114,37.6114,1216.197,POINT (126.9114 37.6114),13357342120,3823349370,32.16422242836125,9.821313588341685,PASS
od_1188,불광,6호선,126.92939,37.610873,pedestrian_support_point,맨홀,서울특별시 은평구 연서로13길 13-1,126.9158,37.6091,1215.966,POINT (126.9158 37.6091),5930698997,10789210628,11.603222454866666,10.60383344334485,PASS
od_2985,연신내,3호선,126.921038,37.619229,pedestrian_support_point,맨홀,서울특별시 은평구 연서로13길 13-1,126.9158,37.6091,1215.617,POINT (126.9158 37.6091),13357342120,10789210628,32.16422242836125,10.60383344334485,PASS
od_2121,녹번,3호선,126.935756,37.600927,pedestrian_support_point,지하철환기구,서울특별시 은평구 통일로 730-2,126.9298,37.6108,1215.466,POINT (126.9298 37.6108),436867704,11228575654,5.477178362551235,26.40733430102251,PASS
od_539,독바위,6호선,126.933031,37.618456,mobility_facility,이혜정헤어라인,서울특별시 은평구 진흥로12가길 25,126.9294,37.6079,1214.672,POINT (126.9294 37.6079),3824954278,4580539387,2.93341759236071,16.523030255681032,PASS
od_548,독바위,6호선,126.933031,37.618456,mobility_facility,이혜정헤어라인,서울특별시 은평구 진흥로12가길 25,126.9294,37.6079,1214.672,POINT (126.9294 37.6079),3824954278,4580539387,2.93341759236071,16.523030255681032,PASS
od_552,독바위,6호선,126.933031,37.618456,mobility_facility,현대메디알레공인중개사사무소,서울특별시 은평구 진흥로13길 9,126.9255,37.6093,1214.42,POINT (126.9255 37.6093),3824954278,3819768549,2.93341759236071,9.612669763146753,PASS
od_2322,불광,3호선,126.92982,37.610553,mobility_facility,식껍,서울특별시 은평구 응암로 339,126.9221,37.6015,1214.198,POINT (126.9221 37.6015),5930698997,3811078689,50.209801741355435,22.061420792205876,PASS
od_2511,불광,3호선,126.92982,37.610553,pedestrian_support_point,맨홀,서울특별시 은평구 불광동  산 33-14,126.9316,37.6214,1214.115,POINT (126.9316 37.6214),5930698997,5281445624,50.209801741355435,8.842975316969648,PASS
od_2624,불광,3호선,126.92982,37.610553,pedestrian_support_point,빗물받이,서울특별시 은평구 불광동  산 33-14,126.9316,37.6214,1214.115,POINT (126.9316 37.6214),5930698997,5281445624,50.209801741355435,8.842975316969648,PASS
od_1368,응암,6호선,126.915577,37.598605,mobility_facility,08.  은평구청,서울특별시 은평구 응암동  82-31,126.9288,37.6016,1214.081,POINT (126.9288 37.6016),8735757178,3811678459,11.20363638320314,12.492527901166447,PASS
od_3021,연신내,3호선,126.921038,37.619229,pedestrian_support_point,지하철환기구,서울특별시 은평구 통일로 730-2,126.9298,37.6108,1213.945,POINT (126.9298 37.6108),13357342120,11228575654,32.16422242836125,26.40733430102251,PASS
od_2911,연신내,3호선,126.921038,37.619229,pedestrian_support_point,불광역9번출구.불광초등학교,서울특별시 은평구 통일로 712-2,126.9305,37.6113,1213.401,POINT (126.9305 37.6113),13357342120,5281045186,32.16422242836125,18.148614078073688,PASS
od_161,연신내,6호선,126.920625,37.618636,mobility_facility,정다운약국,서울특별시 은평구 진흥로 137,126.9251,37.6083,1213.318,POINT (126.9251 37.6083),11230505686,3819768234,20.028299588559467,28.481207977758245,PASS
od_2044,녹번,3호선,126.935756,37.600927,pedestrian_support_point,지하철환기구,서울특별시 은평구 통일로 723-1,126.9296,37.6107,1213.278,POINT (126.9296 37.6107),436867704,5930698997,5.477178362551235,26.757946783670942,PASS
od_2077,녹번,3호선,126.935756,37.600927,pedestrian_support_point,맨홀,서울특별시 은평구 대조동  14-326,126.9289,37.6104,1213.234,POINT (126.9289 37.6104),436867704,11984487711,5.477178362551235,6.710833551117756,PASS
od_2927,연신내,3호선,126.921038,37.619229,pedestrian_support_point,불광역9번출구,서울특별시 은평구 불광로 40,126.9302,37.6111,1211.757,POINT (126.9302 37.6111),13357342120,457819071,32.16422242836125,17.80090738866349,PASS
od_2159,불광,3호선,126.92982,37.610553,mobility_facility,일등단지내(375-8500)공인중개사사무소,서울특별시 은평구 은평로 220,126.9313,37.5997,1211.633,POINT (126.9313 37.5997),5930698997,10641896367,50.209801741355435,63.856879489108834,PASS
od_2896,연신내,3호선,126.921038,37.619229,pedestrian_support_point,지하철환기구,서울특별시 은평구 통일로 723-1,126.9296,37.6107,1211.422,POINT (126.9296 37.6107),13357342120,5930698997,32.16422242836125,26.757946783670942,PASS
od_1928,녹번,3호선,126.935756,37.600927,mobility_facility,할머니추어탕,서울특별시 은평구 응암로 361,126.9224,37.6034,1210.917,POINT (126.9224 37.6034),436867704,3811078738,5.477178362551235,32.51109571530584,PASS
od_1465,응암,6호선,126.915577,37.598605,mobility_facility,복지공인중개사사무소,서울특별시 은평구 응암로9길 6,126.9159,37.5877,1210.67,POINT (126.9159 37.5877),8735757178,3811441297,11.20363638320314,28.399861235140396,PASS
od_2560,불광,3호선,126.92982,37.610553,pedestrian_support_point,맨홀,서울특별시 은평구 은평로 250-2,126.9357,37.6007,1210.572,POINT (126.9357 37.6007),5930698997,436867704,50.209801741355435,20.442331431899554,PASS
od_963,불광,6호선,126.92939,37.610873,mobility_facility,이화공인중개사사무소,서울특별시 은평구 연서로21길 12,126.9166,37.6148,1210.452,POINT (126.9166 37.6148),5930698997,353194452,11.603222454866666,15.607550569135348,PASS
od_2446,불광,3호선,126.92982,37.610553,pedestrian_support_point,지하철환기구,서울특별시 은평구 연서로 231,126.921,37.6189,1210.235,POINT (126.921 37.6189),5930698997,13357342120,50.209801741355435,5.964472768437886,PASS
od_2447,불광,3호선,126.92982,37.610553,pedestrian_support_point,지하철환기구,서울특별시 은평구 연서로 231,126.921,37.6189,1210.235,POINT (126.921 37.6189),5930698997,13357342120,50.209801741355435,5.964472768437886,PASS
od_1303,응암,6호선,126.915577,37.598605,mobility_facility,의자19,서울특별시 은평구 신사동 산 47,126.9019,37.5992,1209.603,POINT (126.9019 37.5992),8735757178,9705185492,11.20363638320314,111.50133059822966,WARNING
od_3046,연신내,3호선,126.921038,37.619229,pedestrian_support_point,빗물받이,서울특별시 은평구 갈현로 155-2,126.9109,37.6119,1209.481,POINT (126.9109 37.6119),13357342120,3823349386,32.16422242836125,21.034395124556724,PASS
od_1290,응암,6호선,126.915577,37.598605,mobility_facility,백련산하늘 공인중개사사무소,서울특별시 은평구 백련산로 38,126.9229,37.5894,1209.144,POINT (126.9229 37.5894),8735757178,7445035535,11.20363638320314,48.321527442208186,PASS
od_2508,불광,3호선,126.92982,37.610553,pedestrian_support_point,맨홀,서울특별시 은평구 연서로 226,126.9206,37.6186,1208.444,POINT (126.9206 37.6186),5930698997,11230505686,50.209801741355435,16.44419277734285,PASS
od_786,불광,6호선,126.92939,37.610873,mobility_facility,상지공인중개사사무소,서울특별시 은평구 연서로33길 4-1,126.9247,37.6211,1208.255,POINT (126.9247 37.6211),5930698997,3823586968,11.603222454866666,6.4474233372440555,PASS
od_739,독바위,6호선,126.933031,37.618456,pedestrian_support_point,빗물받이,서울특별시 은평구 갈현동  389-6,126.9194,37.6175,1208.098,POINT (126.9194 37.6175),3824954278,13734502260,2.93341759236071,6.846111649707143,PASS
od_2113,녹번,3호선,126.935756,37.600927,pedestrian_support_point,과속방지턱,서울특별시 은평구 대조동  14-35,126.9288,37.6103,1208.094,POINT (126.9288 37.6103),436867704,11984487711,5.477178362551235,7.542209345282377,PASS
od_2071,녹번,3호선,126.935756,37.600927,pedestrian_support_point,맨홀,서울특별시 은평구 대조동  14-35,126.9288,37.6103,1208.094,POINT (126.9288 37.6103),436867704,11984487711,5.477178362551235,7.542209345282377,PASS
od_135,연신내,6호선,126.920625,37.618636,mobility_facility,동래공인중개사사무소,서울특별시 은평구 서오릉로21길 8,126.9076,37.6153,1208.082,POINT (126.9076 37.6153),11230505686,3823349590,20.028299588559467,14.135559764212733,PASS
od_1974,녹번,3호선,126.935756,37.600927,mobility_facility,식껍,서울특별시 은평구 응암로 339,126.9221,37.6015,1207.582,POINT (126.9221 37.6015),436867704,3811078689,5.477178362551235,22.061420792205876,PASS
od_2169,불광,3호선,126.92982,37.610553,mobility_facility,CU불광어게인점,서울특별시 은평구 연서로 284,126.926,37.621,1207.559,POINT (126.926 37.621),5930698997,3823586999,50.209801741355435,26.9119353843832,PASS
od_2346,불광,3호선,126.92982,37.610553,mobility_facility,연신내역,서울특별시 은평구 통일로 849,126.9212,37.619,1207.546,POINT (126.9212 37.619),5930698997,13357342120,50.209801741355435,15.17301369129215,PASS
od_2612,불광,3호선,126.92982,37.610553,pedestrian_support_point,연신내역,서울특별시 은평구 통일로 849,126.9212,37.619,1207.546,POINT (126.9212 37.619),5930698997,13357342120,50.209801741355435,15.17301369129215,PASS
od_2428,불광,3호선,126.92982,37.610553,pedestrian_support_point,장애인화장실,서울특별시 은평구 통일로 849,126.9212,37.619,1207.546,POINT (126.9212 37.619),5930698997,13357342120,50.209801741355435,15.17301369129215,PASS
od_2429,불광,3호선,126.92982,37.610553,pedestrian_support_point,장애인화장실,서울특별시 은평구 통일로 849,126.9212,37.619,1207.546,POINT (126.9212 37.619),5930698997,13357342120,50.209801741355435,15.17301369129215,PASS
od_2173,불광,3호선,126.92982,37.610553,mobility_facility,사과나무공인중개사사무소,서울특별시 은평구 연서로 267,126.9243,37.6205,1206.795,POINT (126.9243 37.6205),5930698997,5279886140,50.209801741355435,16.33799365698779,PASS
od_222,연신내,6호선,126.920625,37.618636,pedestrian_support_point,장애인화장실,서울특별시 은평구 통일로 730,126.9301,37.6108,1206.736,POINT (126.9301 37.6108),11230505686,457819071,20.028299588559467,44.588029644351074,PASS
od_1242,불광,6호선,126.92939,37.610873,pedestrian_support_point,응암1동주민센터,서울특별시 은평구 응암동  93-2,126.9268,37.6002,1206.461,POINT (126.9268 37.6002),5930698997,3811327156,11.603222454866666,14.49356384753751,PASS
od_1156,불광,6호선,126.92939,37.610873,pedestrian_support_point,맨홀,서울특별시 은평구 구산동  1-22,126.9158,37.612,1206.416,POINT (126.9158 37.612),5930698997,10789210621,11.603222454866666,8.629385891118837,PASS
od_2787,연신내,3호선,126.921038,37.619229,mobility_facility,이편한1공인중개사사무소,서울특별시 은평구 서오릉로17길 13-18,126.909,37.6141,1205.663,POINT (126.909 37.6141),13357342120,3823349531,32.16422242836125,18.747693462069176,PASS
od_805,불광,6호선,126.92939,37.610873,mobility_facility,KB부동산공인중개사사무소,서울특별시 은평구 은평로 145,126.9237,37.601,1205.489,POINT (126.9237 37.601),5930698997,2309932460,11.603222454866666,28.999517147719743,PASS
od_757,불광,6호선,126.92939,37.610873,mobility_facility,은평중심공인중개사사무소,서울특별시 은평구 연서로23길 7,126.9171,37.6156,1205.284,POINT (126.9171 37.6156),5930698997,4580111219,11.603222454866666,22.432053920095864,PASS
od_2993,연신내,3호선,126.921038,37.619229,pedestrian_support_point,과속방지턱,서울특별시 은평구 대조동  14-35,126.9288,37.6103,1204.895,POINT (126.9288 37.6103),13357342120,11984487711,32.16422242836125,7.542209345282377,PASS
od_2941,연신내,3호선,126.921038,37.619229,pedestrian_support_point,맨홀,서울특별시 은평구 대조동  14-35,126.9288,37.6103,1204.895,POINT (126.9288 37.6103),13357342120,11984487711,32.16422242836125,7.542209345282377,PASS
od_923,불광,6호선,126.92939,37.610873,mobility_facility,하나로약국,서울특별시 은평구 연서로 277-1,126.9252,37.6212,1204.405,POINT (126.9252 37.6212),5930698997,3819770067,11.603222454866666,31.6141330442214,PASS
od_2021,녹번,3호선,126.935756,37.600927,pedestrian_support_point,장애인화장실,서울특별시 은평구 통일로 730,126.9301,37.6108,1204.24,POINT (126.9301 37.6108),436867704,457819071,5.477178362551235,44.588029644351074,PASS
od_1963,녹번,3호선,126.935756,37.600927,mobility_facility,금호공인중개사사무소,서울특별시 은평구 응암로 318,126.9223,37.5992,1203.624,POINT (126.9223 37.5992),436867704,11688945276,5.477178362551235,7.995628506746649,PASS
od_2063,녹번,3호선,126.935756,37.600927,pedestrian_support_point,역촌역,서울특별시 은평구 서오릉로 63,126.9234,37.6055,1203.356,POINT (126.9234 37.6055),436867704,3811092420,5.477178362551235,15.524672982041224,PASS
od_1669,응암,6호선,126.915577,37.598605,pedestrian_support_point,은평문화예술회관,서울특별시 은평구 녹번로 16,126.9276,37.6037,1202.91,POINT (126.9276 37.6037),8735757178,6212920304,11.20363638320314,33.553796047634954,PASS
od_2510,불광,3호선,126.92982,37.610553,pedestrian_support_point,맨홀,서울특별시 은평구 연서로 226,126.9203,37.6183,1202.412,POINT (126.9203 37.6183),5930698997,10678122493,50.209801741355435,11.59203072653333,PASS
od_800,불광,6호선,126.92939,37.610873,mobility_facility,다원공인중개사사무소,서울특별시 은평구 은평로20길 6,126.9333,37.6005,1201.944,POINT (126.9333 37.6005),5930698997,3811678380,11.603222454866666,13.703351910592552,PASS
od_2228,불광,3호선,126.92982,37.610553,mobility_facility,인크맥스,서울특별시 은평구 연서로 201,126.9187,37.6168,1201.941,POINT (126.9187 37.6168),5930698997,3823586495,50.209801741355435,11.010180838292758,PASS
od_2948,연신내,3호선,126.921038,37.619229,pedestrian_support_point,맨홀,서울특별시 은평구 대조동  14-326,126.9289,37.6104,1200.864,POINT (126.9289 37.6104),13357342120,11984487711,32.16422242836125,6.710833551117756,PASS
od_2627,불광,3호선,126.92982,37.610553,pedestrian_support_point,빗물받이,서울특별시 은평구 갈현동  389-6,126.9194,37.6175,1200.37,POINT (126.9194 37.6175),5930698997,13734502260,50.209801741355435,6.846111649707143,PASS
od_2425,불광,3호선,126.92982,37.610553,pedestrian_support_point,장애인화장실,서울특별시 은평구 통일로 850,126.922,37.6194,1200.358,POINT (126.922 37.6194),5930698997,2960309145,50.209801741355435,36.06003538627066,PASS
od_2234,불광,3호선,126.92982,37.610553,mobility_facility,쿠아레비(구산),서울특별시 은평구 서오릉로 149,126.9163,37.6116,1199.382,POINT (126.9163 37.6116),5930698997,10789210622,50.209801741355435,12.792520235589928,PASS
od_418,연신내,6호선,126.920625,37.618636,pedestrian_support_point,CGV 불광,서울특별시 은평구 불광로 20,126.9286,37.6099,1198.294,POINT (126.9286 37.6099),11230505686,11984487710,20.028299588559467,34.328089997938505,PASS
od_1040,불광,6호선,126.92939,37.610873,pedestrian_support_point,장애인화장실,서울특별시 은평구 응암동  95-1,126.9274,37.6002,1197.548,POINT (126.9274 37.6002),5930698997,3811678362,11.603222454866666,31.81651513854339,PASS
od_2385,불광,3호선,126.92982,37.610553,pedestrian_support_point,빗물받이,서울특별시 은평구 구산동  8-9,126.9163,37.6097,1197.503,POINT (126.9163 37.6097),5930698997,3819768584,50.209801741355435,12.375056196093304,PASS
od_3047,연신내,3호선,126.921038,37.619229,pedestrian_support_point,빗물받이,서울특별시 은평구 갈현로 157,126.9111,37.6119,1196.472,POINT (126.9111 37.6119),13357342120,448305113,32.16422242836125,24.69423049290648,PASS
od_590,독바위,6호선,126.933031,37.618456,pedestrian_support_point,빗물받이,서울특별시 은평구 녹번동  116-3,126.9322,37.6077,1196.053,POINT (126.9322 37.6077),3824954278,3811140011,2.93341759236071,9.897397039580778,PASS
od_267,연신내,6호선,126.920625,37.618636,pedestrian_support_point,대조시장.NC백화점,서울특별시 은평구 불광로 12,126.9278,37.6095,1195.616,POINT (126.9278 37.6095),11230505686,11229115806,20.028299588559467,48.82264064116012,PASS
od_989,불광,6호선,126.92939,37.610873,pedestrian_support_point,빗물받이,서울특별시 은평구 불광동  190-3,126.9316,37.6215,1195.513,POINT (126.9316 37.6215),5930698997,10682009302,11.603222454866666,8.425213268006646,PASS
od_2078,녹번,3호선,126.935756,37.600927,pedestrian_support_point,맨홀,서울특별시 은평구 서오릉로 63,126.9235,37.6055,1195.355,POINT (126.9235 37.6055),436867704,3811092420,5.477178362551235,7.23094868995835,PASS
od_2689,연신내,3호선,126.921038,37.619229,mobility_facility,박찬호공인중개사사무소,서울특별시 은평구 서오릉로17길 5-2,126.909,37.6143,1195.341,POINT (126.909 37.6143),13357342120,3823349531,32.16422242836125,9.71068601755202,PASS
od_558,독바위,6호선,126.933031,37.618456,mobility_facility,할매순대국&양선지 해장국,서울특별시 은평구 연서로 210,126.9196,37.6171,1195.288,POINT (126.9196 37.6171),3824954278,13734502227,2.93341759236071,12.813484219040529,PASS
od_1138,불광,6호선,126.92939,37.610873,pedestrian_support_point,맨홀,서울특별시 은평구 구산동  8-9,126.916,37.6093,1195.098,POINT (126.916 37.6093),5930698997,4584362135,11.603222454866666,18.515624292585905,PASS
od_2195,불광,3호선,126.92982,37.610553,mobility_facility,한방부동산공인중개사사무소,서울특별시 은평구 진흥로5길 6,126.9203,37.6029,1195.034,POINT (126.9203 37.6029),5930698997,3819767654,50.209801741355435,17.118744165075146,PASS
od_717,독바위,6호선,126.933031,37.618456,pedestrian_support_point,과속방지턱,서울특별시 은평구 연서로24길 19-1,126.9206,37.6142,1194.848,POINT (126.9206 37.6142),3824954278,3819769265,2.93341759236071,1.5417807908287513,PASS
od_804,불광,6호선,126.92939,37.610873,mobility_facility,한방부동산공인중개사사무소,서울특별시 은평구 진흥로5길 6,126.9203,37.6029,1194.7,POINT (126.9203 37.6029),5930698997,3819767654,11.603222454866666,17.118744165075146,PASS
od_1056,불광,6호선,126.92939,37.610873,pedestrian_support_point,녹번,서울특별시 은평구 통일로 602-1,126.9358,37.6014,1194.069,POINT (126.9358 37.6014),5930698997,8374239437,11.603222454866666,8.714993901727233,PASS
od_2629,불광,3호선,126.92982,37.610553,pedestrian_support_point,빗물받이,서울특별시 은평구 대조동  228-1,126.921,37.6187,1193.329,POINT (126.921 37.6187),5930698997,13357342123,50.209801741355435,4.742266298374876,PASS
od_364,연신내,6호선,126.920625,37.618636,pedestrian_support_point,과속방지턱,서울특별시 은평구 구산동  27-48,126.9103,37.6117,1193.156,POINT (126.9103 37.6117),11230505686,3823349379,20.028299588559467,19.05150043344422,PASS
od_1102,불광,6호선,126.92939,37.610873,pedestrian_support_point,연신내역.연서시장,서울특별시 은평구 통일로 850-2,126.921,37.6193,1193.109,POINT (126.921 37.6193),5930698997,13357342120,11.603222454866666,40.25157779932064,PASS
od_271,연신내,6호선,126.920625,37.618636,pedestrian_support_point,불광역9번출구.불광초등학교,서울특별시 은평구 통일로 712-2,126.9305,37.6113,1192.934,POINT (126.9305 37.6113),11230505686,5281045186,20.028299588559467,18.148614078073688,PASS
od_2156,불광,3호선,126.92982,37.610553,mobility_facility,녹번역힐스테이트공인중개사사무소,서울특별시 은평구 은평로 240,126.9352,37.6007,1192.303,POINT (126.9352 37.6007),5930698997,3811678409,50.209801741355435,23.749056056394735,PASS
od_3022,연신내,3호선,126.921038,37.619229,pedestrian_support_point,지하철환기구,서울특별시 은평구 불광동  276-4,126.93,37.6112,1191.719,POINT (126.93 37.6112),13357342120,457819071,32.16422242836125,3.564276354842867,PASS
od_2046,녹번,3호선,126.935756,37.600927,pedestrian_support_point,지하철환기구,서울특별시 은평구 서오릉로 63,126.9235,37.6054,1190.685,POINT (126.9235 37.6054),436867704,3811092420,5.477178362551235,15.955167925592756,PASS
od_2047,녹번,3호선,126.935756,37.600927,pedestrian_support_point,지하철환기구,서울특별시 은평구 서오릉로 63,126.9235,37.6054,1190.685,POINT (126.9235 37.6054),436867704,3811092420,5.477178362551235,15.955167925592756,PASS
od_2231,불광,3호선,126.92982,37.610553,mobility_facility,큰사랑 온누리약국,서울특별시 은평구 서오릉로 149,126.9164,37.6116,1190.595,POINT (126.9164 37.6116),5930698997,10789210622,50.209801741355435,5.565090659714759,PASS
od_697,독바위,6호선,126.933031,37.618456,pedestrian_support_point,맨홀,서울특별시 은평구 대조동  228-1,126.9196,37.6175,1190.51,POINT (126.9196 37.6175),3824954278,13357342130,2.93341759236071,3.824135190774855,PASS
od_2196,불광,3호선,126.92982,37.610553,mobility_facility,KB부동산공인중개사사무소,서울특별시 은평구 은평로 145,126.9237,37.601,1190.052,POINT (126.9237 37.601),5930698997,2309932460,50.209801741355435,28.999517147719743,PASS
od_1052,불광,6호선,126.92939,37.610873,pedestrian_support_point,연신내,서울특별시 은평구 통일로 865-2,126.9209,37.6192,1189.97,POINT (126.9209 37.6192),5930698997,13357342120,11.603222454866666,31.6404289324609,PASS
od_3032,연신내,3호선,126.921038,37.619229,pedestrian_support_point,불광초등학교,서울특별시 은평구 불광동  275-3,126.9305,37.6116,1189.472,POINT (126.9305 37.6116),13357342120,5281045188,32.16422242836125,15.140743514957155,PASS
od_2642,불광,3호선,126.92982,37.610553,pedestrian_support_point,길천사우나,서울특별시 은평구 연서로21길 3,126.9172,37.6143,1189.334,POINT (126.9172 37.6143),5930698997,3823585013,50.209801741355435,28.598890461565414,PASS
od_290,연신내,6호선,126.920625,37.618636,pedestrian_support_point,불광역9번출구,서울특별시 은평구 불광로 40,126.9302,37.6111,1189.222,POINT (126.9302 37.6111),11230505686,457819071,20.028299588559467,17.80090738866349,PASS
od_390,연신내,6호선,126.920625,37.618636,pedestrian_support_point,지하철환기구,서울특별시 은평구 통일로 730-2,126.9298,37.6108,1188.527,POINT (126.9298 37.6108),11230505686,11228575654,20.028299588559467,26.40733430102251,PASS
od_2955,연신내,3호선,126.921038,37.619229,pedestrian_support_point,맨홀,서울특별시 은평구 구산동  8-9,126.916,37.6093,1188.396,POINT (126.916 37.6093),13357342120,4584362135,32.16422242836125,18.515624292585905,PASS
od_2298,불광,3호선,126.92982,37.610553,mobility_facility,연신내88부동산공인중개사사무소,서울특별시 은평구 연서로 230,126.9208,37.6185,1188.359,POINT (126.9208 37.6185),5930698997,13357342123,50.209801741355435,24.488088708868254,PASS
od_1348,응암,6호선,126.915577,37.598605,mobility_facility,아이비공인중개사사무소,서울특별시 은평구 갈현로 122,126.9111,37.6087,1188.134,POINT (126.9111 37.6087),8735757178,4584691357,11.20363638320314,17.173204809288325,PASS
od_1716,응암,6호선,126.915577,37.598605,pedestrian_support_point,맨홀,서울특별시 은평구 구산동  8-9,126.916,37.6093,1187.616,POINT (126.916 37.6093),8735757178,4584362135,11.20363638320314,18.515624292585905,PASS
od_654,독바위,6호선,126.933031,37.618456,pedestrian_support_point,연신내역.물빛공원,서울특별시 은평구 갈현동  389-6,126.9196,37.6179,1187.373,POINT (126.9196 37.6179),3824954278,3823586610,2.93341759236071,10.48917906154724,PASS
od_871,불광,6호선,126.92939,37.610873,mobility_facility,현대공인중개사사무소,서울특별시 은평구 연서로34길 5,126.927,37.6214,1187.285,POINT (126.927 37.6214),5930698997,3823587020,11.603222454866666,13.682938393171247,PASS
od_2555,불광,3호선,126.92982,37.610553,pedestrian_support_point,맨홀,서울특별시 은평구 대조동  228-1,126.9196,37.6175,1186.891,POINT (126.9196 37.6175),5930698997,13357342130,50.209801741355435,3.824135190774855,PASS
od_165,연신내,6호선,126.920625,37.618636,mobility_facility,구산동주민센터,서울특별시 은평구 갈현로17길 10,126.9104,37.6117,1186.424,POINT (126.9104 37.6117),11230505686,3823349379,20.028299588559467,13.428101388618112,PASS
od_394,연신내,6호선,126.920625,37.618636,pedestrian_support_point,구산동주민센터,서울특별시 은평구 갈현로17길 10,126.9104,37.6117,1186.424,POINT (126.9104 37.6117),11230505686,3823349379,20.028299588559467,13.428101388618112,PASS
od_411,연신내,6호선,126.920625,37.618636,pedestrian_support_point,구산동주민센터,서울특별시 은평구 갈현로17길 10,126.9104,37.6117,1186.424,POINT (126.9104 37.6117),11230505686,3823349379,20.028299588559467,13.428101388618112,PASS
od_868,불광,6호선,126.92939,37.610873,mobility_facility,신일약국,서울특별시 은평구 은평로 156,126.9249,37.6008,1186.211,POINT (126.9249 37.6008),5930698997,4583440600,11.603222454866666,30.217262208596377,PASS
od_1022,불광,6호선,126.92939,37.610873,pedestrian_support_point,장애인화장실,서울특별시 은평구 은평로 245,126.9351,37.6012,1186.096,POINT (126.9351 37.6012),5930698997,3811678409,11.603222454866666,36.9047657549936,PASS
od_2315,불광,3호선,126.92982,37.610553,mobility_facility,희망나누미,서울특별시 은평구 진흥로1길 48-1,126.9185,37.6048,1186.079,POINT (126.9185 37.6048),5930698997,3819767865,50.209801741355435,20.619645179303266,PASS
od_241,연신내,6호선,126.920625,37.618636,pedestrian_support_point,장애인화장실,서울특별시 은평구 갈현로17길 10,126.9103,37.6118,1186.024,POINT (126.9103 37.6118),11230505686,3823349382,20.028299588559467,24.808202288946053,PASS
od_2895,연신내,3호선,126.921038,37.619229,pedestrian_support_point,지하철환기구,서울특별시 은평구 불광동  276-4,126.9299,37.6112,1185.875,POINT (126.9299 37.6112),13357342120,13378638849,32.16422242836125,7.997292348961212,PASS
od_1097,불광,6호선,126.92939,37.610873,pedestrian_support_point,녹번역,서울특별시 은평구 은평로 234-2,126.9342,37.6009,1185.583,POINT (126.9342 37.6009),5930698997,2309932435,11.603222454866666,36.92633810934885,PASS
od_1508,응암,6호선,126.915577,37.598605,mobility_facility,은평구립 우리장애인복지관,서울특별시 은평구 녹번로1길 13,126.9266,37.6047,1185.375,POINT (126.9266 37.6047),8735757178,6212920326,11.20363638320314,33.39870548699707,PASS
od_1342,응암,6호선,126.915577,37.598605,mobility_facility,은평구립직업재활센터,서울특별시 은평구 녹번로1길 13,126.9266,37.6047,1185.375,POINT (126.9266 37.6047),8735757178,6212920326,11.20363638320314,33.39870548699707,PASS
od_602,독바위,6호선,126.933031,37.618456,pedestrian_support_point,장애인화장실,서울특별시 은평구 연서로 212,126.9197,37.6172,1185.172,POINT (126.9197 37.6172),3824954278,10678122503,2.93341759236071,8.825364458067737,PASS
od_457,독바위,6호선,126.933031,37.618456,mobility_facility,아침공인중개사사무소,"서울특별시 은평구 연서로44길 7, 412동 (진관동, 은평뉴타운 폭포동)",126.932,37.6291,1184.872,POINT (126.932 37.6291),3824954278,11150161188,2.93341759236071,51.495313675829756,PASS
od_254,연신내,6호선,126.920625,37.618636,pedestrian_support_point,지하철환기구,서울특별시 은평구 통일로 723-1,126.9296,37.6107,1184.792,POINT (126.9296 37.6107),11230505686,5930698997,20.028299588559467,26.757946783670942,PASS
od_1130,불광,6호선,126.92939,37.610873,pedestrian_support_point,맨홀,서울특별시 은평구 불광동  산 33-14,126.9316,37.6214,1184.564,POINT (126.9316 37.6214),5930698997,5281445624,11.603222454866666,8.842975316969648,PASS
od_1245,불광,6호선,126.92939,37.610873,pedestrian_support_point,빗물받이,서울특별시 은평구 불광동  산 33-14,126.9316,37.6214,1184.564,POINT (126.9316 37.6214),5930698997,5281445624,11.603222454866666,8.842975316969648,PASS
od_2475,불광,3호선,126.92982,37.610553,pedestrian_support_point,연신내역.물빛공원,서울특별시 은평구 연서로 216,126.9201,37.6179,1183.816,POINT (126.9201 37.6179),5930698997,13357342107,50.209801741355435,18.318635061349273,PASS
od_2827,연신내,3호선,126.921038,37.619229,pedestrian_support_point,빗물받이,서울특별시 은평구 구산동  13-4,126.9113,37.6119,1183.584,POINT (126.9113 37.6119),13357342120,448305113,32.16422242836125,11.643900519768497,PASS
od_563,독바위,6호선,126.933031,37.618456,mobility_facility,대조동주민센터,서울특별시 은평구 연서로20길 24-3,126.9208,37.6141,1183.142,POINT (126.9208 37.6141),3824954278,3819769265,2.93341759236071,21.811901777179838,PASS
od_729,독바위,6호선,126.933031,37.618456,pedestrian_support_point,대조동주민센터,서울특별시 은평구 연서로20길 24-3,126.9208,37.6141,1183.142,POINT (126.9208 37.6141),3824954278,3819769265,2.93341759236071,21.811901777179838,PASS
od_2691,연신내,3호선,126.921038,37.619229,mobility_facility,경희부동산공인중개사사무소,서울특별시 은평구 서오릉로8길 22,126.9238,37.6088,1182.916,POINT (126.9238 37.6088),13357342120,3004846056,32.16422242836125,12.144877296157121,PASS
od_2053,녹번,3호선,126.935756,37.600927,pedestrian_support_point,대조시장.NC백화점,서울특별시 은평구 불광로 12,126.9278,37.6095,1182.756,POINT (126.9278 37.6095),436867704,11229115806,5.477178362551235,48.82264064116012,PASS
od_2099,녹번,3호선,126.935756,37.600927,pedestrian_support_point,맨홀,서울특별시 은평구 서오릉로 63,126.9236,37.6054,1182.665,POINT (126.9236 37.6054),436867704,3811092420,5.477178362551235,14.867519445607602,PASS
od_2453,불광,3호선,126.92982,37.610553,pedestrian_support_point,연신내역.로데오거리,서울특별시 은평구 연서로 216,126.92,37.6178,1182.656,POINT (126.92 37.6178),5930698997,13357342107,50.209801741355435,29.49638057306641,PASS
od_1128,불광,6호선,126.92939,37.610873,pedestrian_support_point,맨홀,서울특별시 은평구 통일로 850-2,126.9212,37.6193,1182.227,POINT (126.9212 37.6193),5930698997,13357342120,11.603222454866666,42.30379409853133,PASS
od_2187,불광,3호선,126.92982,37.610553,mobility_facility,이산공인중개사사무소,서울특별시 은평구 연서로28길 2,126.9205,37.6182,1182.142,POINT (126.9205 37.6182),5930698997,3819769869,50.209801741355435,24.472822348937026,PASS
od_2277,불광,3호선,126.92982,37.610553,mobility_facility,이산공인중개사사무소,서울특별시 은평구 연서로28길 2,126.9205,37.6182,1182.142,POINT (126.9205 37.6182),5930698997,3819769869,50.209801741355435,24.472822348937026,PASS
od_1084,불광,6호선,126.92939,37.610873,pedestrian_support_point,응암1동주민센터,서울특별시 은평구 응암동  95-1,126.927,37.6004,1181.391,POINT (126.927 37.6004),5930698997,436845034,11.603222454866666,27.552387060211984,PASS
od_1335,응암,6호선,126.915577,37.598605,mobility_facility,목동센트럴하나공인중개사사무소,서울특별시 은평구 백련산로 37,126.9225,37.5895,1181.114,POINT (126.9225 37.5895),8735757178,3811066724,11.20363638320314,61.44721776843389,PASS
od_2512,불광,3호선,126.92982,37.610553,pedestrian_support_point,맨홀,서울특별시 은평구 연서로 226,126.9198,37.6176,1180.844,POINT (126.9198 37.6176),5930698997,10678122498,50.209801741355435,18.90866141672272,PASS
od_1897,녹번,3호선,126.935756,37.600927,mobility_facility,내고향 막창,서울특별시 은평구 진흥로 144,126.926,37.6082,1180.571,POINT (126.926 37.6082),436867704,10789220108,5.477178362551235,19.290626139405187,PASS
od_799,불광,6호선,126.92939,37.610873,mobility_facility,연신내영웅공인중개사사무소,서울특별시 은평구 연서로 271,126.9246,37.6208,1180.165,POINT (126.9246 37.6208),5930698997,3823586932,11.603222454866666,14.334542259092022,PASS
od_2621,불광,3호선,126.92982,37.610553,pedestrian_support_point,응암1동주민센터,서울특별시 은평구 응암동  93-2,126.9268,37.6002,1179.608,POINT (126.9268 37.6002),5930698997,3811327156,50.209801741355435,14.49356384753751,PASS
od_2185,불광,3호선,126.92982,37.610553,mobility_facility,아이리스공인중개사사무소,서울특별시 은평구 연서로 260,126.9237,37.62,1179.552,POINT (126.9237 37.62),5930698997,3823586821,50.209801741355435,13.467143248706162,PASS
od_2168,불광,3호선,126.92982,37.610553,mobility_facility,태양공인중개사사무소,서울특별시 은평구 연서로 260,126.9237,37.62,1179.552,POINT (126.9237 37.62),5930698997,3823586821,50.209801741355435,13.467143248706162,PASS
od_2143,녹번,3호선,126.935756,37.600927,pedestrian_support_point,CGV 불광,서울특별시 은평구 불광로 20,126.9286,37.6099,1179.45,POINT (126.9286 37.6099),436867704,11984487710,5.477178362551235,34.328089997938505,PASS
od_606,독바위,6호선,126.933031,37.618456,pedestrian_support_point,장애인화장실,서울특별시 은평구 연서로20길 24-3,126.9208,37.6142,1178.649,POINT (126.9208 37.6142),3824954278,3819769265,2.93341759236071,17.832262096783577,PASS
od_2230,불광,3호선,126.92982,37.610553,mobility_facility,연세약국,서울특별시 은평구 연서로 181,126.9177,37.615,1178.444,POINT (126.9177 37.615),5930698997,13734502230,50.209801741355435,43.07038461489607,PASS
od_2097,녹번,3호선,126.935756,37.600927,pedestrian_support_point,맨홀,서울특별시 은평구 서오릉로 63,126.9236,37.6053,1178.05,POINT (126.9236 37.6053),436867704,3811092420,5.477178362551235,25.896153901870072,PASS
od_653,독바위,6호선,126.933031,37.618456,pedestrian_support_point,연신내역.로데오거리,서울특별시 은평구 갈현동  389-6,126.9197,37.618,1178.027,POINT (126.9197 37.618),3824954278,13734502258,2.93341759236071,24.223238672427378,PASS
od_2502,불광,3호선,126.92982,37.610553,pedestrian_support_point,맨홀,서울특별시 은평구 구산동  1-19,126.9165,37.61,1177.694,POINT (126.9165 37.61),5930698997,3819768615,50.209801741355435,20.910275568043435,PASS
od_510,독바위,6호선,126.933031,37.618456,mobility_facility,예랑헤어,서울특별시 은평구 통일로63길 10,126.9308,37.608,1177.102,POINT (126.9308 37.608),3824954278,3811140023,2.93341759236071,16.466651776855677,PASS
od_2239,불광,3호선,126.92982,37.610553,mobility_facility,이룸통신,서울특별시 은평구 서오릉로 150,126.9166,37.6119,1176.784,POINT (126.9166 37.6119),5930698997,7060279696,50.209801741355435,23.61713160988323,PASS
od_2236,불광,3호선,126.92982,37.610553,mobility_facility,유정약국,서울특별시 은평구 연서로 258,126.9233,37.6198,1176.732,POINT (126.9233 37.6198),5930698997,3819770006,50.209801741355435,25.715630581357377,PASS
od_1018,불광,6호선,126.92939,37.610873,pedestrian_support_point,장애인화장실,서울특별시 은평구 연서로 213,126.9192,37.6177,1176.253,POINT (126.9192 37.6177),5930698997,10678122497,11.603222454866666,19.335869851319206,PASS
od_1414,응암,6호선,126.915577,37.598605,mobility_facility,솔빛공인중개사사무소,서울특별시 은평구 연서로13길 3,126.9154,37.6092,1176.033,POINT (126.9154 37.6092),8735757178,3820984106,11.20363638320314,14.786199123507679,PASS
od_1403,응암,6호선,126.915577,37.598605,mobility_facility,예일부동산공인중개사사무소,서울특별시 은평구 연서로13길 3,126.9154,37.6092,1176.033,POINT (126.9154 37.6092),8735757178,3820984106,11.20363638320314,14.786199123507679,PASS
od_969,불광,6호선,126.92939,37.610873,pedestrian_support_point,빗물받이,서울특별시 은평구 연서로29길 7,126.9191,37.6176,1175.942,POINT (126.9191 37.6176),5930698997,10678122483,11.603222454866666,21.772004603065504,PASS
od_538,독바위,6호선,126.933031,37.618456,mobility_facility,준공인중개사사무소,서울특별시 은평구 통일로92길 35-1,126.9237,37.626,1174.583,POINT (126.9237 37.626),3824954278,3823588708,2.93341759236071,13.526939539295903,PASS
od_2891,연신내,3호선,126.921038,37.619229,pedestrian_support_point,불광,서울특별시 은평구 불광동  276-4,126.9297,37.6112,1174.3,POINT (126.9297 37.6112),13357342120,13378638849,32.16422242836125,21.56255632791962,PASS
od_2892,연신내,3호선,126.921038,37.619229,pedestrian_support_point,불광,서울특별시 은평구 불광동  276-4,126.9297,37.6112,1174.3,POINT (126.9297 37.6112),13357342120,13378638849,32.16422242836125,21.56255632791962,PASS
od_926,불광,6호선,126.92939,37.610873,mobility_facility,희망나누미,서울특별시 은평구 진흥로1길 48-1,126.9185,37.6048,1174.282,POINT (126.9185 37.6048),5930698997,3819767865,11.603222454866666,20.619645179303266,PASS
od_716,독바위,6호선,126.933031,37.618456,pedestrian_support_point,과속방지턱,서울특별시 은평구 연서로24길 19-1,126.9208,37.6143,1174.245,POINT (126.9208 37.6143),3824954278,3819769265,2.93341759236071,20.186803033972172,PASS
od_2638,불광,3호선,126.92982,37.610553,pedestrian_support_point,빗물받이,서울특별시 은평구 연서로 214,126.9199,37.6176,1174.244,POINT (126.9199 37.6176),5930698997,10678122498,50.209801741355435,25.692191673755815,PASS
od_1898,녹번,3호선,126.935756,37.600927,mobility_facility,장어가,서울특별시 은평구 진흥로 144,126.9261,37.6082,1174.143,POINT (126.9261 37.6082),436867704,10789220108,5.477178362551235,17.15740368045905,PASS
od_767,불광,6호선,126.92939,37.610873,mobility_facility,이편한부동산공인중개사사무소,서울특별시 은평구 은평로 220,126.932,37.6005,1174.13,POINT (126.932 37.6005),5930698997,11955742138,11.603222454866666,30.772887592859657,PASS
od_362,연신내,6호선,126.920625,37.618636,pedestrian_support_point,과속방지턱,서울특별시 은평구 대조동  14-35,126.9288,37.6103,1173.441,POINT (126.9288 37.6103),11230505686,11984487711,20.028299588559467,7.542209345282377,PASS
od_304,연신내,6호선,126.920625,37.618636,pedestrian_support_point,맨홀,서울특별시 은평구 대조동  14-35,126.9288,37.6103,1173.441,POINT (126.9288 37.6103),11230505686,11984487711,20.028299588559467,7.542209345282377,PASS
od_1511,응암,6호선,126.915577,37.598605,mobility_facility,민들레울,"서울특별시 은평구 갈현로11길 46, 107동 (구산동, 경남 아너스빌)",126.9054,37.6054,1173.201,POINT (126.9054 37.6054),8735757178,3823349183,11.20363638320314,25.736973291723004,PASS
od_1096,불광,6호선,126.92939,37.610873,pedestrian_support_point,연신내역6번출구,서울특별시 은평구 갈현동  389-16,126.9206,37.6188,1173.18,POINT (126.9206 37.6188),5930698997,11663495476,11.603222454866666,4.457372907904629,PASS
od_363,연신내,6호선,126.920625,37.618636,pedestrian_support_point,과속방지턱,서울특별시 은평구 구산동  13-3,126.9106,37.6117,1173.044,POINT (126.9106 37.6117),11230505686,3823349379,20.028299588559467,16.749912961741078,PASS
od_1406,응암,6호선,126.915577,37.598605,mobility_facility,민들레울2호,"서울특별시 은평구 갈현로11길 46, 107동 (구산동, 경남 아너스빌)",126.9051,37.6051,1172.863,POINT (126.9051 37.6051),8735757178,3823349183,11.20363638320314,17.871702545561135,PASS
od_2281,불광,3호선,126.92982,37.610553,mobility_facility,거산공인중개사사무소,서울특별시 은평구 연서로28길 3,126.9208,37.6183,1171.979,POINT (126.9208 37.6183),5930698997,3819769869,50.209801741355435,14.10318028448393,PASS
od_2213,불광,3호선,126.92982,37.610553,mobility_facility,양지부동산공인중개사사무소,서울특별시 은평구 연서로28길 3,126.9208,37.6183,1171.979,POINT (126.9208 37.6183),5930698997,3819769869,50.209801741355435,14.10318028448393,PASS
od_680,독바위,6호선,126.933031,37.618456,pedestrian_support_point,맨홀,서울특별시 은평구 연서로 226,126.9198,37.6176,1171.971,POINT (126.9198 37.6176),3824954278,10678122498,2.93341759236071,18.90866141672272,PASS
od_1615,응암,6호선,126.915577,37.598605,pedestrian_support_point,장애인화장실,서울특별시 은평구 녹번동  85-1,126.9272,37.6037,1171.852,POINT (126.9272 37.6037),8735757178,6212920304,11.20363638320314,14.344360105551134,PASS
od_1827,응암,6호선,126.915577,37.598605,pedestrian_support_point,은평구립우리장애인복지관,서울특별시 은평구 녹번로1길 13,126.9265,37.6046,1171.797,POINT (126.9265 37.6046),8735757178,6212920326,11.20363638320314,43.144007757706134,PASS
od_2235,불광,3호선,126.92982,37.610553,mobility_facility,왕돈까스&왕냉면,서울특별시 은평구 연서로 262,126.9239,37.62,1171.568,POINT (126.9239 37.62),5930698997,3823586821,50.209801741355435,26.548441073155182,PASS
od_1265,불광,6호선,126.92939,37.610873,pedestrian_support_point,빗물받이,서울특별시 은평구 응암동  2-44,126.9344,37.6011,1171.439,POINT (126.9344 37.6011),5930698997,2309932435,11.603222454866666,53.34195135062247,PASS
od_2596,불광,3호선,126.92982,37.610553,pedestrian_support_point,북한산수자인아파트,서울특별시 은평구 불광동  산 33-14,126.9317,37.621,1171.325,POINT (126.9317 37.621),5930698997,3824954538,50.209801741355435,17.513579144980284,PASS
od_402,연신내,6호선,126.920625,37.618636,pedestrian_support_point,불광초등학교,서울특별시 은평구 불광동  275-3,126.9305,37.6116,1170.46,POINT (126.9305 37.6116),11230505686,5281045188,20.028299588559467,15.140743514957155,PASS
od_2799,연신내,3호선,126.921038,37.619229,mobility_facility,현대메디알레공인중개사사무소,서울특별시 은평구 진흥로13길 9,126.9255,37.6093,1170.312,POINT (126.9255 37.6093),13357342120,3819768549,32.16422242836125,9.612669763146753,PASS
od_311,연신내,6호선,126.920625,37.618636,pedestrian_support_point,맨홀,서울특별시 은평구 대조동  14-326,126.9289,37.6104,1170.202,POINT (126.9289 37.6104),11230505686,11984487711,20.028299588559467,6.710833551117756,PASS
od_668,독바위,6호선,126.933031,37.618456,pedestrian_support_point,맨홀,서울특별시 은평구 불광동  484-81,126.9202,37.6211,1170.167,POINT (126.9202 37.6211),3824954278,5273692779,2.93341759236071,8.333138835269724,PASS
od_506,독바위,6호선,126.933031,37.618456,mobility_facility,열린부동산,서울특별시 은평구 연서로24길 30,126.9208,37.6144,1169.929,POINT (126.9208 37.6144),3824954278,4580258481,2.93341759236071,20.786542319597594,PASS
od_2785,연신내,3호선,126.921038,37.619229,mobility_facility,금호공인중개사사무소,서울특별시 은평구 서오릉로 225,126.9089,37.615,1169.916,POINT (126.9089 37.615),13357342120,3823585036,32.16422242836125,18.943506685908208,PASS
od_391,연신내,6호선,126.920625,37.618636,pedestrian_support_point,지하철환기구,서울특별시 은평구 불광동  276-4,126.93,37.6112,1168.872,POINT (126.93 37.6112),11230505686,457819071,20.028299588559467,3.564276354842867,PASS
od_2423,불광,3호선,126.92982,37.610553,pedestrian_support_point,장애인화장실,서울특별시 은평구 응암동  95-1,126.9274,37.6002,1168.771,POINT (126.9274 37.6002),5930698997,3811678362,50.209801741355435,31.81651513854339,PASS
od_2902,연신내,3호선,126.921038,37.619229,pedestrian_support_point,지하철환기구,서울특별시 은평구 불광동  276-6,126.9296,37.6112,1168.569,POINT (126.9296 37.6112),13357342120,11296481755,32.16422242836125,18.752278661067162,PASS
od_2654,불광,3호선,126.92982,37.610553,pedestrian_support_point,빗물받이,서울특별시 은평구 구산동  1-19,126.9166,37.6101,1168.345,POINT (126.9166 37.6101),5930698997,3819768643,50.209801741355435,14.602017210522966,PASS
od_1173,불광,6호선,126.92939,37.610873,pedestrian_support_point,맨홀,서울특별시 은평구 은평로 250-2,126.9343,37.6011,1168.133,POINT (126.9343 37.6011),5930698997,2309932435,11.603222454866666,44.7146173238281,PASS
od_1196,불광,6호선,126.92939,37.610873,pedestrian_support_point,맨홀,서울특별시 은평구 통일로 850-2,126.9213,37.6192,1168.046,POINT (126.9213 37.6192),5930698997,13357342120,11.603222454866666,36.60546623593415,PASS
od_1990,녹번,3호선,126.935756,37.600927,mobility_facility,불광역,서울특별시 은평구 통일로 725,126.93,37.6104,1167.805,POINT (126.93 37.6104),436867704,11228574114,5.477178362551235,35.99324921185278,PASS
od_2126,녹번,3호선,126.935756,37.600927,pedestrian_support_point,불광역,서울특별시 은평구 통일로 723-1,126.93,37.6104,1167.805,POINT (126.93 37.6104),436867704,11228574114,5.477178362551235,35.99324921185278,PASS
od_527,독바위,6호선,126.933031,37.618456,mobility_facility,장철민공인중개사사무소,서울특별시 은평구 통일로82길 15,126.9203,37.6213,1167.426,POINT (126.9203 37.6213),3824954278,3823587053,2.93341759236071,22.270456497501844,PASS
od_2254,불광,3호선,126.92982,37.610553,mobility_facility,향이나는야채,서울특별시 은평구 진흥로1길 56,126.9183,37.6054,1166.954,POINT (126.9183 37.6054),5930698997,3819767942,50.209801741355435,12.858120390720913,PASS
od_2257,불광,3호선,126.92982,37.610553,mobility_facility,신일약국,서울특별시 은평구 은평로 156,126.9249,37.6008,1166.402,POINT (126.9249 37.6008),5930698997,4583440600,50.209801741355435,30.217262208596377,PASS
od_744,독바위,6호선,126.933031,37.618456,pedestrian_support_point,대조동주민센터,서울특별시 은평구 연서로20길 24-3,126.9209,37.6143,1166.131,POINT (126.9209 37.6143),3824954278,4580258481,2.93341759236071,17.49824598742844,PASS
od_201,연신내,6호선,126.920625,37.618636,pedestrian_support_point,빗물받이,서울특별시 은평구 구산동  13-3,126.9106,37.6118,1165.79,POINT (126.9106 37.6118),11230505686,3823349386,20.028299588559467,10.133400391321503,PASS
od_1085,불광,6호선,126.92939,37.610873,pedestrian_support_point,연신내역.로데오거리,서울특별시 은평구 갈현동  389-6,126.9197,37.618,1165.183,POINT (126.9197 37.618),5930698997,13734502258,11.603222454866666,24.223238672427378,PASS
od_1383,응암,6호선,126.915577,37.598605,mobility_facility,33. 역촌역 3번출구,서울특별시 은평구 녹번동  144-100,126.9235,37.607,1165.183,POINT (126.9235 37.607),8735757178,3819768079,11.20363638320314,11.590932900594975,PASS
od_1760,응암,6호선,126.915577,37.598605,pedestrian_support_point,맨홀,서울특별시 은평구 연서로13길 13-1,126.9158,37.6091,1164.997,POINT (126.9158 37.6091),8735757178,10789210628,11.20363638320314,10.60383344334485,PASS
od_2457,불광,3호선,126.92982,37.610553,pedestrian_support_point,은평연세병원,서울특별시 은평구 갈현동  530-9,126.9177,37.6147,1164.893,POINT (126.9177 37.6147),5930698997,13734502230,50.209801741355435,10.027825011722237,PASS
od_1277,불광,6호선,126.92939,37.610873,pedestrian_support_point,빗물받이,서울특별시 은평구 은평로 250-2,126.9342,37.6011,1164.885,POINT (126.9342 37.6011),5930698997,2309932435,11.603222454866666,36.17531605590491,PASS
od_945,불광,6호선,126.92939,37.610873,mobility_facility,파리바게트 녹번역점,서울특별시 은평구 은평로 237,126.9342,37.6011,1164.885,POINT (126.9342 37.6011),5930698997,2309932435,11.603222454866666,36.17531605590491,PASS
od_56,연신내,6호선,126.920625,37.618636,mobility_facility,한강공인중개사사무소,서울특별시 은평구 연서로13길 34,126.9123,37.6105,1164.334,POINT (126.9123 37.6105),11230505686,3820983892,20.028299588559467,24.77048677492265,PASS
od_1086,불광,6호선,126.92939,37.610873,pedestrian_support_point,연신내역.물빛공원,서울특별시 은평구 갈현동  389-6,126.9196,37.6179,1164.217,POINT (126.9196 37.6179),5930698997,3823586610,11.603222454866666,10.48917906154724,PASS
od_6,연신내,6호선,126.920625,37.618636,mobility_facility,힐스테이트공인중개사사무소,서울특별시 은평구 불광로 122-10,126.9338,37.6182,1164.17,POINT (126.9338 37.6182),11230505686,8373737842,20.028299588559467,15.77186304936106,PASS
od_672,독바위,6호선,126.933031,37.618456,pedestrian_support_point,맨홀,서울특별시 은평구 녹번동  116-3,126.932,37.608,1164.068,POINT (126.932 37.608),3824954278,3811140044,2.93341759236071,8.435547483690138,PASS
od_2433,불광,3호선,126.92982,37.610553,pedestrian_support_point,장애인화장실,서울특별시 은평구 연서로 149,126.9168,37.6122,1164.031,POINT (126.9168 37.6122),5930698997,7060279696,50.209801741355435,14.445155273433501,PASS
od_769,불광,6호선,126.92939,37.610873,mobility_facility,07.  녹번역  5번출구,서울특별시 은평구 통일로 615-2,126.9353,37.6015,1163.854,POINT (126.9353 37.6015),5930698997,8374239436,11.603222454866666,29.684673416864268,PASS
od_766,불광,6호선,126.92939,37.610873,mobility_facility,e끌림(단지내)공인중개사사무소,서울특별시 은평구 은평로 220,126.932,37.6006,1163.249,POINT (126.932 37.6006),5930698997,11955692539,11.603222454866666,23.640640475492845,PASS
od_2448,불광,3호선,126.92982,37.610553,pedestrian_support_point,지하철환기구,서울특별시 은평구 구산동  1-19,126.9167,37.6115,1163.181,POINT (126.9167 37.6115),5930698997,10678122431,50.209801741355435,8.74888804995012,PASS
od_747,독바위,6호선,126.933031,37.618456,pedestrian_support_point,빗물받이,서울특별시 은평구 연서로 214,126.9199,37.6176,1163.172,POINT (126.9199 37.6176),3824954278,10678122498,2.93341759236071,25.692191673755815,PASS
od_778,불광,6호선,126.92939,37.610873,mobility_facility,CU불광어게인점,서울특별시 은평구 연서로 284,126.926,37.621,1163.155,POINT (126.926 37.621),5930698997,3823586999,11.603222454866666,26.9119353843832,PASS
od_997,불광,6호선,126.92939,37.610873,pedestrian_support_point,빗물받이,서울특별시 은평구 구산동  8-9,126.9163,37.6097,1163.095,POINT (126.9163 37.6097),5930698997,3819768584,11.603222454866666,12.375056196093304,PASS
od_253,연신내,6호선,126.920625,37.618636,pedestrian_support_point,지하철환기구,서울특별시 은평구 불광동  276-4,126.9299,37.6112,1162.637,POINT (126.9299 37.6112),11230505686,13378638849,20.028299588559467,7.997292348961212,PASS
od_3054,연신내,3호선,126.921038,37.619229,pedestrian_support_point,빗물받이,서울특별시 은평구 구산동  195-4,126.9114,37.6121,1161.957,POINT (126.9114 37.6121),13357342120,4584639671,32.16422242836125,6.1117646973233715,PASS
od_2814,연신내,3호선,126.921038,37.619229,mobility_facility,메디알레소망공인중개사사무소,서울특별시 은평구 서오릉로8길 23,126.9238,37.609,1161.204,POINT (126.9238 37.609),13357342120,3004846056,32.16422242836125,12.20580599543036,PASS
od_2932,연신내,3호선,126.921038,37.619229,pedestrian_support_point,구산동주민센터,서울특별시 은평구 갈현로 161,126.9113,37.6122,1160.951,POINT (126.9113 37.6122),13357342120,4584639671,32.16422242836125,9.478832376299554,PASS
od_2318,불광,3호선,126.92982,37.610553,mobility_facility,만포면옥,서울특별시 은평구 연서로 171,126.9175,37.6142,1160.639,POINT (126.9175 37.6142),5930698997,13734502231,50.209801741355435,11.412836264443412,PASS
od_153,연신내,6호선,126.920625,37.618636,mobility_facility,한일슈퍼,서울특별시 은평구 연서로14길 14,126.9174,37.6085,1160.462,POINT (126.9174 37.6085),11230505686,4584362138,20.028299588559467,13.864145800685073,PASS
od_2039,녹번,3호선,126.935756,37.600927,pedestrian_support_point,불광,서울특별시 은평구 통일로 730-2,126.9302,37.6104,1160.228,POINT (126.9302 37.6104),436867704,11228574114,5.477178362551235,26.39718303339748,PASS
od_782,불광,6호선,126.92939,37.610873,mobility_facility,사과나무공인중개사사무소,서울특별시 은평구 연서로 267,126.9243,37.6205,1159.151,POINT (126.9243 37.6205),5930698997,5279886140,11.603222454866666,16.33799365698779,PASS
od_1909,녹번,3호선,126.935756,37.600927,mobility_facility,킹부동산공인중개사사무소,서울특별시 은평구 응암로 348-2,126.9227,37.602,1159.054,POINT (126.9227 37.602),436867704,3811078709,5.477178362551235,21.156648002308298,PASS
od_1398,응암,6호선,126.915577,37.598605,mobility_facility,봉평메밀막국수,서울특별시 은평구 녹번로 12,126.9273,37.6033,1158.969,POINT (126.9273 37.6033),8735757178,3811139677,11.20363638320314,13.574371240964432,PASS
od_2645,불광,3호선,126.92982,37.610553,pedestrian_support_point,빗물받이,서울특별시 은평구 구산동  1-19,126.9167,37.6103,1158.772,POINT (126.9167 37.6103),5930698997,3820983701,50.209801741355435,10.984523489204573,PASS
od_2395,불광,3호선,126.92982,37.610553,pedestrian_support_point,장애인화장실,서울특별시 은평구 연서로 212,126.9197,37.6172,1158.715,POINT (126.9197 37.6172),5930698997,10678122503,50.209801741355435,8.825364458067737,PASS
od_1064,불광,6호선,126.92939,37.610873,pedestrian_support_point,지하철환기구,서울특별시 은평구 연서로 231,126.921,37.6189,1158.635,POINT (126.921 37.6189),5930698997,13357342120,11.603222454866666,5.964472768437886,PASS
od_1065,불광,6호선,126.92939,37.610873,pedestrian_support_point,지하철환기구,서울특별시 은평구 연서로 231,126.921,37.6189,1158.635,POINT (126.921 37.6189),5930698997,13357342120,11.603222454866666,5.964472768437886,PASS
od_213,연신내,6호선,126.920625,37.618636,pedestrian_support_point,빗물받이,서울특별시 은평구 구산동  13-3,126.9106,37.6119,1158.596,POINT (126.9106 37.6119),11230505686,3823349386,20.028299588559467,6.156020268075195,PASS
od_844,불광,6호선,126.92939,37.610873,mobility_facility,쿠아레비(구산),서울특별시 은평구 서오릉로 149,126.9163,37.6116,1158.584,POINT (126.9163 37.6116),5930698997,10789210622,11.603222454866666,12.792520235589928,PASS
od_1270,불광,6호선,126.92939,37.610873,pedestrian_support_point,빗물받이,서울특별시 은평구 은평로 250-2,126.934,37.6011,1158.563,POINT (126.934 37.6011),5930698997,2309932435,11.603222454866666,19.820097192976295,PASS
od_2524,불광,3호선,126.92982,37.610553,pedestrian_support_point,맨홀,서울특별시 은평구 구산동  1-19,126.9167,37.6104,1158.556,POINT (126.9167 37.6104),5930698997,3820983701,50.209801741355435,1.400723358769238,PASS
od_2330,불광,3호선,126.92982,37.610553,mobility_facility,할매순대국&양선지 해장국,서울특별시 은평구 연서로 210,126.9196,37.6171,1158.544,POINT (126.9196 37.6171),5930698997,13734502227,50.209801741355435,12.813484219040529,PASS
od_2191,불광,3호선,126.92982,37.610553,mobility_facility,다원공인중개사사무소,서울특별시 은평구 은평로20길 6,126.9333,37.6005,1157.314,POINT (126.9333 37.6005),5930698997,3811678380,50.209801741355435,13.703351910592552,PASS
od_1127,불광,6호선,126.92939,37.610873,pedestrian_support_point,맨홀,서울특별시 은평구 연서로 226,126.9206,37.6186,1156.627,POINT (126.9206 37.6186),5930698997,11230505686,11.603222454866666,16.44419277734285,PASS
od_1476,응암,6호선,126.915577,37.598605,mobility_facility,19.  숭실중학교,서울특별시 은평구 신사동  178-9,126.906,37.5915,1156.369,POINT (126.906 37.5915),8735757178,3823348376,11.20363638320314,12.077585221136891,PASS
od_957,불광,6호선,126.92939,37.610873,mobility_facility,연신내역,서울특별시 은평구 통일로 849,126.9212,37.619,1156.065,POINT (126.9212 37.619),5930698997,13357342120,11.603222454866666,15.17301369129215,PASS
od_1233,불광,6호선,126.92939,37.610873,pedestrian_support_point,연신내역,서울특별시 은평구 통일로 849,126.9212,37.619,1156.065,POINT (126.9212 37.619),5930698997,13357342120,11.603222454866666,15.17301369129215,PASS
od_1046,불광,6호선,126.92939,37.610873,pedestrian_support_point,장애인화장실,서울특별시 은평구 통일로 849,126.9212,37.619,1156.065,POINT (126.9212 37.619),5930698997,13357342120,11.603222454866666,15.17301369129215,PASS
od_1047,불광,6호선,126.92939,37.610873,pedestrian_support_point,장애인화장실,서울특별시 은평구 통일로 849,126.9212,37.619,1156.065,POINT (126.9212 37.619),5930698997,13357342120,11.603222454866666,15.17301369129215,PASS
od_98,연신내,6호선,126.920625,37.618636,mobility_facility,예일부동산,서울특별시 은평구 연서로13길 19,126.9137,37.6098,1155.682,POINT (126.9137 37.6098),11230505686,3820983863,20.028299588559467,19.464777977409067,PASS
od_2441,불광,3호선,126.92982,37.610553,pedestrian_support_point,지하철환기구,서울특별시 은평구 연서로 244,126.922,37.6189,1155.404,POINT (126.922 37.6189),5930698997,2960309145,50.209801741355435,41.74894838953387,PASS
od_1375,응암,6호선,126.915577,37.598605,mobility_facility,21. 숭실중학교 ,서울특별시 은평구 신사동  178-9,126.9059,37.5916,1155.346,POINT (126.9059 37.5916),8735757178,3823348376,11.20363638320314,10.999412864602702,PASS
od_242,연신내,6호선,126.920625,37.618636,pedestrian_support_point,장애인화장실,서울특별시 은평구 갈현로 151,126.9111,37.6115,1155.208,POINT (126.9111 37.6115),11230505686,3823349370,20.028299588559467,19.764873347002087,PASS
od_5,연신내,6호선,126.920625,37.618636,mobility_facility,온누리(단지내)공인중개사사무소,서울특별시 은평구 불광로 122-10,126.9337,37.6183,1154.936,POINT (126.9337 37.6183),11230505686,8373737838,20.028299588559467,13.544050117298752,PASS
od_2465,불광,3호선,126.92982,37.610553,pedestrian_support_point,응암1동주민센터,서울특별시 은평구 응암동  95-1,126.927,37.6004,1154.056,POINT (126.927 37.6004),5930698997,436845034,50.209801741355435,27.552387060211984,PASS
od_2104,녹번,3호선,126.935756,37.600927,pedestrian_support_point,맨홀,서울특별시 은평구 서오릉로 63,126.9238,37.6051,1152.886,POINT (126.9238 37.6051),436867704,10678122640,5.477178362551235,2.9349541294516293,PASS
od_639,독바위,6호선,126.933031,37.618456,pedestrian_support_point,연신내역.로데오거리,서울특별시 은평구 연서로 216,126.92,37.6178,1152.757,POINT (126.92 37.6178),3824954278,13357342107,2.93341759236071,29.49638057306641,PASS
od_149,연신내,6호선,126.920625,37.618636,mobility_facility,색연필,"서울특별시 은평구 불광로 90, 102동 (불광동, 대호프라자아파트)",126.9326,37.6145,1152.606,POINT (126.9326 37.6145),11230505686,3819769307,20.028299588559467,20.741324332783933,PASS
od_865,불광,6호선,126.92939,37.610873,mobility_facility,향이나는야채,서울특별시 은평구 진흥로1길 56,126.9183,37.6054,1152.33,POINT (126.9183 37.6054),5930698997,3819767942,11.603222454866666,12.858120390720913,PASS
od_2718,연신내,3호선,126.921038,37.619229,mobility_facility,리치공인중개사사무소,서울특별시 은평구 역말로10길 32,126.9239,37.6091,1152.258,POINT (126.9239 37.6091),13357342120,10968647958,32.16422242836125,12.23768373696107,PASS
od_52,연신내,6호선,126.920625,37.618636,mobility_facility,드림공인중개사사무소,서울특별시 은평구 불광로 90,126.9327,37.6147,1152.109,POINT (126.9327 37.6147),11230505686,3819769307,20.028299588559467,16.38372581697322,PASS
od_1236,불광,6호선,126.92939,37.610873,pedestrian_support_point,응암1동 주민센터,서울특별시 은평구 백련산로 179,126.9268,37.6007,1152.021,POINT (126.9268 37.6007),5930698997,436845034,11.603222454866666,21.269956534834755,PASS
od_327,연신내,6호선,126.920625,37.618636,pedestrian_support_point,맨홀,서울특별시 은평구 구산동  13-3,126.9107,37.6119,1151.866,POINT (126.9107 37.6119),11230505686,3823349386,20.028299588559467,4.191450845239898,PASS
od_692,독바위,6호선,126.933031,37.618456,pedestrian_support_point,맨홀,서울특별시 은평구 불광동  484-82,126.9203,37.6207,1151.212,POINT (126.9203 37.6207),3824954278,3823586933,2.93341759236071,26.77357076309859,PASS
od_1591,응암,6호선,126.915577,37.598605,pedestrian_support_point,빗물받이,서울특별시 은평구 녹번동  85-8,126.927,37.6036,1151.028,POINT (126.927 37.6036),8735757178,3811092369,11.20363638320314,23.49845175186713,PASS
od_2393,불광,3호선,126.92982,37.610553,pedestrian_support_point,빗물받이,서울특별시 은평구 불광로 164,126.9318,37.6208,1150.664,POINT (126.9318 37.6208),5930698997,3824954514,50.209801741355435,31.55598506903638,PASS
od_1129,불광,6호선,126.92939,37.610873,pedestrian_support_point,맨홀,서울특별시 은평구 연서로 226,126.9203,37.6183,1150.477,POINT (126.9203 37.6183),5930698997,10678122493,11.603222454866666,11.59203072653333,PASS
od_837,불광,6호선,126.92939,37.610873,mobility_facility,인크맥스,서울특별시 은평구 연서로 201,126.9187,37.6168,1150.462,POINT (126.9187 37.6168),5930698997,3823586495,11.603222454866666,11.010180838292758,PASS
od_1257,불광,6호선,126.92939,37.610873,pedestrian_support_point,응암제1동주민센터,서울특별시 은평구 백련산로 179,126.9269,37.6007,1150.3,POINT (126.9269 37.6007),5930698997,436845034,11.603222454866666,13.046542171817649,PASS
od_249,연신내,6호선,126.920625,37.618636,pedestrian_support_point,불광,서울특별시 은평구 불광동  276-4,126.9297,37.6112,1150.268,POINT (126.9297 37.6112),11230505686,13378638849,20.028299588559467,21.56255632791962,PASS
od_250,연신내,6호선,126.920625,37.618636,pedestrian_support_point,불광,서울특별시 은평구 불광동  276-4,126.9297,37.6112,1150.268,POINT (126.9297 37.6112),11230505686,13378638849,20.028299588559467,21.56255632791962,PASS
od_840,불광,6호선,126.92939,37.610873,mobility_facility,큰사랑 온누리약국,서울특별시 은평구 서오릉로 149,126.9164,37.6116,1149.776,POINT (126.9164 37.6116),5930698997,10789210622,11.603222454866666,5.565090659714759,PASS
od_2600,불광,3호선,126.92982,37.610553,pedestrian_support_point,구산역3번출구.예일여고,서울특별시 은평구 구산동  1-19,126.9168,37.6105,1149.616,POINT (126.9168 37.6105),5930698997,3820983701,50.209801741355435,13.556524690766485,PASS
od_1042,불광,6호선,126.92939,37.610873,pedestrian_support_point,장애인화장실,서울특별시 은평구 통일로 850,126.922,37.6194,1149.516,POINT (126.922 37.6194),5930698997,2960309145,11.603222454866666,36.06003538627066,PASS
od_2699,연신내,3호선,126.921038,37.619229,mobility_facility,남도공인중개사사무소,서울특별시 은평구 통일로 735,126.9291,37.6111,1149.203,POINT (126.9291 37.6111),13357342120,3819768872,32.16422242836125,25.81641579371403,PASS
od_23,연신내,6호선,126.920625,37.618636,mobility_facility,냉삼집,"서울특별시 은평구 불광로 90, 102동 (불광동, 대호프라자아파트)",126.9329,37.6152,1148.87,POINT (126.9329 37.6152),11230505686,5281044436,20.028299588559467,12.282009806469821,PASS
od_525,독바위,6호선,126.933031,37.618456,mobility_facility,조아공인중개사사무소,서울특별시 은평구 역말로9길 23,126.9219,37.6131,1148.548,POINT (126.9219 37.6131),3824954278,3819769133,2.93341759236071,13.502247722501453,PASS
od_1249,불광,6호선,126.92939,37.610873,pedestrian_support_point,빗물받이,서울특별시 은평구 갈현동  389-6,126.9194,37.6175,1148.462,POINT (126.9194 37.6175),5930698997,13734502260,11.603222454866666,6.846111649707143,PASS
od_803,불광,6호선,126.92939,37.610873,mobility_facility,킹부동산공인중개사사무소,서울특별시 은평구 응암로 348-2,126.9227,37.602,1148.39,POINT (126.9227 37.602),5930698997,3811078709,11.603222454866666,21.156648002308298,PASS
od_1558,응암,6호선,126.915577,37.598605,pedestrian_support_point,빗물받이,서울특별시 은평구 녹번동  82-39,126.9271,37.6034,1148.322,POINT (126.9271 37.6034),8735757178,3811092369,11.20363638320314,2.4362778968034564,PASS
od_20,연신내,6호선,126.920625,37.618636,mobility_facility,대호크리닝세탁,"서울특별시 은평구 불광로 90, 102동 (불광동, 대호프라자아파트)",126.9326,37.6146,1148.23,POINT (126.9326 37.6146),11230505686,3819769307,20.028299588559467,11.060299788695614,PASS
od_19,연신내,6호선,126.920625,37.618636,mobility_facility,월드공인중개사사무소,"서울특별시 은평구 불광로 90, 102동 (불광동, 대호프라자아파트)",126.9326,37.6146,1148.23,POINT (126.9326 37.6146),11230505686,3819769307,20.028299588559467,11.060299788695614,PASS
od_22,연신내,6호선,126.920625,37.618636,mobility_facility,서울면옥,"서울특별시 은평구 불광로 90, 102동 (불광동, 대호프라자아파트)",126.9327,37.6148,1147.946,POINT (126.9327 37.6148),11230505686,5281044435,20.028299588559467,17.118518526960106,PASS
od_21,연신내,6호선,126.920625,37.618636,mobility_facility,호우동,"서울특별시 은평구 불광로 90, 102동 (불광동, 대호프라자아파트)",126.9327,37.6148,1147.946,POINT (126.9327 37.6148),11230505686,5281044435,20.028299588559467,17.118518526960106,PASS
od_2826,연신내,3호선,126.921038,37.619229,pedestrian_support_point,빗물받이,서울특별시 은평구 구산동  195-4,126.9115,37.6122,1147.935,POINT (126.9115 37.6122),13357342120,4584639671,32.16422242836125,10.852653875222279,PASS
od_2032,녹번,3호선,126.935756,37.600927,pedestrian_support_point,장애인화장실,서울특별시 은평구 통일로 723-1,126.93,37.6102,1147.861,POINT (126.93 37.6102),436867704,11228574113,5.477178362551235,20.903517445198055,PASS
od_2033,녹번,3호선,126.935756,37.600927,pedestrian_support_point,장애인화장실,서울특별시 은평구 통일로 723-1,126.93,37.6102,1147.861,POINT (126.93 37.6102),436867704,11228574113,5.477178362551235,20.903517445198055,PASS
od_2795,연신내,3호선,126.921038,37.619229,mobility_facility,색연필,"서울특별시 은평구 불광로 90, 102동 (불광동, 대호프라자아파트)",126.9326,37.6145,1147.815,POINT (126.9326 37.6145),13357342120,3819769307,32.16422242836125,20.741324332783933,PASS
od_1428,응암,6호선,126.915577,37.598605,mobility_facility,형제세탁소,서울특별시 은평구 연서로11길 20-4,126.9134,37.6088,1147.747,POINT (126.9134 37.6088),8735757178,4584669561,11.20363638320314,15.202986423803189,PASS
od_815,불광,6호선,126.92939,37.610873,mobility_facility,호박공인중개사사무소,서울특별시 은평구 은평로 228,126.9328,37.6009,1147.118,POINT (126.9328 37.6009),5930698997,11955742139,11.603222454866666,32.37978365304239,PASS
od_944,불광,6호선,126.92939,37.610873,mobility_facility,호박부동산,서울특별시 은평구 은평로 228,126.9328,37.6009,1147.118,POINT (126.9328 37.6009),5930698997,11955742139,11.603222454866666,32.37978365304239,PASS
od_2704,연신내,3호선,126.921038,37.619229,mobility_facility,드림공인중개사사무소,서울특별시 은평구 불광로 90,126.9327,37.6147,1145.761,POINT (126.9327 37.6147),13357342120,3819769307,32.16422242836125,16.38372581697322,PASS
od_2438,불광,3호선,126.92982,37.610553,pedestrian_support_point,녹번,서울특별시 은평구 통일로 602-1,126.9358,37.6014,1144.919,POINT (126.9358 37.6014),5930698997,8374239437,50.209801741355435,8.714993901727233,PASS
od_1037,불광,6호선,126.92939,37.610873,pedestrian_support_point,장애인화장실,"서울특별시 은평구 은평로 204-4, 102동 (응암동, 거성리젠시)",126.9305,37.6006,1144.396,POINT (126.9305 37.6006),5930698997,11955692541,11.603222454866666,14.197521689613636,PASS
od_95,연신내,6호선,126.920625,37.618636,mobility_facility,솔빛공인중개사사무소,서울특별시 은평구 연서로13길 3,126.9154,37.6092,1144.396,POINT (126.9154 37.6092),11230505686,3820984106,20.028299588559467,14.786199123507679,PASS
od_91,연신내,6호선,126.920625,37.618636,mobility_facility,예일부동산공인중개사사무소,서울특별시 은평구 연서로13길 3,126.9154,37.6092,1144.396,POINT (126.9154 37.6092),11230505686,3820984106,20.028299588559467,14.786199123507679,PASS
od_262,연신내,6호선,126.920625,37.618636,pedestrian_support_point,지하철환기구,서울특별시 은평구 불광동  276-6,126.9296,37.6112,1144.135,POINT (126.9296 37.6112),11230505686,11296481755,20.028299588559467,18.752278661067162,PASS
od_272,연신내,6호선,126.920625,37.618636,pedestrian_support_point,구산동주민센터,서울특별시 은평구 갈현로 152,126.9114,37.6114,1143.838,POINT (126.9114 37.6114),11230505686,3823349370,20.028299588559467,9.821313588341685,PASS
od_1074,불광,6호선,126.92939,37.610873,pedestrian_support_point,녹번역,서울특별시 은평구 은평로 250-2,126.9335,37.6011,1143.798,POINT (126.9335 37.6011),5930698997,436867702,11.603222454866666,10.362289522256642,PASS
od_2880,연신내,3호선,126.921038,37.619229,pedestrian_support_point,장애인화장실,서울특별시 은평구 통일로 737,126.929,37.6111,1143.755,POINT (126.929 37.6111),13357342120,3819768872,32.16422242836125,29.081286641095858,PASS
od_657,독바위,6호선,126.933031,37.618456,pedestrian_support_point,연신내역.물빛공원,서울특별시 은평구 연서로 216,126.9201,37.6179,1143.292,POINT (126.9201 37.6179),3824954278,13357342107,2.93341759236071,18.318635061349273,PASS
od_2149,불광,3호선,126.92982,37.610553,mobility_facility,갈현베르빌부동산공인중개사사무소,서울특별시 은평구 연서로 149,126.917,37.612,1143.267,POINT (126.917 37.612),5930698997,7060279696,50.209801741355435,28.554158706233746,PASS
od_141,연신내,6호선,126.920625,37.618636,mobility_facility,이편한1공인중개사사무소,서울특별시 은평구 서오릉로17길 13-18,126.909,37.6141,1143.176,POINT (126.909 37.6141),11230505686,3823349531,20.028299588559467,18.747693462069176,PASS
od_2672,연신내,3호선,126.921038,37.619229,mobility_facility,대호크리닝세탁,"서울특별시 은평구 불광로 90, 102동 (불광동, 대호프라자아파트)",126.9326,37.6146,1142.781,POINT (126.9326 37.6146),13357342120,3819769307,32.16422242836125,11.060299788695614,PASS
od_2671,연신내,3호선,126.921038,37.619229,mobility_facility,월드공인중개사사무소,"서울특별시 은평구 불광로 90, 102동 (불광동, 대호프라자아파트)",126.9326,37.6146,1142.781,POINT (126.9326 37.6146),13357342120,3819769307,32.16422242836125,11.060299788695614,PASS
od_2372,불광,3호선,126.92982,37.610553,pedestrian_support_point,구산역2번출구.예일여고,서울특별시 은평구 역촌동  7-33,126.9169,37.61,1142.425,POINT (126.9169 37.61),5930698997,10789220079,50.209801741355435,2.4472379356444853,PASS
od_1217,불광,6호선,126.92939,37.610873,pedestrian_support_point,북한산수자인아파트,서울특별시 은평구 불광동  산 33-14,126.9317,37.621,1142.341,POINT (126.9317 37.621),5930698997,3824954538,11.603222454866666,17.513579144980284,PASS
od_1121,불광,6호선,126.92939,37.610873,pedestrian_support_point,맨홀,서울특별시 은평구 구산동  1-19,126.9165,37.61,1142.241,POINT (126.9165 37.61),5930698997,3819768615,11.603222454866666,20.910275568043435,PASS
od_1252,불광,6호선,126.92939,37.610873,pedestrian_support_point,빗물받이,서울특별시 은평구 대조동  228-1,126.921,37.6187,1141.655,POINT (126.921 37.6187),5930698997,13357342123,11.603222454866666,4.742266298374876,PASS
od_1266,불광,6호선,126.92939,37.610873,pedestrian_support_point,길천사우나,서울특별시 은평구 연서로21길 3,126.9172,37.6143,1141.519,POINT (126.9172 37.6143),5930698997,3823585013,11.603222454866666,28.598890461565414,PASS
od_1030,불광,6호선,126.92939,37.610873,pedestrian_support_point,장애인화장실,서울특별시 은평구 백련산로 179,126.9268,37.6008,1141.145,POINT (126.9268 37.6008),5930698997,436845034,11.603222454866666,26.614891808742822,PASS
od_72,연신내,6호선,126.920625,37.618636,mobility_facility,35. 대호아파트,서울특별시 은평구 불광로 76,126.9324,37.6144,1140.96,POINT (126.9324 37.6144),11230505686,3279011087,20.028299588559467,22.604664389091035,PASS
od_2674,연신내,3호선,126.921038,37.619229,mobility_facility,서울면옥,"서울특별시 은평구 불광로 90, 102동 (불광동, 대호프라자아파트)",126.9327,37.6148,1140.935,POINT (126.9327 37.6148),13357342120,5281044435,32.16422242836125,17.118518526960106,PASS
od_2673,연신내,3호선,126.921038,37.619229,mobility_facility,호우동,"서울특별시 은평구 불광로 90, 102동 (불광동, 대호프라자아파트)",126.9327,37.6148,1140.935,POINT (126.9327 37.6148),13357342120,5281044435,32.16422242836125,17.118518526960106,PASS
od_352,연신내,6호선,126.920625,37.618636,pedestrian_support_point,맨홀,서울특별시 은평구 연서로13길 13-1,126.9158,37.6091,1140.91,POINT (126.9158 37.6091),11230505686,10789210628,20.028299588559467,10.60383344334485,PASS
od_1523,응암,6호선,126.915577,37.598605,mobility_facility,녹파랑,"서울특별시 은평구 녹번로 11, A동",126.927,37.6034,1140.504,POINT (126.927 37.6034),8735757178,3811092369,11.20363638320314,10.905541846886722,PASS
od_1241,불광,6호선,126.92939,37.610873,pedestrian_support_point,녹번전철역,서울특별시 은평구 통일로 615-2,126.9352,37.6017,1140.055,POINT (126.9352 37.6017),5930698997,11204976846,11.603222454866666,27.548410026941724,PASS
od_1525,응암,6호선,126.915577,37.598605,mobility_facility,프로스펙스 응암점,서울특별시 은평구 응암로 184-1,126.917,37.5884,1139.592,POINT (126.917 37.5884),8735757178,4582189784,11.20363638320314,20.754953225837788,PASS
od_2789,연신내,3호선,126.921038,37.619229,mobility_facility,사랑의집,서울특별시 은평구 역말로10길 30-1,126.9238,37.6092,1139.51,POINT (126.9238 37.6092),13357342120,10968647958,32.16422242836125,25.219799857210795,PASS
od_952,불광,6호선,126.92939,37.610873,mobility_facility,응암1동 주민센터,서울특별시 은평구 백련산로 179,126.9269,37.6008,1139.408,POINT (126.9269 37.6008),5930698997,436845034,11.603222454866666,20.64349914493834,PASS
od_2478,불광,3호선,126.92982,37.610553,pedestrian_support_point,녹번역,서울특별시 은평구 은평로 234-2,126.9342,37.6009,1139.048,POINT (126.9342 37.6009),5930698997,2309932435,50.209801741355435,36.92633810934885,PASS
od_2675,연신내,3호선,126.921038,37.619229,mobility_facility,냉삼집,"서울특별시 은평구 불광로 90, 102동 (불광동, 대호프라자아파트)",126.9329,37.6152,1138.737,POINT (126.9329 37.6152),13357342120,5281044436,32.16422242836125,12.282009806469821,PASS
od_2194,불광,3호선,126.92982,37.610553,mobility_facility,킹부동산공인중개사사무소,서울특별시 은평구 응암로 348-2,126.9227,37.602,1138.6,POINT (126.9227 37.602),5930698997,3811078709,50.209801741355435,21.156648002308298,PASS
od_415,연신내,6호선,126.920625,37.618636,pedestrian_support_point,빗물받이,서울특별시 은평구 갈현로 155-2,126.9109,37.6119,1138.49,POINT (126.9109 37.6119),11230505686,3823349386,20.028299588559467,21.034395124556724,PASS
od_2406,불광,3호선,126.92982,37.610553,pedestrian_support_point,장애인화장실,서울특별시 은평구 은평로 245,126.9351,37.6012,1137.971,POINT (126.9351 37.6012),5930698997,3811678409,50.209801741355435,36.9047657549936,PASS
od_1828,응암,6호선,126.915577,37.598605,pedestrian_support_point,서부장애인종합복지관,"서울특별시 은평구 갈현로11길 30, 기쁨의집 Q동 (구산동, 사회복지법인엔젤스헤이븐)",126.9064,37.6058,1137.723,POINT (126.9064 37.6058),8735757178,3823349200,11.20363638320314,29.930785648329344,PASS
od_2847,연신내,3호선,126.921038,37.619229,pedestrian_support_point,빗물받이,서울특별시 은평구 구산동  8-9,126.9163,37.6097,1137.341,POINT (126.9163 37.6097),13357342120,3819768584,32.16422242836125,12.375056196093304,PASS
od_2722,연신내,3호선,126.921038,37.619229,mobility_facility,35. 대호아파트,서울특별시 은평구 불광로 76,126.9324,37.6144,1137.329,POINT (126.9324 37.6144),13357342120,3279011087,32.16422242836125,22.604664389091035,PASS
od_910,불광,6호선,126.92939,37.610873,mobility_facility,연신내88부동산공인중개사사무소,서울특별시 은평구 연서로 230,126.9208,37.6185,1136.563,POINT (126.9208 37.6185),5930698997,13357342123,11.603222454866666,24.488088708868254,PASS
od_61,연신내,6호선,126.920625,37.618636,mobility_facility,05.  대호아파트,서울특별시 은평구 불광로 82,126.9324,37.6145,1136.431,POINT (126.9324 37.6145),11230505686,3819769307,20.028299588559467,21.96220793077043,PASS
od_1521,응암,6호선,126.915577,37.598605,mobility_facility,킹콩부대찌개,서울특별시 은평구 녹번로 8,126.9272,37.603,1136.404,POINT (126.9272 37.603),8735757178,3811139667,11.20363638320314,19.67730695478312,PASS
od_2291,불광,3호선,126.92982,37.610553,mobility_facility,온나라공인중개사사무소,서울특별시 은평구 역말로7길 5,126.9179,37.6067,1136.063,POINT (126.9179 37.6067),5930698997,3819768028,50.209801741355435,24.397915944260838,PASS
od_632,독바위,6호선,126.933031,37.618456,pedestrian_support_point,지하철환기구,서울특별시 은평구 불광동  484-82,126.9204,37.6204,1135.803,POINT (126.9204 37.6204),3824954278,3823586832,2.93341759236071,25.6196464884963,PASS
od_2700,연신내,3호선,126.921038,37.619229,mobility_facility,대한공인중개사사무소,서울특별시 은평구 진흥로13길 13,126.925,37.6095,1135.061,POINT (126.925 37.6095),13357342120,3819768571,32.16422242836125,16.26069717571956,PASS
od_849,불광,6호선,126.92939,37.610873,mobility_facility,이룸통신,서울특별시 은평구 서오릉로 150,126.9166,37.6119,1135.018,POINT (126.9166 37.6119),5930698997,7060279696,11.603222454866666,23.61713160988323,PASS
od_2381,불광,3호선,126.92982,37.610553,pedestrian_support_point,빗물받이,서울특별시 은평구 구산동  1-19,126.917,37.6113,1134.968,POINT (126.917 37.6113),5930698997,10678122536,50.209801741355435,7.515165590903744,PASS
od_1176,불광,6호선,126.92939,37.610873,pedestrian_support_point,맨홀,서울특별시 은평구 대조동  228-1,126.9196,37.6175,1134.956,POINT (126.9196 37.6175),5930698997,13357342130,11.603222454866666,3.824135190774855,PASS
od_1519,응암,6호선,126.915577,37.598605,mobility_facility,구립신사노인복지관,서울특별시 은평구 증산로15길 47,126.9081,37.5903,1133.876,POINT (126.9081 37.5903),8735757178,3823124403,11.20363638320314,24.936032867315205,PASS
od_631,독바위,6호선,126.933031,37.618456,pedestrian_support_point,지하철환기구,서울특별시 은평구 불광동  484-82,126.9204,37.6203,1133.748,POINT (126.9204 37.6203),3824954278,3823586832,2.93341759236071,18.10310136167577,PASS
od_36,연신내,6호선,126.920625,37.618636,mobility_facility,박찬호공인중개사사무소,서울특별시 은평구 서오릉로17길 5-2,126.909,37.6143,1133.574,POINT (126.909 37.6143),11230505686,3823349531,20.028299588559467,9.71068601755202,PASS
od_1278,불광,6호선,126.92939,37.610873,pedestrian_support_point,빗물받이,서울특별시 은평구 구산동  1-19,126.9166,37.6101,1132.548,POINT (126.9166 37.6101),5930698997,3819768643,11.603222454866666,14.602017210522966,PASS
od_2662,연신내,3호선,126.921038,37.619229,mobility_facility,힐스테이트공인중개사사무소,서울특별시 은평구 불광로 122-10,126.9338,37.6182,1132.471,POINT (126.9338 37.6182),13357342120,8373737842,32.16422242836125,15.77186304936106,PASS
od_1642,응암,6호선,126.915577,37.598605,pedestrian_support_point,장애인화장실,서울특별시 은평구 녹번로1길 1,126.9263,37.6042,1132.363,POINT (126.9263 37.6042),8735757178,3811092374,11.20363638320314,39.6705027504843,PASS
od_2158,불광,3호선,126.92982,37.610553,mobility_facility,이편한부동산공인중개사사무소,서울특별시 은평구 은평로 220,126.932,37.6005,1132.256,POINT (126.932 37.6005),5930698997,11955742138,50.209801741355435,30.772887592859657,PASS
od_2712,연신내,3호선,126.921038,37.619229,mobility_facility,05.  대호아파트,서울특별시 은평구 불광로 82,126.9324,37.6145,1132.14,POINT (126.9324 37.6145),13357342120,3819769307,32.16422242836125,21.96220793077043,PASS
od_2469,불광,3호선,126.92982,37.610553,pedestrian_support_point,대림모터스,서울특별시 은평구 연서로18길 3-28,126.918,37.6145,1131.835,POINT (126.918 37.6145),5930698997,10678122518,50.209801741355435,15.402456309918318,PASS
od_1094,불광,6호선,126.92939,37.610873,pedestrian_support_point,연신내역.물빛공원,서울특별시 은평구 연서로 216,126.9201,37.6179,1131.828,POINT (126.9201 37.6179),5930698997,13357342107,11.603222454866666,18.318635061349273,PASS
od_794,불광,6호선,126.92939,37.610873,mobility_facility,아이리스공인중개사사무소,서울특별시 은평구 연서로 260,126.9237,37.62,1130.725,POINT (126.9237 37.62),5930698997,3823586821,11.603222454866666,13.467143248706162,PASS
od_777,불광,6호선,126.92939,37.610873,mobility_facility,태양공인중개사사무소,서울특별시 은평구 연서로 260,126.9237,37.62,1130.725,POINT (126.9237 37.62),5930698997,3823586821,11.603222454866666,13.467143248706162,PASS
od_1071,불광,6호선,126.92939,37.610873,pedestrian_support_point,연신내역.로데오거리,서울특별시 은평구 연서로 216,126.92,37.6178,1130.667,POINT (126.92 37.6178),5930698997,13357342107,11.603222454866666,29.49638057306641,PASS
od_479,독바위,6호선,126.933031,37.618456,mobility_facility,02.  은평경찰서,서울특별시 은평구 불광동  산 24-1,126.9293,37.6282,1130.525,POINT (126.9293 37.6282),3824954278,10209606886,2.93341759236071,31.759639214886242,PASS
od_1596,응암,6호선,126.915577,37.598605,pedestrian_support_point,빗물받이,서울특별시 은평구 녹번동  82-39,126.927,37.6032,1130.318,POINT (126.927 37.6032),8735757178,3811092362,11.20363638320314,15.602089737520723,PASS
od_796,불광,6호선,126.92939,37.610873,mobility_facility,이산공인중개사사무소,서울특별시 은평구 연서로28길 2,126.9205,37.6182,1130.218,POINT (126.9205 37.6182),5930698997,3819769869,11.603222454866666,24.472822348937026,PASS
od_889,불광,6호선,126.92939,37.610873,mobility_facility,이산공인중개사사무소,서울특별시 은평구 연서로28길 2,126.9205,37.6182,1130.218,POINT (126.9205 37.6182),5930698997,3819769869,11.603222454866666,24.472822348937026,PASS
od_2493,불광,3호선,126.92982,37.610553,pedestrian_support_point,맨홀,서울특별시 은평구 불광동  213,126.9319,37.6206,1130.129,POINT (126.9319 37.6206),5930698997,3824954514,50.209801741355435,7.720679132546327,PASS
od_2625,불광,3호선,126.92982,37.610553,pedestrian_support_point,빗물받이,서울특별시 은평구 불광로 164,126.9319,37.6206,1130.129,POINT (126.9319 37.6206),5930698997,3824954514,50.209801741355435,7.720679132546327,PASS
od_1369,응암,6호선,126.915577,37.598605,mobility_facility,11.  백련산  힐스테이트  4차,"서울특별시 은평구 백련산로 37, 402동 (응암동, 힐스테이트백련산4차)",126.9226,37.5901,1129.49,POINT (126.9226 37.5901),8735757178,7445035407,11.20363638320314,37.56379824616707,PASS
od_1478,응암,6호선,126.915577,37.598605,mobility_facility,13.  은평문화예술정보학교,서울특별시 은평구 가좌로 209,126.919,37.5888,1129.454,POINT (126.919 37.5888),8735757178,3811441394,11.20363638320314,16.441547120853944,PASS
od_839,불광,6호선,126.92939,37.610873,mobility_facility,연세약국,서울특별시 은평구 연서로 181,126.9177,37.615,1129.21,POINT (126.9177 37.615),5930698997,13734502230,11.603222454866666,43.07038461489607,PASS
od_2439,불광,3호선,126.92982,37.610553,pedestrian_support_point,구산,서울특별시 은평구 연서로 143,126.9171,37.6116,1129.1,POINT (126.9171 37.6116),5930698997,10678122461,50.209801741355435,3.680887247345679,PASS
od_1131,불광,6호선,126.92939,37.610873,pedestrian_support_point,맨홀,서울특별시 은평구 연서로 226,126.9198,37.6176,1128.876,POINT (126.9198 37.6176),5930698997,10678122498,11.603222454866666,18.90866141672272,PASS
od_1787,응암,6호선,126.915577,37.598605,pedestrian_support_point,과속방지턱,서울특별시 은평구 구산동  224-3,126.9063,37.6056,1128.647,POINT (126.9063 37.6056),8735757178,3823349200,11.20363638320314,27.743999343398578,PASS
od_1483,응암,6호선,126.915577,37.598605,mobility_facility,누야하우스,서울특별시 은평구 갈현로11길 30,126.9063,37.6056,1128.647,POINT (126.9063 37.6056),8735757178,3823349200,11.20363638320314,27.743999343398578,PASS
od_1514,응암,6호선,126.915577,37.598605,mobility_facility,다움장애아동지원센터,서울특별시 은평구 갈현로11길 30,126.9063,37.6056,1128.647,POINT (126.9063 37.6056),8735757178,3823349200,11.20363638320314,27.743999343398578,PASS
od_1408,응암,6호선,126.915577,37.598605,mobility_facility,서부재활체육센터,서울특별시 은평구 갈현로11길 30,126.9063,37.6056,1128.647,POINT (126.9063 37.6056),8735757178,3823349200,11.20363638320314,27.743999343398578,PASS
od_1507,응암,6호선,126.915577,37.598605,mobility_facility,서부재활체육센터,서울특별시 은평구 갈현로11길 30,126.9063,37.6056,1128.647,POINT (126.9063 37.6056),8735757178,3823349200,11.20363638320314,27.743999343398578,PASS
od_1509,응암,6호선,126.915577,37.598605,mobility_facility,서울재활병원,서울특별시 은평구 갈현로11길 30,126.9063,37.6056,1128.647,POINT (126.9063 37.6056),8735757178,3823349200,11.20363638320314,27.743999343398578,PASS
od_1346,응암,6호선,126.915577,37.598605,mobility_facility,스프링샤인,서울특별시 은평구 갈현로11길 30,126.9063,37.6056,1128.647,POINT (126.9063 37.6056),8735757178,3823349200,11.20363638320314,27.743999343398578,PASS
od_1343,응암,6호선,126.915577,37.598605,mobility_facility,은평보호작업장,서울특별시 은평구 갈현로11길 30,126.9063,37.6056,1128.647,POINT (126.9063 37.6056),8735757178,3823349200,11.20363638320314,27.743999343398578,PASS
od_1515,응암,6호선,126.915577,37.598605,mobility_facility,은평재활원,서울특별시 은평구 갈현로11길 30,126.9063,37.6056,1128.647,POINT (126.9063 37.6056),8735757178,3823349200,11.20363638320314,27.743999343398578,PASS
od_1516,응암,6호선,126.915577,37.598605,mobility_facility,은평재활원,서울특별시 은평구 갈현로11길 30,126.9063,37.6056,1128.647,POINT (126.9063 37.6056),8735757178,3823349200,11.20363638320314,27.743999343398578,PASS
od_1815,응암,6호선,126.915577,37.598605,pedestrian_support_point,은평재활원,서울특별시 은평구 갈현로11길 30,126.9063,37.6056,1128.647,POINT (126.9063 37.6056),8735757178,3823349200,11.20363638320314,27.743999343398578,PASS
od_1506,응암,6호선,126.915577,37.598605,mobility_facility,정겨우리주간보호센터,서울특별시 은평구 갈현로11길 30,126.9063,37.6056,1128.647,POINT (126.9063 37.6056),8735757178,3823349200,11.20363638320314,27.743999343398578,PASS
od_2383,불광,3호선,126.92982,37.610553,pedestrian_support_point,빗물받이,서울특별시 은평구 갈현동  536-9,126.9171,37.6115,1128.012,POINT (126.9171 37.6115),5930698997,10678122535,50.209801741355435,4.990830024367615,PASS
od_1626,응암,6호선,126.915577,37.598605,pedestrian_support_point,장애인화장실,서울특별시 은평구 증산로15길 47,126.9084,37.5902,1127.817,POINT (126.9084 37.5902),8735757178,10915563748,11.20363638320314,26.97107814545519,PASS
od_846,불광,6호선,126.92939,37.610873,mobility_facility,유정약국,서울특별시 은평구 연서로 258,126.9233,37.6198,1127.293,POINT (126.9233 37.6198),5930698997,3819770006,11.603222454866666,25.715630581357377,PASS
od_38,연신내,6호선,126.920625,37.618636,mobility_facility,경희부동산공인중개사사무소,서울특별시 은평구 서오릉로8길 22,126.9238,37.6088,1127.107,POINT (126.9238 37.6088),11230505686,3004846056,20.028299588559467,12.144877296157121,PASS
od_978,불광,6호선,126.92939,37.610873,pedestrian_support_point,빗물받이,서울특별시 은평구 응암동  84-14,126.927,37.6009,1126.833,POINT (126.927 37.6009),5930698997,436845034,11.603222454866666,28.3268281535212,PASS
od_2515,불광,3호선,126.92982,37.610553,pedestrian_support_point,맨홀,서울특별시 은평구 갈현동  530-9,126.9173,37.6125,1126.362,POINT (126.9173 37.6125),5930698997,3823584976,50.209801741355435,9.631106872757707,PASS
od_2615,불광,3호선,126.92982,37.610553,pedestrian_support_point,응암1동 주민센터,서울특별시 은평구 백련산로 179,126.9268,37.6007,1125.619,POINT (126.9268 37.6007),5930698997,436845034,50.209801741355435,21.269956534834755,PASS
od_2968,연신내,3호선,126.921038,37.619229,pedestrian_support_point,맨홀,서울특별시 은평구 구산동  195-4,126.9115,37.6125,1125.57,POINT (126.9115 37.6125),13357342120,4584639671,32.16422242836125,39.59946446088203,PASS
od_416,연신내,6호선,126.920625,37.618636,pedestrian_support_point,빗물받이,서울특별시 은평구 갈현로 157,126.9111,37.6119,1125.233,POINT (126.9111 37.6119),11230505686,448305113,20.028299588559467,24.69423049290648,PASS
od_1167,불광,6호선,126.92939,37.610873,pedestrian_support_point,맨홀,서울특별시 은평구 은평로 229,126.9332,37.6012,1125.074,POINT (126.9332 37.6012),5930698997,436867702,11.603222454866666,25.666982121517464,PASS
od_682,독바위,6호선,126.933031,37.618456,pedestrian_support_point,맨홀,서울특별시 은평구 통일로 866,126.9205,37.6203,1125.066,POINT (126.9205 37.6203),3824954278,3823586832,2.93341759236071,11.438778594296867,PASS
od_1659,응암,6호선,126.915577,37.598605,pedestrian_support_point,경남아너스빌.서북병원,"서울특별시 은평구 갈현로11길 46, 107동 (구산동, 경남 아너스빌)",126.9055,37.6048,1124.545,POINT (126.9055 37.6048),8735757178,3823349150,11.20363638320314,4.465895195926811,PASS
od_2641,불광,3호선,126.92982,37.610553,pedestrian_support_point,빗물받이,서울특별시 은평구 응암동  2-44,126.9344,37.6011,1124.425,POINT (126.9344 37.6011),5930698997,2309932435,50.209801741355435,53.34195135062247,PASS
od_1225,불광,6호선,126.92939,37.610873,pedestrian_support_point,녹번역,서울특별시 은평구 통일로 615-2,126.9353,37.6019,1124.347,POINT (126.9353 37.6019),5930698997,11204976873,11.603222454866666,12.90047115481565,PASS
od_2482,불광,3호선,126.92982,37.610553,pedestrian_support_point,구산역4번출구,서울특별시 은평구 갈현동  530-9,126.9172,37.6119,1124.257,POINT (126.9172 37.6119),5930698997,13734502262,50.209801741355435,33.503985268292084,PASS
od_679,독바위,6호선,126.933031,37.618456,pedestrian_support_point,맨홀,서울특별시 은평구 연서로 226,126.9203,37.6183,1124.099,POINT (126.9203 37.6183),3824954278,10678122493,2.93341759236071,11.59203072653333,PASS
od_561,독바위,6호선,126.933031,37.618456,mobility_facility,구립대조노인복지관,서울특별시 은평구 역말로9길 27,126.922,37.6134,1124.013,POINT (126.922 37.6134),3824954278,3819769155,2.93341759236071,25.060343423194855,PASS
od_1838,응암,6호선,126.915577,37.598605,pedestrian_support_point,신사제2동주민센터,서울특별시 은평구 증산로15길 47,126.9083,37.5903,1123.681,POINT (126.9083 37.5903),8735757178,10915563748,11.20363638320314,17.062241506185714,PASS
od_2485,불광,3호선,126.92982,37.610553,pedestrian_support_point,대조동주민센터,서울특별시 은평구 연서로18길 3-28,126.9179,37.6141,1123.671,POINT (126.9179 37.6141),5930698997,10678122511,50.209801741355435,12.224447143044427,PASS
od_2634,불광,3호선,126.92982,37.610553,pedestrian_support_point,응암제1동주민센터,서울특별시 은평구 백련산로 179,126.9269,37.6007,1123.56,POINT (126.9269 37.6007),5930698997,436845034,50.209801741355435,13.046542171817649,PASS
od_704,독바위,6호선,126.933031,37.618456,pedestrian_support_point,맨홀,서울특별시 은평구 녹번동  116-3,126.9316,37.6084,1123.236,POINT (126.9316 37.6084),3824954278,3811140069,2.93341759236071,12.407604499203776,PASS
od_2607,불광,3호선,126.92982,37.610553,pedestrian_support_point,쉘터형 택시 승차대,서울특별시 은평구 역촌동  1-57,126.9171,37.6105,1123.128,POINT (126.9171 37.6105),5930698997,10789220081,50.209801741355435,11.985254278910759,PASS
od_845,불광,6호선,126.92939,37.610873,mobility_facility,왕돈까스&왕냉면,서울특별시 은평구 연서로 262,126.9239,37.62,1122.991,POINT (126.9239 37.62),5930698997,3823586821,11.603222454866666,26.548441073155182,PASS
od_2870,연신내,3호선,126.921038,37.619229,pedestrian_support_point,장애인화장실,서울특별시 은평구 연서로 117,126.9153,37.6102,1122.898,POINT (126.9153 37.6102),13357342120,7060279945,32.16422242836125,64.29914866054128,PASS
od_2871,연신내,3호선,126.921038,37.619229,pedestrian_support_point,장애인화장실,서울특별시 은평구 연서로 117,126.9153,37.6102,1122.898,POINT (126.9153 37.6102),13357342120,7060279945,32.16422242836125,64.29914866054128,PASS
od_2872,연신내,3호선,126.921038,37.619229,pedestrian_support_point,장애인화장실,서울특별시 은평구 연서로 117,126.9153,37.6102,1122.898,POINT (126.9153 37.6102),13357342120,7060279945,32.16422242836125,64.29914866054128,PASS
od_2873,연신내,3호선,126.921038,37.619229,pedestrian_support_point,장애인화장실,서울특별시 은평구 연서로 117,126.9153,37.6102,1122.898,POINT (126.9153 37.6102),13357342120,7060279945,32.16422242836125,64.29914866054128,PASS
od_1066,불광,6호선,126.92939,37.610873,pedestrian_support_point,지하철환기구,서울특별시 은평구 구산동  1-19,126.9167,37.6115,1122.613,POINT (126.9167 37.6115),5930698997,10678122431,11.603222454866666,8.74888804995012,PASS
od_2661,연신내,3호선,126.921038,37.619229,mobility_facility,온누리(단지내)공인중개사사무소,서울특별시 은평구 불광로 122-10,126.9337,37.6183,1122.613,POINT (126.9337 37.6183),13357342120,8373737838,32.16422242836125,13.544050117298752,PASS
od_2454,불광,3호선,126.92982,37.610553,pedestrian_support_point,연신내역.연서시장,서울특별시 은평구 통일로 846-2,126.9218,37.6184,1122.458,POINT (126.9218 37.6184),5930698997,3819769883,50.209801741355435,25.58697781434671,PASS
od_2649,불광,3호선,126.92982,37.610553,pedestrian_support_point,빗물받이,서울특별시 은평구 갈현동  530-9,126.9173,37.6123,1122.316,POINT (126.9173 37.6123),5930698997,13734502244,50.209801741355435,11.18111112346318,PASS
od_1262,불광,6호선,126.92939,37.610873,pedestrian_support_point,빗물받이,서울특별시 은평구 연서로 214,126.9199,37.6176,1122.269,POINT (126.9199 37.6176),5930698997,10678122498,11.603222454866666,25.692191673755815,PASS
od_1269,불광,6호선,126.92939,37.610873,pedestrian_support_point,빗물받이,서울특별시 은평구 구산동  1-19,126.9167,37.6103,1122.266,POINT (126.9167 37.6103),5930698997,3820983701,11.603222454866666,10.984523489204573,PASS
od_46,연신내,6호선,126.920625,37.618636,mobility_facility,남도공인중개사사무소,서울특별시 은평구 통일로 735,126.9291,37.6111,1122.265,POINT (126.9291 37.6111),11230505686,3819768872,20.028299588559467,25.81641579371403,PASS
od_1008,불광,6호선,126.92939,37.610873,pedestrian_support_point,빗물받이,서울특별시 은평구 불광로 164,126.9318,37.6208,1122.148,POINT (126.9318 37.6208),5930698997,3824954514,11.603222454866666,31.55598506903638,PASS
od_154,연신내,6호선,126.920625,37.618636,mobility_facility,현대메디알레공인중개사사무소,서울특별시 은평구 진흥로13길 9,126.9255,37.6093,1122.034,POINT (126.9255 37.6093),11230505686,3819768549,20.028299588559467,9.612669763146753,PASS
od_1143,불광,6호선,126.92939,37.610873,pedestrian_support_point,맨홀,서울특별시 은평구 구산동  1-19,126.9167,37.6104,1121.691,POINT (126.9167 37.6104),5930698997,3820983701,11.603222454866666,1.400723358769238,PASS
od_1051,불광,6호선,126.92939,37.610873,pedestrian_support_point,장애인화장실,서울특별시 은평구 연서로 149,126.9168,37.6122,1121.334,POINT (126.9168 37.6122),5930698997,7060279696,11.603222454866666,14.445155273433501,PASS
od_2157,불광,3호선,126.92982,37.610553,mobility_facility,e끌림(단지내)공인중개사사무소,서울특별시 은평구 은평로 220,126.932,37.6006,1121.321,POINT (126.932 37.6006),5930698997,11955692539,50.209801741355435,23.640640475492845,PASS
od_2552,불광,3호선,126.92982,37.610553,pedestrian_support_point,맨홀,서울특별시 은평구 은평로 250-2,126.9343,37.6011,1121.279,POINT (126.9343 37.6011),5930698997,2309932435,50.209801741355435,44.7146173238281,PASS
od_1916,녹번,3호선,126.935756,37.600927,mobility_facility,06.  불광역  4번출구,서울특별시 은평구 통일로 723-1,126.9302,37.61,1120.154,POINT (126.9302 37.61),436867704,11228574113,5.477178362551235,13.614884413917924,PASS
od_893,불광,6호선,126.92939,37.610873,mobility_facility,거산공인중개사사무소,서울특별시 은평구 연서로28길 3,126.9208,37.6183,1120.129,POINT (126.9208 37.6183),5930698997,3819769869,11.603222454866666,14.10318028448393,PASS
od_822,불광,6호선,126.92939,37.610873,mobility_facility,양지부동산공인중개사사무소,서울특별시 은평구 연서로28길 3,126.9208,37.6183,1120.129,POINT (126.9208 37.6183),5930698997,3819769869,11.603222454866666,14.10318028448393,PASS
od_2317,불광,3호선,126.92982,37.610553,mobility_facility,한일슈퍼,서울특별시 은평구 연서로14길 14,126.9174,37.6085,1120.061,POINT (126.9174 37.6085),5930698997,4584362138,50.209801741355435,13.864145800685073,PASS
od_2449,불광,3호선,126.92982,37.610553,pedestrian_support_point,지하철환기구,서울특별시 은평구 갈현동  530-9,126.9174,37.6126,1119.896,POINT (126.9174 37.6126),5930698997,3823584976,50.209801741355435,22.92093697849864,PASS
od_2640,불광,3호선,126.92982,37.610553,pedestrian_support_point,빗물받이,서울특별시 은평구 연서로18길 3-28,126.918,37.6142,1119.37,POINT (126.918 37.6142),5930698997,10678122511,50.209801741355435,5.290183226015234,PASS
od_1924,녹번,3호선,126.935756,37.600927,mobility_facility,34. 불광역 1번출구,서울특별시 은평구 통일로 720,126.9305,37.6101,1118.897,POINT (126.9305 37.6101),436867704,11228574114,5.477178362551235,20.026368740428214,PASS
od_2051,녹번,3호선,126.935756,37.600927,pedestrian_support_point,불광역1번출구,서울특별시 은평구 통일로 730-2,126.9305,37.6101,1118.897,POINT (126.9305 37.6101),436867704,11228574114,5.477178362551235,20.026368740428214,PASS
od_2653,불광,3호선,126.92982,37.610553,pedestrian_support_point,빗물받이,서울특별시 은평구 은평로 250-2,126.9342,37.6011,1118.194,POINT (126.9342 37.6011),5930698997,2309932435,50.209801741355435,36.17531605590491,PASS
od_2334,불광,3호선,126.92982,37.610553,mobility_facility,파리바게트 녹번역점,서울특별시 은평구 은평로 237,126.9342,37.6011,1118.194,POINT (126.9342 37.6011),5930698997,2309932435,50.209801741355435,36.17531605590491,PASS
od_2026,녹번,3호선,126.935756,37.600927,pedestrian_support_point,장애인화장실,서울특별시 은평구 은평로13길 35,126.9237,37.604,1117.9,POINT (126.9237 37.604),436867704,4582158286,5.477178362551235,37.71081808549931,PASS
od_1745,응암,6호선,126.915577,37.598605,pedestrian_support_point,맨홀,서울특별시 은평구 녹번동  82-39,126.9269,37.6031,1117.445,POINT (126.9269 37.6031),8735757178,3811092362,11.20363638320314,4.014720437067467,PASS
od_1110,불광,6호선,126.92939,37.610873,pedestrian_support_point,녹번역,서울특별시 은평구 은평로 226,126.9329,37.6012,1117.439,POINT (126.9329 37.6012),5930698997,3811155092,11.603222454866666,26.483338798062835,PASS
od_555,독바위,6호선,126.933031,37.618456,mobility_facility,정관장,서울특별시 은평구 진흥로 196,126.9312,37.6085,1116.772,POINT (126.9312 37.6085),3824954278,10678122748,2.93341759236071,14.10087479940482,PASS
od_879,불광,6호선,126.92939,37.610873,mobility_facility,신도문방구,서울특별시 은평구 은평로 161,126.9255,37.6013,1116.641,POINT (126.9255 37.6013),5930698997,2309932462,11.603222454866666,31.576794822772314,PASS
od_2414,불광,3호선,126.92982,37.610553,pedestrian_support_point,장애인화장실,서울특별시 은평구 연서로 137-1,126.9172,37.6112,1116.589,POINT (126.9172 37.6112),5930698997,2292697262,50.209801741355435,12.062285546901522,PASS
od_238,연신내,6호선,126.920625,37.618636,pedestrian_support_point,장애인화장실,서울특별시 은평구 통일로 737,126.929,37.6111,1116.397,POINT (126.929 37.6111),11230505686,3819768872,20.028299588559467,29.081286641095858,PASS
od_1076,불광,6호선,126.92939,37.610873,pedestrian_support_point,은평연세병원,서울특별시 은평구 갈현동  530-9,126.9177,37.6147,1116.12,POINT (126.9177 37.6147),5930698997,13734502230,11.603222454866666,10.027825011722237,PASS
od_1118,불광,6호선,126.92939,37.610873,pedestrian_support_point,맨홀,서울특별시 은평구 응암동  84-14,126.927,37.601,1115.932,POINT (126.927 37.601),5930698997,436845034,11.603222454866666,39.40716970259281,PASS
od_903,불광,6호선,126.92939,37.610873,mobility_facility,온나라공인중개사사무소,서울특별시 은평구 역말로7길 5,126.9179,37.6067,1115.254,POINT (126.9179 37.6067),5930698997,3819768028,11.603222454866666,24.397915944260838,PASS
od_2160,불광,3호선,126.92982,37.610553,mobility_facility,07.  녹번역  5번출구,서울특별시 은평구 통일로 615-2,126.9353,37.6015,1115.229,POINT (126.9353 37.6015),5930698997,8374239436,50.209801741355435,29.684673416864268,PASS
od_485,독바위,6호선,126.933031,37.618456,mobility_facility,11. 연신내역 7번출구 ,서울특별시 은평구 통일로 865-2,126.9205,37.6197,1114.88,POINT (126.9205 37.6197),3824954278,11228575797,2.93341759236071,25.812341312415167,PASS
od_489,독바위,6호선,126.933031,37.618456,mobility_facility,39. 은평경찰서,서울특별시 은평구 불광동  산 19-8,126.9295,37.6281,1114.847,POINT (126.9295 37.6281),3824954278,10209606886,2.93341759236071,23.645636787086485,PASS
od_2413,불광,3호선,126.92982,37.610553,pedestrian_support_point,장애인화장실,서울특별시 은평구 백련산로 179,126.9268,37.6008,1114.84,POINT (126.9268 37.6008),5930698997,436845034,50.209801741355435,26.614891808742822,PASS
od_1486,응암,6호선,126.915577,37.598605,mobility_facility,서부장애인종합복지관,"서울특별시 은평구 갈현로11길 30, 기쁨의집 Q동 (구산동, 사회복지법인엔젤스헤이븐)",126.9069,37.6059,1114.743,POINT (126.9069 37.6059),8735757178,3823349211,11.20363638320314,45.827800573897456,PASS
od_1822,응암,6호선,126.915577,37.598605,pedestrian_support_point,서부장애인종합복지관,"서울특별시 은평구 갈현로11길 30, 기쁨의집 Q동 (구산동, 사회복지법인엔젤스헤이븐)",126.9069,37.6059,1114.743,POINT (126.9069 37.6059),8735757178,3823349211,11.20363638320314,45.827800573897456,PASS
od_869,불광,6호선,126.92939,37.610873,mobility_facility,한양설렁탕,서울특별시 은평구 은평로 161,126.9256,37.6013,1113.957,POINT (126.9256 37.6013),5930698997,2309932462,11.603222454866666,23.416787103986195,PASS
od_319,연신내,6호선,126.920625,37.618636,pedestrian_support_point,맨홀,서울특별시 은평구 구산동  8-9,126.916,37.6093,1113.754,POINT (126.916 37.6093),11230505686,4584362135,20.028299588559467,18.515624292585905,PASS
od_2819,연신내,3호선,126.921038,37.619229,mobility_facility,부경공인중개사사무소,서울특별시 은평구 서오릉로 211,126.9102,37.6141,1113.395,POINT (126.9102 37.6141),13357342120,5070008488,32.16422242836125,21.09659401631334,PASS
od_929,불광,6호선,126.92939,37.610873,mobility_facility,만포면옥,서울특별시 은평구 연서로 171,126.9175,37.6142,1112.849,POINT (126.9175 37.6142),5930698997,13734502231,11.603222454866666,11.412836264443412,PASS
od_2341,불광,3호선,126.92982,37.610553,mobility_facility,응암1동 주민센터,서울특별시 은평구 백련산로 179,126.9269,37.6008,1112.76,POINT (126.9269 37.6008),5930698997,436845034,50.209801741355435,20.64349914493834,PASS
od_2266,불광,3호선,126.92982,37.610553,mobility_facility,12. 구산역 4번출구 ,서울특별시 은평구 갈현동  531-9,126.9173,37.6117,1112.751,POINT (126.9173 37.6117),5930698997,13734502262,50.209801741355435,9.682530490657077,PASS
od_1137,불광,6호선,126.92939,37.610873,pedestrian_support_point,맨홀,서울특별시 은평구 은평로 227,126.9327,37.6012,1112.67,POINT (126.9327 37.6012),5930698997,11955742139,11.603222454866666,14.596277600764173,PASS
od_2526,불광,3호선,126.92982,37.610553,pedestrian_support_point,맨홀,서울특별시 은평구 연서로18길 3-28,126.9179,37.6138,1112.444,POINT (126.9179 37.6138),5930698997,13734502239,50.209801741355435,24.925379255716575,PASS
od_1221,불광,6호선,126.92939,37.610873,pedestrian_support_point,구산역3번출구.예일여고,서울특별시 은평구 구산동  1-19,126.9168,37.6105,1112.402,POINT (126.9168 37.6105),5930698997,3820983701,11.603222454866666,13.556524690766485,PASS
od_2646,불광,3호선,126.92982,37.610553,pedestrian_support_point,빗물받이,서울특별시 은평구 은평로 250-2,126.934,37.6011,1112.21,POINT (126.934 37.6011),5930698997,2309932435,50.209801741355435,19.820097192976295,PASS
od_183,연신내,6호선,126.920625,37.618636,pedestrian_support_point,빗물받이,서울특별시 은평구 구산동  13-4,126.9113,37.6119,1112.098,POINT (126.9113 37.6119),11230505686,448305113,20.028299588559467,11.643900519768497,PASS
od_73,연신내,6호선,126.920625,37.618636,mobility_facility,36. 독바위역 ,서울특별시 은평구 불광동  13-6,126.9332,37.6181,1111.786,POINT (126.9332 37.6181),11230505686,436849320,20.028299588559467,13.252641960331173,PASS
od_139,연신내,6호선,126.920625,37.618636,mobility_facility,금호공인중개사사무소,서울특별시 은평구 서오릉로 225,126.9089,37.615,1111.053,POINT (126.9089 37.615),11230505686,3823585036,20.028299588559467,18.943506685908208,PASS
od_2958,연신내,3호선,126.921038,37.619229,pedestrian_support_point,맨홀,서울특별시 은평구 구산동  195-4,126.9115,37.6127,1110.965,POINT (126.9115 37.6127),13357342120,3820983732,32.16422242836125,52.48575148845912,PASS
od_630,독바위,6호선,126.933031,37.618456,pedestrian_support_point,지하철환기구,서울특별시 은평구 불광동  484-82,126.9206,37.62,1110.766,POINT (126.9206 37.62),3824954278,11228575797,2.93341759236071,12.796990424852618,PASS
od_1496,응암,6호선,126.915577,37.598605,mobility_facility,한일슈퍼,서울특별시 은평구 연서로14길 14,126.9174,37.6085,1109.972,POINT (126.9174 37.6085),8735757178,4584362138,11.20363638320314,13.864145800685073,PASS
od_1378,응암,6호선,126.915577,37.598605,mobility_facility,27. 은평문화예술정보학교 ,서울특별시 은평구 가좌로 209,126.9186,37.5889,1109.74,POINT (126.9186 37.5889),8735757178,3811441405,11.20363638320314,19.622168314858666,PASS
od_2622,불광,3호선,126.92982,37.610553,pedestrian_support_point,빗물받이,서울특별시 은평구 불광동  213,126.932,37.6204,1109.73,POINT (126.932 37.6204),5930698997,3824954514,50.209801741355435,16.362357762597597,PASS
od_1453,응암,6호선,126.915577,37.598605,mobility_facility,와산교공인중개사사무소,서울특별시 은평구 증산로15길 8,126.9121,37.589,1109.392,POINT (126.9121 37.589),8735757178,3822999792,11.20363638320314,13.739147265829821,PASS
od_1392,응암,6호선,126.915577,37.598605,mobility_facility,신세계고기백화점,서울특별시 은평구 갈현로 109,126.9107,37.6078,1107.69,POINT (126.9107 37.6078),8735757178,3820983944,11.20363638320314,27.54874073039807,PASS
od_984,불광,6호선,126.92939,37.610873,pedestrian_support_point,구산역2번출구.예일여고,서울특별시 은평구 역촌동  7-33,126.9169,37.61,1107.054,POINT (126.9169 37.61),5930698997,10789220079,11.603222454866666,2.4472379356444853,PASS
od_2192,불광,3호선,126.92982,37.610553,mobility_facility,탑클래스공인중개사사무소,서울특별시 은평구 연서로20길 3,126.9182,37.6143,1107.046,POINT (126.9182 37.6143),5930698997,10678122518,50.209801741355435,21.961169205915787,PASS
od_1010,불광,6호선,126.92939,37.610873,pedestrian_support_point,장애인화장실,서울특별시 은평구 연서로 212,126.9197,37.6172,1106.829,POINT (126.9197 37.6172),5930698997,10678122503,11.603222454866666,8.825364458067737,PASS
od_941,불광,6호선,126.92939,37.610873,mobility_facility,할매순대국&양선지 해장국,서울특별시 은평구 연서로 210,126.9196,37.6171,1106.703,POINT (126.9196 37.6171),5930698997,13734502227,11.603222454866666,12.813484219040529,PASS
od_464,독바위,6호선,126.933031,37.618456,mobility_facility,이산공인중개사사무소,서울특별시 은평구 연서로28길 2,126.9205,37.6182,1106.674,POINT (126.9205 37.6182),3824954278,3819769869,2.93341759236071,24.472822348937026,PASS
od_528,독바위,6호선,126.933031,37.618456,mobility_facility,이산공인중개사사무소,서울특별시 은평구 연서로28길 2,126.9205,37.6182,1106.674,POINT (126.9205 37.6182),3824954278,3819769869,2.93341759236071,24.472822348937026,PASS
od_2420,불광,3호선,126.92982,37.610553,pedestrian_support_point,장애인화장실,"서울특별시 은평구 은평로 204-4, 102동 (응암동, 거성리젠시)",126.9305,37.6006,1106.305,POINT (126.9305 37.6006),5930698997,11955692541,50.209801741355435,14.197521689613636,PASS
od_802,불광,6호선,126.92939,37.610873,mobility_facility,송강공인중개사사무소,서울특별시 은평구 진흥로 71,126.9211,37.6034,1106.238,POINT (126.9211 37.6034),5930698997,10789220062,11.603222454866666,12.800570732040622,PASS
od_2193,불광,3호선,126.92982,37.610553,mobility_facility,송강공인중개사사무소,서울특별시 은평구 진흥로 71,126.9211,37.6034,1105.955,POINT (126.9211 37.6034),5930698997,10789220062,50.209801741355435,12.800570732040622,PASS
od_273,연신내,6호선,126.920625,37.618636,pedestrian_support_point,연신초등학교,서울특별시 은평구 불광로 208,126.9292,37.6259,1105.924,POINT (126.9292 37.6259),11230505686,436862220,20.028299588559467,44.406879159265564,PASS
od_169,연신내,6호선,126.920625,37.618636,mobility_facility,메디알레소망공인중개사사무소,서울특별시 은평구 서오릉로8길 23,126.9238,37.609,1105.62,POINT (126.9238 37.609),11230505686,3004846056,20.028299588559467,12.20580599543036,PASS
od_983,불광,6호선,126.92939,37.610873,pedestrian_support_point,빗물받이,서울특별시 은평구 응암동  84-14,126.927,37.6011,1105.035,POINT (126.927 37.6011),5930698997,414686099,11.603222454866666,44.53231465865645,PASS
od_1644,응암,6호선,126.915577,37.598605,pedestrian_support_point,장애인화장실,"서울특별시 은평구 갈현로11길 30, 기쁨의집 Q동 (구산동, 사회복지법인엔젤스헤이븐)",126.9068,37.6057,1104.903,POINT (126.9068 37.6057),8735757178,3823349193,11.20363638320314,58.351462060199246,PASS
od_1575,응암,6호선,126.915577,37.598605,pedestrian_support_point,빗물받이,서울특별시 은평구 녹번동  82-39,126.9268,37.603,1104.605,POINT (126.9268 37.603),8735757178,436862858,11.20363638320314,7.134793268531097,PASS
od_269,연신내,6호선,126.920625,37.618636,pedestrian_support_point,불광1치안센터.독바위역,서울특별시 은평구 불광로 125,126.9331,37.6179,1104.391,POINT (126.9331 37.6179),11230505686,307924229,20.028299588559467,14.47667660413578,PASS
od_1059,불광,6호선,126.92939,37.610873,pedestrian_support_point,지하철환기구,서울특별시 은평구 연서로 244,126.922,37.6189,1104.277,POINT (126.922 37.6189),5930698997,2960309145,11.603222454866666,41.74894838953387,PASS
od_1379,응암,6호선,126.915577,37.598605,mobility_facility,29. 백련산 힐스테이트 2차,"서울특별시 은평구 백련산로 38, 202동 (응암동, 백련산 힐스테이트2차)",126.923,37.5906,1104.139,POINT (126.923 37.5906),8735757178,7445035407,11.20363638320314,28.26366918244851,PASS
od_2206,불광,3호선,126.92982,37.610553,mobility_facility,호박공인중개사사무소,서울특별시 은평구 은평로 228,126.9328,37.6009,1103.218,POINT (126.9328 37.6009),5930698997,11955742139,50.209801741355435,32.37978365304239,PASS
od_2333,불광,3호선,126.92982,37.610553,mobility_facility,호박부동산,서울특별시 은평구 은평로 228,126.9328,37.6009,1103.218,POINT (126.9328 37.6009),5930698997,11955742139,50.209801741355435,32.37978365304239,PASS
od_2083,녹번,3호선,126.935756,37.600927,pedestrian_support_point,맨홀,서울특별시 은평구 서오릉로 63,126.9242,37.6047,1103.025,POINT (126.9242 37.6047),436867704,3811078752,5.477178362551235,11.616122231561633,PASS
od_1996,녹번,3호선,126.935756,37.600927,pedestrian_support_point,빗물받이,서울특별시 은평구 서오릉로 63,126.9242,37.6047,1103.025,POINT (126.9242 37.6047),436867704,3811078752,5.477178362551235,11.616122231561633,PASS
od_2583,불광,3호선,126.92982,37.610553,pedestrian_support_point,과속방지턱,서울특별시 은평구 연서로18길 3-28,126.9182,37.6142,1102.925,POINT (126.9182 37.6142),5930698997,3819769262,50.209801741355435,22.477100007994032,PASS
od_10,연신내,6호선,126.920625,37.618636,mobility_facility,그린공인중개사사무소,서울특별시 은평구 불광로9길 2,126.9327,37.6161,1102.596,POINT (126.9327 37.6161),11230505686,3819769490,20.028299588559467,12.55843561638461,PASS
od_1112,불광,6호선,126.92939,37.610873,pedestrian_support_point,맨홀,서울특별시 은평구 불광동  213,126.9319,37.6206,1102.102,POINT (126.9319 37.6206),5930698997,3824954514,11.603222454866666,7.720679132546327,PASS
od_1246,불광,6호선,126.92939,37.610873,pedestrian_support_point,빗물받이,서울특별시 은평구 불광로 164,126.9319,37.6206,1102.102,POINT (126.9319 37.6206),5930698997,3824954514,11.603222454866666,7.720679132546327,PASS
od_2269,불광,3호선,126.92982,37.610553,mobility_facility,28.  구산역  1번출구,서울특별시 은평구 연서로18길 3-6,126.9175,37.6121,1101.25,POINT (126.9175 37.6121),5930698997,3819769031,50.209801741355435,29.94565811089962,PASS
od_758,불광,6호선,126.92939,37.610873,mobility_facility,갈현베르빌부동산공인중개사사무소,서울특별시 은평구 연서로 149,126.917,37.612,1101.09,POINT (126.917 37.612),5930698997,7060279696,11.603222454866666,28.554158706233746,PASS
od_691,독바위,6호선,126.933031,37.618456,pedestrian_support_point,맨홀,서울특별시 은평구 통일로 867,126.9207,37.6199,1100.373,POINT (126.9207 37.6199),3824954278,3823586792,2.93341759236071,3.214783944494879,PASS
od_2366,불광,3호선,126.92982,37.610553,pedestrian_support_point,빗물받이,서울특별시 은평구 응암동  84-14,126.927,37.6009,1099.934,POINT (126.927 37.6009),5930698997,436845034,50.209801741355435,28.3268281535212,PASS
od_2943,연신내,3호선,126.921038,37.619229,pedestrian_support_point,맨홀,서울특별시 은평구 구산동  1-19,126.9165,37.61,1099.891,POINT (126.9165 37.61),13357342120,3819768615,32.16422242836125,20.910275568043435,PASS
od_2035,녹번,3호선,126.935756,37.600927,pedestrian_support_point,장애인화장실,서울특별시 은평구 은평로13길 36-1,126.924,37.6042,1099.831,POINT (126.924 37.6042),436867704,3811078742,5.477178362551235,24.83886423347034,PASS
od_1092,불광,6호선,126.92939,37.610873,pedestrian_support_point,은평세무서,서울특별시 은평구 은평로 170,126.9267,37.6012,1099.559,POINT (126.9267 37.6012),5930698997,3811327176,11.603222454866666,38.64760656716018,PASS
od_1788,응암,6호선,126.915577,37.598605,pedestrian_support_point,과속방지턱,서울특별시 은평구 구산동  224-3,126.9064,37.6053,1099.484,POINT (126.9064 37.6053),8735757178,3823349173,11.20363638320314,25.450355627445983,PASS
od_2455,불광,3호선,126.92982,37.610553,pedestrian_support_point,녹번역,서울특별시 은평구 은평로 250-2,126.9335,37.6011,1098.348,POINT (126.9335 37.6011),5930698997,436867702,50.209801741355435,10.362289522256642,PASS
od_659,독바위,6호선,126.933031,37.618456,pedestrian_support_point,연신내역6번출구,서울특별시 은평구 갈현동  389-16,126.9206,37.6188,1098.14,POINT (126.9206 37.6188),3824954278,11663495476,2.93341759236071,4.457372907904629,PASS
od_675,독바위,6호선,126.933031,37.618456,pedestrian_support_point,맨홀,서울특별시 은평구 연서로 226,126.9206,37.6186,1097.594,POINT (126.9206 37.6186),3824954278,11230505686,2.93341759236071,16.44419277734285,PASS
od_68,연신내,6호선,126.920625,37.618636,mobility_facility,리치공인중개사사무소,서울특별시 은평구 역말로10길 32,126.9239,37.6091,1097.181,POINT (126.9239 37.6091),11230505686,10968647958,20.028299588559467,12.23768373696107,PASS
od_69,연신내,6호선,126.920625,37.618636,mobility_facility,화신공인중개사사무소,서울특별시 은평구 불광로 107,126.9327,37.6163,1097.138,POINT (126.9327 37.6163),11230505686,3819769661,20.028299588559467,16.624841455295766,PASS
od_1811,응암,6호선,126.915577,37.598605,pedestrian_support_point,미성아파트앞,"서울특별시 은평구 증산로15길 27, 비동",126.9102,37.5897,1096.515,POINT (126.9102 37.5897),8735757178,436863975,11.20363638320314,19.571065634898414,PASS
od_2057,녹번,3호선,126.935756,37.600927,pedestrian_support_point,불광역4번출구,서울특별시 은평구 통일로 707,126.9303,37.6098,1096.333,POINT (126.9303 37.6098),436867704,10678122709,5.477178362551235,31.886244045263194,PASS
od_643,독바위,6호선,126.933031,37.618456,pedestrian_support_point,대조시장.NC백화점,서울특별시 은평구 불광로 12,126.9278,37.6095,1096.075,POINT (126.9278 37.6095),3824954278,11229115806,2.93341759236071,48.82264064116012,PASS
od_2267,불광,3호선,126.92982,37.610553,mobility_facility,신도문방구,서울특별시 은평구 은평로 161,126.9255,37.6013,1095.537,POINT (126.9255 37.6013),5930698997,2309932462,50.209801741355435,31.576794822772314,PASS
od_1160,불광,6호선,126.92939,37.610873,pedestrian_support_point,맨홀,서울특별시 은평구 은평로 221-1,126.9324,37.6013,1095.237,POINT (126.9324 37.6013),5930698997,3811155095,11.603222454866666,20.93626894018268,PASS
od_2468,불광,3호선,126.92982,37.610553,pedestrian_support_point,구산역1번출구,서울특별시 은평구 대조동  207-16,126.9175,37.6117,1095.21,POINT (126.9175 37.6117),5930698997,10678122534,50.209801741355435,14.542174499313548,PASS
od_993,불광,6호선,126.92939,37.610873,pedestrian_support_point,빗물받이,서울특별시 은평구 구산동  1-19,126.917,37.6113,1094.993,POINT (126.917 37.6113),5930698997,10678122536,11.603222454866666,7.515165590903744,PASS
od_677,독바위,6호선,126.933031,37.618456,pedestrian_support_point,맨홀,서울특별시 은평구 진흥로 192,126.9313,37.6087,1093.543,POINT (126.9313 37.6087),3824954278,11178032846,2.93341759236071,4.908142702803897,PASS
od_219,연신내,6호선,126.920625,37.618636,pedestrian_support_point,장애인화장실,서울특별시 은평구 불광로 129,126.933,37.6183,1093.171,POINT (126.933 37.6183),11230505686,436849320,20.028299588559467,15.164683963236063,PASS
od_240,연신내,6호선,126.920625,37.618636,pedestrian_support_point,장애인화장실,서울특별시 은평구 연서로 347,126.9284,37.6263,1093.015,POINT (126.9284 37.6263),11230505686,3823588804,20.028299588559467,50.98264538999231,PASS
od_2171,불광,3호선,126.92982,37.610553,mobility_facility,조은공인중개사,서울특별시 은평구 연서로 158,126.9178,37.6129,1092.79,POINT (126.9178 37.6129),5930698997,10678122524,50.209801741355435,38.809650348411346,PASS
od_2260,불광,3호선,126.92982,37.610553,mobility_facility,조은공인중개사사무소,서울특별시 은평구 연서로 158,126.9178,37.6129,1092.79,POINT (126.9178 37.6129),5930698997,10678122524,50.209801741355435,38.809650348411346,PASS
od_60,연신내,6호선,126.920625,37.618636,mobility_facility,04.  독바위역  1번출구,서울특별시 은평구 불광동  13-6,126.933,37.6185,1092.637,POINT (126.933 37.6185),11230505686,3824954278,20.028299588559467,4.294443059715804,PASS
od_2258,불광,3호선,126.92982,37.610553,mobility_facility,한양설렁탕,서울특별시 은평구 은평로 161,126.9256,37.6013,1092.494,POINT (126.9256 37.6013),5930698997,2309932462,50.209801741355435,23.416787103986195,PASS
od_2058,녹번,3호선,126.935756,37.600927,pedestrian_support_point,불광전철역,서울특별시 은평구 통일로 707,126.9304,37.6098,1092.481,POINT (126.9304 37.6098),436867704,10678122709,5.477178362551235,28.170432316480124,PASS
od_132,연신내,6호선,126.920625,37.618636,mobility_facility,한라공인중개사사무소,서울특별시 은평구 불광로 119-1,126.9329,37.6174,1092.36,POINT (126.9329 37.6174),11230505686,307924229,20.028299588559467,47.92106510135645,PASS
od_2140,녹번,3호선,126.935756,37.600927,pedestrian_support_point,불광제1동주민센터,서울특별시 은평구 진흥로15길 10,126.932,37.6103,1091.889,POINT (126.932 37.6103),436867704,3811140122,5.477178362551235,30.669469881853335,PASS
od_1755,응암,6호선,126.915577,37.598605,pedestrian_support_point,맨홀,서울특별시 은평구 녹번동  82-39,126.9267,37.6029,1091.798,POINT (126.9267 37.6029),8735757178,436862858,11.20363638320314,20.026418466800777,PASS
od_1545,응암,6호선,126.915577,37.598605,pedestrian_support_point,빗물받이,서울특별시 은평구 녹번동  82-39,126.9267,37.6029,1091.798,POINT (126.9267 37.6029),8735757178,436862858,11.20363638320314,20.026418466800777,PASS
od_2620,불광,3호선,126.92982,37.610553,pedestrian_support_point,녹번전철역,서울특별시 은평구 통일로 615-2,126.9352,37.6017,1091.4,POINT (126.9352 37.6017),5930698997,11204976846,50.209801741355435,27.548410026941724,PASS
od_601,독바위,6호선,126.933031,37.618456,pedestrian_support_point,장애인화장실,서울특별시 은평구 진흥로 191,126.9307,37.6088,1091.294,POINT (126.9307 37.6088),3824954278,8461842574,2.93341759236071,32.65883949687224,PASS
od_2087,녹번,3호선,126.935756,37.600927,pedestrian_support_point,맨홀,서울특별시 은평구 녹번동  80-37,126.9244,37.6048,1091.031,POINT (126.9244 37.6048),436867704,3811078752,5.477178362551235,9.482015257929659,PASS
od_148,연신내,6호선,126.920625,37.618636,mobility_facility,구세군 희망나누기,서울특별시 은평구 불광로 119,126.9329,37.6175,1091.021,POINT (126.9329 37.6175),11230505686,307924229,20.028299588559467,38.51747172909214,PASS
od_928,불광,6호선,126.92939,37.610873,mobility_facility,한일슈퍼,서울특별시 은평구 연서로14길 14,126.9174,37.6085,1090.939,POINT (126.9174 37.6085),5930698997,4584362138,11.603222454866666,13.864145800685073,PASS
od_423,연신내,6호선,126.920625,37.618636,pedestrian_support_point,빗물받이,서울특별시 은평구 구산동  195-4,126.9114,37.6121,1090.689,POINT (126.9114 37.6121),11230505686,4584639671,20.028299588559467,6.1117646973233715,PASS
od_661,독바위,6호선,126.933031,37.618456,pedestrian_support_point,불광역3호선.서울혁신파크,서울특별시 은평구 진흥로 200,126.9316,37.6087,1090.157,POINT (126.9316 37.6087),3824954278,11204976882,2.93341759236071,1.9067441159293512,PASS
od_520,독바위,6호선,126.933031,37.618456,mobility_facility,29.  연신내역  1번출구,서울특별시 은평구 통일로 850-2,126.9208,37.6198,1090.066,POINT (126.9208 37.6198),3824954278,3823586792,2.93341759236071,15.995500411915353,PASS
od_1372,응암,6호선,126.915577,37.598605,mobility_facility,15. 시립서북병원 ,서울특별시 은평구 갈현로7길 49,126.9058,37.6046,1090.012,POINT (126.9058 37.6046),8735757178,3823349135,11.20363638320314,23.503662322567457,PASS
od_1450,응암,6호선,126.915577,37.598605,mobility_facility,26.  시립서북병원,서울특별시 은평구 갈현로7길 49,126.9058,37.6046,1090.012,POINT (126.9058 37.6046),8735757178,3823349135,11.20363638320314,23.503662322567457,PASS
od_295,연신내,6호선,126.920625,37.618636,pedestrian_support_point,구산동주민센터,서울특별시 은평구 갈현로 161,126.9113,37.6122,1089.991,POINT (126.9113 37.6122),11230505686,4584639671,20.028299588559467,9.478832376299554,PASS
od_2874,연신내,3호선,126.921038,37.619229,pedestrian_support_point,장애인화장실,서울특별시 은평구 통일로 742,126.9291,37.6118,1089.268,POINT (126.9291 37.6118),13357342120,3819768985,32.16422242836125,29.54713057391822,PASS
od_2030,녹번,3호선,126.935756,37.600927,pedestrian_support_point,장애인화장실,서울특별시 은평구 진흥로15길 10,126.9321,37.6103,1089.24,POINT (126.9321 37.6103),436867704,3811140122,5.477178362551235,31.138979204294397,PASS
od_2031,녹번,3호선,126.935756,37.600927,pedestrian_support_point,장애인화장실,서울특별시 은평구 진흥로15길 10,126.9321,37.6103,1089.24,POINT (126.9321 37.6103),436867704,3811140122,5.477178362551235,31.138979204294397,PASS
od_2499,불광,3호선,126.92982,37.610553,pedestrian_support_point,맨홀,서울특별시 은평구 응암동  84-14,126.927,37.601,1089.126,POINT (126.927 37.601),5930698997,436845034,50.209801741355435,39.40716970259281,PASS
od_471,독바위,6호선,126.933031,37.618456,mobility_facility,은평공인중개사사무소,서울특별시 은평구 통일로69길 27,126.926,37.6104,1088.495,POINT (126.926 37.6104),3824954278,3819768724,2.93341759236071,23.65546745461619,PASS
od_512,독바위,6호선,126.933031,37.618456,mobility_facility,은평공인중개사사무소,서울특별시 은평구 통일로69길 27,126.926,37.6104,1088.495,POINT (126.926 37.6104),3824954278,3819768724,2.93341759236071,23.65546745461619,PASS
od_2186,불광,3호선,126.92982,37.610553,mobility_facility,퍼펙트공인중개사사무소,서울특별시 은평구 연서로32길 13,126.9245,37.6194,1088.481,POINT (126.9245 37.6194),5930698997,3819770000,50.209801741355435,13.171676671893842,PASS
od_235,연신내,6호선,126.920625,37.618636,pedestrian_support_point,장애인화장실,서울특별시 은평구 불광로 180,126.9316,37.6231,1088.233,POINT (126.9316 37.6231),11230505686,3823587470,20.028299588559467,49.35998542396476,PASS
od_1057,불광,6호선,126.92939,37.610873,pedestrian_support_point,구산,서울특별시 은평구 연서로 143,126.9171,37.6116,1088.131,POINT (126.9171 37.6116),5930698997,10678122461,11.603222454866666,3.680887247345679,PASS
od_2833,연신내,3호선,126.921038,37.619229,pedestrian_support_point,구산역2번출구.예일여고,서울특별시 은평구 역촌동  7-33,126.9169,37.61,1087.524,POINT (126.9169 37.61),13357342120,10789220079,32.16422242836125,2.4472379356444853,PASS
od_995,불광,6호선,126.92939,37.610873,pedestrian_support_point,빗물받이,서울특별시 은평구 갈현동  536-9,126.9171,37.6115,1087.365,POINT (126.9171 37.6115),5930698997,10678122535,11.603222454866666,4.990830024367615,PASS
od_2666,연신내,3호선,126.921038,37.619229,mobility_facility,그린공인중개사사무소,서울특별시 은평구 불광로9길 2,126.9327,37.6161,1086.59,POINT (126.9327 37.6161),13357342120,3819769490,32.16422242836125,12.55843561638461,PASS
od_3062,연신내,3호선,126.921038,37.619229,pedestrian_support_point,빗물받이,서울특별시 은평구 구산동  1-19,126.9166,37.6101,1086.347,POINT (126.9166 37.6101),13357342120,3819768643,32.16422242836125,14.602017210522966,PASS
od_1081,불광,6호선,126.92939,37.610873,pedestrian_support_point,은평세무서,서울특별시 은평구 응암동  84-14,126.9263,37.6014,1086.226,POINT (126.9263 37.6014),5930698997,3811327176,11.603222454866666,11.156637549540658,PASS
od_1228,불광,6호선,126.92939,37.610873,pedestrian_support_point,쉘터형 택시 승차대,서울특별시 은평구 역촌동  1-57,126.9171,37.6105,1085.933,POINT (126.9171 37.6105),5930698997,10789220081,11.603222454866666,11.985254278910759,PASS
od_1835,응암,6호선,126.915577,37.598605,pedestrian_support_point,빗물받이,서울특별시 은평구 증산로17길 36,126.9087,37.5905,1085.391,POINT (126.9087 37.5905),8735757178,3822999634,11.20363638320314,14.55466472040279,PASS
od_47,연신내,6호선,126.920625,37.618636,mobility_facility,대한공인중개사사무소,서울특별시 은평구 진흥로13길 13,126.925,37.6095,1085.08,POINT (126.925 37.6095),11230505686,3819768571,20.028299588559467,16.26069717571956,PASS
od_835,불광,6호선,126.92939,37.610873,mobility_facility,CU은평여왕점,서울특별시 은평구 은평로 200,126.9297,37.6011,1085.042,POINT (126.9297 37.6011),5930698997,3811678452,11.603222454866666,29.97351748067364,PASS
od_143,연신내,6호선,126.920625,37.618636,mobility_facility,사랑의집,서울특별시 은평구 역말로10길 30-1,126.9238,37.6092,1084.162,POINT (126.9238 37.6092),11230505686,10968647958,20.028299588559467,25.219799857210795,PASS
od_2338,불광,3호선,126.92982,37.610553,mobility_facility,구립불광노인복지관,서울특별시 은평구 연서로32길 17-11,126.9249,37.6195,1083.873,POINT (126.9249 37.6195),5930698997,3819769993,50.209801741355435,15.497655681518276,PASS
od_1185,불광,6호선,126.92939,37.610873,pedestrian_support_point,맨홀,서울특별시 은평구 은평로 215,126.9318,37.6013,1083.6,POINT (126.9318 37.6013),5930698997,2309932437,11.603222454866666,12.500414507836101,PASS
od_1125,불광,6호선,126.92939,37.610873,pedestrian_support_point,맨홀,서울특별시 은평구 응암동  84-14,126.927,37.6013,1083.254,POINT (126.927 37.6013),5930698997,414686099,11.603222454866666,24.124652107527332,PASS
od_1088,불광,6호선,126.92939,37.610873,pedestrian_support_point,대림모터스,서울특별시 은평구 연서로18길 3-28,126.918,37.6145,1083.23,POINT (126.918 37.6145),5930698997,10678122518,11.603222454866666,15.402456309918318,PASS
od_1134,불광,6호선,126.92939,37.610873,pedestrian_support_point,맨홀,서울특별시 은평구 갈현동  530-9,126.9173,37.6125,1082.636,POINT (126.9173 37.6125),5930698997,3823584976,11.603222454866666,9.631106872757707,PASS
od_1101,불광,6호선,126.92939,37.610873,pedestrian_support_point,구산역4번출구,서울특별시 은평구 갈현동  530-9,126.9172,37.6119,1082.323,POINT (126.9172 37.6119),5930698997,13734502262,11.603222454866666,33.503985268292084,PASS
od_1243,불광,6호선,126.92939,37.610873,pedestrian_support_point,빗물받이,서울특별시 은평구 불광동  213,126.932,37.6204,1082.212,POINT (126.932 37.6204),5930698997,3824954514,11.603222454866666,16.362357762597597,PASS
od_2723,연신내,3호선,126.921038,37.619229,mobility_facility,36. 독바위역 ,서울특별시 은평구 불광동  13-6,126.9332,37.6181,1081.014,POINT (126.9332 37.6181),13357342120,436849320,32.16422242836125,13.252641960331173,PASS
od_2546,불광,3호선,126.92982,37.610553,pedestrian_support_point,맨홀,서울특별시 은평구 은평로 229,126.9332,37.6012,1080.133,POINT (126.9332 37.6012),5930698997,436867702,50.209801741355435,25.666982121517464,PASS
od_534,독바위,6호선,126.933031,37.618456,mobility_facility,거산공인중개사사무소,서울특별시 은평구 연서로28길 3,126.9208,37.6183,1079.961,POINT (126.9208 37.6183),3824954278,3819769869,2.93341759236071,14.10318028448393,PASS
od_483,독바위,6호선,126.933031,37.618456,mobility_facility,양지부동산공인중개사사무소,서울특별시 은평구 연서로28길 3,126.9208,37.6183,1079.961,POINT (126.9208 37.6183),3824954278,3819769869,2.93341759236071,14.10318028448393,PASS
od_544,독바위,6호선,126.933031,37.618456,mobility_facility,연신내88부동산공인중개사사무소,서울특별시 은평구 연서로 230,126.9208,37.6185,1079.832,POINT (126.9208 37.6185),3824954278,13357342123,2.93341759236071,24.488088708868254,PASS
od_2719,연신내,3호선,126.921038,37.619229,mobility_facility,화신공인중개사사무소,서울특별시 은평구 불광로 107,126.9327,37.6163,1079.699,POINT (126.9327 37.6163),13357342120,3819769661,32.16422242836125,16.624841455295766,PASS
od_2426,불광,3호선,126.92982,37.610553,pedestrian_support_point,장애인화장실,서울특별시 은평구 서오릉로 137,126.9176,37.6108,1079.311,POINT (126.9176 37.6108),5930698997,10678122540,50.209801741355435,15.033987745238399,PASS
od_1273,불광,6호선,126.92939,37.610873,pedestrian_support_point,빗물받이,서울특별시 은평구 갈현동  530-9,126.9173,37.6123,1079.157,POINT (126.9173 37.6123),5930698997,13734502244,11.603222454866666,11.18111112346318,PASS
od_2371,불광,3호선,126.92982,37.610553,pedestrian_support_point,빗물받이,서울특별시 은평구 응암동  84-14,126.927,37.6011,1078.324,POINT (126.927 37.6011),5930698997,414686099,50.209801741355435,44.53231465865645,PASS
od_1693,응암,6호선,126.915577,37.598605,pedestrian_support_point,은평세무서,서울특별시 은평구 녹번동  83-71,126.9267,37.6026,1077.679,POINT (126.9267 37.6026),8735757178,2309932453,11.20363638320314,38.04252296039727,PASS
od_1288,응암,6호선,126.915577,37.598605,mobility_facility,미소공인중개사사무소,서울특별시 은평구 백련산로2길 19,126.9244,37.5919,1077.467,POINT (126.9244 37.5919),8735757178,7443851042,11.20363638320314,34.82933802289641,PASS
od_1093,불광,6호선,126.92939,37.610873,pedestrian_support_point,은평구청,서울특별시 은평구 응암동  75-2,126.9304,37.6012,1077.295,POINT (126.9304 37.6012),5930698997,3811678443,11.603222454866666,14.96610055280692,PASS
od_1031,불광,6호선,126.92939,37.610873,pedestrian_support_point,장애인화장실,서울특별시 은평구 연서로 137-1,126.9172,37.6112,1076.92,POINT (126.9172 37.6112),5930698997,2292697262,11.603222454866666,12.062285546901522,PASS
od_182,연신내,6호선,126.920625,37.618636,pedestrian_support_point,빗물받이,서울특별시 은평구 구산동  195-4,126.9115,37.6122,1076.716,POINT (126.9115 37.6122),11230505686,4584639671,20.028299588559467,10.852653875222279,PASS
od_43,연신내,6호선,126.920625,37.618636,mobility_facility,신일공인중개사사무소,서울특별시 은평구 갈현로45길 26-1,126.9163,37.6277,1076.026,POINT (126.9163 37.6277),11230505686,13198663365,20.028299588559467,12.36500621027909,PASS
od_1067,불광,6호선,126.92939,37.610873,pedestrian_support_point,지하철환기구,서울특별시 은평구 갈현동  530-9,126.9174,37.6126,1075.853,POINT (126.9174 37.6126),5930698997,3823584976,11.603222454866666,22.92093697849864,PASS
od_1104,불광,6호선,126.92939,37.610873,pedestrian_support_point,대조동주민센터,서울특별시 은평구 연서로18길 3-28,126.9179,37.6141,1075.851,POINT (126.9179 37.6141),5930698997,10678122511,11.603222454866666,12.224447143044427,PASS
od_2604,불광,3호선,126.92982,37.610553,pedestrian_support_point,녹번역,서울특별시 은평구 통일로 615-2,126.9353,37.6019,1075.402,POINT (126.9353 37.6019),5930698997,11204976873,50.209801741355435,12.90047115481565,PASS
od_171,연신내,6호선,126.920625,37.618636,mobility_facility,독바위역,서울특별시 은평구 불광로 129-1,126.9328,37.6184,1075.196,POINT (126.9328 37.6184),11230505686,3819769881,20.028299588559467,14.395088608804356,PASS
od_399,연신내,6호선,126.920625,37.618636,pedestrian_support_point,독바위역,서울특별시 은평구 불광로 129-1,126.9328,37.6184,1075.196,POINT (126.9328 37.6184),11230505686,3819769881,20.028299588559467,14.395088608804356,PASS
od_221,연신내,6호선,126.920625,37.618636,pedestrian_support_point,장애인화장실,서울특별시 은평구 불광로 129-1,126.9328,37.6184,1075.196,POINT (126.9328 37.6184),11230505686,3819769881,20.028299588559467,14.395088608804356,PASS
od_2909,연신내,3호선,126.921038,37.619229,pedestrian_support_point,불광1치안센터.독바위역,서울특별시 은평구 불광로 125,126.9331,37.6179,1075.067,POINT (126.9331 37.6179),13357342120,307924229,32.16422242836125,14.47667660413578,PASS
od_490,독바위,6호선,126.933031,37.618456,mobility_facility,포도원복지센터,서울특별시 은평구 연서로41가길 24-3,126.9254,37.626,1074.669,POINT (126.9254 37.626),3824954278,3823588657,2.93341759236071,24.324185606805255,PASS
od_1697,응암,6호선,126.915577,37.598605,pedestrian_support_point,맨홀,서울특별시 은평구 녹번동  82-39,126.9266,37.6027,1074.284,POINT (126.9266 37.6027),8735757178,2309932453,11.20363638320314,40.89272597890491,PASS
od_670,독바위,6호선,126.933031,37.618456,pedestrian_support_point,맨홀,서울특별시 은평구 대조동  15-178,126.9311,37.6089,1074.229,POINT (126.9311 37.6089),3824954278,10678122761,2.93341759236071,7.19333684068632,PASS
od_621,독바위,6호선,126.933031,37.618456,pedestrian_support_point,연신내,서울특별시 은평구 통일로 865-2,126.9209,37.6192,1074.166,POINT (126.9209 37.6192),3824954278,13357342120,2.93341759236071,31.6404289324609,PASS
od_2473,불광,3호선,126.92982,37.610553,pedestrian_support_point,은평세무서,서울특별시 은평구 은평로 170,126.9267,37.6012,1074.016,POINT (126.9267 37.6012),5930698997,3811327176,50.209801741355435,38.64760656716018,PASS
od_1038,불광,6호선,126.92939,37.610873,pedestrian_support_point,장애인화장실,서울특별시 은평구 은평로 194,126.9293,37.6012,1073.627,POINT (126.9293 37.6012),5930698997,3811678425,11.603222454866666,21.73477068894396,PASS
od_2701,연신내,3호선,126.921038,37.619229,mobility_facility,은평공인중개사사무소,서울특별시 은평구 통일로69길 27,126.926,37.6104,1073.396,POINT (126.926 37.6104),13357342120,3819768724,32.16422242836125,23.65546745461619,PASS
od_2752,연신내,3호선,126.921038,37.619229,mobility_facility,은평공인중개사사무소,서울특별시 은평구 통일로69길 27,126.926,37.6104,1073.396,POINT (126.926 37.6104),13357342120,3819768724,32.16422242836125,23.65546745461619,PASS
od_2491,불광,3호선,126.92982,37.610553,pedestrian_support_point,녹번역,서울특별시 은평구 은평로 226,126.9329,37.6012,1073.116,POINT (126.9329 37.6012),5930698997,3811155092,50.209801741355435,26.483338798062835,PASS
od_2925,연신내,3호선,126.921038,37.619229,pedestrian_support_point,선진운수종점,서울특별시 은평구 서오릉로 211-2,126.9109,37.6139,1072.83,POINT (126.9109 37.6139),13357342120,3823584998,32.16422242836125,33.299071268395124,PASS
od_1810,응암,6호선,126.915577,37.598605,pedestrian_support_point,역촌역.역촌오거리,서울특별시 은평구 서오릉로 71,126.9224,37.6066,1072.572,POINT (126.9224 37.6066),8735757178,3819768031,11.20363638320314,17.810647228287785,PASS
od_878,불광,6호선,126.92939,37.610873,mobility_facility,12. 구산역 4번출구 ,서울특별시 은평구 갈현동  531-9,126.9173,37.6117,1071.415,POINT (126.9173 37.6117),5930698997,13734502262,11.603222454866666,9.682530490657077,PASS
od_1264,불광,6호선,126.92939,37.610873,pedestrian_support_point,빗물받이,서울특별시 은평구 연서로18길 3-28,126.918,37.6142,1071.304,POINT (126.918 37.6142),5930698997,10678122511,11.603222454866666,5.290183226015234,PASS
od_460,독바위,6호선,126.933031,37.618456,mobility_facility,행복공인중개사사무소,서울특별시 은평구 연서로26길 15,126.9211,37.6167,1071.227,POINT (126.9211 37.6167),3824954278,3819769679,2.93341759236071,16.91215748736814,PASS
od_455,독바위,6호선,126.933031,37.618456,mobility_facility,일출부동산공인중개사사무소,서울특별시 은평구 통일로 858,126.921,37.6197,1071.092,POINT (126.921 37.6197),3824954278,3823586792,2.93341759236071,35.63637819224775,PASS
od_1072,불광,6호선,126.92939,37.610873,pedestrian_support_point,연신내역.연서시장,서울특별시 은평구 통일로 846-2,126.9218,37.6184,1070.973,POINT (126.9218 37.6184),5930698997,3819769883,11.603222454866666,25.58697781434671,PASS
od_2115,녹번,3호선,126.935756,37.600927,pedestrian_support_point,과속방지턱,서울특별시 은평구 진흥로15길 26,126.932,37.6101,1070.762,POINT (126.932 37.6101),436867704,3811140122,5.477178362551235,8.751906062658577,PASS
od_1663,응암,6호선,126.915577,37.598605,pedestrian_support_point,미성아파트앞,서울특별시 은평구 증산로15길 30-1,126.9101,37.59,1070.561,POINT (126.9101 37.59),8735757178,436863975,11.20363638320314,15.062308631349001,PASS
od_2178,불광,3호선,126.92982,37.610553,mobility_facility,명성부동산공인중개사사무소,서울특별시 은평구 연서로32길 18,126.9242,37.6191,1070.558,POINT (126.9242 37.6191),5930698997,356265927,50.209801741355435,14.291516825299782,PASS
od_2647,불광,3호선,126.92982,37.610553,pedestrian_support_point,구산전철역,서울특별시 은평구 서오릉로 135,126.9177,37.6108,1070.484,POINT (126.9177 37.6108),5930698997,3819768784,50.209801741355435,14.288896569710253,PASS
od_2081,녹번,3호선,126.935756,37.600927,pedestrian_support_point,맨홀,서울특별시 은평구 녹번동  80-37,126.9246,37.6047,1070.432,POINT (126.9246 37.6047),436867704,3811092381,5.477178362551235,21.47759564566126,PASS
od_706,독바위,6호선,126.933031,37.618456,pedestrian_support_point,맨홀,서울특별시 은평구 통일로 856,126.921,37.6196,1069.718,POINT (126.921 37.6196),3824954278,3823586792,2.93341759236071,44.20628063357636,PASS
od_667,독바위,6호선,126.933031,37.618456,pedestrian_support_point,연서시장,서울특별시 은평구 통일로 856,126.921,37.6196,1069.718,POINT (126.921 37.6196),3824954278,3823586792,2.93341759236071,44.20628063357636,PASS
od_629,독바위,6호선,126.933031,37.618456,pedestrian_support_point,지하철환기구,서울특별시 은평구 통일로 850-2,126.921,37.6196,1069.718,POINT (126.921 37.6196),3824954278,3823586792,2.93341759236071,44.20628063357636,PASS
od_2518,불광,3호선,126.92982,37.610553,pedestrian_support_point,맨홀,서울특별시 은평구 은평로 227,126.9327,37.6012,1068.776,POINT (126.9327 37.6012),5930698997,11955742139,50.209801741355435,14.596277600764173,PASS
od_1614,응암,6호선,126.915577,37.598605,pedestrian_support_point,장애인화장실,서울특별시 은평구 서오릉로 32,126.9254,37.6042,1066.795,POINT (126.9254 37.6042),8735757178,3811092378,11.20363638320314,38.733547251150085,PASS
od_2778,연신내,3호선,126.921038,37.619229,mobility_facility,한라공인중개사사무소,서울특별시 은평구 불광로 119-1,126.9329,37.6174,1066.739,POINT (126.9329 37.6174),13357342120,307924229,32.16422242836125,47.92106510135645,PASS
od_251,연신내,6호선,126.920625,37.618636,pedestrian_support_point,독바위,서울특별시 은평구 불광동  13-47,126.9327,37.6184,1066.37,POINT (126.9327 37.6184),11230505686,3819769881,20.028299588559467,14.893044797825032,PASS
od_1556,응암,6호선,126.915577,37.598605,pedestrian_support_point,빗물받이,서울특별시 은평구 증산로17길 36,126.9089,37.5906,1066.342,POINT (126.9089 37.5906),8735757178,3822999640,11.20363638320314,5.398981281666613,PASS
od_663,독바위,6호선,126.933031,37.618456,pedestrian_support_point,연신내역.연서시장,서울특별시 은평구 통일로 850-2,126.921,37.6193,1066.281,POINT (126.921 37.6193),3824954278,13357342120,2.93341759236071,40.25157779932064,PASS
od_2537,불광,3호선,126.92982,37.610553,pedestrian_support_point,맨홀,서울특별시 은평구 불광동  220-5,126.932,37.62,1066.035,POINT (126.932 37.62),5930698997,3819770032,50.209801741355435,38.346861676704705,PASS
od_231,연신내,6호선,126.920625,37.618636,pedestrian_support_point,장애인화장실,서울특별시 은평구 통일로 742,126.9291,37.6118,1065.618,POINT (126.9291 37.6118),11230505686,3819768985,20.028299588559467,29.54713057391822,PASS
od_1925,녹번,3호선,126.935756,37.600927,mobility_facility,연도약국,서울특별시 은평구 은평로 144,126.9237,37.6006,1065.242,POINT (126.9237 37.6006),436867704,2309932460,5.477178362551235,16.97169941831685,PASS
od_1145,불광,6호선,126.92939,37.610873,pedestrian_support_point,맨홀,서울특별시 은평구 연서로18길 3-28,126.9179,37.6138,1065.231,POINT (126.9179 37.6138),5930698997,13734502239,11.603222454866666,24.925379255716575,PASS
od_2794,연신내,3호선,126.921038,37.619229,mobility_facility,구세군 희망나누기,서울특별시 은평구 불광로 119,126.9329,37.6175,1064.682,POINT (126.9329 37.6175),13357342120,307924229,32.16422242836125,38.51747172909214,PASS
od_1912,녹번,3호선,126.935756,37.600927,mobility_facility,KB부동산공인중개사사무소,서울특별시 은평구 은평로 145,126.9237,37.601,1064.651,POINT (126.9237 37.601),436867704,2309932460,5.477178362551235,28.999517147719743,PASS
od_634,독바위,6호선,126.933031,37.618456,pedestrian_support_point,지하철환기구,서울특별시 은평구 연서로 231,126.921,37.6189,1063.304,POINT (126.921 37.6189),3824954278,13357342120,2.93341759236071,5.964472768437886,PASS
od_635,독바위,6호선,126.933031,37.618456,pedestrian_support_point,지하철환기구,서울특별시 은평구 연서로 231,126.921,37.6189,1063.304,POINT (126.921 37.6189),3824954278,13357342120,2.93341759236071,5.964472768437886,PASS
od_1119,불광,6호선,126.92939,37.610873,pedestrian_support_point,맨홀,서울특별시 은평구 응암동  84-14,126.9269,37.6015,1063.281,POINT (126.9269 37.6015),5930698997,414686099,11.603222454866666,21.795148384476978,PASS
od_1244,불광,6호선,126.92939,37.610873,pedestrian_support_point,빗물받이,서울특별시 은평구 응암동  84-14,126.9269,37.6015,1063.281,POINT (126.9269 37.6015),5930698997,414686099,11.603222454866666,21.795148384476978,PASS
od_203,연신내,6호선,126.920625,37.618636,pedestrian_support_point,빗물받이,서울특별시 은평구 구산동  8-9,126.9163,37.6097,1062.771,POINT (126.9163 37.6097),11230505686,3819768584,20.028299588559467,12.375056196093304,PASS
od_1050,불광,6호선,126.92939,37.610873,pedestrian_support_point,장애인화장실,서울특별시 은평구 은평로 171,126.9264,37.6016,1062.526,POINT (126.9264 37.6016),5930698997,3811327176,11.603222454866666,34.892861819003286,PASS
od_742,독바위,6호선,126.933031,37.618456,pedestrian_support_point,빗물받이,서울특별시 은평구 대조동  228-1,126.921,37.6187,1062.508,POINT (126.921 37.6187),3824954278,13357342123,2.93341759236071,4.742266298374876,PASS
od_3053,연신내,3호선,126.921038,37.619229,pedestrian_support_point,빗물받이,서울특별시 은평구 구산동  1-19,126.9167,37.6103,1062.458,POINT (126.9167 37.6103),13357342120,3820983701,32.16422242836125,10.984523489204573,PASS
od_2462,불광,3호선,126.92982,37.610553,pedestrian_support_point,은평세무서,서울특별시 은평구 응암동  84-14,126.9263,37.6014,1062.368,POINT (126.9263 37.6014),5930698997,3811327176,50.209801741355435,11.156637549540658,PASS
od_2183,불광,3호선,126.92982,37.610553,mobility_facility,역촌리더스공인중개사사무소,서울특별시 은평구 역말로 79,126.9187,37.6069,1062.281,POINT (126.9187 37.6069),5930698997,10789220051,50.209801741355435,25.00741557273473,PASS
od_2340,불광,3호선,126.92982,37.610553,mobility_facility,홈즈공인중개사사무소,서울특별시 은평구 진흥로7가길 2,126.9204,37.6046,1062.258,POINT (126.9204 37.6046),5930698997,4583516173,50.209801741355435,19.366225256234117,PASS
od_2102,녹번,3호선,126.935756,37.600927,pedestrian_support_point,맨홀,서울특별시 은평구 녹번동  81-27,126.9245,37.6043,1062.118,POINT (126.9245 37.6043),436867704,3811078742,5.477178362551235,22.934691566385702,PASS
od_2456,불광,3호선,126.92982,37.610553,pedestrian_support_point,구산역2번출구.예일여고,서울특별시 은평구 서오릉로 135,126.9178,37.6108,1061.658,POINT (126.9178 37.6108),5930698997,13734364680,50.209801741355435,8.907471651351939,PASS
od_2863,연신내,3호선,126.921038,37.619229,pedestrian_support_point,장애인화장실,서울특별시 은평구 불광로 129,126.933,37.6183,1061.09,POINT (126.933 37.6183),13357342120,436849320,32.16422242836125,15.164683963236063,PASS
od_1718,응암,6호선,126.915577,37.598605,pedestrian_support_point,맨홀,서울특별시 은평구 응암동  84-14,126.9269,37.6018,1060.921,POINT (126.9269 37.6018),8735757178,414686099,11.20363638320314,41.37279955225247,PASS
od_1407,응암,6호선,126.915577,37.598605,mobility_facility,보라향그룹홈,서울특별시 은평구 갈현로15길 11-13,126.9094,37.6068,1060.572,POINT (126.9094 37.6068),8735757178,3823349226,11.20363638320314,54.82350175051273,PASS
od_1510,응암,6호선,126.915577,37.598605,mobility_facility,위드그룹홈,서울특별시 은평구 갈현로15길 11-13,126.9094,37.6068,1060.572,POINT (126.9094 37.6068),8735757178,3823349226,11.20363638320314,54.82350175051273,PASS
od_1341,응암,6호선,126.915577,37.598605,mobility_facility,위드주간보호센터,서울특별시 은평구 갈현로15길 11-13,126.9094,37.6068,1060.572,POINT (126.9094 37.6068),8735757178,3823349226,11.20363638320314,54.82350175051273,PASS
od_1402,응암,6호선,126.915577,37.598605,mobility_facility,마코,서울특별시 은평구 응암로 193,126.9168,37.5891,1060.464,POINT (126.9168 37.5891),8735757178,4583239048,11.20363638320314,22.098241979530258,PASS
od_2084,녹번,3호선,126.935756,37.600927,pedestrian_support_point,맨홀,서울특별시 은평구 진흥로15길 26,126.932,37.61,1060.214,POINT (126.932 37.61),436867704,3811140122,5.477178362551235,3.939035099846771,PASS
od_2203,불광,3호선,126.92982,37.610553,mobility_facility,알짜공인중개사사무소,서울특별시 은평구 연서로26길 11-11,126.9212,37.6172,1059.95,POINT (126.9212 37.6172),5930698997,3819769784,50.209801741355435,19.474474223693772,PASS
od_1195,불광,6호선,126.92939,37.610873,pedestrian_support_point,맨홀,서울특별시 은평구 은평로21길 3-19,126.9309,37.6014,1059.82,POINT (126.9309 37.6014),5930698997,3811678439,11.603222454866666,18.60627479172123,PASS
od_2711,연신내,3호선,126.921038,37.619229,mobility_facility,04.  독바위역  1번출구,서울특별시 은평구 불광동  13-6,126.933,37.6185,1059.162,POINT (126.933 37.6185),13357342120,3824954278,32.16422242836125,4.294443059715804,PASS
od_299,연신내,6호선,126.920625,37.618636,pedestrian_support_point,수리초등학교입구,서울특별시 은평구 불광동  213,126.9326,37.6192,1059.065,POINT (126.9326 37.6192),11230505686,3824954348,20.028299588559467,8.280091307752144,PASS
od_1636,응암,6호선,126.915577,37.598605,pedestrian_support_point,장애인화장실,서울특별시 은평구 응암동  95-1,126.9274,37.6002,1058.969,POINT (126.9274 37.6002),8735757178,3811678362,11.20363638320314,31.81651513854339,PASS
od_801,불광,6호선,126.92939,37.610873,mobility_facility,탑클래스공인중개사사무소,서울특별시 은평구 연서로20길 3,126.9182,37.6143,1058.681,POINT (126.9182 37.6143),5930698997,10678122518,11.603222454866666,21.961169205915787,PASS
od_881,불광,6호선,126.92939,37.610873,mobility_facility,28.  구산역  1번출구,서울특별시 은평구 연서로18길 3-6,126.9175,37.6121,1058.61,POINT (126.9175 37.6121),5930698997,3819769031,11.603222454866666,29.94565811089962,PASS
od_309,연신내,6호선,126.920625,37.618636,pedestrian_support_point,맨홀,서울특별시 은평구 불광로13가길 4,126.9326,37.6191,1058.468,POINT (126.9326 37.6191),11230505686,3819769960,20.028299588559467,3.915493676482434,PASS
od_307,연신내,6호선,126.920625,37.618636,pedestrian_support_point,맨홀,서울특별시 은평구 불광동  221-70,126.9326,37.619,1057.987,POINT (126.9326 37.619),11230505686,3819769960,20.028299588559467,7.206216538360745,PASS
od_374,연신내,6호선,126.920625,37.618636,pedestrian_support_point,연신초등학교,서울특별시 은평구 연서로 341,126.9288,37.6256,1057.483,POINT (126.9288 37.6256),11230505686,3823588576,20.028299588559467,16.146497733596537,PASS
od_2374,불광,3호선,126.92982,37.610553,pedestrian_support_point,빗물받이,서울특별시 은평구 불광동  217-1,126.9321,37.6199,1056.766,POINT (126.9321 37.6199),5930698997,3279011105,50.209801741355435,31.453132676484874,PASS
od_2506,불광,3호선,126.92982,37.610553,pedestrian_support_point,맨홀,서울특별시 은평구 응암동  84-14,126.927,37.6013,1056.739,POINT (126.927 37.6013),5930698997,414686099,50.209801741355435,24.124652107527332,PASS
od_1353,응암,6호선,126.915577,37.598605,mobility_facility,행복한공인중개사사무소,서울특별시 은평구 증산로15길 40,126.9093,37.5905,1056.654,POINT (126.9093 37.5905),8735757178,3822999649,11.20363638320314,15.445024815126123,PASS
od_951,불광,6호선,126.92939,37.610873,mobility_facility,홈즈공인중개사사무소,서울특별시 은평구 진흥로7가길 2,126.9204,37.6046,1055.871,POINT (126.9204 37.6046),5930698997,4583516173,11.603222454866666,19.366225256234117,PASS
od_1289,응암,6호선,126.915577,37.598605,mobility_facility,미래공인중개사사무소,서울특별시 은평구 백련산로2길 19,126.9243,37.5921,1055.795,POINT (126.9243 37.5921),8735757178,7443851042,11.20363638320314,52.35215273343727,PASS
od_1223,불광,6호선,126.92939,37.610873,pedestrian_support_point,은평구청,서울특별시 은평구 은평로 203-2,126.9304,37.6014,1055.175,POINT (126.9304 37.6014),5930698997,3811678443,11.603222454866666,19.601674622995766,PASS
od_332,연신내,6호선,126.920625,37.618636,pedestrian_support_point,맨홀,서울특별시 은평구 구산동  195-4,126.9115,37.6125,1054.919,POINT (126.9115 37.6125),11230505686,4584639671,20.028299588559467,39.59946446088203,PASS
od_1204,불광,6호선,126.92939,37.610873,pedestrian_support_point,과속방지턱,서울특별시 은평구 연서로18길 3-28,126.9182,37.6142,1054.745,POINT (126.9182 37.6142),5930698997,3819769262,11.603222454866666,22.477100007994032,PASS
od_1468,응암,6호선,126.915577,37.598605,mobility_facility,예성공인중개사사무소,서울특별시 은평구 연서로 99,126.9151,37.6081,1054.683,POINT (126.9151 37.6081),8735757178,10789210630,11.20363638320314,12.851044509350475,PASS
od_1261,불광,6호선,126.92939,37.610873,pedestrian_support_point,빗물받이,서울특별시 은평구 은평로 203-2,126.9302,37.6014,1053.83,POINT (126.9302 37.6014),5930698997,13734265011,11.603222454866666,8.058306207733297,PASS
od_1087,불광,6호선,126.92939,37.610873,pedestrian_support_point,구산역1번출구,서울특별시 은평구 대조동  207-16,126.9175,37.6117,1053.822,POINT (126.9175 37.6117),5930698997,10678122534,11.603222454866666,14.542174499313548,PASS
od_474,독바위,6호선,126.933031,37.618456,mobility_facility,알짜공인중개사사무소,서울특별시 은평구 연서로26길 11-11,126.9212,37.6172,1053.777,POINT (126.9212 37.6172),3824954278,3819769784,2.93341759236071,19.474474223693772,PASS
od_2739,연신내,3호선,126.921038,37.619229,mobility_facility,삼성부동산공인중개사사무소,서울특별시 은평구 통일로69길 21,126.9265,37.6108,1052.505,POINT (126.9265 37.6108),13357342120,3819768724,32.16422242836125,44.41168195369329,PASS
od_718,독바위,6호선,126.933031,37.618456,pedestrian_support_point,불광역3호선.서울혁신파크,서울특별시 은평구 통일로 707,126.9311,37.6091,1052.318,POINT (126.9311 37.6091),3824954278,5273692793,2.93341759236071,12.534183725817295,PASS
od_1696,응암,6호선,126.915577,37.598605,pedestrian_support_point,맨홀,서울특별시 은평구 녹번동  81-27,126.9262,37.6029,1052.253,POINT (126.9262 37.6029),8735757178,3811078723,11.20363638320314,20.47085922994002,PASS
od_1744,응암,6호선,126.915577,37.598605,pedestrian_support_point,맨홀,서울특별시 은평구 증산로17길 36,126.909,37.5907,1052.211,POINT (126.909 37.5907),8735757178,3822999640,11.20363638320314,9.165816879575198,PASS
od_1703,응암,6호선,126.915577,37.598605,pedestrian_support_point,맨홀,서울특별시 은평구 응암동  84-14,126.927,37.6013,1052.15,POINT (126.927 37.6013),8735757178,414686099,11.20363638320314,24.124652107527332,PASS
od_2959,연신내,3호선,126.921038,37.619229,pedestrian_support_point,맨홀,서울특별시 은평구 구산동  1-19,126.9167,37.6104,1052.113,POINT (126.9167 37.6104),13357342120,3820983701,32.16422242836125,1.400723358769238,PASS
od_2539,불광,3호선,126.92982,37.610553,pedestrian_support_point,맨홀,서울특별시 은평구 은평로 221-1,126.9324,37.6013,1051.947,POINT (126.9324 37.6013),5930698997,3811155095,50.209801741355435,20.93626894018268,PASS
od_280,연신내,6호선,126.920625,37.618636,pedestrian_support_point,불광중학교,서울특별시 은평구 불광로 180,126.9315,37.6225,1051.511,POINT (126.9315 37.6225),11230505686,356265596,20.028299588559467,15.274990889093548,PASS
od_421,연신내,6호선,126.920625,37.618636,pedestrian_support_point,빗물받이,서울특별시 은평구 연서로 368,126.9287,37.6256,1051.478,POINT (126.9287 37.6256),11230505686,3823588576,20.028299588559467,22.462406808591368,PASS
od_608,독바위,6호선,126.933031,37.618456,pedestrian_support_point,장애인화장실,서울특별시 은평구 통일로 684,126.9324,37.609,1050.992,POINT (126.9324 37.609),3824954278,5281059749,2.93341759236071,38.72721591991591,PASS
od_2080,녹번,3호선,126.935756,37.600927,pedestrian_support_point,맨홀,서울특별시 은평구 통일로 712-2,126.9316,37.6098,1050.96,POINT (126.9316 37.6098),436867704,3811140115,5.477178362551235,1.0419238122199508,PASS
od_285,연신내,6호선,126.920625,37.618636,pedestrian_support_point,불광중학교,서울특별시 은평구 불광로 176,126.9316,37.6223,1050.79,POINT (126.9316 37.6223),11230505686,356265595,20.028299588559467,15.861003082433177,PASS
od_1542,응암,6호선,126.915577,37.598605,mobility_facility,역촌역,서울특별시 은평구 서오릉로 63,126.923,37.606,1050.388,POINT (126.923 37.606),8735757178,8460926747,11.20363638320314,11.080562328111156,PASS
od_1818,응암,6호선,126.915577,37.598605,pedestrian_support_point,역촌역,서울특별시 은평구 서오릉로 63,126.923,37.606,1050.388,POINT (126.923 37.606),8735757178,8460926747,11.20363638320314,11.080562328111156,PASS
od_1617,응암,6호선,126.915577,37.598605,pedestrian_support_point,장애인화장실,서울특별시 은평구 서오릉로 63,126.923,37.606,1050.388,POINT (126.923 37.606),8735757178,8460926747,11.20363638320314,11.080562328111156,PASS
od_1747,응암,6호선,126.915577,37.598605,pedestrian_support_point,맨홀,서울특별시 은평구 녹번동  81-27,126.9263,37.6027,1050.34,POINT (126.9263 37.6027),8735757178,3811078723,11.20363638320314,27.863610902421552,PASS
od_1699,응암,6호선,126.915577,37.598605,pedestrian_support_point,맨홀,서울특별시 은평구 응암동  84-14,126.9269,37.6015,1050.262,POINT (126.9269 37.6015),8735757178,414686099,11.20363638320314,21.795148384476978,PASS
od_1831,응암,6호선,126.915577,37.598605,pedestrian_support_point,빗물받이,서울특별시 은평구 응암동  84-14,126.9269,37.6015,1050.262,POINT (126.9269 37.6015),8735757178,414686099,11.20363638320314,21.795148384476978,PASS
od_2098,녹번,3호선,126.935756,37.600927,pedestrian_support_point,맨홀,서울특별시 은평구 통일로 712-2,126.9313,37.6097,1050.202,POINT (126.9313 37.6097),436867704,457819074,5.477178362551235,4.035355784647507,PASS
od_2801,연신내,3호선,126.921038,37.619229,mobility_facility,주)우시장정육식당은평,서울특별시 은평구 서오릉로 110,126.9201,37.6098,1049.789,POINT (126.9201 37.6098),13357342120,3819768642,32.16422242836125,33.44673292745976,PASS
od_384,연신내,6호선,126.920625,37.618636,pedestrian_support_point,수리초등학교입구,서울특별시 은평구 불광로13가길 4,126.9325,37.6191,1049.65,POINT (126.9325 37.6191),11230505686,3824954348,20.028299588559467,7.218873541802049,PASS
od_2585,불광,3호선,126.92982,37.610553,pedestrian_support_point,과속방지턱,서울특별시 은평구 연서로24길 19-1,126.9188,37.6141,1049.613,POINT (126.9188 37.6141),5930698997,3819769255,50.209801741355435,14.561320261302315,PASS
od_586,독바위,6호선,126.933031,37.618456,pedestrian_support_point,빗물받이,서울특별시 은평구 불광동  285-56,126.9313,37.6091,1049.602,POINT (126.9313 37.6091),3824954278,5273692793,2.93341759236071,5.348711882873894,PASS
od_1420,응암,6호선,126.915577,37.598605,mobility_facility,올리비아로렌,서울특별시 은평구 응암로 193,126.9168,37.5892,1049.423,POINT (126.9168 37.5892),8735757178,4583239048,11.20363638320314,31.26049057829118,PASS
od_355,연신내,6호선,126.920625,37.618636,pedestrian_support_point,맨홀,서울특별시 은평구 연서로 368,126.9288,37.6255,1049.399,POINT (126.9288 37.6255),11230505686,3823588576,20.028299588559467,9.646189324036696,PASS
od_2226,불광,3호선,126.92982,37.610553,mobility_facility,CU은평여왕점,서울특별시 은평구 은평로 200,126.9297,37.6011,1049.233,POINT (126.9297 37.6011),5930698997,3811678452,50.209801741355435,29.97351748067364,PASS
od_174,연신내,6호선,126.920625,37.618636,mobility_facility,부경공인중개사사무소,서울특별시 은평구 서오릉로 211,126.9102,37.6141,1049.096,POINT (126.9102 37.6141),11230505686,5070008488,20.028299588559467,21.09659401631334,PASS
od_838,불광,6호선,126.92939,37.610873,mobility_facility,뽕잎사랑,서울특별시 은평구 은평로 205-1,126.9309,37.6015,1048.81,POINT (126.9309 37.6015),5930698997,3811678439,11.603222454866666,29.72453475953012,PASS
od_151,연신내,6호선,126.920625,37.618636,mobility_facility,제일공인중개사사무소,서울특별시 은평구 불광로 137,126.9325,37.6189,1048.797,POINT (126.9325 37.6189),11230505686,5281044431,20.028299588559467,17.843670884316055,PASS
od_676,독바위,6호선,126.933031,37.618456,pedestrian_support_point,맨홀,서울특별시 은평구 통일로 850-2,126.9212,37.6193,1048.693,POINT (126.9212 37.6193),3824954278,13357342120,2.93341759236071,42.30379409853133,PASS
od_2836,연신내,3호선,126.921038,37.619229,pedestrian_support_point,빗물받이,서울특별시 은평구 구산동  195-4,126.9116,37.6135,1048.161,POINT (126.9116 37.6135),13357342120,414687711,32.16422242836125,25.05260580011397,PASS
od_780,불광,6호선,126.92939,37.610873,mobility_facility,조은공인중개사,서울특별시 은평구 연서로 158,126.9178,37.6129,1047.759,POINT (126.9178 37.6129),5930698997,10678122524,11.603222454866666,38.809650348411346,PASS
od_872,불광,6호선,126.92939,37.610873,mobility_facility,조은공인중개사사무소,서울특별시 은평구 연서로 158,126.9178,37.6129,1047.759,POINT (126.9178 37.6129),5930698997,10678122524,11.603222454866666,38.809650348411346,PASS
od_226,연신내,6호선,126.920625,37.618636,pedestrian_support_point,장애인화장실,서울특별시 은평구 연서로 117,126.9153,37.6102,1047.714,POINT (126.9153 37.6102),11230505686,7060279945,20.028299588559467,64.29914866054128,PASS
od_227,연신내,6호선,126.920625,37.618636,pedestrian_support_point,장애인화장실,서울특별시 은평구 연서로 117,126.9153,37.6102,1047.714,POINT (126.9153 37.6102),11230505686,7060279945,20.028299588559467,64.29914866054128,PASS
od_228,연신내,6호선,126.920625,37.618636,pedestrian_support_point,장애인화장실,서울특별시 은평구 연서로 117,126.9153,37.6102,1047.714,POINT (126.9153 37.6102),11230505686,7060279945,20.028299588559467,64.29914866054128,PASS
od_229,연신내,6호선,126.920625,37.618636,pedestrian_support_point,장애인화장실,서울특별시 은평구 연서로 117,126.9153,37.6102,1047.714,POINT (126.9153 37.6102),11230505686,7060279945,20.028299588559467,64.29914866054128,PASS
od_1382,응암,6호선,126.915577,37.598605,mobility_facility,32. 은평세무소 / 은평구청,서울특별시 은평구 녹번동  81-27,126.9262,37.6028,1047.272,POINT (126.9262 37.6028),8735757178,3811078723,11.20363638320314,16.919319703537244,PASS
od_1801,응암,6호선,126.915577,37.598605,pedestrian_support_point,녹번초등학교.은평세무서,서울특별시 은평구 녹번동  81-27,126.9262,37.6028,1047.272,POINT (126.9262 37.6028),8735757178,3811078723,11.20363638320314,16.919319703537244,PASS
od_566,독바위,6호선,126.933031,37.618456,mobility_facility,연신내역,서울특별시 은평구 통일로 849,126.9212,37.619,1046.247,POINT (126.9212 37.619),3824954278,13357342120,2.93341759236071,15.17301369129215,PASS
od_732,독바위,6호선,126.933031,37.618456,pedestrian_support_point,연신내역,서울특별시 은평구 통일로 849,126.9212,37.619,1046.247,POINT (126.9212 37.619),3824954278,13357342120,2.93341759236071,15.17301369129215,PASS
od_619,독바위,6호선,126.933031,37.618456,pedestrian_support_point,장애인화장실,서울특별시 은평구 통일로 849,126.9212,37.619,1046.247,POINT (126.9212 37.619),3824954278,13357342120,2.93341759236071,15.17301369129215,PASS
od_620,독바위,6호선,126.933031,37.618456,pedestrian_support_point,장애인화장실,서울특별시 은평구 통일로 849,126.9212,37.619,1046.247,POINT (126.9212 37.619),3824954278,13357342120,2.93341759236071,15.17301369129215,PASS
od_1569,응암,6호선,126.915577,37.598605,pedestrian_support_point,빗물받이,서울특별시 은평구 응암동  84-14,126.927,37.6011,1046.057,POINT (126.927 37.6011),8735757178,414686099,11.20363638320314,44.53231465865645,PASS
od_466,독바위,6호선,126.933031,37.618456,mobility_facility,태양공인중개사사무소,서울특별시 은평구 연서로26길 21,126.9215,37.6163,1045.781,POINT (126.9215 37.6163),3824954278,3819769663,2.93341759236071,22.581820820845692,PASS
od_2771,연신내,3호선,126.921038,37.619229,mobility_facility,비타민공인중개사사무소,서울특별시 은평구 통일로69길 19,126.9268,37.611,1045.454,POINT (126.9268 37.611),13357342120,3819768830,32.16422242836125,21.426583627761886,PASS
od_2769,연신내,3호선,126.921038,37.619229,mobility_facility,행운공인중개사사무소,서울특별시 은평구 통일로69길 19,126.9268,37.611,1045.454,POINT (126.9268 37.611),13357342120,3819768830,32.16422242836125,21.426583627761886,PASS
od_885,불광,6호선,126.92939,37.610873,mobility_facility,동화공인중개사사무소,서울특별시 은평구 서오릉로 3,126.9267,37.6017,1045.444,POINT (126.9267 37.6017),5930698997,414686099,11.603222454866666,46.128913076461544,PASS
od_1712,응암,6호선,126.915577,37.598605,pedestrian_support_point,맨홀,서울특별시 은평구 녹번동  80-37,126.9246,37.6047,1045.218,POINT (126.9246 37.6047),8735757178,3811092381,11.20363638320314,21.47759564566126,PASS
od_1411,응암,6호선,126.915577,37.598605,mobility_facility,병천순대국왕족발,서울특별시 은평구 연서로9길 28,126.9121,37.6076,1044.493,POINT (126.9121 37.6076),8735757178,3820983950,11.20363638320314,11.026737266684826,PASS
od_1789,응암,6호선,126.915577,37.598605,pedestrian_support_point,과속방지턱,서울특별시 은평구 갈현로11길 29,126.9069,37.605,1044.453,POINT (126.9069 37.605),8735757178,3823349145,11.20363638320314,29.093388335736105,PASS
od_1754,응암,6호선,126.915577,37.598605,pedestrian_support_point,맨홀,서울특별시 은평구 서오릉로 63,126.9232,37.6058,1044.431,POINT (126.9232 37.6058),8735757178,10678122647,11.20363638320314,11.735277797274414,PASS
od_627,독바위,6호선,126.933031,37.618456,pedestrian_support_point,지하철환기구,서울특별시 은평구 통일로 707,126.9309,37.6092,1044.403,POINT (126.9309 37.6092),3824954278,11228574127,2.93341759236071,8.619960598903031,PASS
od_1730,응암,6호선,126.915577,37.598605,pedestrian_support_point,맨홀,서울특별시 은평구 서오릉로 28,126.9256,37.6036,1044.384,POINT (126.9256 37.6036),8735757178,3811092372,11.20363638320314,20.904771102248663,PASS
od_166,연신내,6호선,126.920625,37.618636,mobility_facility,불광2동주민센터,서울특별시 은평구 연서로41길 18,126.9273,37.6264,1043.939,POINT (126.9273 37.6264),11230505686,3823588803,20.028299588559467,33.51252196304888,PASS
od_396,연신내,6호선,126.920625,37.618636,pedestrian_support_point,불광2동주민센터,서울특별시 은평구 연서로41길 18,126.9273,37.6264,1043.939,POINT (126.9273 37.6264),11230505686,3823588803,20.028299588559467,33.51252196304888,PASS
od_217,연신내,6호선,126.920625,37.618636,pedestrian_support_point,장애인화장실,서울특별시 은평구 연서로41길 18,126.9273,37.6264,1043.939,POINT (126.9273 37.6264),11230505686,3823588803,20.028299588559467,33.51252196304888,PASS
od_1698,응암,6호선,126.915577,37.598605,pedestrian_support_point,맨홀,서울특별시 은평구 응암동  84-14,126.927,37.601,1043.174,POINT (126.927 37.601),8735757178,436845034,11.20363638320314,39.40716970259281,PASS
od_1547,응암,6호선,126.915577,37.598605,pedestrian_support_point,빗물받이,서울특별시 은평구 증산로17길 36,126.909,37.5908,1042.974,POINT (126.909 37.5908),8735757178,3822999640,11.20363638320314,19.67075662836034,PASS
od_1734,응암,6호선,126.915577,37.598605,pedestrian_support_point,맨홀,서울특별시 은평구 녹번동  81-27,126.9255,37.6037,1042.886,POINT (126.9255 37.6037),8735757178,2309932419,11.20363638320314,20.068753482489978,PASS
od_2816,연신내,3호선,126.921038,37.619229,mobility_facility,독바위역,서울특별시 은평구 불광로 129-1,126.9328,37.6184,1042.479,POINT (126.9328 37.6184),13357342120,3819769881,32.16422242836125,14.395088608804356,PASS
od_3029,연신내,3호선,126.921038,37.619229,pedestrian_support_point,독바위역,서울특별시 은평구 불광로 129-1,126.9328,37.6184,1042.479,POINT (126.9328 37.6184),13357342120,3819769881,32.16422242836125,14.395088608804356,PASS
od_2865,연신내,3호선,126.921038,37.619229,pedestrian_support_point,장애인화장실,서울특별시 은평구 불광로 129-1,126.9328,37.6184,1042.479,POINT (126.9328 37.6184),13357342120,3819769881,32.16422242836125,14.395088608804356,PASS
od_1764,응암,6호선,126.915577,37.598605,pedestrian_support_point,맨홀,서울특별시 은평구 녹번동  81-27,126.9258,37.6033,1042.356,POINT (126.9258 37.6033),8735757178,3811092363,11.20363638320314,25.072509036697348,PASS
od_1197,불광,6호선,126.92939,37.610873,pedestrian_support_point,맨홀,서울특별시 은평구 은평로 203-4,126.9301,37.6015,1042.188,POINT (126.9301 37.6015),5930698997,3811155098,11.603222454866666,3.916799425406456,PASS
od_187,연신내,6호선,126.920625,37.618636,pedestrian_support_point,빗물받이,서울특별시 은평구 불광동  220-5,126.9324,37.6193,1042.165,POINT (126.9324 37.6193),11230505686,3824954348,20.028299588559467,18.423660599906775,PASS
od_2198,불광,3호선,126.92982,37.610553,mobility_facility,은평공인중개사사무소,서울특별시 은평구 연서로18길 6,126.9182,37.6122,1042.134,POINT (126.9182 37.6122),5930698997,4580503144,50.209801741355435,11.527105810340908,PASS
od_194,연신내,6호선,126.920625,37.618636,pedestrian_support_point,빗물받이,서울특별시 은평구 불광동  90-8,126.9284,37.6257,1042.031,POINT (126.9284 37.6257),11230505686,3823588661,20.028299588559467,37.440100324683726,PASS
od_792,불광,6호선,126.92939,37.610873,mobility_facility,역촌리더스공인중개사사무소,서울특별시 은평구 역말로 79,126.9187,37.6069,1041.817,POINT (126.9187 37.6069),5930698997,10789220051,11.603222454866666,25.00741557273473,PASS
od_2564,불광,3호선,126.92982,37.610553,pedestrian_support_point,맨홀,서울특별시 은평구 은평로 215,126.9318,37.6013,1041.758,POINT (126.9318 37.6013),5930698997,2309932437,50.209801741355435,12.500414507836101,PASS
od_1645,응암,6호선,126.915577,37.598605,pedestrian_support_point,역촌,서울특별시 은평구 서오릉로 63,126.923,37.6059,1041.739,POINT (126.923 37.6059),8735757178,8460926747,11.20363638320314,17.73207227050489,PASS
od_2248,불광,3호선,126.92982,37.610553,mobility_facility,라브리지헤어살롱,서울특별시 은평구 서오릉로 134-30,126.9181,37.6116,1041.314,POINT (126.9181 37.6116),5930698997,3819768900,50.209801741355435,21.00248417183239,PASS
od_1011,불광,6호선,126.92939,37.610873,pedestrian_support_point,장애인화장실,서울특별시 은평구 서오릉로 7,126.9264,37.6018,1041.039,POINT (126.9264 37.6018),5930698997,3811078695,11.603222454866666,35.87951395878234,PASS
od_1044,불광,6호선,126.92939,37.610873,pedestrian_support_point,장애인화장실,서울특별시 은평구 서오릉로 137,126.9176,37.6108,1041.025,POINT (126.9176 37.6108),5930698997,10678122540,11.603222454866666,15.033987745238399,PASS
od_322,연신내,6호선,126.920625,37.618636,pedestrian_support_point,맨홀,서울특별시 은평구 구산동  195-4,126.9115,37.6127,1040.726,POINT (126.9115 37.6127),11230505686,3820983732,20.028299588559467,52.48575148845912,PASS
od_1456,응암,6호선,126.915577,37.598605,mobility_facility,동화공인중개사사무소,서울특별시 은평구 서오릉로 3,126.9267,37.6017,1040.576,POINT (126.9267 37.6017),8735757178,414686099,11.20363638320314,46.128913076461544,PASS
od_642,독바위,6호선,126.933031,37.618456,pedestrian_support_point,불광역.불광1동주민센터,서울특별시 은평구 통일로 684,126.9323,37.6091,1040.419,POINT (126.9323 37.6091),3824954278,5281059749,2.93341759236071,26.60907685078538,PASS
od_1563,응암,6호선,126.915577,37.598605,pedestrian_support_point,빗물받이,서울특별시 은평구 응암동  84-14,126.927,37.6009,1040.402,POINT (126.927 37.6009),8735757178,436845034,11.20363638320314,28.3268281535212,PASS
od_795,불광,6호선,126.92939,37.610873,mobility_facility,퍼펙트공인중개사사무소,서울특별시 은평구 연서로32길 13,126.9245,37.6194,1040.23,POINT (126.9245 37.6194),5930698997,3819770000,11.603222454866666,13.171676671893842,PASS
od_2112,녹번,3호선,126.935756,37.600927,pedestrian_support_point,과속방지턱,서울특별시 은평구 불광동  281-231,126.931,37.6095,1040.066,POINT (126.931 37.6095),436867704,11228574128,5.477178362551235,8.269542740970463,PASS
od_186,연신내,6호선,126.920625,37.618636,pedestrian_support_point,빗물받이,서울특별시 은평구 불광동  90-8,126.9285,37.6256,1039.589,POINT (126.9285 37.6256),11230505686,3823588425,20.028299588559467,37.07448545408641,PASS
od_1695,응암,6호선,126.915577,37.598605,pedestrian_support_point,맨홀,서울특별시 은평구 녹번동  81-27,126.9252,37.604,1039.543,POINT (126.9252 37.604),8735757178,2309932457,11.20363638320314,37.249480549346885,PASS
od_2474,불광,3호선,126.92982,37.610553,pedestrian_support_point,은평구청,서울특별시 은평구 응암동  75-2,126.9304,37.6012,1039.343,POINT (126.9304 37.6012),5930698997,3811678443,50.209801741355435,14.96610055280692,PASS
od_1726,응암,6호선,126.915577,37.598605,pedestrian_support_point,맨홀,서울특별시 은평구 녹번동  80-37,126.9244,37.6048,1039.129,POINT (126.9244 37.6048),8735757178,3811078752,11.20363638320314,9.482015257929659,PASS
od_2421,불광,3호선,126.92982,37.610553,pedestrian_support_point,장애인화장실,서울특별시 은평구 은평로 194,126.9293,37.6012,1039.096,POINT (126.9293 37.6012),5930698997,3811678425,50.209801741355435,21.73477068894396,PASS
od_703,독바위,6호선,126.933031,37.618456,pedestrian_support_point,맨홀,서울특별시 은평구 통일로 850-2,126.9213,37.6192,1038.96,POINT (126.9213 37.6192),3824954278,13357342120,2.93341759236071,36.60546623593415,PASS
od_181,연신내,6호선,126.920625,37.618636,pedestrian_support_point,빗물받이,서울특별시 은평구 불광동  90-8,126.9282,37.6258,1038.955,POINT (126.9282 37.6258),11230505686,3823588661,20.028299588559467,16.64976846622106,PASS
od_207,연신내,6호선,126.920625,37.618636,pedestrian_support_point,빗물받이,서울특별시 은평구 연서로41길 6,126.9282,37.6258,1038.955,POINT (126.9282 37.6258),11230505686,3823588661,20.028299588559467,16.64976846622106,PASS
od_1158,불광,6호선,126.92939,37.610873,pedestrian_support_point,맨홀,서울특별시 은평구 불광동  220-5,126.932,37.62,1038.878,POINT (126.932 37.62),5930698997,3819770032,11.603222454866666,38.346861676704705,PASS
od_686,독바위,6호선,126.933031,37.618456,pedestrian_support_point,맨홀,서울특별시 은평구 통일로 716-2,126.9313,37.6092,1038.622,POINT (126.9313 37.6092),3824954278,11178032842,2.93341759236071,5.903164963173508,PASS
od_702,독바위,6호선,126.933031,37.618456,pedestrian_support_point,맨홀,서울특별시 은평구 통일로 716-2,126.9313,37.6092,1038.622,POINT (126.9313 37.6092),3824954278,11178032842,2.93341759236071,5.903164963173508,PASS
od_3014,연신내,3호선,126.921038,37.619229,pedestrian_support_point,구산역3번출구.예일여고,서울특별시 은평구 구산동  1-19,126.9168,37.6105,1038.57,POINT (126.9168 37.6105),13357342120,3820983701,32.16422242836125,13.556524690766485,PASS
od_2432,불광,3호선,126.92982,37.610553,pedestrian_support_point,장애인화장실,서울특별시 은평구 은평로 171,126.9264,37.6016,1038.56,POINT (126.9264 37.6016),5930698997,3811327176,50.209801741355435,34.892861819003286,PASS
od_2670,연신내,3호선,126.921038,37.619229,mobility_facility,효제메디컬약국,서울특별시 은평구 서오릉로 204,126.9112,37.6141,1038.501,POINT (126.9112 37.6141),13357342120,3823585010,32.16422242836125,47.61567472859137,PASS
od_1725,응암,6호선,126.915577,37.598605,pedestrian_support_point,맨홀,서울특별시 은평구 녹번동  81-27,126.9249,37.6043,1037.935,POINT (126.9249 37.6043),8735757178,3811092376,11.20363638320314,15.051133573808523,PASS
od_1728,응암,6호선,126.915577,37.598605,pedestrian_support_point,맨홀,서울특별시 은평구 녹번동  81-29,126.9249,37.6043,1037.935,POINT (126.9249 37.6043),8735757178,3811092376,11.20363638320314,15.051133573808523,PASS
od_1631,응암,6호선,126.915577,37.598605,pedestrian_support_point,장애인화장실,서울특별시 은평구 증산로 371,126.9129,37.5895,1037.84,POINT (126.9129 37.5895),8735757178,3822999808,11.20363638320314,16.24575162206523,PASS
od_2500,불광,3호선,126.92982,37.610553,pedestrian_support_point,맨홀,서울특별시 은평구 응암동  84-14,126.9269,37.6015,1037.339,POINT (126.9269 37.6015),5930698997,414686099,50.209801741355435,21.795148384476978,PASS
od_2623,불광,3호선,126.92982,37.610553,pedestrian_support_point,빗물받이,서울특별시 은평구 응암동  84-14,126.9269,37.6015,1037.339,POINT (126.9269 37.6015),5930698997,414686099,50.209801741355435,21.795148384476978,PASS
od_1706,응암,6호선,126.915577,37.598605,pedestrian_support_point,맨홀,서울특별시 은평구 서오릉로 63,126.9235,37.6055,1036.887,POINT (126.9235 37.6055),8735757178,3811092420,11.20363638320314,7.23094868995835,PASS
od_949,불광,6호선,126.92939,37.610873,mobility_facility,구립불광노인복지관,서울특별시 은평구 연서로32길 17-11,126.9249,37.6195,1036.322,POINT (126.9249 37.6195),5930698997,3819769993,11.603222454866666,15.497655681518276,PASS
od_178,연신내,6호선,126.920625,37.618636,pedestrian_support_point,빗물받이,서울특별시 은평구 연서로 347,126.928,37.6259,1036.291,POINT (126.928 37.6259),11230505686,3823588661,20.028299588559467,4.520643736324227,PASS
od_426,연신내,6호선,126.920625,37.618636,pedestrian_support_point,빗물받이,서울특별시 은평구 불광동  73-8,126.928,37.6259,1036.291,POINT (126.928 37.6259),11230505686,3823588661,20.028299588559467,4.520643736324227,PASS
od_1364,응암,6호선,126.915577,37.598605,mobility_facility,기쁨공인중개사사무소,서울특별시 은평구 갈현로7길 36,126.9068,37.6048,1036.087,POINT (126.9068 37.6048),8735757178,4584772667,11.20363638320314,14.87154223196745,PASS
od_298,연신내,6호선,126.920625,37.618636,pedestrian_support_point,북한산수자인아파트,"서울특별시 은평구 불광로 170, 101동 (불광동, 북한산 한양 수자인 아파트)",126.9317,37.6217,1035.193,POINT (126.9317 37.6217),11230505686,10682009302,20.028299588559467,28.51393090162671,PASS
od_176,연신내,6호선,126.920625,37.618636,pedestrian_support_point,빗물받이,서울특별시 은평구 불광동  213,126.9323,37.6195,1035.177,POINT (126.9323 37.6195),11230505686,3279011105,20.028299588559467,16.40400771780058,PASS
od_693,독바위,6호선,126.933031,37.618456,pedestrian_support_point,맨홀,서울특별시 은평구 통일로 707,126.9308,37.6093,1035.132,POINT (126.9308 37.6093),3824954278,10678122712,2.93341759236071,6.645330283278782,PASS
od_2765,연신내,3호선,126.921038,37.619229,mobility_facility,성신부동산중개인사무소,서울특별시 은평구 통일로69길 15,126.927,37.6112,1034.986,POINT (126.927 37.6112),13357342120,3819768830,32.16422242836125,7.327967965410851,PASS
od_1752,응암,6호선,126.915577,37.598605,pedestrian_support_point,맨홀,서울특별시 은평구 서오릉로 63,126.9236,37.6054,1034.749,POINT (126.9236 37.6054),8735757178,3811092420,11.20363638320314,14.867519445607602,PASS
od_2983,연신내,3호선,126.921038,37.619229,pedestrian_support_point,맨홀,서울특별시 은평구 서오릉로 211-2,126.9117,37.6136,1034.415,POINT (126.9117 37.6136),13357342120,414687711,32.16422242836125,14.98458238409276,PASS
od_509,독바위,6호선,126.933031,37.618456,mobility_facility,프리롤,서울특별시 은평구 진흥로 201,126.9317,37.6092,1034.016,POINT (126.9317 37.6092),3824954278,11204976893,2.93341759236071,18.599495085750153,PASS
od_842,불광,6호선,126.92939,37.610873,mobility_facility,할머니추어탕,서울특별시 은평구 응암로 361,126.9224,37.6034,1033.871,POINT (126.9224 37.6034),5930698997,3811078738,11.603222454866666,32.51109571530584,PASS
od_2893,연신내,3호선,126.921038,37.619229,pedestrian_support_point,독바위,서울특별시 은평구 불광동  13-47,126.9327,37.6184,1033.685,POINT (126.9327 37.6184),13357342120,3819769881,32.16422242836125,14.893044797825032,PASS
od_317,연신내,6호선,126.920625,37.618636,pedestrian_support_point,맨홀,서울특별시 은평구 불광동  220-5,126.9323,37.6193,1033.359,POINT (126.9323 37.6193),11230505686,3824954348,20.028299588559467,24.50284088747767,PASS
od_2913,연신내,3호선,126.921038,37.619229,pedestrian_support_point,연신초등학교,서울특별시 은평구 불광로 208,126.9292,37.6259,1033.149,POINT (126.9292 37.6259),13357342120,436862220,32.16422242836125,44.406879159265564,PASS
od_1271,불광,6호선,126.92939,37.610873,pedestrian_support_point,구산전철역,서울특별시 은평구 서오릉로 135,126.9177,37.6108,1032.196,POINT (126.9177 37.6108),5930698997,3819768784,11.603222454866666,14.288896569710253,PASS
od_947,불광,6호선,126.92939,37.610873,mobility_facility,고은헤어,서울특별시 은평구 은평로21길 19-6,126.9319,37.6018,1031.105,POINT (126.9319 37.6018),5930698997,4580560141,11.603222454866666,22.030944976524957,PASS
od_297,연신내,6호선,126.920625,37.618636,pedestrian_support_point,불광중학교,서울특별시 은평구 불광로 180,126.931,37.6229,1030.976,POINT (126.931 37.6229),11230505686,3823587658,20.028299588559467,29.871010508967732,PASS
od_1683,응암,6호선,126.915577,37.598605,pedestrian_support_point,역촌역,서울특별시 은평구 서오릉로 63,126.9234,37.6055,1030.949,POINT (126.9234 37.6055),8735757178,3811092420,11.20363638320314,15.524672982041224,PASS
od_310,연신내,6호선,126.920625,37.618636,pedestrian_support_point,맨홀,서울특별시 은평구 불광동  177-21,126.9313,37.6224,1030.867,POINT (126.9313 37.6224),11230505686,436862401,20.028299588559467,9.279701740256037,PASS
od_1141,불광,6호선,126.92939,37.610873,pedestrian_support_point,맨홀,서울특별시 은평구 응암동  84-14,126.9269,37.6018,1030.727,POINT (126.9269 37.6018),5930698997,414686099,11.603222454866666,41.37279955225247,PASS
od_820,불광,6호선,126.92939,37.610873,mobility_facility,08.  은평구청,서울특별시 은평구 응암동  82-31,126.9288,37.6016,1030.52,POINT (126.9288 37.6016),5930698997,3811678459,11.603222454866666,12.492527901166447,PASS
od_637,독바위,6호선,126.933031,37.618456,pedestrian_support_point,지하철환기구,서울특별시 은평구 통일로 716-2,126.9311,37.6093,1030.42,POINT (126.9311 37.6093),3824954278,11228574127,2.93341759236071,19.32201926641998,PASS
od_1620,응암,6호선,126.915577,37.598605,pedestrian_support_point,장애인화장실,서울특별시 은평구 서오릉로 47,126.9231,37.6057,1030.254,POINT (126.9231 37.6057),8735757178,10678122647,11.20363638320314,25.45355064426953,PASS
od_986,불광,6호선,126.92939,37.610873,pedestrian_support_point,빗물받이,서울특별시 은평구 불광동  217-1,126.9321,37.6199,1030.073,POINT (126.9321 37.6199),5930698997,3279011105,11.603222454866666,31.453132676484874,PASS
od_48,연신내,6호선,126.920625,37.618636,mobility_facility,은평공인중개사사무소,서울특별시 은평구 통일로69길 27,126.926,37.6104,1029.951,POINT (126.926 37.6104),11230505686,3819768724,20.028299588559467,23.65546745461619,PASS
od_106,연신내,6호선,126.920625,37.618636,mobility_facility,은평공인중개사사무소,서울특별시 은평구 통일로69길 27,126.926,37.6104,1029.951,POINT (126.926 37.6104),11230505686,3819768724,20.028299588559467,23.65546745461619,PASS
od_413,연신내,6호선,126.920625,37.618636,pedestrian_support_point,불광제2동주민센터,서울특별시 은평구 연서로41길 18,126.9272,37.6263,1029.795,POINT (126.9272 37.6263),11230505686,3823588713,20.028299588559467,28.546508306155513,PASS
od_2233,불광,3호선,126.92982,37.610553,mobility_facility,할머니추어탕,서울특별시 은평구 응암로 361,126.9224,37.6034,1029.343,POINT (126.9224 37.6034),5930698997,3811078738,50.209801741355435,32.51109571530584,PASS
od_3023,연신내,3호선,126.921038,37.619229,pedestrian_support_point,쉘터형 택시 승차대,서울특별시 은평구 역촌동  1-57,126.9171,37.6105,1029.324,POINT (126.9171 37.6105),13357342120,10789220081,32.16422242836125,11.985254278910759,PASS
od_1534,응암,6호선,126.915577,37.598605,mobility_facility,응암1동 주민센터,서울특별시 은평구 백련산로 179,126.9269,37.6008,1029.16,POINT (126.9269 37.6008),8735757178,436845034,11.20363638320314,20.64349914493834,PASS
od_2086,녹번,3호선,126.935756,37.600927,pedestrian_support_point,맨홀,서울특별시 은평구 녹번동  81-27,126.9249,37.6043,1029.138,POINT (126.9249 37.6043),436867704,3811092376,5.477178362551235,15.051133573808523,PASS
od_2088,녹번,3호선,126.935756,37.600927,pedestrian_support_point,맨홀,서울특별시 은평구 녹번동  81-29,126.9249,37.6043,1029.138,POINT (126.9249 37.6043),436867704,3811092376,5.477178362551235,15.051133573808523,PASS
od_2696,연신내,3호선,126.921038,37.619229,mobility_facility,신일공인중개사사무소,서울특별시 은평구 갈현로45길 26-1,126.9163,37.6277,1029.033,POINT (126.9163 37.6277),13357342120,13198663365,32.16422242836125,12.36500621027909,PASS
od_1869,응암,6호선,126.915577,37.598605,pedestrian_support_point,빗물받이,서울특별시 은평구 증산로17길 36,126.9091,37.5909,1028.838,POINT (126.9091 37.5909),8735757178,3822999200,11.20363638320314,14.974040427355753,PASS
od_1652,응암,6호선,126.915577,37.598605,pedestrian_support_point,지하철환기구,서울특별시 은평구 서오릉로 63,126.9235,37.6054,1028.723,POINT (126.9235 37.6054),8735757178,3811092420,11.20363638320314,15.955167925592756,PASS
od_1653,응암,6호선,126.915577,37.598605,pedestrian_support_point,지하철환기구,서울특별시 은평구 서오릉로 63,126.9235,37.6054,1028.723,POINT (126.9235 37.6054),8735757178,3811092420,11.20363638320314,15.955167925592756,PASS
od_2181,불광,3호선,126.92982,37.610553,mobility_facility,행복공인중개사사무소,서울특별시 은평구 연서로26길 15,126.9211,37.6167,1028.695,POINT (126.9211 37.6167),5930698997,3819769679,50.209801741355435,16.91215748736814,PASS
od_205,연신내,6호선,126.920625,37.618636,pedestrian_support_point,빗물받이,서울특별시 은평구 연서로 347,126.9277,37.626,1028.656,POINT (126.9277 37.626),11230505686,3823588710,20.028299588559467,7.768118519763533,PASS
od_1670,응암,6호선,126.915577,37.598605,pedestrian_support_point,응암1동주민센터,서울특별시 은평구 응암동  95-1,126.927,37.6004,1028.228,POINT (126.927 37.6004),8735757178,436845034,11.20363638320314,27.552387060211984,PASS
od_449,독바위,6호선,126.933031,37.618456,mobility_facility,시티공인중개사사무소,서울특별시 은평구 역말로9길 38-2,126.9225,37.6145,1028.222,POINT (126.9225 37.6145),3824954278,353193678,2.93341759236071,8.741040886148859,PASS
od_302,연신내,6호선,126.920625,37.618636,pedestrian_support_point,맨홀,서울특별시 은평구 불광동  213,126.9322,37.6196,1027.483,POINT (126.9322 37.6196),11230505686,3279011105,20.028299588559467,4.467205163139431,PASS
od_358,연신내,6호선,126.920625,37.618636,pedestrian_support_point,맨홀,서울특별시 은평구 불광동  213,126.9322,37.6196,1027.483,POINT (126.9322 37.6196),11230505686,3279011105,20.028299588559467,4.467205163139431,PASS
od_2976,연신내,3호선,126.921038,37.619229,pedestrian_support_point,맨홀,서울특별시 은평구 서오릉로 211-2,126.9118,37.6136,1027.392,POINT (126.9118 37.6136),13357342120,414687711,32.16422242836125,20.15930840574369,PASS
od_328,연신내,6호선,126.920625,37.618636,pedestrian_support_point,맨홀,서울특별시 은평구 불광로 179-6,126.9312,37.6225,1027.386,POINT (126.9312 37.6225),11230505686,436849329,20.028299588559467,4.783892591187977,PASS
od_177,연신내,6호선,126.920625,37.618636,pedestrian_support_point,빗물받이,서울특별시 은평구 불광동  177-21,126.9312,37.6225,1027.386,POINT (126.9312 37.6225),11230505686,436849329,20.028299588559467,4.783892591187977,PASS
od_320,연신내,6호선,126.920625,37.618636,pedestrian_support_point,맨홀,서울특별시 은평구 연서로 368,126.9287,37.6253,1027.251,POINT (126.9287 37.6253),11230505686,5287443584,20.028299588559467,20.8340822832908,PASS
od_54,연신내,6호선,126.920625,37.618636,mobility_facility,허브공인중개사사무소,서울특별시 은평구 연서로 335,126.9287,37.6253,1027.251,POINT (126.9287 37.6253),11230505686,5287443584,20.028299588559467,20.8340822832908,PASS
od_2094,녹번,3호선,126.935756,37.600927,pedestrian_support_point,맨홀,서울특별시 은평구 통일로 707,126.9308,37.6093,1027.196,POINT (126.9308 37.6093),436867704,10678122712,5.477178362551235,6.645330283278782,PASS
od_749,독바위,6호선,126.933031,37.618456,pedestrian_support_point,CGV 불광,서울특별시 은평구 불광로 20,126.9286,37.6099,1027.052,POINT (126.9286 37.6099),3824954278,11984487710,2.93341759236071,34.328089997938505,PASS
od_504,독바위,6호선,126.933031,37.618456,mobility_facility,삼성부동산공인중개사사무소,서울특별시 은평구 통일로69길 21,126.9265,37.6108,1026.909,POINT (126.9265 37.6108),3824954278,3819768724,2.93341759236071,44.41168195369329,PASS
od_1750,응암,6호선,126.915577,37.598605,pedestrian_support_point,맨홀,서울특별시 은평구 서오릉로 63,126.9236,37.6053,1026.688,POINT (126.9236 37.6053),8735757178,3811092420,11.20363638320314,25.896153901870072,PASS
od_2877,연신내,3호선,126.921038,37.619229,pedestrian_support_point,장애인화장실,서울특별시 은평구 불광로 180,126.9316,37.6231,1026.661,POINT (126.9316 37.6231),13357342120,3823587470,32.16422242836125,49.35998542396476,PASS
od_1844,응암,6호선,126.915577,37.598605,pedestrian_support_point,응암제1동주민센터,서울특별시 은평구 백련산로 179,126.9269,37.6007,1026.59,POINT (126.9269 37.6007),8735757178,436845034,11.20363638320314,13.046542171817649,PASS
od_420,연신내,6호선,126.920625,37.618636,pedestrian_support_point,빗물받이,서울특별시 은평구 불광동  190-3,126.9315,37.6219,1026.157,POINT (126.9315 37.6219),11230505686,3823587215,20.028299588559467,8.448627144976253,PASS
od_410,연신내,6호선,126.920625,37.618636,pedestrian_support_point,빗물받이,서울특별시 은평구 불광동  190-3,126.9314,37.6221,1026.01,POINT (126.9314 37.6221),11230505686,3823587293,20.028299588559467,7.551810334417256,PASS
od_2498,불광,3호선,126.92982,37.610553,pedestrian_support_point,맨홀,서울특별시 은평구 불광동  213,126.9322,37.6196,1025.871,POINT (126.9322 37.6196),5930698997,3279011105,50.209801741355435,4.467205163139431,PASS
od_2572,불광,3호선,126.92982,37.610553,pedestrian_support_point,맨홀,서울특별시 은평구 불광동  213,126.9322,37.6196,1025.871,POINT (126.9322 37.6196),5930698997,3279011105,50.209801741355435,4.467205163139431,PASS
od_2073,녹번,3호선,126.935756,37.600927,pedestrian_support_point,맨홀,서울특별시 은평구 녹번동  81-27,126.9248,37.604,1025.824,POINT (126.9248 37.604),436867704,3811092376,5.477178362551235,21.238569755312742,PASS
od_347,연신내,6호선,126.920625,37.618636,pedestrian_support_point,맨홀,서울특별시 은평구 불광동  81-1,126.9273,37.6262,1025.693,POINT (126.9273 37.6262),11230505686,3823588713,20.028299588559467,17.231495974493825,PASS
od_476,독바위,6호선,126.933031,37.618456,mobility_facility,신흥부동산중개인사무소,서울특별시 은평구 통일로80길 9,126.9216,37.6201,1025.545,POINT (126.9216 37.6201),3824954278,3823586805,2.93341759236071,11.954647293171828,PASS
od_306,연신내,6호선,126.920625,37.618636,pedestrian_support_point,맨홀,서울특별시 은평구 구산동  1-19,126.9165,37.61,1025.363,POINT (126.9165 37.61),11230505686,3819768615,20.028299588559467,20.910275568043435,PASS
od_59,연신내,6호선,126.920625,37.618636,mobility_facility,03.  불광중학교,서울특별시 은평구 불광로 179-6,126.9311,37.6226,1024.088,POINT (126.9311 37.6226),11230505686,436849329,20.028299588559467,9.70331697127588,PASS
od_208,연신내,6호선,126.920625,37.618636,pedestrian_support_point,빗물받이,서울특별시 은평구 불광로 179-6,126.9311,37.6226,1024.088,POINT (126.9311 37.6226),11230505686,436849329,20.028299588559467,9.70331697127588,PASS
od_1724,응암,6호선,126.915577,37.598605,pedestrian_support_point,맨홀,서울특별시 은평구 녹번동  81-27,126.9259,37.6028,1023.61,POINT (126.9259 37.6028),8735757178,3811078723,11.20363638320314,9.523194466906133,PASS
od_1758,응암,6호선,126.915577,37.598605,pedestrian_support_point,맨홀,서울특별시 은평구 녹번동  81-27,126.9259,37.6028,1023.61,POINT (126.9259 37.6028),8735757178,3811078723,11.20363638320314,9.523194466906133,PASS
od_1679,응암,6호선,126.915577,37.598605,pedestrian_support_point,은평세무서,서울특별시 은평구 은평로 170,126.9267,37.6012,1023.601,POINT (126.9267 37.6012),8735757178,3811327176,11.20363638320314,38.64760656716018,PASS
od_1075,불광,6호선,126.92939,37.610873,pedestrian_support_point,구산역2번출구.예일여고,서울특별시 은평구 서오릉로 135,126.9178,37.6108,1023.367,POINT (126.9178 37.6108),5930698997,13734364680,11.603222454866666,8.907471651351939,PASS
od_1759,응암,6호선,126.915577,37.598605,pedestrian_support_point,맨홀,서울특별시 은평구 서오릉로 63,126.9238,37.6051,1023.196,POINT (126.9238 37.6051),8735757178,10678122640,11.20363638320314,2.9349541294516293,PASS
od_403,연신내,6호선,126.920625,37.618636,pedestrian_support_point,빗물받이,서울특별시 은평구 불광동  213,126.932,37.6204,1023.142,POINT (126.932 37.6204),11230505686,3824954514,20.028299588559467,16.362357762597597,PASS
od_1524,응암,6호선,126.915577,37.598605,mobility_facility,무교동 갯마을낙지찜,서울특별시 은평구 응암로13길 9,126.9162,37.5894,1023.133,POINT (126.9162 37.5894),8735757178,3811441429,11.20363638320314,21.92246053624675,PASS
od_191,연신내,6호선,126.920625,37.618636,pedestrian_support_point,빗물받이,서울특별시 은평구 불광동  217-1,126.9321,37.6199,1022.734,POINT (126.9321 37.6199),11230505686,3279011105,20.028299588559467,31.453132676484874,PASS
od_787,불광,6호선,126.92939,37.610873,mobility_facility,명성부동산공인중개사사무소,서울특별시 은평구 연서로32길 18,126.9242,37.6191,1021.634,POINT (126.9242 37.6191),5930698997,356265927,11.603222454866666,14.291516825299782,PASS
od_1607,응암,6호선,126.915577,37.598605,pedestrian_support_point,맨홀,서울특별시 은평구 녹번동  81-27,126.9256,37.6032,1021.512,POINT (126.9256 37.6032),8735757178,3811092363,11.20363638320314,20.038868778181183,PASS
od_2944,연신내,3호선,126.921038,37.619229,pedestrian_support_point,맨홀,서울특별시 은평구 불광동  221-70,126.9326,37.619,1021.066,POINT (126.9326 37.619),13357342120,3819769960,32.16422242836125,7.206216538360745,PASS
od_2946,연신내,3호선,126.921038,37.619229,pedestrian_support_point,맨홀,서울특별시 은평구 불광로13가길 4,126.9326,37.6191,1020.849,POINT (126.9326 37.6191),13357342120,3819769960,32.16422242836125,3.915493676482434,PASS
od_2936,연신내,3호선,126.921038,37.619229,pedestrian_support_point,수리초등학교입구,서울특별시 은평구 불광동  213,126.9326,37.6192,1020.753,POINT (126.9326 37.6192),13357342120,3824954348,32.16422242836125,8.280091307752144,PASS
od_1207,불광,6호선,126.92939,37.610873,pedestrian_support_point,과속방지턱,서울특별시 은평구 녹번동  79-21,126.9302,37.6017,1020.612,POINT (126.9302 37.6017),5930698997,3811155098,11.603222454866666,20.074536103961766,PASS
od_1624,응암,6호선,126.915577,37.598605,pedestrian_support_point,장애인화장실,서울특별시 은평구 백련산로 179,126.9268,37.6008,1020.582,POINT (126.9268 37.6008),8735757178,436845034,11.20363638320314,26.614891808742822,PASS
od_2273,불광,3호선,126.92982,37.610553,mobility_facility,동화공인중개사사무소,서울특별시 은평구 서오릉로 3,126.9267,37.6017,1020.478,POINT (126.9267 37.6017),5930698997,414686099,50.209801741355435,46.128913076461544,PASS
od_2574,불광,3호선,126.92982,37.610553,pedestrian_support_point,맨홀,서울특별시 은평구 은평로21길 3-19,126.9309,37.6014,1020.349,POINT (126.9309 37.6014),5930698997,3811678439,50.209801741355435,18.60627479172123,PASS
od_494,독바위,6호선,126.933031,37.618456,mobility_facility,비전화카페,서울특별시 은평구 통일로 684,126.935,37.6094,1020.042,POINT (126.935 37.6094),3824954278,2960308443,2.93341759236071,57.549501195889306,PASS
od_193,연신내,6호선,126.920625,37.618636,pedestrian_support_point,빗물받이,서울특별시 은평구 불광동  190-3,126.9316,37.6215,1019.724,POINT (126.9316 37.6215),11230505686,10682009302,20.028299588559467,8.425213268006646,PASS
od_1608,응암,6호선,126.915577,37.598605,pedestrian_support_point,장애인화장실,서울특별시 은평구 서오릉로 7,126.9264,37.6018,1019.414,POINT (126.9264 37.6018),8735757178,3811078695,11.20363638320314,35.87951395878234,PASS
od_375,연신내,6호선,126.920625,37.618636,pedestrian_support_point,불광중학교,서울특별시 은평구 불광로 179,126.9311,37.6225,1019.37,POINT (126.9311 37.6225),11230505686,436849329,20.028299588559467,8.332210614892231,PASS
od_300,연신내,6호선,126.920625,37.618636,pedestrian_support_point,맨홀,서울특별시 은평구 불광동  213,126.9319,37.6206,1018.993,POINT (126.9319 37.6206),11230505686,3824954514,20.028299588559467,7.720679132546327,PASS
od_406,연신내,6호선,126.920625,37.618636,pedestrian_support_point,빗물받이,서울특별시 은평구 불광로 164,126.9319,37.6206,1018.993,POINT (126.9319 37.6206),11230505686,3824954514,20.028299588559467,7.720679132546327,PASS
od_2882,연신내,3호선,126.921038,37.619229,pedestrian_support_point,장애인화장실,서울특별시 은평구 연서로 347,126.9284,37.6263,1018.979,POINT (126.9284 37.6263),13357342120,3823588804,32.16422242836125,50.98264538999231,PASS
od_1829,응암,6호선,126.915577,37.598605,pedestrian_support_point,서부재활체육센터,"서울특별시 은평구 갈현로11길 30, 기쁨의집 Q동 (구산동, 사회복지법인엔젤스헤이븐)",126.9073,37.605,1018.823,POINT (126.9073 37.605),8735757178,436776296,11.20363638320314,10.609795800555043,PASS
od_1719,응암,6호선,126.915577,37.598605,pedestrian_support_point,맨홀,서울특별시 은평구 서오릉로 63,126.9242,37.6047,1018.549,POINT (126.9242 37.6047),8735757178,3811078752,11.20363638320314,11.616122231561633,PASS
od_1554,응암,6호선,126.915577,37.598605,pedestrian_support_point,빗물받이,서울특별시 은평구 서오릉로 63,126.9242,37.6047,1018.549,POINT (126.9242 37.6047),8735757178,3811078752,11.20363638320314,11.616122231561633,PASS
od_2321,불광,3호선,126.92982,37.610553,mobility_facility,역촌호프,서울특별시 은평구 진흥로 81-1,126.9215,37.6042,1018.278,POINT (126.9215 37.6042),5930698997,10789220060,50.209801741355435,14.72503968113338,PASS
od_946,불광,6호선,126.92939,37.610873,mobility_facility,도원꽃집,서울특별시 은평구 은평로 193,126.9292,37.6017,1018.241,POINT (126.9292 37.6017),5930698997,3811155107,11.603222454866666,18.200366233949964,PASS
od_1823,응암,6호선,126.915577,37.598605,pedestrian_support_point,응암1동 주민센터,서울특별시 은평구 백련산로 179,126.9268,37.6007,1017.99,POINT (126.9268 37.6007),8735757178,436845034,11.20363638320314,21.269956534834755,PASS
od_1732,응암,6호선,126.915577,37.598605,pedestrian_support_point,맨홀,서울특별시 은평구 녹번동  81-27,126.9254,37.6034,1017.678,POINT (126.9254 37.6034),8735757178,3811078740,11.20363638320314,6.146600117778667,PASS
od_1423,응암,6호선,126.915577,37.598605,mobility_facility,헤어플러스,서울특별시 은평구 갈현로7길 34,126.9072,37.6049,1017.524,POINT (126.9072 37.6049),8735757178,436776296,11.20363638320314,12.38303226943889,PASS
od_2396,불광,3호선,126.92982,37.610553,pedestrian_support_point,장애인화장실,서울특별시 은평구 서오릉로 7,126.9264,37.6018,1017.342,POINT (126.9264 37.6018),5930698997,3811078695,50.209801741355435,35.87951395878234,PASS
od_2602,불광,3호선,126.92982,37.610553,pedestrian_support_point,은평구청,서울특별시 은평구 은평로 203-2,126.9304,37.6014,1017.173,POINT (126.9304 37.6014),5930698997,3811678443,50.209801741355435,19.601674622995766,PASS
od_2356,불광,3호선,126.92982,37.610553,pedestrian_support_point,빗물받이,서울특별시 은평구 불광동  213,126.9323,37.6195,1016.874,POINT (126.9323 37.6195),5930698997,3279011105,50.209801741355435,16.40400771780058,PASS
od_932,불광,6호선,126.92939,37.610873,mobility_facility,역촌호프,서울특별시 은평구 진흥로 81-1,126.9215,37.6042,1016.804,POINT (126.9215 37.6042),5930698997,10789220060,11.603222454866666,14.72503968113338,PASS
od_360,연신내,6호선,126.920625,37.618636,pedestrian_support_point,과속방지턱,서울특별시 은평구 불광동  81-1,126.9273,37.6261,1016.629,POINT (126.9273 37.6261),11230505686,3823588713,20.028299588559467,6.6851923764789785,PASS
od_562,독바위,6호선,126.933031,37.618456,mobility_facility,불광2동주민센터,서울특별시 은평구 연서로41길 18,126.9273,37.6264,1016.547,POINT (126.9273 37.6264),3824954278,3823588803,2.93341759236071,33.51252196304888,PASS
od_730,독바위,6호선,126.933031,37.618456,pedestrian_support_point,불광2동주민센터,서울특별시 은평구 연서로41길 18,126.9273,37.6264,1016.547,POINT (126.9273 37.6264),3824954278,3823588803,2.93341759236071,33.51252196304888,PASS
od_603,독바위,6호선,126.933031,37.618456,pedestrian_support_point,장애인화장실,서울특별시 은평구 연서로41길 18,126.9273,37.6264,1016.547,POINT (126.9273 37.6264),3824954278,3823588803,2.93341759236071,33.51252196304888,PASS
od_2637,불광,3호선,126.92982,37.610553,pedestrian_support_point,빗물받이,서울특별시 은평구 은평로 203-2,126.9302,37.6014,1016.437,POINT (126.9302 37.6014),5930698997,13734265011,50.209801741355435,8.058306207733297,PASS
od_315,연신내,6호선,126.920625,37.618636,pedestrian_support_point,맨홀,서울특별시 은평구 불광동  산 33-14,126.9316,37.6214,1016.32,POINT (126.9316 37.6214),11230505686,5281445624,20.028299588559467,8.842975316969648,PASS
od_405,연신내,6호선,126.920625,37.618636,pedestrian_support_point,빗물받이,서울특별시 은평구 불광동  산 33-14,126.9316,37.6214,1016.32,POINT (126.9316 37.6214),11230505686,5281445624,20.028299588559467,8.842975316969648,PASS
od_2048,녹번,3호선,126.935756,37.600927,pedestrian_support_point,지하철환기구,서울특별시 은평구 통일로 716-2,126.9311,37.6093,1016.193,POINT (126.9311 37.6093),436867704,11228574127,5.477178362551235,19.32201926641998,PASS
od_331,연신내,6호선,126.920625,37.618636,pedestrian_support_point,맨홀,서울특별시 은평구 불광동  220-5,126.932,37.62,1015.584,POINT (126.932 37.62),11230505686,3819770032,20.028299588559467,38.346861676704705,PASS
od_214,연신내,6호선,126.920625,37.618636,pedestrian_support_point,빗물받이,서울특별시 은평구 불광로 164,126.9318,37.6208,1015.39,POINT (126.9318 37.6208),11230505686,3824954514,20.028299588559467,31.55598506903638,PASS
od_1763,응암,6호선,126.915577,37.598605,pedestrian_support_point,맨홀,서울특별시 은평구 녹번동  81-27,126.9252,37.6036,1014.622,POINT (126.9252 37.6036),8735757178,2309932457,11.20363638320314,8.825662563942725,PASS
od_339,연신내,6호선,126.920625,37.618636,pedestrian_support_point,맨홀,서울특별시 은평구 불광로 179-6,126.9291,37.6248,1013.82,POINT (126.9291 37.6248),11230505686,436849336,20.028299588559467,30.24584288738577,PASS
od_784,불광,6호선,126.92939,37.610873,mobility_facility,은평대아공인중개사사무소,서울특별시 은평구 은평로13길 12-6,126.9258,37.6022,1013.46,POINT (126.9258 37.6022),5930698997,4582162947,11.603222454866666,14.949292483699866,PASS
od_2045,녹번,3호선,126.935756,37.600927,pedestrian_support_point,지하철환기구,서울특별시 은평구 통일로 707,126.9309,37.6092,1013.399,POINT (126.9309 37.6092),436867704,11228574127,5.477178362551235,8.619960598903031,PASS
od_189,연신내,6호선,126.920625,37.618636,pedestrian_support_point,구산역2번출구.예일여고,서울특별시 은평구 역촌동  7-33,126.9169,37.61,1013.357,POINT (126.9169 37.61),11230505686,10789220079,20.028299588559467,2.4472379356444853,PASS
od_1794,응암,6호선,126.915577,37.598605,pedestrian_support_point,은평구장애인이동기기수리센터,서울특별시 은평구 서오릉로 19,126.9257,37.6029,1013.088,POINT (126.9257 37.6029),8735757178,3811078724,11.20363638320314,13.382872476761294,PASS
od_326,연신내,6호선,126.920625,37.618636,pedestrian_support_point,맨홀,서울특별시 은평구 불광로 179-6,126.9309,37.6227,1013.065,POINT (126.9309 37.6227),11230505686,436849329,20.028299588559467,30.40805291217917,PASS
od_1434,응암,6호선,126.915577,37.598605,mobility_facility,이가네아구찜과 장모님해물요리,서울특별시 은평구 갈현로 100,126.9108,37.6069,1012.691,POINT (126.9108 37.6069),8735757178,3820984128,11.20363638320314,12.330268120839628,PASS
od_90,연신내,6호선,126.920625,37.618636,mobility_facility,삼성부동산공인중개사사무소,서울특별시 은평구 통일로69길 21,126.9265,37.6108,1012.646,POINT (126.9265 37.6108),11230505686,3819768724,20.028299588559467,44.41168195369329,PASS
od_2797,연신내,3호선,126.921038,37.619229,mobility_facility,제일공인중개사사무소,서울특별시 은평구 불광로 137,126.9325,37.6189,1012.58,POINT (126.9325 37.6189),13357342120,5281044431,32.16422242836125,17.843670884316055,PASS
od_1735,응암,6호선,126.915577,37.598605,pedestrian_support_point,맨홀,서울특별시 은평구 갈현로11길 29,126.9074,37.605,1012.506,POINT (126.9074 37.605),8735757178,436776296,11.20363638320314,11.317617496353979,PASS
od_379,연신내,6호선,126.920625,37.618636,pedestrian_support_point,북한산수자인아파트,서울특별시 은평구 불광동  산 33-14,126.9317,37.621,1012.338,POINT (126.9317 37.621),11230505686,3824954538,20.028299588559467,17.513579144980284,PASS
od_180,연신내,6호선,126.920625,37.618636,pedestrian_support_point,빗물받이,서울특별시 은평구 불광로 179-6,126.9293,37.6246,1012.267,POINT (126.9293 37.6246),11230505686,436849336,20.028299588559467,2.0355886847554063,PASS
od_3015,연신내,3호선,126.921038,37.619229,pedestrian_support_point,수리초등학교입구,서울특별시 은평구 불광로13가길 4,126.9325,37.6191,1012.021,POINT (126.9325 37.6191),13357342120,3824954348,32.16422242836125,7.218873541802049,PASS
od_1643,응암,6호선,126.915577,37.598605,pedestrian_support_point,장애인화장실,서울특별시 은평구 은평로 171,126.9264,37.6016,1011.907,POINT (126.9264 37.6016),8735757178,3811327176,11.20363638320314,34.892861819003286,PASS
od_431,연신내,6호선,126.920625,37.618636,pedestrian_support_point,빗물받이,서울특별시 은평구 구산동  1-19,126.9166,37.6101,1011.861,POINT (126.9166 37.6101),11230505686,3819768643,20.028299588559467,14.602017210522966,PASS
od_745,독바위,6호선,126.933031,37.618456,pedestrian_support_point,불광제2동주민센터,서울특별시 은평구 연서로41길 18,126.9272,37.6263,1011.4,POINT (126.9272 37.6263),3824954278,3823588713,2.93341759236071,28.546508306155513,PASS
od_1344,응암,6호선,126.915577,37.598605,mobility_facility,신성공인중개사사무소,서울특별시 은평구 연서로9길 21,126.9126,37.6074,1010.927,POINT (126.9126 37.6074),8735757178,3820983937,11.20363638320314,15.803064092383703,PASS
od_1700,응암,6호선,126.915577,37.598605,pedestrian_support_point,맨홀,서울특별시 은평구 녹번동  81-27,126.9248,37.604,1010.874,POINT (126.9248 37.604),8735757178,3811092376,11.20363638320314,21.238569755312742,PASS
od_204,연신내,6호선,126.920625,37.618636,pedestrian_support_point,빗물받이,서울특별시 은평구 불광동  172-2,126.9308,37.6228,1010.196,POINT (126.9308 37.6228),11230505686,3823587658,20.028299588559467,22.807559153553946,PASS
od_1756,응암,6호선,126.915577,37.598605,pedestrian_support_point,맨홀,서울특별시 은평구 녹번동  81-27,126.9245,37.6043,1010.147,POINT (126.9245 37.6043),8735757178,3811078742,11.20363638320314,22.934691566385702,PASS
od_708,독바위,6호선,126.933031,37.618456,pedestrian_support_point,과속방지턱,서울특별시 은평구 불광동  281-231,126.931,37.6095,1010.064,POINT (126.931 37.6095),3824954278,11228574128,2.93341759236071,8.269542740970463,PASS
od_2862,연신내,3호선,126.921038,37.619229,pedestrian_support_point,장애인화장실,서울특별시 은평구 구산동  199-19,126.9127,37.613,1009.893,POINT (126.9127 37.613),13357342120,3820983735,32.16422242836125,53.83338009875228,PASS
od_1859,응암,6호선,126.915577,37.598605,pedestrian_support_point,빗물받이,서울특별시 은평구 증산로17길 36,126.9093,37.591,1009.828,POINT (126.9093 37.591),8735757178,3822999200,11.20363638320314,9.47568962877865,PASS
od_2229,불광,3호선,126.92982,37.610553,mobility_facility,뽕잎사랑,서울특별시 은평구 은평로 205-1,126.9309,37.6015,1009.3,POINT (126.9309 37.6015),5930698997,3811678439,50.209801741355435,29.72453475953012,PASS
od_1527,응암,6호선,126.915577,37.598605,mobility_facility,쿠아레비,서울특별시 은평구 진흥로 101,126.9224,37.6059,1009.241,POINT (126.9224 37.6059),8735757178,10789220052,11.20363638320314,10.869712515046412,PASS
od_966,불광,6호선,126.92939,37.610873,pedestrian_support_point,빗물받이,서울특별시 은평구 녹번동  79-21,126.9301,37.6018,1008.954,POINT (126.9301 37.6018),5930698997,2309932442,11.603222454866666,25.12592144039798,PASS
od_812,불광,6호선,126.92939,37.610873,mobility_facility,알짜공인중개사사무소,서울특별시 은평구 연서로26길 11-11,126.9212,37.6172,1007.969,POINT (126.9212 37.6172),5930698997,3819769784,11.603222454866666,19.474474223693772,PASS
od_3009,연신내,3호선,126.921038,37.619229,pedestrian_support_point,구산사거리,서울특별시 은평구 서오릉로 187,126.9125,37.6132,1007.963,POINT (126.9125 37.6132),13357342120,3820983733,32.16422242836125,26.817037783742293,PASS
od_1795,응암,6호선,126.915577,37.598605,pedestrian_support_point,서울재활병원,"서울특별시 은평구 갈현로11길 30, 기쁨의집 Q동 (구산동, 사회복지법인엔젤스헤이븐)",126.9076,37.6051,1007.896,POINT (126.9076 37.6051),8735757178,436776298,11.20363638320314,27.66857476671876,PASS
od_125,연신내,6호선,126.920625,37.618636,mobility_facility,비타민공인중개사사무소,서울특별시 은평구 통일로69길 19,126.9268,37.611,1007.726,POINT (126.9268 37.611),11230505686,3819768830,20.028299588559467,21.426583627761886,PASS
od_123,연신내,6호선,126.920625,37.618636,mobility_facility,행운공인중개사사무소,서울특별시 은평구 통일로69길 19,126.9268,37.611,1007.726,POINT (126.9268 37.611),11230505686,3819768830,20.028299588559467,21.426583627761886,PASS
od_195,연신내,6호선,126.920625,37.618636,pedestrian_support_point,빗물받이,서울특별시 은평구 불광동  172-2,126.9307,37.6229,1007.519,POINT (126.9307 37.6229),11230505686,3823587658,20.028299588559467,9.158863188363053,PASS
od_1797,응암,6호선,126.915577,37.598605,pedestrian_support_point,삼거리.명진아파트,서울특별시 은평구 증산로17길 6-4,126.9107,37.5904,1007.381,POINT (126.9107 37.5904),8735757178,3822999656,11.20363638320314,7.704934897980866,PASS
od_1830,응암,6호선,126.915577,37.598605,pedestrian_support_point,응암1동주민센터,서울특별시 은평구 응암동  93-2,126.9268,37.6002,1006.769,POINT (126.9268 37.6002),8735757178,3811327156,11.20363638320314,14.49356384753751,PASS
od_286,연신내,6호선,126.920625,37.618636,pedestrian_support_point,선진운수종점,서울특별시 은평구 서오릉로 211-2,126.9109,37.6139,1006.728,POINT (126.9109 37.6139),11230505686,3823584998,20.028299588559467,33.299071268395124,PASS
od_1371,응암,6호선,126.915577,37.598605,mobility_facility,14. 엔젤스헤이븐,서울특별시 은평구 갈현로11길 29,126.9075,37.605,1006.228,POINT (126.9075 37.605),8735757178,436776296,11.20363638320314,17.28629959020197,PASS
od_1648,응암,6호선,126.915577,37.598605,pedestrian_support_point,녹번초등학교.은평세무서,서울특별시 은평구 서오릉로 31,126.925,37.6037,1006.072,POINT (126.925 37.6037),8735757178,2309932457,11.20363638320314,22.533692239450914,PASS
od_1541,응암,6호선,126.915577,37.598605,mobility_facility,은평구 장애인 이동기기 수리센터,서울특별시 은평구 서오릉로 19,126.9256,37.6029,1005.304,POINT (126.9256 37.6029),8735757178,3811078724,11.20363638320314,8.773216486413075,PASS
od_1821,응암,6호선,126.915577,37.598605,pedestrian_support_point,은평구 장애인 이동기기 수리센터,서울특별시 은평구 서오릉로 19,126.9256,37.6029,1005.304,POINT (126.9256 37.6029),8735757178,3811078724,11.20363638320314,8.773216486413075,PASS
od_2522,불광,3호선,126.92982,37.610553,pedestrian_support_point,맨홀,서울특별시 은평구 응암동  84-14,126.9269,37.6018,1005.121,POINT (126.9269 37.6018),5930698997,414686099,50.209801741355435,41.37279955225247,PASS
od_2576,불광,3호선,126.92982,37.610553,pedestrian_support_point,맨홀,서울특별시 은평구 은평로 203-4,126.9301,37.6015,1005.088,POINT (126.9301 37.6015),5930698997,3811155098,50.209801741355435,3.916799425406456,PASS
od_354,연신내,6호선,126.920625,37.618636,pedestrian_support_point,맨홀,서울특별시 은평구 불광동  172-2,126.9306,37.623,1005.035,POINT (126.9306 37.623),11230505686,3823587658,20.028299588559467,7.071333564895868,PASS
od_1585,응암,6호선,126.915577,37.598605,pedestrian_support_point,빗물받이,서울특별시 은평구 증산로17길 36,126.9094,37.591,1005.007,POINT (126.9094 37.591),8735757178,3822999647,11.20363638320314,12.193873890726119,PASS
od_185,연신내,6호선,126.920625,37.618636,pedestrian_support_point,빗물받이,서울특별시 은평구 불광로 179-6,126.9294,37.6244,1004.685,POINT (126.9294 37.6244),11230505686,3823588067,20.028299588559467,19.56746374656779,PASS
od_2831,연신내,3호선,126.921038,37.619229,pedestrian_support_point,빗물받이,서울특별시 은평구 불광동  220-5,126.9324,37.6193,1003.121,POINT (126.9324 37.6193),13357342120,3824954348,32.16422242836125,18.423660599906775,PASS
od_2684,연신내,3호선,126.921038,37.619229,mobility_facility,현대재테크공인중개사사무소,서울특별시 은평구 통일로69길 8,126.9275,37.6118,1002.678,POINT (126.9275 37.6118),13357342120,3819768982,32.16422242836125,22.61242487262003,PASS
od_1561,응암,6호선,126.915577,37.598605,pedestrian_support_point,빗물받이,서울특별시 은평구 증산로17길 36,126.9101,37.5907,1001.865,POINT (126.9101 37.5907),8735757178,9692166342,11.20363638320314,6.821419887519582,PASS
od_1206,불광,6호선,126.92939,37.610873,pedestrian_support_point,과속방지턱,서울특별시 은평구 연서로24길 19-1,126.9188,37.6141,1001.27,POINT (126.9188 37.6141),5930698997,3819769255,11.603222454866666,14.561320261302315,PASS
od_2584,불광,3호선,126.92982,37.610553,pedestrian_support_point,과속방지턱,서울특별시 은평구 연서로24길 19-1,126.9194,37.6141,1000.702,POINT (126.9194 37.6141),5930698997,3819769251,50.209801741355435,12.36275907922496,PASS
od_188,연신내,6호선,126.920625,37.618636,pedestrian_support_point,빗물받이,서울특별시 은평구 불광로 179-6,126.9304,37.6232,1000.652,POINT (126.9304 37.6232),11230505686,3823587739,20.028299588559467,7.238624858678553,PASS
od_858,불광,6호선,126.92939,37.610873,mobility_facility,라브리지헤어살롱,서울특별시 은평구 서오릉로 134-30,126.9181,37.6116,1000.101,POINT (126.9181 37.6116),5930698997,3819768900,11.603222454866666,21.00248417183239,PASS
od_2942,연신내,3호선,126.921038,37.619229,pedestrian_support_point,맨홀,서울특별시 은평구 구산동  195-3,126.9124,37.6134,1000.081,POINT (126.9124 37.6134),13357342120,3820983733,32.16422242836125,5.146382135906444,PASS
od_1449,응암,6호선,126.915577,37.598605,mobility_facility,25.  엔젤스헤이븐,"서울특별시 은평구 갈현로11길 30, 기쁨의집 Q동 (구산동, 사회복지법인엔젤스헤이븐)",126.9076,37.605,999.988,POINT (126.9076 37.605),8735757178,436776296,11.20363638320314,24.995016103769913,PASS
od_2680,연신내,3호선,126.921038,37.619229,mobility_facility,또봉이통닭,서울특별시 은평구 서오릉로 196,126.912,37.6138,999.899,POINT (126.912 37.6138),13357342120,414687711,32.16422242836125,33.435285182826185,PASS
od_1117,불광,6호선,126.92939,37.610873,pedestrian_support_point,맨홀,서울특별시 은평구 불광동  213,126.9322,37.6196,999.871,POINT (126.9322 37.6196),5930698997,3279011105,11.603222454866666,4.467205163139431,PASS
od_1193,불광,6호선,126.92939,37.610873,pedestrian_support_point,맨홀,서울특별시 은평구 불광동  213,126.9322,37.6196,999.871,POINT (126.9322 37.6196),5930698997,3279011105,11.603222454866666,4.467205163139431,PASS
od_2758,연신내,3호선,126.921038,37.619229,mobility_facility,카페게이트구산사거리점,서울특별시 은평구 서오릉로 196,126.9121,37.6137,999.643,POINT (126.9121 37.6137),13357342120,3820983733,32.16422242836125,39.01305862791284,PASS
od_1740,응암,6호선,126.915577,37.598605,pedestrian_support_point,맨홀,서울특별시 은평구 구산동  22-13,126.9151,37.6076,999.235,POINT (126.9151 37.6076),8735757178,10789210634,11.20363638320314,16.802029757591384,PASS
od_1350,응암,6호선,126.915577,37.598605,mobility_facility,스마트부동산공인중개사사무소,서울특별시 은평구 응암로16가길 12-6,126.9205,37.5905,999.12,POINT (126.9205 37.5905),8735757178,4583420845,11.20363638320314,22.75958338770578,PASS
od_119,연신내,6호선,126.920625,37.618636,mobility_facility,성신부동산중개인사무소,서울특별시 은평구 통일로69길 15,126.927,37.6112,998.972,POINT (126.927 37.6112),11230505686,3819768830,20.028299588559467,7.327967965410851,PASS
od_2089,녹번,3호선,126.935756,37.600927,pedestrian_support_point,맨홀,서울특별시 은평구 통일로 716-2,126.9313,37.6092,998.966,POINT (126.9313 37.6092),436867704,11178032842,5.477178362551235,5.903164963173508,PASS
od_2106,녹번,3호선,126.935756,37.600927,pedestrian_support_point,맨홀,서울특별시 은평구 통일로 716-2,126.9313,37.6092,998.966,POINT (126.9313 37.6092),436867704,11178032842,5.477178362551235,5.903164963173508,PASS
od_807,불광,6호선,126.92939,37.610873,mobility_facility,은평공인중개사사무소,서울특별시 은평구 연서로18길 6,126.9182,37.6122,998.925,POINT (126.9182 37.6122),5930698997,4580503144,11.603222454866666,11.527105810340908,PASS
od_333,연신내,6호선,126.920625,37.618636,pedestrian_support_point,맨홀,서울특별시 은평구 불광로 179-6,126.9303,37.6233,998.755,POINT (126.9303 37.6233),11230505686,3823587739,20.028299588559467,8.10577710448668,PASS
od_184,연신내,6호선,126.920625,37.618636,pedestrian_support_point,빗물받이,서울특별시 은평구 불광로 179-6,126.9303,37.6233,998.755,POINT (126.9303 37.6233),11230505686,3823587739,20.028299588559467,8.10577710448668,PASS
od_1396,응암,6호선,126.915577,37.598605,mobility_facility,커피신념,서울특별시 은평구 갈현로11길 27,126.9075,37.6049,998.43,POINT (126.9075 37.6049),8735757178,436776296,11.20363638320314,14.138657907900596,PASS
od_1493,응암,6호선,126.915577,37.598605,mobility_facility,커피신념,서울특별시 은평구 갈현로11길 27,126.9075,37.6049,998.43,POINT (126.9075 37.6049),8735757178,436776296,11.20363638320314,14.138657907900596,PASS
od_2042,녹번,3호선,126.935756,37.600927,pedestrian_support_point,녹번초등학교.은평세무서,서울특별시 은평구 서오릉로 31,126.925,37.6037,998.426,POINT (126.925 37.6037),436867704,2309932457,5.477178362551235,22.533692239450914,PASS
od_197,연신내,6호선,126.920625,37.618636,pedestrian_support_point,빗물받이,서울특별시 은평구 불광로 179-6,126.9297,37.624,998.147,POINT (126.9297 37.624),11230505686,3823587889,20.028299588559467,9.693311760326324,PASS
od_2211,불광,3호선,126.92982,37.610553,mobility_facility,08.  은평구청,서울특별시 은평구 응암동  82-31,126.9288,37.6016,997.759,POINT (126.9288 37.6016),5930698997,3811678459,50.209801741355435,12.492527901166447,PASS
od_212,연신내,6호선,126.920625,37.618636,pedestrian_support_point,빗물받이,서울특별시 은평구 불광로 179-6,126.9294,37.6243,997.655,POINT (126.9294 37.6243),11230505686,3823588067,20.028299588559467,11.697661414695668,PASS
od_698,독바위,6호선,126.933031,37.618456,pedestrian_support_point,맨홀,서울특별시 은평구 불광동  81-1,126.9273,37.6262,997.355,POINT (126.9273 37.6262),3824954278,3823588713,2.93341759236071,17.231495974493825,PASS
od_2369,불광,3호선,126.92982,37.610553,pedestrian_support_point,빗물받이,서울특별시 은평구 불광동  220-5,126.9324,37.6193,997.188,POINT (126.9324 37.6193),5930698997,3824954348,50.209801741355435,18.423660599906775,PASS
od_1668,응암,6호선,126.915577,37.598605,pedestrian_support_point,은평세무서,서울특별시 은평구 응암동  84-14,126.9263,37.6014,996.439,POINT (126.9263 37.6014),8735757178,3811327176,11.20363638320314,11.156637549540658,PASS
od_2117,녹번,3호선,126.935756,37.600927,pedestrian_support_point,불광역3호선.서울혁신파크,서울특별시 은평구 통일로 707,126.9311,37.6091,995.934,POINT (126.9311 37.6091),436867704,5273692793,5.477178362551235,12.534183725817295,PASS
od_1677,응암,6호선,126.915577,37.598605,pedestrian_support_point,천사원입구,서울특별시 은평구 갈현로7길 34-1,126.9073,37.6047,995.914,POINT (126.9073 37.6047),8735757178,436776296,11.20363638320314,23.61534027258483,PASS
od_921,불광,6호선,126.92939,37.610873,mobility_facility,평화공인중개사사무소,서울특별시 은평구 통일로 631,126.9348,37.603,995.868,POINT (126.9348 37.603),5930698997,3811714788,11.603222454866666,13.30100643863085,PASS
od_2784,연신내,3호선,126.921038,37.619229,mobility_facility,명문공인중개사사무소,서울특별시 은평구 갈현로 181-5,126.9117,37.6142,995.607,POINT (126.9117 37.6142),13357342120,3823585007,32.16422242836125,18.540024519361108,PASS
od_2514,불광,3호선,126.92982,37.610553,pedestrian_support_point,맨홀,서울특별시 은평구 불광동  220-5,126.9323,37.6193,995.209,POINT (126.9323 37.6193),5930698997,3824954348,50.209801741355435,24.50284088747767,PASS
od_1802,응암,6호선,126.915577,37.598605,pedestrian_support_point,삼거리.명진아파트,서울특별시 은평구 증산로17길 26,126.9105,37.5906,995.192,POINT (126.9105 37.5906),8735757178,3822999656,11.20363638320314,21.411295558933027,PASS
od_1671,응암,6호선,126.915577,37.598605,pedestrian_support_point,천사원입구.서북병원,서울특별시 은평구 역촌동  218,126.9072,37.6046,994.956,POINT (126.9072 37.6046),8735757178,3823349145,11.20363638320314,26.053739606490733,PASS
od_734,독바위,6호선,126.933031,37.618456,pedestrian_support_point,불광역.불광1동주민센터,서울특별시 은평구 진흥로 215,126.9326,37.6095,994.748,POINT (126.9326 37.6095),3824954278,10678122723,2.93341759236071,30.528958244749028,PASS
od_2820,연신내,3호선,126.921038,37.619229,pedestrian_support_point,빗물받이,서울특별시 은평구 불광동  213,126.9323,37.6195,994.715,POINT (126.9323 37.6195),13357342120,3279011105,32.16422242836125,16.40400771780058,PASS
od_293,연신내,6호선,126.920625,37.618636,pedestrian_support_point,북한산대창센시티아파트,서울특별시 은평구 연서로 368,126.9288,37.6248,994.435,POINT (126.9288 37.6248),11230505686,436862217,20.028299588559467,23.525468875293775,PASS
od_2953,연신내,3호선,126.921038,37.619229,pedestrian_support_point,맨홀,서울특별시 은평구 불광동  220-5,126.9323,37.6193,994.293,POINT (126.9323 37.6193),13357342120,3824954348,32.16422242836125,24.50284088747767,PASS
od_342,연신내,6호선,126.920625,37.618636,pedestrian_support_point,맨홀,서울특별시 은평구 불광로 179-6,126.93,37.6236,994.258,POINT (126.93 37.6236),11230505686,3823587796,20.028299588559467,9.692820124103024,PASS
od_1790,응암,6호선,126.915577,37.598605,pedestrian_support_point,과속방지턱,서울특별시 은평구 역촌동  산 20-7,126.9077,37.605,993.787,POINT (126.9077 37.605),8735757178,436776298,11.20363638320314,19.665766402114375,PASS
od_532,독바위,6호선,126.933031,37.618456,mobility_facility,비타민공인중개사사무소,서울특별시 은평구 통일로69길 19,126.9268,37.611,993.712,POINT (126.9268 37.611),3824954278,3819768830,2.93341759236071,21.426583627761886,PASS
od_530,독바위,6호선,126.933031,37.618456,mobility_facility,행운공인중개사사무소,서울특별시 은평구 통일로69길 19,126.9268,37.611,993.712,POINT (126.9268 37.611),3824954278,3819768830,2.93341759236071,21.426583627761886,PASS
od_260,연신내,6호선,126.920625,37.618636,pedestrian_support_point,북한산대창센시티아파트,서울특별시 은평구 불광동  172-18,126.9299,37.6237,993.159,POINT (126.9299 37.6237),11230505686,3823587831,20.028299588559467,2.7925222424313016,PASS
od_407,연신내,6호선,126.920625,37.618636,pedestrian_support_point,빗물받이,서울특별시 은평구 불광로 179-6,126.9299,37.6237,993.159,POINT (126.9299 37.6237),11230505686,3823587831,20.028299588559467,2.7925222424313016,PASS
od_429,연신내,6호선,126.920625,37.618636,pedestrian_support_point,빗물받이,서울특별시 은평구 불광로 179-6,126.9299,37.6237,993.159,POINT (126.9299 37.6237),11230505686,3823587831,20.028299588559467,2.7925222424313016,PASS
od_964,불광,6호선,126.92939,37.610873,mobility_facility,주스공인중개사사무소,서울특별시 은평구 은평로21길 25,126.9316,37.6021,993.069,POINT (126.9316 37.6021),5930698997,3811155123,11.603222454866666,16.452260176643716,PASS
od_2679,연신내,3호선,126.921038,37.619229,mobility_facility,고니축산,서울특별시 은평구 서오릉로 196,126.9121,37.6138,992.868,POINT (126.9121 37.6138),13357342120,414687711,32.16422242836125,42.01533674033817,PASS
od_2759,연신내,3호선,126.921038,37.619229,mobility_facility,구산김밥,서울특별시 은평구 서오릉로 196,126.9121,37.6138,992.868,POINT (126.9121 37.6138),13357342120,414687711,32.16422242836125,42.01533674033817,PASS
od_2924,연신내,3호선,126.921038,37.619229,pedestrian_support_point,불광중학교,서울특별시 은평구 불광로 176,126.9316,37.6223,992.789,POINT (126.9316 37.6223),13357342120,356265595,32.16422242836125,15.861003082433177,PASS
od_2175,불광,3호선,126.92982,37.610553,mobility_facility,은평대아공인중개사사무소,서울특별시 은평구 은평로13길 12-6,126.9258,37.6022,992.724,POINT (126.9258 37.6022),5930698997,4582162947,50.209801741355435,14.949292483699866,PASS
od_2067,녹번,3호선,126.935756,37.600927,pedestrian_support_point,맨홀,서울특별시 은평구 녹번동  81-27,126.9252,37.604,992.581,POINT (126.9252 37.604),436867704,2309932457,5.477178362551235,37.249480549346885,PASS
od_2920,연신내,3호선,126.921038,37.619229,pedestrian_support_point,불광중학교,서울특별시 은평구 불광로 180,126.9315,37.6225,992.404,POINT (126.9315 37.6225),13357342120,356265596,32.16422242836125,15.274990889093548,PASS
od_1283,응암,6호선,126.915577,37.598605,mobility_facility,성신공인중개사사무소,서울특별시 은평구 서오릉로7길 11,126.9213,37.6063,992.379,POINT (126.9213 37.6063),8735757178,3819767996,11.20363638320314,23.38601134782119,PASS
od_316,연신내,6호선,126.920625,37.618636,pedestrian_support_point,맨홀,서울특별시 은평구 불광로 179-6,126.9298,37.6238,992.262,POINT (126.9298 37.6238),11230505686,3823587844,20.028299588559467,7.666658005518447,PASS
od_428,연신내,6호선,126.920625,37.618636,pedestrian_support_point,빗물받이,서울특별시 은평구 불광로 179-6,126.9298,37.6238,992.262,POINT (126.9298 37.6238),11230505686,3823587844,20.028299588559467,7.666658005518447,PASS
od_640,독바위,6호선,126.933031,37.618456,pedestrian_support_point,연신내역.연서시장,서울특별시 은평구 통일로 846-2,126.9218,37.6184,991.556,POINT (126.9218 37.6184),3824954278,3819769883,2.93341759236071,25.58697781434671,PASS
od_2133,녹번,3호선,126.935756,37.600927,pedestrian_support_point,불광역.불광1동주민센터,서울특별시 은평구 진흥로 215,126.9326,37.6095,991.48,POINT (126.9326 37.6095),436867704,10678122723,5.477178362551235,30.528958244749028,PASS
od_968,불광,6호선,126.92939,37.610873,pedestrian_support_point,빗물받이,서울특별시 은평구 불광동  213,126.9323,37.6195,991.375,POINT (126.9323 37.6195),5930698997,3279011105,11.603222454866666,16.40400771780058,PASS
od_409,연신내,6호선,126.920625,37.618636,pedestrian_support_point,빗물받이,서울특별시 은평구 불광로 179-6,126.9295,37.6241,990.785,POINT (126.9295 37.6241),11230505686,3823587941,20.028299588559467,9.29145977777856,PASS
od_1487,응암,6호선,126.915577,37.598605,mobility_facility,제주도새기촌,서울특별시 은평구 증산로 377,126.9131,37.5899,990.614,POINT (126.9131 37.5899),8735757178,10211968026,11.20363638320314,15.474267588342967,PASS
od_2490,불광,3호선,126.92982,37.610553,pedestrian_support_point,수리초등학교입구,서울특별시 은평구 불광동  213,126.9326,37.6192,990.613,POINT (126.9326 37.6192),5930698997,3824954348,50.209801741355435,8.280091307752144,PASS
od_648,독바위,6호선,126.933031,37.618456,pedestrian_support_point,불광역4번출구,서울특별시 은평구 통일로 707,126.9303,37.6098,990.519,POINT (126.9303 37.6098),3824954278,10678122709,2.93341759236071,31.886244045263194,PASS
od_1579,응암,6호선,126.915577,37.598605,pedestrian_support_point,빗물받이,서울특별시 은평구 증산로17길 6-4,126.9109,37.5905,989.86,POINT (126.9109 37.5905),8735757178,3822999768,11.20363638320314,9.969271004047142,PASS
od_1590,응암,6호선,126.915577,37.598605,pedestrian_support_point,빗물받이,서울특별시 은평구 증산로17길 6-4,126.9112,37.5904,989.308,POINT (126.9112 37.5904),8735757178,3822999767,11.20363638320314,14.05573126466705,PASS
od_1685,응암,6호선,126.915577,37.598605,pedestrian_support_point,미주아트빌,서울특별시 은평구 구산동  22-13,126.9149,37.6075,989.056,POINT (126.9149 37.6075),8735757178,3820984136,11.20363638320314,15.584000617314647,PASS
od_2005,녹번,3호선,126.935756,37.600927,pedestrian_support_point,빗물받이,서울특별시 은평구 불광동  285-56,126.9313,37.6091,988.774,POINT (126.9313 37.6091),436867704,5273692793,5.477178362551235,5.348711882873894,PASS
od_2336,불광,3호선,126.92982,37.610553,mobility_facility,고은헤어,서울특별시 은평구 은평로21길 19-6,126.9319,37.6018,988.696,POINT (126.9319 37.6018),5930698997,4580560141,50.209801741355435,22.030944976524957,PASS
od_649,독바위,6호선,126.933031,37.618456,pedestrian_support_point,불광전철역,서울특별시 은평구 통일로 707,126.9304,37.6098,988.407,POINT (126.9304 37.6098),3824954278,10678122709,2.93341759236071,28.170432316480124,PASS
od_422,연신내,6호선,126.920625,37.618636,pedestrian_support_point,빗물받이,서울특별시 은평구 구산동  1-19,126.9167,37.6103,987.976,POINT (126.9167 37.6103),11230505686,3820983701,20.028299588559467,10.984523489204573,PASS
od_707,독바위,6호선,126.933031,37.618456,pedestrian_support_point,과속방지턱,서울특별시 은평구 불광동  81-1,126.9273,37.6261,987.807,POINT (126.9273 37.6261),3824954278,3823588713,2.93341759236071,6.6851923764789785,PASS
od_1345,응암,6호선,126.915577,37.598605,mobility_facility,은평대아공인중개사사무소,서울특별시 은평구 은평로13길 12-6,126.9258,37.6022,987.008,POINT (126.9258 37.6022),8735757178,4582162947,11.20363638320314,14.949292483699866,PASS
od_971,불광,6호선,126.92939,37.610873,pedestrian_support_point,빗물받이,서울특별시 은평구 녹번동  79-17,126.9301,37.602,986.8,POINT (126.9301 37.602),5930698997,2309932442,11.603222454866666,6.06910669456764,PASS
od_158,연신내,6호선,126.920625,37.618636,mobility_facility,바르티매오공동생활가정,서울특별시 은평구 불광로9가길 4,126.9315,37.6166,986.351,POINT (126.9315 37.6166),11230505686,3819769687,20.028299588559467,12.83310201982499,PASS
od_2939,연신내,3호선,126.921038,37.619229,pedestrian_support_point,맨홀,서울특별시 은평구 불광동  213,126.9322,37.6196,986.291,POINT (126.9322 37.6196),13357342120,3279011105,32.16422242836125,4.467205163139431,PASS
od_2990,연신내,3호선,126.921038,37.619229,pedestrian_support_point,맨홀,서울특별시 은평구 불광동  213,126.9322,37.6196,986.291,POINT (126.9322 37.6196),13357342120,3279011105,32.16422242836125,4.467205163139431,PASS
od_1938,녹번,3호선,126.935756,37.600927,mobility_facility,프리롤,서울특별시 은평구 진흥로 201,126.9317,37.6092,985.589,POINT (126.9317 37.6092),436867704,11204976893,5.477178362551235,18.599495085750153,PASS
od_380,연신내,6호선,126.920625,37.618636,pedestrian_support_point,북한산대창센시티아파트,서울특별시 은평구 불광로 199,126.9297,37.6238,985.069,POINT (126.9297 37.6238),11230505686,3823587889,20.028299588559467,14.256969108404567,PASS
od_3007,연신내,3호선,126.921038,37.619229,pedestrian_support_point,연신초등학교,서울특별시 은평구 연서로 341,126.9288,37.6256,984.662,POINT (126.9288 37.6256),13357342120,3823588576,32.16422242836125,16.146497733596537,PASS
od_2335,불광,3호선,126.92982,37.610553,mobility_facility,도원꽃집,서울특별시 은평구 은평로 193,126.9292,37.6017,984.11,POINT (126.9292 37.6017),5930698997,3811155107,50.209801741355435,18.200366233949964,PASS
od_2017,녹번,3호선,126.935756,37.600927,pedestrian_support_point,장애인화장실,서울특별시 은평구 서오릉로 32,126.9254,37.6042,983.99,POINT (126.9254 37.6042),436867704,3811092378,5.477178362551235,38.733547251150085,PASS
od_696,독바위,6호선,126.933031,37.618456,pedestrian_support_point,맨홀,서울특별시 은평구 통일로 712-2,126.9313,37.6097,983.766,POINT (126.9313 37.6097),3824954278,457819074,2.93341759236071,4.035355784647507,PASS
od_2881,연신내,3호선,126.921038,37.619229,pedestrian_support_point,장애인화장실,서울특별시 은평구 서오릉로 137,126.9176,37.6108,983.54,POINT (126.9176 37.6108),13357342120,10678122540,32.16422242836125,15.033987745238399,PASS
od_2586,불광,3호선,126.92982,37.610553,pedestrian_support_point,과속방지턱,서울특별시 은평구 녹번동  79-21,126.9302,37.6017,983.159,POINT (126.9302 37.6017),5930698997,3811155098,50.209801741355435,20.074536103961766,PASS
od_1814,응암,6호선,126.915577,37.598605,pedestrian_support_point,쉘터형 택시 승차대,서울특별시 은평구 역촌동  17-55,126.9224,37.6056,982.731,POINT (126.9224 37.6056),8735757178,436867927,11.20363638320314,16.43398612932405,PASS
od_2966,연신내,3호선,126.921038,37.619229,pedestrian_support_point,맨홀,서울특별시 은평구 구산동  195-3,126.9129,37.6132,981.833,POINT (126.9129 37.6132),13357342120,3820983733,32.16422242836125,54.227281238066595,PASS
od_156,연신내,6호선,126.920625,37.618636,mobility_facility,주)우시장정육식당은평,서울특별시 은평구 서오릉로 110,126.9201,37.6098,981.796,POINT (126.9201 37.6098),11230505686,3819768642,20.028299588559467,33.44673292745976,PASS
od_1738,응암,6호선,126.915577,37.598605,pedestrian_support_point,맨홀,서울특별시 은평구 역촌동  74-4,126.9079,37.605,981.507,POINT (126.9079 37.605),8735757178,436776298,11.20363638320314,6.7296122703863395,PASS
od_1567,응암,6호선,126.915577,37.598605,pedestrian_support_point,빗물받이,서울특별시 은평구 갈현로11길 23,126.9079,37.605,981.507,POINT (126.9079 37.605),8735757178,436776298,11.20363638320314,6.7296122703863395,PASS
od_2011,녹번,3호선,126.935756,37.600927,pedestrian_support_point,장애인화장실,서울특별시 은평구 진흥로 191,126.9307,37.6088,981.263,POINT (126.9307 37.6088),436867704,8461842574,5.477178362551235,32.65883949687224,PASS
od_3056,연신내,3호선,126.921038,37.619229,pedestrian_support_point,구산전철역,서울특별시 은평구 서오릉로 135,126.9177,37.6108,980.851,POINT (126.9177 37.6108),13357342120,3819768784,32.16422242836125,14.288896569710253,PASS
od_1665,응암,6호선,126.915577,37.598605,pedestrian_support_point,미주아트빌,서울특별시 은평구 연서로9길 5,126.9145,37.6074,980.771,POINT (126.9145 37.6074),8735757178,3820984066,11.20363638320314,12.684633914968801,PASS
od_2935,연신내,3호선,126.921038,37.619229,pedestrian_support_point,북한산수자인아파트,"서울특별시 은평구 불광로 170, 101동 (불광동, 북한산 한양 수자인 아파트)",126.9317,37.6217,980.416,POINT (126.9317 37.6217),13357342120,10682009302,32.16422242836125,28.51393090162671,PASS
od_2504,불광,3호선,126.92982,37.610553,pedestrian_support_point,맨홀,서울특별시 은평구 불광로13가길 4,126.9326,37.6191,979.864,POINT (126.9326 37.6191),5930698997,3819769960,50.209801741355435,3.915493676482434,PASS
od_192,연신내,6호선,126.920625,37.618636,pedestrian_support_point,빗물받이,서울특별시 은평구 구산동  195-4,126.9116,37.6135,979.715,POINT (126.9116 37.6135),11230505686,414687711,20.028299588559467,25.05260580011397,PASS
od_612,독바위,6호선,126.933031,37.618456,pedestrian_support_point,장애인화장실,서울특별시 은평구 통일로 850,126.922,37.6194,979.492,POINT (126.922 37.6194),3824954278,2960309145,2.93341759236071,36.06003538627066,PASS
od_2835,연신내,3호선,126.921038,37.619229,pedestrian_support_point,빗물받이,서울특별시 은평구 불광동  217-1,126.9321,37.6199,979.436,POINT (126.9321 37.6199),13357342120,3279011105,32.16422242836125,31.453132676484874,PASS
od_709,독바위,6호선,126.933031,37.618456,pedestrian_support_point,과속방지턱,서울특별시 은평구 대조동  14-35,126.9288,37.6103,979.277,POINT (126.9288 37.6103),3824954278,11984487711,2.93341759236071,7.542209345282377,PASS
od_669,독바위,6호선,126.933031,37.618456,pedestrian_support_point,맨홀,서울특별시 은평구 대조동  14-35,126.9288,37.6103,979.277,POINT (126.9288 37.6103),3824954278,11984487711,2.93341759236071,7.542209345282377,PASS
od_1879,응암,6호선,126.915577,37.598605,pedestrian_support_point,빗물받이,서울특별시 은평구 증산로17길 6-4,126.9115,37.5904,979.259,POINT (126.9115 37.5904),8735757178,3822999767,11.20363638320314,12.84357308341573,PASS
od_2923,연신내,3호선,126.921038,37.619229,pedestrian_support_point,구산사거리,서울특별시 은평구 서오릉로 190,126.9125,37.6136,979.052,POINT (126.9125 37.6136),13357342120,3820983733,32.16422242836125,25.64810549851991,PASS
od_3052,연신내,3호선,126.921038,37.619229,pedestrian_support_point,빗물받이,서울특별시 은평구 연서로 368,126.9287,37.6256,978.539,POINT (126.9287 37.6256),13357342120,3823588576,32.16422242836125,22.462406808591368,PASS
od_2906,연신내,3호선,126.921038,37.619229,pedestrian_support_point,구산역2번출구.예일여고,서울특별시 은평구 서오릉로 135,126.9178,37.6108,978.234,POINT (126.9178 37.6108),13357342120,13734364680,32.16422242836125,8.907471651351939,PASS
od_2105,녹번,3호선,126.935756,37.600927,pedestrian_support_point,맨홀,서울특별시 은평구 녹번동  81-27,126.9252,37.6036,978.218,POINT (126.9252 37.6036),436867704,2309932457,5.477178362551235,8.825662563942725,PASS
od_2601,불광,3호선,126.92982,37.610553,pedestrian_support_point,수리초등학교입구,서울특별시 은평구 불광로13가길 4,126.9325,37.6191,977.69,POINT (126.9325 37.6191),5930698997,3824954348,50.209801741355435,7.218873541802049,PASS
od_323,연신내,6호선,126.920625,37.618636,pedestrian_support_point,맨홀,서울특별시 은평구 구산동  1-19,126.9167,37.6104,977.59,POINT (126.9167 37.6104),11230505686,3820983701,20.028299588559467,1.400723358769238,PASS
od_1791,응암,6호선,126.915577,37.598605,pedestrian_support_point,과속방지턱,서울특별시 은평구 역촌동  산 20-7,126.9081,37.6051,977.548,POINT (126.9081 37.6051),8735757178,436776298,11.20363638320314,17.31850536257806,PASS
od_790,불광,6호선,126.92939,37.610873,mobility_facility,행복공인중개사사무소,서울특별시 은평구 연서로26길 15,126.9211,37.6167,976.725,POINT (126.9211 37.6167),5930698997,3819769679,11.603222454866666,16.91215748736814,PASS
od_2988,연신내,3호선,126.921038,37.619229,pedestrian_support_point,맨홀,서울특별시 은평구 연서로 368,126.9288,37.6255,976.722,POINT (126.9288 37.6255),13357342120,3823588576,32.16422242836125,9.646189324036696,PASS
od_1959,녹번,3호선,126.935756,37.600927,mobility_facility,수지공인중개사사무소,서울특별시 은평구 백련산로 147,126.9252,37.5983,976.713,POINT (126.9252 37.5983),436867704,3811327004,5.477178362551235,9.726727973862403,PASS
od_3033,연신내,3호선,126.921038,37.619229,pedestrian_support_point,빗물받이,서울특별시 은평구 불광동  213,126.932,37.6204,976.457,POINT (126.932 37.6204),13357342120,3824954514,32.16422242836125,16.362357762597597,PASS
od_1568,응암,6호선,126.915577,37.598605,pedestrian_support_point,빗물받이,서울특별시 은평구 증산로17길 6-4,126.9116,37.5904,976.047,POINT (126.9116 37.5904),8735757178,3822999767,11.20363638320314,21.55513821815999,PASS
od_2074,녹번,3호선,126.935756,37.600927,pedestrian_support_point,맨홀,서울특별시 은평구 대조동  15-178,126.9311,37.6089,975.759,POINT (126.9311 37.6089),436867704,10678122761,5.477178362551235,7.19333684068632,PASS
od_628,독바위,6호선,126.933031,37.618456,pedestrian_support_point,지하철환기구,서울특별시 은평구 연서로 244,126.922,37.6189,975.122,POINT (126.922 37.6189),3824954278,2960309145,2.93341759236071,41.74894838953387,PASS
od_1260,불광,6호선,126.92939,37.610873,pedestrian_support_point,녹번동주민센터,서울특별시 은평구 은평로 195,126.9299,37.6021,974.748,POINT (126.9299 37.6021),5930698997,3811155115,11.603222454866666,6.9268990609445025,PASS
od_1208,불광,6호선,126.92939,37.610873,pedestrian_support_point,과속방지턱,서울특별시 은평구 녹번동  79-17,126.9298,37.6021,974.38,POINT (126.9298 37.6021),5930698997,3811155115,11.603222454866666,7.265928695528425,PASS
od_836,불광,6호선,126.92939,37.610873,mobility_facility,행복한사진관,서울특별시 은평구 은평로 193-2,126.929,37.6021,974.316,POINT (126.929 37.6021),5930698997,2309932443,11.603222454866666,23.36824229846028,PASS
od_1263,불광,6호선,126.92939,37.610873,pedestrian_support_point,빗물받이,서울특별시 은평구 은평로 195,126.9297,37.6021,974.092,POINT (126.9297 37.6021),5930698997,3811155115,11.603222454866666,14.588506292192106,PASS
od_1571,응암,6호선,126.915577,37.598605,pedestrian_support_point,빗물받이,서울특별시 은평구 갈현로11길 23,126.9079,37.6049,973.511,POINT (126.9079 37.6049),8735757178,436776298,11.20363638320314,17.813009530386676,PASS
od_1481,응암,6호선,126.915577,37.598605,mobility_facility,오거리공인중개사사무소,서울특별시 은평구 가좌로 222,126.9177,37.59,973.289,POINT (126.9177 37.59),8735757178,3811066876,11.20363638320314,19.31498897675356,PASS
od_2729,연신내,3호선,126.921038,37.619229,mobility_facility,드림모바일,서울특별시 은평구 갈현로 182,126.9121,37.6141,973.019,POINT (126.9121 37.6141),13357342120,3823585005,32.16422242836125,16.50063497867576,PASS
od_2189,불광,3호선,126.92982,37.610553,mobility_facility,태양공인중개사사무소,서울특별시 은평구 연서로26길 21,126.9215,37.6163,972.87,POINT (126.9215 37.6163),5930698997,3819769663,50.209801741355435,22.581820820845692,PASS
od_18,연신내,6호선,126.920625,37.618636,mobility_facility,효제메디컬약국,서울특별시 은평구 서오릉로 204,126.9112,37.6141,972.561,POINT (126.9112 37.6141),11230505686,3823585010,20.028299588559467,47.61567472859137,PASS
od_981,불광,6호선,126.92939,37.610873,pedestrian_support_point,빗물받이,서울특별시 은평구 불광동  220-5,126.9324,37.6193,972.328,POINT (126.9324 37.6193),5930698997,3824954348,11.603222454866666,18.423660599906775,PASS
od_779,불광,6호선,126.92939,37.610873,mobility_facility,바코드짐,서울특별시 은평구 통일로 633,126.9347,37.6032,972.159,POINT (126.9347 37.6032),5930698997,3811714788,11.603222454866666,35.7870868411475,PASS
od_2628,불광,3호선,126.92982,37.610553,pedestrian_support_point,빗물받이,서울특별시 은평구 연서로24길 19-1,126.9197,37.614,971.984,POINT (126.9197 37.614),5930698997,353194574,50.209801741355435,7.854241456992831,PASS
od_2947,연신내,3호선,126.921038,37.619229,pedestrian_support_point,맨홀,서울특별시 은평구 불광동  177-21,126.9313,37.6224,971.919,POINT (126.9313 37.6224),13357342120,436862401,32.16422242836125,9.279701740256037,PASS
od_2355,불광,3호선,126.92982,37.610553,pedestrian_support_point,빗물받이,서울특별시 은평구 녹번동  79-21,126.9301,37.6018,971.802,POINT (126.9301 37.6018),5930698997,2309932442,50.209801741355435,25.12592144039798,PASS
od_33,연신내,6호선,126.920625,37.618636,mobility_facility,현대재테크공인중개사사무소,서울특별시 은평구 통일로69길 8,126.9275,37.6118,971.646,POINT (126.9275 37.6118),11230505686,3819768982,20.028299588559467,22.61242487262003,PASS
od_2967,연신내,3호선,126.921038,37.619229,pedestrian_support_point,맨홀,서울특별시 은평구 불광동  220-5,126.932,37.62,971.548,POINT (126.932 37.62),13357342120,3819770032,32.16422242836125,38.346861676704705,PASS
od_480,독바위,6호선,126.933031,37.618456,mobility_facility,06.  불광역  4번출구,서울특별시 은평구 통일로 723-1,126.9302,37.61,971.239,POINT (126.9302 37.61),3824954278,11228574113,2.93341759236071,13.614884413917924,PASS
od_2937,연신내,3호선,126.921038,37.619229,pedestrian_support_point,맨홀,서울특별시 은평구 불광동  213,126.9319,37.6206,970.938,POINT (126.9319 37.6206),13357342120,3824954514,32.16422242836125,7.720679132546327,PASS
od_3036,연신내,3호선,126.921038,37.619229,pedestrian_support_point,빗물받이,서울특별시 은평구 불광로 164,126.9319,37.6206,970.938,POINT (126.9319 37.6206),13357342120,3824954514,32.16422242836125,7.720679132546327,PASS
od_2262,불광,3호선,126.92982,37.610553,mobility_facility,대영공인중개사사무소,서울특별시 은평구 연서로18길 14,126.919,37.6121,970.649,POINT (126.919 37.6121),5930698997,3819769006,50.209801741355435,36.067131538815794,PASS
od_3051,연신내,3호선,126.921038,37.619229,pedestrian_support_point,빗물받이,서울특별시 은평구 불광동  190-3,126.9315,37.6219,970.028,POINT (126.9315 37.6219),13357342120,3823587215,32.16422242836125,8.448627144976253,PASS
od_1133,불광,6호선,126.92939,37.610873,pedestrian_support_point,맨홀,서울특별시 은평구 불광동  220-5,126.9323,37.6193,969.952,POINT (126.9323 37.6193),5930698997,3824954348,11.603222454866666,24.50284088747767,PASS
od_2934,연신내,3호선,126.921038,37.619229,pedestrian_support_point,불광중학교,서울특별시 은평구 불광로 180,126.931,37.6229,969.266,POINT (126.931 37.6229),13357342120,3823587658,32.16422242836125,29.871010508967732,PASS
od_2503,불광,3호선,126.92982,37.610553,pedestrian_support_point,맨홀,서울특별시 은평구 불광동  221-70,126.9326,37.619,969.123,POINT (126.9326 37.619),5930698997,3819769960,50.209801741355435,7.206216538360745,PASS
od_2811,연신내,3호선,126.921038,37.619229,mobility_facility,불광2동주민센터,서울특별시 은평구 연서로41길 18,126.9273,37.6264,969.054,POINT (126.9273 37.6264),13357342120,3823588803,32.16422242836125,33.51252196304888,PASS
od_3026,연신내,3호선,126.921038,37.619229,pedestrian_support_point,불광2동주민센터,서울특별시 은평구 연서로41길 18,126.9273,37.6264,969.054,POINT (126.9273 37.6264),13357342120,3823588803,32.16422242836125,33.51252196304888,PASS
od_2861,연신내,3호선,126.921038,37.619229,pedestrian_support_point,장애인화장실,서울특별시 은평구 연서로41길 18,126.9273,37.6264,969.054,POINT (126.9273 37.6264),13357342120,3823588803,32.16422242836125,33.51252196304888,PASS
od_678,독바위,6호선,126.933031,37.618456,pedestrian_support_point,맨홀,서울특별시 은평구 통일로 712-2,126.9316,37.6098,968.995,POINT (126.9316 37.6098),3824954278,3811140115,2.93341759236071,1.0419238122199508,PASS
od_1640,응암,6호선,126.915577,37.598605,pedestrian_support_point,장애인화장실,서울특별시 은평구 은평로13길 36-1,126.924,37.6042,968.947,POINT (126.924 37.6042),8735757178,3811078742,11.20363638320314,24.83886423347034,PASS
od_3040,연신내,3호선,126.921038,37.619229,pedestrian_support_point,빗물받이,서울특별시 은평구 불광동  190-3,126.9314,37.6221,968.698,POINT (126.9314 37.6221),13357342120,3823587293,32.16422242836125,7.551810334417256,PASS
od_2803,연신내,3호선,126.921038,37.619229,mobility_facility,바르티매오공동생활가정,서울특별시 은평구 불광로9가길 4,126.9315,37.6166,968.645,POINT (126.9315 37.6166),13357342120,3819769687,32.16422242836125,12.83310201982499,PASS
od_2838,연신내,3호선,126.921038,37.619229,pedestrian_support_point,빗물받이,서울특별시 은평구 불광동  90-8,126.9284,37.6257,968.623,POINT (126.9284 37.6257),13357342120,3823588661,32.16422242836125,37.440100324683726,PASS
od_2285,불광,3호선,126.92982,37.610553,mobility_facility,스마일공인중개사사무소,서울특별시 은평구 통일로78길 12-4,126.9239,37.6179,968.573,POINT (126.9239 37.6179),5930698997,3819769843,50.209801741355435,13.621190611487025,PASS
od_2964,연신내,3호선,126.921038,37.619229,pedestrian_support_point,맨홀,서울특별시 은평구 불광로 179-6,126.9312,37.6225,967.804,POINT (126.9312 37.6225),13357342120,436849329,32.16422242836125,4.783892591187977,PASS
od_2821,연신내,3호선,126.921038,37.619229,pedestrian_support_point,빗물받이,서울특별시 은평구 불광동  177-21,126.9312,37.6225,967.804,POINT (126.9312 37.6225),13357342120,436849329,32.16422242836125,4.783892591187977,PASS
od_2302,불광,3호선,126.92982,37.610553,mobility_facility,은평장애인주간보호센터,서울특별시 은평구 진흥로 87,126.9217,37.6047,967.507,POINT (126.9217 37.6047),5930698997,3819767887,50.209801741355435,32.80585901030248,PASS
od_1109,불광,6호선,126.92939,37.610873,pedestrian_support_point,수리초등학교입구,서울특별시 은평구 불광동  213,126.9326,37.6192,966.685,POINT (126.9326 37.6192),5930698997,3824954348,11.603222454866666,8.280091307752144,PASS
od_2830,연신내,3호선,126.921038,37.619229,pedestrian_support_point,빗물받이,서울특별시 은평구 불광동  90-8,126.9285,37.6256,966.418,POINT (126.9285 37.6256),13357342120,3823588425,32.16422242836125,37.07448545408641,PASS
od_350,연신내,6호선,126.920625,37.618636,pedestrian_support_point,맨홀,서울특별시 은평구 서오릉로 211-2,126.9117,37.6136,966.084,POINT (126.9117 37.6136),11230505686,414687711,20.028299588559467,14.98458238409276,PASS
od_1365,응암,6호선,126.915577,37.598605,mobility_facility,우성공인중개사사무소,서울특별시 은평구 응암로14길 6,126.9179,37.5901,965.997,POINT (126.9179 37.5901),8735757178,3811066876,11.20363638320314,11.456372684564894,PASS
od_2858,연신내,3호선,126.921038,37.619229,pedestrian_support_point,빗물받이,서울특별시 은평구 불광로 164,126.9318,37.6208,965.977,POINT (126.9318 37.6208),13357342120,3824954514,32.16422242836125,31.55598506903638,PASS
od_2837,연신내,3호선,126.921038,37.619229,pedestrian_support_point,빗물받이,서울특별시 은평구 불광동  190-3,126.9316,37.6215,965.916,POINT (126.9316 37.6215),13357342120,10682009302,32.16422242836125,8.425213268006646,PASS
od_2938,연신내,3호선,126.921038,37.619229,pedestrian_support_point,맨홀,서울특별시 은평구 구산동  195-5,126.9134,37.613,965.77,POINT (126.9134 37.613),13357342120,10678122449,32.16422242836125,50.155390113696065,PASS
od_674,독바위,6호선,126.933031,37.618456,pedestrian_support_point,맨홀,서울특별시 은평구 대조동  14-326,126.9289,37.6104,965.657,POINT (126.9289 37.6104),3824954278,11984487711,2.93341759236071,6.710833551117756,PASS
od_524,독바위,6호선,126.933031,37.618456,mobility_facility,성신부동산중개인사무소,서울특별시 은평구 통일로69길 15,126.927,37.6112,965.453,POINT (126.927 37.6112),3824954278,3819768830,2.93341759236071,7.327967965410851,PASS
od_2742,연신내,3호선,126.921038,37.619229,mobility_facility,한마음주간보호센터,서울특별시 은평구 연서로17길 47,126.9123,37.614,965.386,POINT (126.9123 37.614),13357342120,4580122454,32.16422242836125,29.811594616240264,PASS
od_2825,연신내,3호선,126.921038,37.619229,pedestrian_support_point,빗물받이,서울특별시 은평구 불광동  90-8,126.9282,37.6258,965.224,POINT (126.9282 37.6258),13357342120,3823588661,32.16422242836125,16.64976846622106,PASS
od_2851,연신내,3호선,126.921038,37.619229,pedestrian_support_point,빗물받이,서울특별시 은평구 연서로41길 6,126.9282,37.6258,965.224,POINT (126.9282 37.6258),13357342120,3823588661,32.16422242836125,16.64976846622106,PASS
od_2887,연신내,3호선,126.921038,37.619229,pedestrian_support_point,장애인화장실,서울특별시 은평구 서오릉로 190,126.9126,37.6137,965.176,POINT (126.9126 37.6137),13357342120,4580122454,32.16422242836125,38.40005268830982,PASS
od_914,불광,6호선,126.92939,37.610873,mobility_facility,은평장애인주간보호센터,서울특별시 은평구 진흥로 87,126.9217,37.6047,964.609,POINT (126.9217 37.6047),5930698997,3819767887,11.603222454866666,32.80585901030248,PASS
od_383,연신내,6호선,126.920625,37.618636,pedestrian_support_point,구산역3번출구.예일여고,서울특별시 은평구 구산동  1-19,126.9168,37.6105,964.092,POINT (126.9168 37.6105),11230505686,3820983701,20.028299588559467,13.556524690766485,PASS
od_1845,응암,6호선,126.915577,37.598605,pedestrian_support_point,빗물받이,서울특별시 은평구 증산로17길 6-4,126.912,37.5904,963.899,POINT (126.912 37.5904),8735757178,4585901050,11.20363638320314,9.816831017395454,PASS
od_2710,연신내,3호선,126.921038,37.619229,mobility_facility,03.  불광중학교,서울특별시 은평구 불광로 179-6,126.9311,37.6226,963.879,POINT (126.9311 37.6226),13357342120,436849329,32.16422242836125,9.70331697127588,PASS
od_2852,연신내,3호선,126.921038,37.619229,pedestrian_support_point,빗물받이,서울특별시 은평구 불광로 179-6,126.9311,37.6226,963.879,POINT (126.9311 37.6226),13357342120,436849329,32.16422242836125,9.70331697127588,PASS
od_1424,응암,6호선,126.915577,37.598605,mobility_facility,조은 백화점 약국,서울특별시 은평구 응암로 201,126.917,37.59,963.292,POINT (126.917 37.59),8735757178,414686051,11.20363638320314,19.344143175106133,PASS
od_2951,연신내,3호선,126.921038,37.619229,pedestrian_support_point,맨홀,서울특별시 은평구 불광동  산 33-14,126.9316,37.6214,963.08,POINT (126.9316 37.6214),13357342120,5281445624,32.16422242836125,8.842975316969648,PASS
od_3035,연신내,3호선,126.921038,37.619229,pedestrian_support_point,빗물받이,서울특별시 은평구 불광동  산 33-14,126.9316,37.6214,963.08,POINT (126.9316 37.6214),13357342120,5281445624,32.16422242836125,8.842975316969648,PASS
od_973,불광,6호선,126.92939,37.610873,pedestrian_support_point,빗물받이,서울특별시 은평구 은평로 195,126.9292,37.6022,962.755,POINT (126.9292 37.6022),5930698997,2309932443,11.603222454866666,12.952046597324017,PASS
od_1272,불광,6호선,126.92939,37.610873,pedestrian_support_point,빗물받이,서울특별시 은평구 은평로 195,126.9292,37.6022,962.755,POINT (126.9292 37.6022),5930698997,2309932443,11.603222454866666,12.952046597324017,PASS
od_1201,불광,6호선,126.92939,37.610873,pedestrian_support_point,과속방지턱,서울특별시 은평구 은평로 195,126.9294,37.6022,962.609,POINT (126.9294 37.6022),5930698997,4580557578,11.603222454866666,7.79248358969637,PASS
od_2822,연신내,3호선,126.921038,37.619229,pedestrian_support_point,빗물받이,서울특별시 은평구 연서로 347,126.928,37.6259,962.265,POINT (126.928 37.6259),13357342120,3823588661,32.16422242836125,4.520643736324227,PASS
od_3057,연신내,3호선,126.921038,37.619229,pedestrian_support_point,빗물받이,서울특별시 은평구 불광동  73-8,126.928,37.6259,962.265,POINT (126.928 37.6259),13357342120,3823588661,32.16422242836125,4.520643736324227,PASS
od_617,독바위,6호선,126.933031,37.618456,pedestrian_support_point,장애인화장실,서울특별시 은평구 연서로 347,126.9284,37.6263,961.814,POINT (126.9284 37.6263),3824954278,3823588804,2.93341759236071,50.98264538999231,PASS
od_3010,연신내,3호선,126.921038,37.619229,pedestrian_support_point,북한산수자인아파트,서울특별시 은평구 불광동  산 33-14,126.9317,37.621,961.585,POINT (126.9317 37.621),13357342120,3824954538,32.16422242836125,17.513579144980284,PASS
od_1349,응암,6호선,126.915577,37.598605,mobility_facility,역촌리더스공인중개사사무소,서울특별시 은평구 역말로 79,126.9187,37.6069,961.07,POINT (126.9187 37.6069),8735757178,10789220051,11.20363638320314,25.00741557273473,PASS
od_594,독바위,6호선,126.933031,37.618456,pedestrian_support_point,빗물받이,서울특별시 은평구 연서로 347,126.9277,37.626,960.504,POINT (126.9277 37.626),3824954278,3823588710,2.93341759236071,7.768118519763533,PASS
od_1613,응암,6호선,126.915577,37.598605,pedestrian_support_point,장애인화장실,서울특별시 은평구 증산로 379,126.913,37.5902,960.222,POINT (126.913 37.5902),8735757178,10211968018,11.20363638320314,22.672993694594563,PASS
od_3008,연신내,3호선,126.921038,37.619229,pedestrian_support_point,불광중학교,서울특별시 은평구 불광로 179,126.9311,37.6225,959.626,POINT (126.9311 37.6225),13357342120,436849329,32.16422242836125,8.332210614892231,PASS
od_341,연신내,6호선,126.920625,37.618636,pedestrian_support_point,맨홀,서울특별시 은평구 서오릉로 211-2,126.9118,37.6136,958.897,POINT (126.9118 37.6136),11230505686,414687711,20.028299588559467,20.15930840574369,PASS
od_1941,녹번,3호선,126.935756,37.600927,mobility_facility,신일약국,서울특별시 은평구 은평로 156,126.9249,37.6008,958.758,POINT (126.9249 37.6008),436867704,4583440600,5.477178362551235,30.217262208596377,PASS
od_1552,응암,6호선,126.915577,37.598605,pedestrian_support_point,빗물받이,서울특별시 은평구 갈현로7길 26-2,126.9079,37.6047,957.706,POINT (126.9079 37.6047),8735757178,3823349126,11.20363638320314,31.334546317413338,PASS
od_74,연신내,6호선,126.920625,37.618636,mobility_facility,37. 불광중학교,서울특별시 은평구 불광동  177-21,126.9305,37.6222,957.342,POINT (126.9305 37.6222),11230505686,3823587288,20.028299588559467,22.70814480801875,PASS
od_2052,녹번,3호선,126.935756,37.600927,pedestrian_support_point,불광역.불광1동주민센터,서울특별시 은평구 통일로 684,126.9323,37.6091,957.07,POINT (126.9323 37.6091),436867704,5281059749,5.477178362551235,26.60907685078538,PASS
od_2092,녹번,3호선,126.935756,37.600927,pedestrian_support_point,맨홀,서울특별시 은평구 녹번동  81-27,126.9255,37.6037,956.52,POINT (126.9255 37.6037),436867704,2309932419,5.477178362551235,20.068753482489978,PASS
od_2311,불광,3호선,126.92982,37.610553,mobility_facility,제일공인중개사사무소,서울특별시 은평구 불광로 137,126.9325,37.6189,956.167,POINT (126.9325 37.6189),5930698997,5281044431,50.209801741355435,17.843670884316055,PASS
od_1123,불광,6호선,126.92939,37.610873,pedestrian_support_point,맨홀,서울특별시 은평구 불광로13가길 4,126.9326,37.6191,956.08,POINT (126.9326 37.6191),5930698997,3819769960,11.603222454866666,3.915493676482434,PASS
od_1958,녹번,3호선,126.935756,37.600927,mobility_facility,이혜정헤어라인,서울특별시 은평구 진흥로12가길 25,126.9294,37.6079,956.014,POINT (126.9294 37.6079),436867704,4580539387,5.477178362551235,16.523030255681032,PASS
od_1966,녹번,3호선,126.935756,37.600927,mobility_facility,이혜정헤어라인,서울특별시 은평구 진흥로12가길 25,126.9294,37.6079,956.014,POINT (126.9294 37.6079),436867704,4580539387,5.477178362551235,16.523030255681032,PASS
od_2589,불광,3호선,126.92982,37.610553,pedestrian_support_point,과속방지턱,서울특별시 은평구 연서로24길 19-1,126.9199,37.614,955.776,POINT (126.9199 37.614),5930698997,353194574,50.209801741355435,12.82228852760038,PASS
od_1559,응암,6호선,126.915577,37.598605,pedestrian_support_point,빗물받이,서울특별시 은평구 증산로17길 8-1,126.9123,37.5904,955.544,POINT (126.9123 37.5904),8735757178,3822999801,11.20363638320314,6.810504777169023,PASS
od_1573,응암,6호선,126.915577,37.598605,pedestrian_support_point,빗물받이,서울특별시 은평구 증산로17길 6-4,126.9123,37.5904,955.544,POINT (126.9123 37.5904),8735757178,3822999801,11.20363638320314,6.810504777169023,PASS
od_392,연신내,6호선,126.920625,37.618636,pedestrian_support_point,쉘터형 택시 승차대,서울특별시 은평구 역촌동  1-57,126.9171,37.6105,955.136,POINT (126.9171 37.6105),11230505686,10789220081,20.028299588559467,11.985254278910759,PASS
od_3044,연신내,3호선,126.921038,37.619229,pedestrian_support_point,불광제2동주민센터,서울특별시 은평구 연서로41길 18,126.9272,37.6263,954.903,POINT (126.9272 37.6263),13357342120,3823588713,32.16422242836125,28.546508306155513,PASS
od_2091,녹번,3호선,126.935756,37.600927,pedestrian_support_point,맨홀,서울특별시 은평구 녹번동  81-27,126.9254,37.6034,954.788,POINT (126.9254 37.6034),436867704,3811078740,5.477178362551235,6.146600117778667,PASS
od_2956,연신내,3호선,126.921038,37.619229,pedestrian_support_point,맨홀,서울특별시 은평구 연서로 368,126.9287,37.6253,954.756,POINT (126.9287 37.6253),13357342120,5287443584,32.16422242836125,20.8340822832908,PASS
od_2706,연신내,3호선,126.921038,37.619229,mobility_facility,허브공인중개사사무소,서울특별시 은평구 연서로 335,126.9287,37.6253,954.756,POINT (126.9287 37.6253),13357342120,5287443584,32.16422242836125,20.8340822832908,PASS
od_614,독바위,6호선,126.933031,37.618456,pedestrian_support_point,장애인화장실,서울특별시 은평구 통일로 723-1,126.93,37.6102,954.605,POINT (126.93 37.6102),3824954278,11228574113,2.93341759236071,20.903517445198055,PASS
od_615,독바위,6호선,126.933031,37.618456,pedestrian_support_point,장애인화장실,서울특별시 은평구 통일로 723-1,126.93,37.6102,954.605,POINT (126.93 37.6102),3824954278,11228574113,2.93341759236071,20.903517445198055,PASS
od_2849,연신내,3호선,126.921038,37.619229,pedestrian_support_point,빗물받이,서울특별시 은평구 연서로 347,126.9277,37.626,954.284,POINT (126.9277 37.626),13357342120,3823588710,32.16422242836125,7.768118519763533,PASS
od_1792,응암,6호선,126.915577,37.598605,pedestrian_support_point,과속방지턱,서울특별시 은평구 역촌동  71-5,126.9088,37.6053,954.092,POINT (126.9088 37.6053),8735757178,3823349195,11.20363638320314,26.21987325477709,PASS
od_1429,응암,6호선,126.915577,37.598605,mobility_facility,유노이아카페,서울특별시 은평구 갈현로9길 18,126.9085,37.6051,954.046,POINT (126.9085 37.6051),8735757178,3823349178,11.20363638320314,12.337239281271158,PASS
od_487,독바위,6호선,126.933031,37.618456,mobility_facility,34. 불광역 1번출구,서울특별시 은평구 통일로 720,126.9305,37.6101,953.968,POINT (126.9305 37.6101),3824954278,11228574114,2.93341759236071,20.026368740428214,PASS
od_641,독바위,6호선,126.933031,37.618456,pedestrian_support_point,불광역1번출구,서울특별시 은평구 통일로 730-2,126.9305,37.6101,953.968,POINT (126.9305 37.6101),3824954278,11228574114,2.93341759236071,20.026368740428214,PASS
od_3020,연신내,3호선,126.921038,37.619229,pedestrian_support_point,구산동사거리,서울특별시 은평구 갈현로 190,126.9121,37.6144,953.919,POINT (126.9121 37.6144),13357342120,3823585005,32.16422242836125,18.02617517897708,PASS
od_1222,불광,6호선,126.92939,37.610873,pedestrian_support_point,수리초등학교입구,서울특별시 은평구 불광로13가길 4,126.9325,37.6191,953.5,POINT (126.9325 37.6191),5930698997,3824954348,11.603222454866666,7.218873541802049,PASS
od_2868,연신내,3호선,126.921038,37.619229,pedestrian_support_point,장애인화장실,서울특별시 은평구 연서로 137-1,126.9172,37.6112,953.384,POINT (126.9172 37.6112),13357342120,2292697262,32.16422242836125,12.062285546901522,PASS
od_2903,연신내,3호선,126.921038,37.619229,pedestrian_support_point,구산동사거리,서울특별시 은평구 갈현로 186,126.9122,37.6143,952.957,POINT (126.9122 37.6143),13357342120,3823585005,32.16422242836125,14.698389825990628,PASS
od_1862,응암,6호선,126.915577,37.598605,pedestrian_support_point,빗물받이,서울특별시 은평구 증산로17길 8-1,126.9124,37.5904,952.906,POINT (126.9124 37.5904),8735757178,3822999801,11.20363638320314,5.610460425222231,PASS
od_2962,연신내,3호선,126.921038,37.619229,pedestrian_support_point,맨홀,서울특별시 은평구 불광로 179-6,126.9309,37.6227,952.068,POINT (126.9309 37.6227),13357342120,436849329,32.16422242836125,30.40805291217917,PASS
od_2970,연신내,3호선,126.921038,37.619229,pedestrian_support_point,맨홀,서울특별시 은평구 구산동  195-5,126.9139,37.6128,952.003,POINT (126.9139 37.6128),13357342120,10678122449,32.16422242836125,5.896979575038053,PASS
od_1205,불광,6호선,126.92939,37.610873,pedestrian_support_point,과속방지턱,서울특별시 은평구 연서로24길 19-1,126.9194,37.6141,951.988,POINT (126.9194 37.6141),5930698997,3819769251,11.603222454866666,12.36275907922496,PASS
od_2353,불광,3호선,126.92982,37.610553,mobility_facility,주스공인중개사사무소,서울특별시 은평구 은평로21길 25,126.9316,37.6021,951.265,POINT (126.9316 37.6021),5930698997,3811155123,50.209801741355435,16.452260176643716,PASS
od_2981,연신내,3호선,126.921038,37.619229,pedestrian_support_point,맨홀,서울특별시 은평구 불광동  81-1,126.9273,37.6262,950.907,POINT (126.9273 37.6262),13357342120,3823588713,32.16422242836125,17.231495974493825,PASS
od_1595,응암,6호선,126.915577,37.598605,pedestrian_support_point,빗물받이,서울특별시 은평구 증산로17길 6-4,126.9125,37.5904,950.343,POINT (126.9125 37.5904),8735757178,3822999562,11.20363638320314,10.91471920730657,PASS
od_2359,불광,3호선,126.92982,37.610553,pedestrian_support_point,빗물받이,서울특별시 은평구 녹번동  79-17,126.9301,37.602,949.612,POINT (126.9301 37.602),5930698997,2309932442,50.209801741355435,6.06910669456764,PASS
od_2842,연신내,3호선,126.921038,37.619229,pedestrian_support_point,빗물받이,서울특별시 은평구 구산동  1-19,126.917,37.6113,949.506,POINT (126.917 37.6113),13357342120,10678122536,32.16422242836125,7.515165590903744,PASS
od_2176,불광,3호선,126.92982,37.610553,mobility_facility,경호공인중개사사무소,서울특별시 은평구 연서로20길 19-1,126.9201,37.6142,948.874,POINT (126.9201 37.6142),5930698997,353194575,50.209801741355435,17.063956192067714,PASS
od_2848,연신내,3호선,126.921038,37.619229,pedestrian_support_point,빗물받이,서울특별시 은평구 불광동  172-2,126.9308,37.6228,948.584,POINT (126.9308 37.6228),13357342120,3823587658,32.16422242836125,22.807559153553946,PASS
od_1108,불광,6호선,126.92939,37.610873,pedestrian_support_point,은평세무서,서울특별시 은평구 녹번동  83-71,126.9267,37.6026,948.437,POINT (126.9267 37.6026),5930698997,2309932453,11.603222454866666,38.04252296039727,PASS
od_2079,녹번,3호선,126.935756,37.600927,pedestrian_support_point,맨홀,서울특별시 은평구 진흥로 192,126.9313,37.6087,948.21,POINT (126.9313 37.6087),436867704,11178032846,5.477178362551235,4.908142702803897,PASS
od_1146,불광,6호선,126.92939,37.610873,pedestrian_support_point,맨홀,서울특별시 은평구 녹번동  81-27,126.9259,37.6028,947.528,POINT (126.9259 37.6028),5930698997,3811078723,11.603222454866666,9.523194466906133,PASS
od_1186,불광,6호선,126.92939,37.610873,pedestrian_support_point,맨홀,서울특별시 은평구 녹번동  81-27,126.9259,37.6028,947.528,POINT (126.9259 37.6028),5930698997,3811078723,11.603222454866666,9.523194466906133,PASS
od_1170,불광,6호선,126.92939,37.610873,pedestrian_support_point,맨홀,서울특별시 은평구 녹번동  81-27,126.9263,37.6027,947.259,POINT (126.9263 37.6027),5930698997,3811078723,11.603222454866666,27.863610902421552,PASS
od_2310,불광,3호선,126.92982,37.610553,mobility_facility,평화공인중개사사무소,서울특별시 은평구 통일로 631,126.9348,37.603,946.632,POINT (126.9348 37.603),5930698997,3811714788,50.209801741355435,13.30100643863085,PASS
od_2984,연신내,3호선,126.921038,37.619229,pedestrian_support_point,맨홀,서울특별시 은평구 구산동  195-5,126.914,37.6128,946.182,POINT (126.914 37.6128),13357342120,353194173,32.16422242836125,9.645996848153478,PASS
od_958,불광,6호선,126.92939,37.610873,mobility_facility,은평구 장애인 이동기기 수리센터,서울특별시 은평구 서오릉로 19,126.9256,37.6029,946.081,POINT (126.9256 37.6029),5930698997,3811078724,11.603222454866666,8.773216486413075,PASS
od_1235,불광,6호선,126.92939,37.610873,pedestrian_support_point,은평구 장애인 이동기기 수리센터,서울특별시 은평구 서오릉로 19,126.9256,37.6029,946.081,POINT (126.9256 37.6029),5930698997,3811078724,11.603222454866666,8.773216486413075,PASS
od_1452,응암,6호선,126.915577,37.598605,mobility_facility,솔로몬 공인중개사사무소,서울특별시 은평구 증산로17가길 1,126.9119,37.5906,945.95,POINT (126.9119 37.5906),8735757178,4585901050,11.20363638320314,18.270119254739345,PASS
od_1122,불광,6호선,126.92939,37.610873,pedestrian_support_point,맨홀,서울특별시 은평구 불광동  221-70,126.9326,37.619,945.485,POINT (126.9326 37.619),5930698997,3819769960,11.603222454866666,7.206216538360745,PASS
od_2839,연신내,3호선,126.921038,37.619229,pedestrian_support_point,빗물받이,서울특별시 은평구 불광동  172-2,126.9307,37.6229,945.301,POINT (126.9307 37.6229),13357342120,3823587658,32.16422242836125,9.158863188363053,PASS
od_2090,녹번,3호선,126.935756,37.600927,pedestrian_support_point,맨홀,서울특별시 은평구 서오릉로 28,126.9256,37.6036,944.62,POINT (126.9256 37.6036),436867704,3811092372,5.477178362551235,20.904771102248663,PASS
od_2733,연신내,3호선,126.921038,37.619229,mobility_facility,쿠아레비(구산),서울특별시 은평구 서오릉로 149,126.9163,37.6116,944.431,POINT (126.9163 37.6116),13357342120,10789210622,32.16422242836125,12.792520235589928,PASS
od_2027,녹번,3호선,126.935756,37.600927,pedestrian_support_point,장애인화장실,서울특별시 은평구 통일로 684,126.9324,37.609,943.748,POINT (126.9324 37.609),436867704,5281059749,5.477178362551235,38.72721591991591,PASS
od_1213,불광,6호선,126.92939,37.610873,pedestrian_support_point,은평구장애인이동기기수리센터,서울특별시 은평구 서오릉로 19,126.9257,37.6029,942.994,POINT (126.9257 37.6029),5930698997,3811078724,11.603222454866666,13.382872476761294,PASS
od_684,독바위,6호선,126.933031,37.618456,pedestrian_support_point,맨홀,서울특별시 은평구 진흥로15길 26,126.932,37.61,942.929,POINT (126.932 37.61),3824954278,3811140122,2.93341759236071,3.939035099846771,PASS
od_2974,연신내,3호선,126.921038,37.619229,pedestrian_support_point,맨홀,서울특별시 은평구 불광로 179-6,126.9291,37.6248,942.801,POINT (126.9291 37.6248),13357342120,436849336,32.16422242836125,30.24584288738577,PASS
od_1929,녹번,3호선,126.935756,37.600927,mobility_facility,비전화카페,서울특별시 은평구 통일로 684,126.935,37.6094,942.777,POINT (126.935 37.6094),436867704,2960308443,5.477178362551235,57.549501195889306,PASS
od_2987,연신내,3호선,126.921038,37.619229,pedestrian_support_point,맨홀,서울특별시 은평구 불광동  172-2,126.9306,37.623,942.219,POINT (126.9306 37.623),13357342120,3823587658,32.16422242836125,7.071333564895868,PASS
od_1710,응암,6호선,126.915577,37.598605,pedestrian_support_point,맨홀,서울특별시 은평구 역촌동  74-4,126.9079,37.6045,942.158,POINT (126.9079 37.6045),8735757178,3823349126,11.20363638320314,9.4418212993856,PASS
od_2824,연신내,3호선,126.921038,37.619229,pedestrian_support_point,빗물받이,서울특별시 은평구 불광로 179-6,126.9293,37.6246,941.999,POINT (126.9293 37.6246),13357342120,436849336,32.16422242836125,2.0355886847554063,PASS
od_2991,연신내,3호선,126.921038,37.619229,pedestrian_support_point,과속방지턱,서울특별시 은평구 불광동  81-1,126.9273,37.6261,941.899,POINT (126.9273 37.6261),13357342120,3823588713,32.16422242836125,6.6851923764789785,PASS
od_936,불광,6호선,126.92939,37.610873,mobility_facility,은평백세콜,서울특별시 은평구 은평로 195,126.9289,37.6024,941.405,POINT (126.9289 37.6024),5930698997,2309932449,11.603222454866666,32.66901663162708,PASS
od_2227,불광,3호선,126.92982,37.610553,mobility_facility,행복한사진관,서울특별시 은평구 은평로 193-2,126.929,37.6021,940.981,POINT (126.929 37.6021),5930698997,2309932443,50.209801741355435,23.36824229846028,PASS
od_2731,연신내,3호선,126.921038,37.619229,mobility_facility,큰사랑 온누리약국,서울특별시 은평구 서오릉로 149,126.9164,37.6116,940.554,POINT (126.9164 37.6116),13357342120,10789210622,32.16422242836125,5.565090659714759,PASS
od_1381,응암,6호선,126.915577,37.598605,mobility_facility,31. 동부센트레빌 / 등기소 ,서울특별시 은평구 응암동  159-3,126.9262,37.5992,940.425,POINT (126.9262 37.5992),8735757178,3811327086,11.20363638320314,4.870707533762497,PASS
od_1116,불광,6호선,126.92939,37.610873,pedestrian_support_point,맨홀,서울특별시 은평구 녹번동  82-39,126.9266,37.6027,939.972,POINT (126.9266 37.6027),5930698997,2309932453,11.603222454866666,40.89272597890491,PASS
od_1386,응암,6호선,126.915577,37.598605,mobility_facility,행복한찬방,서울특별시 은평구 갈현로11길 15,126.9089,37.6052,939.909,POINT (126.9089 37.6052),8735757178,3823349187,11.20363638320314,27.525863086897385,PASS
od_1751,응암,6호선,126.915577,37.598605,pedestrian_support_point,맨홀,서울특별시 은평구 응암동  610-3,126.9135,37.5903,939.836,POINT (126.9135 37.5903),8735757178,10211968009,11.20363638320314,6.848511444966164,PASS
od_1688,응암,6호선,126.915577,37.598605,pedestrian_support_point,브라운스톤빌앞,서울특별시 은평구 증산로17가길 4-6,126.9125,37.5905,939.713,POINT (126.9125 37.5905),8735757178,3822999566,11.20363638320314,15.573274064714392,PASS
od_2898,연신내,3호선,126.921038,37.619229,pedestrian_support_point,지하철환기구,서울특별시 은평구 구산동  1-19,126.9167,37.6115,939.453,POINT (126.9167 37.6115),13357342120,10678122431,32.16422242836125,8.74888804995012,PASS
od_828,불광,6호선,126.92939,37.610873,mobility_facility,32. 은평세무소 / 은평구청,서울특별시 은평구 녹번동  81-27,126.9262,37.6028,939.246,POINT (126.9262 37.6028),5930698997,3811078723,11.603222454866666,16.919319703537244,PASS
od_1218,불광,6호선,126.92939,37.610873,pedestrian_support_point,녹번초등학교.은평세무서,서울특별시 은평구 녹번동  81-27,126.9262,37.6028,939.246,POINT (126.9262 37.6028),5930698997,3811078723,11.603222454866666,16.919319703537244,PASS
od_1582,응암,6호선,126.915577,37.598605,pedestrian_support_point,빗물받이,서울특별시 은평구 증산로17길 6-4,126.913,37.5904,938.671,POINT (126.913 37.5904),8735757178,10211968025,11.20363638320314,23.70018835616779,PASS
od_1798,응암,6호선,126.915577,37.598605,pedestrian_support_point,안디옥교회.새절역,서울특별시 은평구 증산로17길 6-4,126.913,37.5904,938.671,POINT (126.913 37.5904),8735757178,10211968025,11.20363638320314,23.70018835616779,PASS
od_218,연신내,6호선,126.920625,37.618636,pedestrian_support_point,장애인화장실,서울특별시 은평구 구산동  199-19,126.9127,37.613,938.541,POINT (126.9127 37.613),11230505686,3820983735,20.028299588559467,53.83338009875228,PASS
od_2639,불광,3호선,126.92982,37.610553,pedestrian_support_point,빗물받이,서울특별시 은평구 은평로 195,126.9297,37.6021,938.251,POINT (126.9297 37.6021),5930698997,3811155115,50.209801741355435,14.588506292192106,PASS
od_2636,불광,3호선,126.92982,37.610553,pedestrian_support_point,녹번동주민센터,서울특별시 은평구 은평로 195,126.9299,37.6021,938.217,POINT (126.9299 37.6021),5930698997,3811155115,50.209801741355435,6.9268990609445025,PASS
od_2587,불광,3호선,126.92982,37.610553,pedestrian_support_point,과속방지턱,서울특별시 은평구 녹번동  79-17,126.9298,37.6021,938.192,POINT (126.9298 37.6021),5930698997,3811155115,50.209801741355435,7.265928695528425,PASS
od_2750,연신내,3호선,126.921038,37.619229,mobility_facility,중화대반점,서울특별시 은평구 연서로17길 41,126.913,37.6137,938.187,POINT (126.913 37.6137),13357342120,3823584991,32.16422242836125,30.114589703719034,PASS
od_571,독바위,6호선,126.933031,37.618456,pedestrian_support_point,빗물받이,서울특별시 은평구 연서로 347,126.928,37.6259,938.018,POINT (126.928 37.6259),3824954278,3823588661,2.93341759236071,4.520643736324227,PASS
od_753,독바위,6호선,126.933031,37.618456,pedestrian_support_point,빗물받이,서울특별시 은평구 불광동  73-8,126.928,37.6259,938.018,POINT (126.928 37.6259),3824954278,3823588661,2.93341759236071,4.520643736324227,PASS
od_1772,응암,6호선,126.915577,37.598605,pedestrian_support_point,과속방지턱,서울특별시 은평구 역촌동  71-5,126.9091,37.6053,937.702,POINT (126.9091 37.6053),8735757178,3823349187,11.20363638320314,6.912229989478954,PASS
od_473,독바위,6호선,126.933031,37.618456,mobility_facility,미래공인중개사사무소,서울특별시 은평구 통일로75길 6-20,126.9227,37.6165,937.571,POINT (126.9227 37.6165),3824954278,3819769671,2.93341759236071,8.654977869873616,PASS
od_2982,연신내,3호선,126.921038,37.619229,pedestrian_support_point,맨홀,서울특별시 은평구 구산동  195-5,126.9143,37.6127,937.555,POINT (126.9143 37.6127),13357342120,10678140797,32.16422242836125,31.83831253118486,PASS
od_2065,녹번,3호선,126.935756,37.600927,pedestrian_support_point,불광역3호선.서울혁신파크,서울특별시 은평구 진흥로 200,126.9316,37.6087,937.528,POINT (126.9316 37.6087),436867704,11204976882,5.477178362551235,1.9067441159293512,PASS
od_376,연신내,6호선,126.920625,37.618636,pedestrian_support_point,구산사거리,서울특별시 은평구 서오릉로 187,126.9125,37.6132,937.337,POINT (126.9125 37.6132),11230505686,3820983733,20.028299588559467,26.817037783742293,PASS
od_1666,응암,6호선,126.915577,37.598605,pedestrian_support_point,시립서북병원세현교회앞,서울특별시 은평구 갈현로 94,126.9107,37.6061,936.731,POINT (126.9107 37.6061),8735757178,3820984140,11.20363638320314,17.577828696685152,PASS
od_2832,연신내,3호선,126.921038,37.619229,pedestrian_support_point,빗물받이,서울특별시 은평구 불광로 179-6,126.9304,37.6232,936.671,POINT (126.9304 37.6232),13357342120,3823587739,32.16422242836125,7.238624858678553,PASS
od_514,독바위,6호선,126.933031,37.618456,mobility_facility,온라인공인중개사사무소,서울특별시 은평구 통일로73길 11-1,126.9232,37.6153,935.971,POINT (126.9232 37.6153),3824954278,3819769391,2.93341759236071,8.973028368813019,PASS
od_521,독바위,6호선,126.933031,37.618456,mobility_facility,온라인공인중개사사무소,서울특별시 은평구 통일로73길 11-1,126.9232,37.6153,935.971,POINT (126.9232 37.6153),3824954278,3819769391,2.93341759236071,8.973028368813019,PASS
od_1673,응암,6호선,126.915577,37.598605,pedestrian_support_point,시립서북병원세현교회앞,서울특별시 은평구 역촌동  51-30,126.9105,37.606,935.226,POINT (126.9105 37.606),8735757178,3820984140,11.20363638320314,6.0530672978202045,PASS
od_2829,연신내,3호선,126.921038,37.619229,pedestrian_support_point,빗물받이,서울특별시 은평구 불광로 179-6,126.9294,37.6244,935.065,POINT (126.9294 37.6244),13357342120,3823588067,32.16422242836125,19.56746374656779,PASS
od_2805,연신내,3호선,126.921038,37.619229,mobility_facility,경하프라자약국,서울특별시 은평구 서오릉로 157,126.9156,37.612,935.02,POINT (126.9156 37.612),13357342120,10789210621,32.16422242836125,19.711571964702642,PASS
od_1773,응암,6호선,126.915577,37.598605,pedestrian_support_point,과속방지턱,서울특별시 은평구 역촌동  73-7,126.9079,37.6044,934.485,POINT (126.9079 37.6044),8735757178,3823349126,11.20363638320314,3.704792441358855,PASS
od_1635,응암,6호선,126.915577,37.598605,pedestrian_support_point,장애인화장실,서울특별시 은평구 은평로13길 35,126.9237,37.604,934.386,POINT (126.9237 37.604),8735757178,4582158286,11.20363638320314,37.71081808549931,PASS
od_1433,응암,6호선,126.915577,37.598605,mobility_facility,한양설렁탕,서울특별시 은평구 은평로 161,126.9256,37.6013,934.282,POINT (126.9256 37.6013),8735757178,2309932462,11.20363638320314,23.416787103986195,PASS
od_2969,연신내,3호선,126.921038,37.619229,pedestrian_support_point,맨홀,서울특별시 은평구 불광로 179-6,126.9303,37.6233,934.207,POINT (126.9303 37.6233),13357342120,3823587739,32.16422242836125,8.10577710448668,PASS
od_2828,연신내,3호선,126.921038,37.619229,pedestrian_support_point,빗물받이,서울특별시 은평구 불광로 179-6,126.9303,37.6233,934.207,POINT (126.9303 37.6233),13357342120,3823587739,32.16422242836125,8.10577710448668,PASS
od_565,독바위,6호선,126.933031,37.618456,mobility_facility,불광역,서울특별시 은평구 통일로 725,126.93,37.6104,933.317,POINT (126.93 37.6104),3824954278,11228574114,2.93341759236071,35.99324921185278,PASS
od_731,독바위,6호선,126.933031,37.618456,pedestrian_support_point,불광역,서울특별시 은평구 통일로 723-1,126.93,37.6104,933.317,POINT (126.93 37.6104),3824954278,11228574114,2.93341759236071,35.99324921185278,PASS
od_2914,연신내,3호선,126.921038,37.619229,pedestrian_support_point,역촌중앙시장,서울특별시 은평구 구산동  195-5,126.9147,37.6125,933.222,POINT (126.9147 37.6125),13357342120,10678140797,32.16422242836125,16.55785900757153,PASS
od_1753,응암,6호선,126.915577,37.598605,pedestrian_support_point,맨홀,서울특별시 은평구 연서로9길 5-5,126.9151,37.607,932.705,POINT (126.9151 37.607),8735757178,10789210633,11.20363638320314,24.834861458125534,PASS
od_501,독바위,6호선,126.933031,37.618456,mobility_facility,한남공인중개사사무소,서울특별시 은평구 통일로77길 3-1,126.9227,37.6167,932.68,POINT (126.9227 37.6167),3824954278,4580262735,2.93341759236071,21.33473138104275,PASS
od_922,불광,6호선,126.92939,37.610873,mobility_facility,제일공인중개사사무소,서울특별시 은평구 불광로 137,126.9325,37.6189,932.264,POINT (126.9325 37.6189),5930698997,5281044431,11.603222454866666,17.843670884316055,PASS
od_713,독바위,6호선,126.933031,37.618456,pedestrian_support_point,과속방지턱,서울특별시 은평구 진흥로15길 26,126.932,37.6101,931.883,POINT (126.932 37.6101),3824954278,3811140122,2.93341759236071,8.751906062658577,PASS
od_1971,녹번,3호선,126.935756,37.600927,mobility_facility,정관장,서울특별시 은평구 진흥로 196,126.9312,37.6085,931.838,POINT (126.9312 37.6085),436867704,10678122748,5.477178362551235,14.10087479940482,PASS
od_29,연신내,6호선,126.920625,37.618636,mobility_facility,또봉이통닭,서울특별시 은평구 서오릉로 196,126.912,37.6138,931.641,POINT (126.912 37.6138),11230505686,414687711,20.028299588559467,33.435285182826185,PASS
od_2010,녹번,3호선,126.935756,37.600927,pedestrian_support_point,맨홀,서울특별시 은평구 녹번동  81-27,126.9256,37.6032,931.633,POINT (126.9256 37.6032),436867704,3811092363,5.477178362551235,20.038868778181183,PASS
od_1238,불광,6호선,126.92939,37.610873,pedestrian_support_point,은평구 보건소,서울특별시 은평구 은평로 195,126.9287,37.6025,931.307,POINT (126.9287 37.6025),5930698997,2309932449,11.603222454866666,27.8412105332821,PASS
od_112,연신내,6호선,126.920625,37.618636,mobility_facility,카페게이트구산사거리점,서울특별시 은평구 서오릉로 196,126.9121,37.6137,930.928,POINT (126.9121 37.6137),11230505686,3820983733,20.028299588559467,39.01305862791284,PASS
od_1237,불광,6호선,126.92939,37.610873,pedestrian_support_point,은평구청,서울특별시 은평구 은평로 195,126.9288,37.6025,930.771,POINT (126.9288 37.6025),5930698997,2309932449,11.603222454866666,32.58558127160425,PASS
od_2841,연신내,3호선,126.921038,37.619229,pedestrian_support_point,빗물받이,서울특별시 은평구 불광로 179-6,126.9297,37.624,930.142,POINT (126.9297 37.624),13357342120,3823587889,32.16422242836125,9.693311760326324,PASS
od_305,연신내,6호선,126.920625,37.618636,pedestrian_support_point,맨홀,서울특별시 은평구 구산동  195-3,126.9124,37.6134,930.081,POINT (126.9124 37.6134),11230505686,3820983733,20.028299588559467,5.146382135906444,PASS
od_1287,응암,6호선,126.915577,37.598605,mobility_facility,명가공인중개사사무소,서울특별시 은평구 백련산로 84,126.9234,37.593,929.676,POINT (126.9234 37.593),8735757178,8476907274,11.20363638320314,21.808009961327876,PASS
od_138,연신내,6호선,126.920625,37.618636,mobility_facility,명문공인중개사사무소,서울특별시 은평구 갈현로 181-5,126.9117,37.6142,929.142,POINT (126.9117 37.6142),11230505686,3823585007,20.028299588559467,18.540024519361108,PASS
od_2361,불광,3호선,126.92982,37.610553,pedestrian_support_point,빗물받이,서울특별시 은평구 은평로 195,126.9292,37.6022,928.707,POINT (126.9292 37.6022),5930698997,2309932443,50.209801741355435,12.952046597324017,PASS
od_2648,불광,3호선,126.92982,37.610553,pedestrian_support_point,빗물받이,서울특별시 은평구 은평로 195,126.9292,37.6022,928.707,POINT (126.9292 37.6022),5930698997,2309932443,50.209801741355435,12.952046597324017,PASS
od_1115,불광,6호선,126.92939,37.610873,pedestrian_support_point,맨홀,서울특별시 은평구 녹번동  81-27,126.9262,37.6029,928.664,POINT (126.9262 37.6029),5930698997,3811078723,11.603222454866666,20.47085922994002,PASS
od_622,독바위,6호선,126.933031,37.618456,pedestrian_support_point,불광,서울특별시 은평구 통일로 730-2,126.9302,37.6104,928.408,POINT (126.9302 37.6104),3824954278,11228574114,2.93341759236071,26.39718303339748,PASS
od_2856,연신내,3호선,126.921038,37.619229,pedestrian_support_point,빗물받이,서울특별시 은평구 불광로 179-6,126.9294,37.6243,928.295,POINT (126.9294 37.6243),13357342120,3823588067,32.16422242836125,11.697661414695668,PASS
od_2588,불광,3호선,126.92982,37.610553,pedestrian_support_point,과속방지턱,서울특별시 은평구 연서로24길 19-1,126.9203,37.6141,928.172,POINT (126.9203 37.6141),5930698997,3819769256,50.209801741355435,4.546909510285207,PASS
od_2977,연신내,3호선,126.921038,37.619229,pedestrian_support_point,맨홀,서울특별시 은평구 불광로 179-6,126.93,37.6236,928.078,POINT (126.93 37.6236),13357342120,3823587796,32.16422242836125,9.692820124103024,PASS
od_2975,연신내,3호선,126.921038,37.619229,pedestrian_support_point,맨홀,서울특별시 은평구 구산동  195-5,126.9148,37.6125,927.955,POINT (126.9148 37.6125),13357342120,10678140797,32.16422242836125,20.547501959333104,PASS
od_2580,불광,3호선,126.92982,37.610553,pedestrian_support_point,과속방지턱,서울특별시 은평구 은평로 195,126.9294,37.6022,927.833,POINT (126.9294 37.6022),5930698997,4580557578,50.209801741355435,7.79248358969637,PASS
od_2241,불광,3호선,126.92982,37.610553,mobility_facility,한남공인중개사사무소,서울특별시 은평구 통일로77길 3-1,126.9227,37.6167,927.711,POINT (126.9227 37.6167),5930698997,4580262735,50.209801741355435,21.33473138104275,PASS
od_2347,불광,3호선,126.92982,37.610553,mobility_facility,은평구 장애인 이동기기 수리센터,서울특별시 은평구 서오릉로 19,126.9256,37.6029,927.539,POINT (126.9256 37.6029),5930698997,3811078724,50.209801741355435,8.773216486413075,PASS
od_2614,불광,3호선,126.92982,37.610553,pedestrian_support_point,은평구 장애인 이동기기 수리센터,서울특별시 은평구 서오릉로 19,126.9256,37.6029,927.539,POINT (126.9256 37.6029),5930698997,3811078724,50.209801741355435,8.773216486413075,PASS
od_2527,불광,3호선,126.92982,37.610553,pedestrian_support_point,맨홀,서울특별시 은평구 녹번동  81-27,126.9259,37.6028,927.506,POINT (126.9259 37.6028),5930698997,3811078723,50.209801741355435,9.523194466906133,PASS
od_2565,불광,3호선,126.92982,37.610553,pedestrian_support_point,맨홀,서울특별시 은평구 녹번동  81-27,126.9259,37.6028,927.506,POINT (126.9259 37.6028),5930698997,3811078723,50.209801741355435,9.523194466906133,PASS
od_874,불광,6호선,126.92939,37.610873,mobility_facility,대영공인중개사사무소,서울특별시 은평구 연서로18길 14,126.919,37.6121,927.426,POINT (126.919 37.6121),5930698997,3819769006,11.603222454866666,36.067131538815794,PASS
od_1742,응암,6호선,126.915577,37.598605,pedestrian_support_point,맨홀,서울특별시 은평구 응암동  610-3,126.9136,37.5904,927.25,POINT (126.9136 37.5904),8735757178,8757675547,11.20363638320314,15.11579127043631,PASS
od_2900,연신내,3호선,126.921038,37.619229,pedestrian_support_point,북한산대창센시티아파트,서울특별시 은평구 불광동  172-18,126.9299,37.6237,926.46,POINT (126.9299 37.6237),13357342120,3823587831,32.16422242836125,2.7925222424313016,PASS
od_3037,연신내,3호선,126.921038,37.619229,pedestrian_support_point,빗물받이,서울특별시 은평구 불광로 179-6,126.9299,37.6237,926.46,POINT (126.9299 37.6237),13357342120,3823587831,32.16422242836125,2.7925222424313016,PASS
od_3060,연신내,3호선,126.921038,37.619229,pedestrian_support_point,빗물받이,서울특별시 은평구 불광로 179-6,126.9299,37.6237,926.46,POINT (126.9299 37.6237),13357342120,3823587831,32.16422242836125,2.7925222424313016,PASS
od_2965,연신내,3호선,126.921038,37.619229,pedestrian_support_point,맨홀,서울특별시 은평구 구산동  1-22,126.9158,37.612,926.077,POINT (126.9158 37.612),13357342120,10789210621,32.16422242836125,8.629385891118837,PASS
od_1448,응암,6호선,126.915577,37.598605,mobility_facility,신도문방구,서울특별시 은평구 은평로 161,126.9255,37.6013,925.92,POINT (126.9255 37.6013),8735757178,2309932462,11.20363638320314,31.576794822772314,PASS
od_2210,불광,3호선,126.92982,37.610553,mobility_facility,04.  독바위역  1번출구,서울특별시 은평구 불광동  13-6,126.933,37.6185,925.639,POINT (126.933 37.6185),5930698997,3824954278,50.209801741355435,4.294443059715804,PASS
od_2846,연신내,3호선,126.921038,37.619229,pedestrian_support_point,빗물받이,서울특별시 은평구 갈현동  536-9,126.9171,37.6115,925.617,POINT (126.9171 37.6115),13357342120,10678122535,32.16422242836125,4.990830024367615,PASS
od_2151,불광,3호선,126.92982,37.610553,mobility_facility,온누리(단지내)공인중개사사무소,서울특별시 은평구 불광로 122-10,126.9337,37.6183,925.562,POINT (126.9337 37.6183),5930698997,8373737838,50.209801741355435,13.544050117298752,PASS
od_99,연신내,6호선,126.920625,37.618636,mobility_facility,장원축산고기마트,서울특별시 은평구 연서로 325,126.9282,37.6244,925.461,POINT (126.9282 37.6244),11230505686,3823588115,20.028299588559467,20.288996556302894,PASS
od_2549,불광,3호선,126.92982,37.610553,pedestrian_support_point,맨홀,서울특별시 은평구 녹번동  81-27,126.9263,37.6027,925.358,POINT (126.9263 37.6027),5930698997,3811078723,50.209801741355435,27.863610902421552,PASS
od_2952,연신내,3호선,126.921038,37.619229,pedestrian_support_point,맨홀,서울특별시 은평구 불광로 179-6,126.9298,37.6238,925.057,POINT (126.9298 37.6238),13357342120,3823587844,32.16422242836125,7.666658005518447,PASS
od_3059,연신내,3호선,126.921038,37.619229,pedestrian_support_point,빗물받이,서울특별시 은평구 불광로 179-6,126.9298,37.6238,925.057,POINT (126.9298 37.6238),13357342120,3823587844,32.16422242836125,7.666658005518447,PASS
od_2489,불광,3호선,126.92982,37.610553,pedestrian_support_point,은평세무서,서울특별시 은평구 녹번동  83-71,126.9267,37.6026,924.689,POINT (126.9267 37.6026),5930698997,2309932453,50.209801741355435,38.04252296039727,PASS
od_28,연신내,6호선,126.920625,37.618636,mobility_facility,고니축산,서울특별시 은평구 서오릉로 196,126.9121,37.6138,924.439,POINT (126.9121 37.6138),11230505686,414687711,20.028299588559467,42.01533674033817,PASS
od_113,연신내,6호선,126.920625,37.618636,mobility_facility,구산김밥,서울특별시 은평구 서오릉로 196,126.9121,37.6138,924.439,POINT (126.9121 37.6138),11230505686,414687711,20.028299588559467,42.01533674033817,PASS
od_2592,불광,3호선,126.92982,37.610553,pedestrian_support_point,은평구장애인이동기기수리센터,서울특별시 은평구 서오릉로 19,126.9257,37.6029,924.027,POINT (126.9257 37.6029),5930698997,3811078724,50.209801741355435,13.382872476761294,PASS
od_1250,불광,6호선,126.92939,37.610873,pedestrian_support_point,빗물받이,서울특별시 은평구 연서로24길 19-1,126.9197,37.614,923.271,POINT (126.9197 37.614),5930698997,353194574,11.603222454866666,7.854241456992831,PASS
od_1991,녹번,3호선,126.935756,37.600927,mobility_facility,은평구 장애인 이동기기 수리센터,서울특별시 은평구 서오릉로 19,126.9256,37.6029,923.175,POINT (126.9256 37.6029),436867704,3811078724,5.477178362551235,8.773216486413075,PASS
od_2128,녹번,3호선,126.935756,37.600927,pedestrian_support_point,은평구 장애인 이동기기 수리센터,서울특별시 은평구 서오릉로 19,126.9256,37.6029,923.175,POINT (126.9256 37.6029),436867704,3811078724,5.477178362551235,8.773216486413075,PASS
od_2930,연신내,3호선,126.921038,37.619229,pedestrian_support_point,북한산대창센시티아파트,서울특별시 은평구 연서로 368,126.9288,37.6248,922.971,POINT (126.9288 37.6248),13357342120,436862217,32.16422242836125,23.525468875293775,PASS
od_2170,불광,3호선,126.92982,37.610553,mobility_facility,바코드짐,서울특별시 은평구 통일로 633,126.9347,37.6032,922.875,POINT (126.9347 37.6032),5930698997,3811714788,50.209801741355435,35.7870868411475,PASS
od_3039,연신내,3호선,126.921038,37.619229,pedestrian_support_point,빗물받이,서울특별시 은평구 불광로 179-6,126.9295,37.6241,922.144,POINT (126.9295 37.6241),13357342120,3823587941,32.16422242836125,9.29145977777856,PASS
od_1463,응암,6호선,126.915577,37.598605,mobility_facility,09.  동부센트레빌,서울특별시 은평구 응암동  159-3,126.926,37.5991,922.081,POINT (126.926 37.5991),8735757178,3811327086,11.20363638320314,16.687828035020395,PASS
od_1470,응암,6호선,126.915577,37.598605,mobility_facility,온나라공인중개사사무소,서울특별시 은평구 역말로7길 5,126.9179,37.6067,921.576,POINT (126.9179 37.6067),8735757178,3819768028,11.20363638320314,24.397915944260838,PASS
od_798,불광,6호선,126.92939,37.610873,mobility_facility,태양공인중개사사무소,서울특별시 은평구 연서로26길 21,126.9215,37.6163,920.918,POINT (126.9215 37.6163),5930698997,3819769663,11.603222454866666,22.581820820845692,PASS
od_2978,연신내,3호선,126.921038,37.619229,pedestrian_support_point,맨홀,서울특별시 은평구 구산동  195-5,126.9153,37.6123,920.91,POINT (126.9153 37.6123),13357342120,10789210620,32.16422242836125,6.689540301331119,PASS
od_2855,연신내,3호선,126.921038,37.619229,pedestrian_support_point,빗물받이,서울특별시 은평구 구산동  195-5,126.9153,37.6123,920.91,POINT (126.9153 37.6123),13357342120,10789210620,32.16422242836125,6.689540301331119,PASS
od_1793,응암,6호선,126.915577,37.598605,pedestrian_support_point,과속방지턱,서울특별시 은평구 역촌동  71-5,126.9096,37.6054,920.514,POINT (126.9096 37.6054),8735757178,436776301,11.20363638320314,10.571078228975132,PASS
od_574,독바위,6호선,126.933031,37.618456,pedestrian_support_point,빗물받이,서울특별시 은평구 불광동  90-8,126.9282,37.6258,919.94,POINT (126.9282 37.6258),3824954278,3823588661,2.93341759236071,16.64976846622106,PASS
od_597,독바위,6호선,126.933031,37.618456,pedestrian_support_point,빗물받이,서울특별시 은평구 연서로41길 6,126.9282,37.6258,919.94,POINT (126.9282 37.6258),3824954278,3823588661,2.93341759236071,16.64976846622106,PASS
od_77,연신내,6호선,126.920625,37.618636,mobility_facility,포도원복지센터,서울특별시 은평구 연서로41가길 24-3,126.9254,37.626,919.63,POINT (126.9254 37.626),11230505686,3823588657,20.028299588559467,24.324185606805255,PASS
od_2792,연신내,3호선,126.921038,37.619229,mobility_facility,박채김치찌개구산역점,서울특별시 은평구 서오릉로 178,126.9139,37.6132,919.196,POINT (126.9139 37.6132),13357342120,10678122450,32.16422242836125,28.47391710862614,PASS
od_1632,응암,6호선,126.915577,37.598605,pedestrian_support_point,장애인화장실,서울특별시 은평구 갈현로14길 32,126.9141,37.6068,918.859,POINT (126.9141 37.6068),8735757178,3820984134,11.20363638320314,27.759040185976865,PASS
od_2152,불광,3호선,126.92982,37.610553,mobility_facility,힐스테이트공인중개사사무소,서울특별시 은평구 불광로 122-10,126.9338,37.6182,918.602,POINT (126.9338 37.6182),5930698997,8373737842,50.209801741355435,15.77186304936106,PASS
od_897,불광,6호선,126.92939,37.610873,mobility_facility,스마일공인중개사사무소,서울특별시 은평구 통일로78길 12-4,126.9239,37.6179,918.273,POINT (126.9239 37.6179),5930698997,3819769843,11.603222454866666,13.621190611487025,PASS
od_2219,불광,3호선,126.92982,37.610553,mobility_facility,32. 은평세무소 / 은평구청,서울특별시 은평구 녹번동  81-27,126.9262,37.6028,917.949,POINT (126.9262 37.6028),5930698997,3811078723,50.209801741355435,16.919319703537244,PASS
od_2597,불광,3호선,126.92982,37.610553,pedestrian_support_point,녹번초등학교.은평세무서,서울특별시 은평구 녹번동  81-27,126.9262,37.6028,917.949,POINT (126.9262 37.6028),5930698997,3811078723,50.209801741355435,16.919319703537244,PASS
od_2107,녹번,3호선,126.935756,37.600927,pedestrian_support_point,맨홀,서울특별시 은평구 녹번동  81-27,126.9258,37.6033,917.767,POINT (126.9258 37.6033),436867704,3811092363,5.477178362551235,25.072509036697348,PASS
od_3011,연신내,3호선,126.921038,37.619229,pedestrian_support_point,북한산대창센시티아파트,서울특별시 은평구 불광로 199,126.9297,37.6238,917.687,POINT (126.9297 37.6238),13357342120,3823587889,32.16422242836125,14.256969108404567,PASS
od_1432,응암,6호선,126.915577,37.598605,mobility_facility,살림한의원,서울특별시 은평구 갈현로12길 17-1,126.9125,37.6065,917.419,POINT (126.9125 37.6065),8735757178,3820984261,11.20363638320314,14.590797319240014,PASS
od_2497,불광,3호선,126.92982,37.610553,pedestrian_support_point,맨홀,서울특별시 은평구 녹번동  82-39,126.9266,37.6027,916.8,POINT (126.9266 37.6027),5930698997,2309932453,50.209801741355435,40.89272597890491,PASS
od_1650,응암,6호선,126.915577,37.598605,pedestrian_support_point,지하철환기구,서울특별시 은평구 증산로 400,126.9136,37.5905,916.352,POINT (126.9136 37.5905),8735757178,8757675547,11.20363638320314,13.645543155831032,PASS
od_1180,불광,6호선,126.92939,37.610873,pedestrian_support_point,맨홀,서울특별시 은평구 녹번동  82-39,126.9267,37.6029,916.239,POINT (126.9267 37.6029),5930698997,436862858,11.603222454866666,20.026418466800777,PASS
od_965,불광,6호선,126.92939,37.610873,pedestrian_support_point,빗물받이,서울특별시 은평구 녹번동  82-39,126.9267,37.6029,916.239,POINT (126.9267 37.6029),5930698997,436862858,11.603222454866666,20.026418466800777,PASS
od_2972,연신내,3호선,126.921038,37.619229,pedestrian_support_point,맨홀,서울특별시 은평구 구산동  195-5,126.9154,37.6123,916.082,POINT (126.9154 37.6123),13357342120,4584668991,32.16422242836125,12.621180192978276,PASS
od_2894,연신내,3호선,126.921038,37.619229,pedestrian_support_point,구산,서울특별시 은평구 연서로 143,126.9171,37.6116,915.34,POINT (126.9171 37.6116),13357342120,10678122461,32.16422242836125,3.680887247345679,PASS
od_1009,불광,6호선,126.92939,37.610873,pedestrian_support_point,맨홀,서울특별시 은평구 녹번동  81-27,126.9256,37.6032,915.013,POINT (126.9256 37.6032),5930698997,3811092363,11.603222454866666,20.038868778181183,PASS
od_2116,녹번,3호선,126.935756,37.600927,pedestrian_support_point,은평구장애인이동기기수리센터,서울특별시 은평구 서오릉로 19,126.9257,37.6029,914.599,POINT (126.9257 37.6029),436867704,3811078724,5.477178362551235,13.382872476761294,PASS
od_1504,응암,6호선,126.915577,37.598605,mobility_facility,샬롬미용실,서울특별시 은평구 갈현로12길 6-1,126.9113,37.6061,913.585,POINT (126.9113 37.6061),8735757178,3820984272,11.20363638320314,12.025597395437364,PASS
od_1039,불광,6호선,126.92939,37.610873,pedestrian_support_point,장애인화장실,서울특별시 은평구 은평로13길 35,126.9237,37.604,913.418,POINT (126.9237 37.604),5930698997,4582158286,11.603222454866666,37.71081808549931,PASS
od_2134,녹번,3호선,126.935756,37.600927,pedestrian_support_point,은평구립우리장애인복지관,서울특별시 은평구 녹번로1길 13,126.9265,37.6046,913.367,POINT (126.9265 37.6046),436867704,6212920326,5.477178362551235,43.144007757706134,PASS
od_626,독바위,6호선,126.933031,37.618456,pedestrian_support_point,지하철환기구,서울특별시 은평구 통일로 723-1,126.9296,37.6107,912.576,POINT (126.9296 37.6107),3824954278,5930698997,2.93341759236071,26.757946783670942,PASS
od_2199,불광,3호선,126.92982,37.610553,mobility_facility,미래공인중개사사무소,서울특별시 은평구 통일로75길 6-20,126.9227,37.6165,911.511,POINT (126.9227 37.6165),5930698997,3819769671,50.209801741355435,8.654977869873616,PASS
od_2036,녹번,3호선,126.935756,37.600927,pedestrian_support_point,장애인화장실,서울특별시 은평구 녹번로1길 1,126.9263,37.6042,910.603,POINT (126.9263 37.6042),436867704,3811092374,5.477178362551235,39.6705027504843,PASS
od_330,연신내,6호선,126.920625,37.618636,pedestrian_support_point,맨홀,서울특별시 은평구 구산동  195-3,126.9129,37.6132,910.594,POINT (126.9129 37.6132),11230505686,3820983733,20.028299588559467,54.227281238066595,PASS
od_1762,응암,6호선,126.915577,37.598605,pedestrian_support_point,맨홀,서울특별시 은평구 연서로9길 5-5,126.9151,37.6068,910.53,POINT (126.9151 37.6068),8735757178,10789210633,11.20363638320314,3.304144455211579,PASS
od_1976,녹번,3호선,126.935756,37.600927,mobility_facility,은평구립 우리장애인복지관,서울특별시 은평구 녹번로1길 13,126.9266,37.6047,910.524,POINT (126.9266 37.6047),436867704,6212920326,5.477178362551235,33.39870548699707,PASS
od_1900,녹번,3호선,126.935756,37.600927,mobility_facility,은평구립직업재활센터,서울특별시 은평구 녹번로1길 13,126.9266,37.6047,910.524,POINT (126.9266 37.6047),436867704,6212920326,5.477178362551235,33.39870548699707,PASS
od_2348,불광,3호선,126.92982,37.610553,mobility_facility,독바위역,서울특별시 은평구 불광로 129-1,126.9328,37.6184,909.807,POINT (126.9328 37.6184),5930698997,3819769881,50.209801741355435,14.395088608804356,PASS
od_2611,불광,3호선,126.92982,37.610553,pedestrian_support_point,독바위역,서울특별시 은평구 불광로 129-1,126.9328,37.6184,909.807,POINT (126.9328 37.6184),5930698997,3819769881,50.209801741355435,14.395088608804356,PASS
od_2408,불광,3호선,126.92982,37.610553,pedestrian_support_point,장애인화장실,서울특별시 은평구 불광로 129-1,126.9328,37.6184,909.807,POINT (126.9328 37.6184),5930698997,3819769881,50.209801741355435,14.395088608804356,PASS
od_239,연신내,6호선,126.920625,37.618636,pedestrian_support_point,장애인화장실,서울특별시 은평구 서오릉로 137,126.9176,37.6108,909.796,POINT (126.9176 37.6108),11230505686,10678122540,20.028299588559467,15.033987745238399,PASS
od_746,독바위,6호선,126.933031,37.618456,pedestrian_support_point,불광제1동주민센터,서울특별시 은평구 진흥로15길 10,126.932,37.6103,909.793,POINT (126.932 37.6103),3824954278,3811140122,2.93341759236071,30.669469881853335,PASS
od_284,연신내,6호선,126.920625,37.618636,pedestrian_support_point,구산사거리,서울특별시 은평구 서오릉로 190,126.9125,37.6136,909.394,POINT (126.9125 37.6136),11230505686,3820983733,20.028299588559467,25.64810549851991,PASS
od_2591,불광,3호선,126.92982,37.610553,pedestrian_support_point,과속방지턱,서울특별시 은평구 연서로24길 19-1,126.9206,37.6142,909.141,POINT (126.9206 37.6142),5930698997,3819769265,50.209801741355435,1.5417807908287513,PASS
od_1686,응암,6호선,126.915577,37.598605,pedestrian_support_point,새절역,서울특별시 은평구 증산로 400,126.9134,37.5906,909.03,POINT (126.9134 37.5906),8735757178,3822999210,11.20363638320314,18.812092713571673,PASS
od_609,독바위,6호선,126.933031,37.618456,pedestrian_support_point,장애인화장실,서울특별시 은평구 진흥로15길 10,126.9321,37.6103,908.953,POINT (126.9321 37.6103),3824954278,3811140122,2.93341759236071,31.138979204294397,PASS
od_610,독바위,6호선,126.933031,37.618456,pedestrian_support_point,장애인화장실,서울특별시 은평구 진흥로15길 10,126.9321,37.6103,908.953,POINT (126.9321 37.6103),3824954278,3811140122,2.93341759236071,31.138979204294397,PASS
od_2325,불광,3호선,126.92982,37.610553,mobility_facility,은평백세콜,서울특별시 은평구 은평로 195,126.9289,37.6024,908.533,POINT (126.9289 37.6024),5930698997,2309932449,50.209801741355435,32.66901663162708,PASS
od_1012,불광,6호선,126.92939,37.610873,pedestrian_support_point,장애인화장실,서울특별시 은평구 은평로 195,126.9289,37.6027,908.145,POINT (126.9289 37.6027),5930698997,3811139662,11.603222454866666,29.568490775682942,PASS
od_1013,불광,6호선,126.92939,37.610873,pedestrian_support_point,장애인화장실,서울특별시 은평구 은평로 195,126.9289,37.6027,908.145,POINT (126.9289 37.6027),5930698997,3811139662,11.603222454866666,29.568490775682942,PASS
od_1014,불광,6호선,126.92939,37.610873,pedestrian_support_point,장애인화장실,서울특별시 은평구 은평로 195,126.9289,37.6027,908.145,POINT (126.9289 37.6027),5930698997,3811139662,11.603222454866666,29.568490775682942,PASS
od_1015,불광,6호선,126.92939,37.610873,pedestrian_support_point,장애인화장실,서울특별시 은평구 은평로 195,126.9289,37.6027,908.145,POINT (126.9289 37.6027),5930698997,3811139662,11.603222454866666,29.568490775682942,PASS
od_760,불광,6호선,126.92939,37.610873,mobility_facility,온누리(단지내)공인중개사사무소,서울특별시 은평구 불광로 122-10,126.9337,37.6183,907.911,POINT (126.9337 37.6183),5930698997,8373737838,11.603222454866666,13.544050117298752,PASS
od_1774,응암,6호선,126.915577,37.598605,pedestrian_support_point,과속방지턱,서울특별시 은평구 역촌동  73-7,126.9082,37.6043,907.685,POINT (126.9082 37.6043),8735757178,3823349121,11.20363638320314,19.095921077130996,PASS
od_2496,불광,3호선,126.92982,37.610553,pedestrian_support_point,맨홀,서울특별시 은평구 녹번동  81-27,126.9262,37.6029,907.553,POINT (126.9262 37.6029),5930698997,3811078723,50.209801741355435,20.47085922994002,PASS
od_2436,불광,3호선,126.92982,37.610553,pedestrian_support_point,독바위,서울특별시 은평구 불광동  13-47,126.9327,37.6184,907.293,POINT (126.9327 37.6184),5930698997,3819769881,50.209801741355435,14.893044797825032,PASS
od_425,연신내,6호선,126.920625,37.618636,pedestrian_support_point,구산전철역,서울특별시 은평구 서오릉로 135,126.9177,37.6108,907.244,POINT (126.9177 37.6108),11230505686,3819768784,20.028299588559467,14.288896569710253,PASS
od_907,불광,6호선,126.92939,37.610873,mobility_facility,은평구청,서울특별시 은평구 은평로 195,126.9294,37.6027,907.114,POINT (126.9294 37.6027),5930698997,4580557579,11.603222454866666,37.86683259873309,PASS
od_2110,녹번,3호선,126.935756,37.600927,pedestrian_support_point,맨홀,서울특별시 은평구 녹번동  116-3,126.9316,37.6084,906.982,POINT (126.9316 37.6084),436867704,3811140069,5.477178362551235,12.407604499203776,PASS
od_1210,불광,6호선,126.92939,37.610873,pedestrian_support_point,과속방지턱,서울특별시 은평구 연서로24길 19-1,126.9199,37.614,906.932,POINT (126.9199 37.614),5930698997,353194574,11.603222454866666,12.82228852760038,PASS
od_2922,연신내,3호선,126.921038,37.619229,pedestrian_support_point,역촌중앙시장,서울특별시 은평구 서오릉로 174,126.9147,37.6128,906.794,POINT (126.9147 37.6128),13357342120,13132929153,32.16422242836125,4.396823196109936,PASS
od_1945,녹번,3호선,126.935756,37.600927,mobility_facility,신도문방구,서울특별시 은평구 은평로 161,126.9255,37.6013,906.613,POINT (126.9255 37.6013),436867704,2309932462,5.477178362551235,31.576794822772314,PASS
od_2422,불광,3호선,126.92982,37.610553,pedestrian_support_point,장애인화장실,서울특별시 은평구 은평로13길 35,126.9237,37.604,906.092,POINT (126.9237 37.604),5930698997,4582158286,50.209801741355435,37.71081808549931,PASS
od_79,연신내,6호선,126.920625,37.618636,mobility_facility,드림모바일,서울특별시 은평구 갈현로 182,126.9121,37.6141,905.511,POINT (126.9121 37.6141),11230505686,3823585005,20.028299588559467,16.50063497867576,PASS
od_1649,응암,6호선,126.915577,37.598605,pedestrian_support_point,지하철환기구,서울특별시 은평구 증산로 400,126.9136,37.5906,905.459,POINT (126.9136 37.5906),8735757178,8757675547,11.20363638320314,19.778813998749932,PASS
od_266,연신내,6호선,126.920625,37.618636,pedestrian_support_point,구산역2번출구.예일여고,서울특별시 은평구 서오릉로 135,126.9178,37.6108,904.77,POINT (126.9178 37.6108),11230505686,13734364680,20.028299588559467,8.907471651351939,PASS
od_819,불광,6호선,126.92939,37.610873,mobility_facility,04.  독바위역  1번출구,서울특별시 은평구 불광동  13-6,126.933,37.6185,904.53,POINT (126.933 37.6185),5930698997,3824954278,11.603222454866666,4.294443059715804,PASS
od_2405,불광,3호선,126.92982,37.610553,pedestrian_support_point,장애인화장실,서울특별시 은평구 불광로 129,126.933,37.6183,904.512,POINT (126.933 37.6183),5930698997,436849320,50.209801741355435,15.164683963236063,PASS
od_2249,불광,3호선,126.92982,37.610553,mobility_facility,열린부동산,서울특별시 은평구 연서로24길 30,126.9208,37.6144,903.638,POINT (126.9208 37.6144),5930698997,4580258481,50.209801741355435,20.786542319597594,PASS
od_988,불광,6호선,126.92939,37.610873,pedestrian_support_point,빗물받이,서울특별시 은평구 녹번동  82-39,126.9268,37.603,903.249,POINT (126.9268 37.603),5930698997,436862858,11.603222454866666,7.134793268531097,PASS
od_2736,연신내,3호선,126.921038,37.619229,mobility_facility,이룸통신,서울특별시 은평구 서오릉로 150,126.9166,37.6119,902.892,POINT (126.9166 37.6119),13357342120,7060279696,32.16422242836125,23.61713160988323,PASS
od_584,독바위,6호선,126.933031,37.618456,pedestrian_support_point,빗물받이,서울특별시 은평구 불광동  90-8,126.9284,37.6257,901.981,POINT (126.9284 37.6257),3824954278,3823588661,2.93341759236071,37.440100324683726,PASS
od_761,불광,6호선,126.92939,37.610873,mobility_facility,힐스테이트공인중개사사무소,서울특별시 은평구 불광로 122-10,126.9338,37.6182,901.624,POINT (126.9338 37.6182),5930698997,8373737842,11.603222454866666,15.77186304936106,PASS
od_1155,불광,6호선,126.92939,37.610873,pedestrian_support_point,맨홀,서울특별시 은평구 녹번동  81-27,126.9254,37.6034,901.146,POINT (126.9254 37.6034),5930698997,3811078740,11.603222454866666,6.146600117778667,PASS
od_1707,응암,6호선,126.915577,37.598605,pedestrian_support_point,맨홀,서울특별시 은평구 역촌동  54-7,126.9102,37.6055,900.604,POINT (126.9102 37.6055),8735757178,436776303,11.20363638320314,3.057254530556895,PASS
od_785,불광,6호선,126.92939,37.610873,mobility_facility,경호공인중개사사무소,서울특별시 은평구 연서로20길 19-1,126.9201,37.6142,899.525,POINT (126.9201 37.6142),5930698997,353194575,11.603222454866666,17.063956192067714,PASS
od_2617,불광,3호선,126.92982,37.610553,pedestrian_support_point,은평구 보건소,서울특별시 은평구 은평로 195,126.9287,37.6025,899.25,POINT (126.9287 37.6025),5930698997,2309932449,50.209801741355435,27.8412105332821,PASS
od_1940,녹번,3호선,126.935756,37.600927,mobility_facility,예랑헤어,서울특별시 은평구 통일로63길 10,126.9308,37.608,898.766,POINT (126.9308 37.608),436867704,3811140023,5.477178362551235,16.466651776855677,PASS
od_2590,불광,3호선,126.92982,37.610553,pedestrian_support_point,과속방지턱,서울특별시 은평구 연서로24길 19-1,126.9208,37.6143,898.447,POINT (126.9208 37.6143),5930698997,3819769265,50.209801741355435,20.186803033972172,PASS
od_2760,연신내,3호선,126.921038,37.619229,mobility_facility,12. 구산역 4번출구 ,서울특별시 은평구 갈현동  531-9,126.9173,37.6117,898.447,POINT (126.9173 37.6117),13357342120,13734502262,32.16422242836125,9.682530490657077,PASS
od_2616,불광,3호선,126.92982,37.610553,pedestrian_support_point,은평구청,서울특별시 은평구 은평로 195,126.9288,37.6025,898.322,POINT (126.9288 37.6025),5930698997,2309932449,50.209801741355435,32.58558127160425,PASS
od_1194,불광,6호선,126.92939,37.610873,pedestrian_support_point,맨홀,서울특별시 은평구 녹번동  81-27,126.9258,37.6033,898.309,POINT (126.9258 37.6033),5930698997,3811092363,11.603222454866666,25.072509036697348,PASS
od_1682,응암,6호선,126.915577,37.598605,pedestrian_support_point,새절역,서울특별시 은평구 증산로 400,126.9134,37.5907,898.185,POINT (126.9134 37.5907),8735757178,3822999210,11.20363638320314,29.91999209113902,PASS
od_2724,연신내,3호선,126.921038,37.619229,mobility_facility,37. 불광중학교,서울특별시 은평구 불광동  177-21,126.9305,37.6222,898.063,POINT (126.9305 37.6222),13357342120,3823587288,32.16422242836125,22.70814480801875,PASS
od_1942,녹번,3호선,126.935756,37.600927,mobility_facility,한양설렁탕,서울특별시 은평구 은평로 161,126.9256,37.6013,897.792,POINT (126.9256 37.6013),436867704,2309932462,5.477178362551235,23.416787103986195,PASS
od_542,독바위,6호선,126.933031,37.618456,mobility_facility,소망공인중개사사무소,서울특별시 은평구 통일로80길 25-1,126.9233,37.6208,897.622,POINT (126.9233 37.6208),3824954278,4576632337,2.93341759236071,21.57538573969785,PASS
od_93,연신내,6호선,126.920625,37.618636,mobility_facility,한마음주간보호센터,서울특별시 은평구 연서로17길 47,126.9123,37.614,897.208,POINT (126.9123 37.614),11230505686,4580122454,20.028299588559467,29.811594616240264,PASS
od_2394,불광,3호선,126.92982,37.610553,pedestrian_support_point,맨홀,서울특별시 은평구 녹번동  81-27,126.9256,37.6032,897.147,POINT (126.9256 37.6032),5930698997,3811092363,50.209801741355435,20.038868778181183,PASS
od_30,연신내,6호선,126.920625,37.618636,mobility_facility,갈현제일공인중개사사무소,서울특별시 은평구 갈현로 339,126.9189,37.6266,896.942,POINT (126.9189 37.6266),11230505686,2930525553,20.028299588559467,20.143420495334563,PASS
od_934,불광,6호선,126.92939,37.610873,mobility_facility,은평모두로,서울특별시 은평구 은평로 195,126.9291,37.6028,896.381,POINT (126.9291 37.6028),5930698997,3811139673,11.603222454866666,35.30221753899004,PASS
od_727,독바위,6호선,126.933031,37.618456,pedestrian_support_point,지하철환기구,서울특별시 은평구 통일로 730-2,126.9298,37.6108,896.339,POINT (126.9298 37.6108),3824954278,11228575654,2.93341759236071,26.40733430102251,PASS
od_953,불광,6호선,126.92939,37.610873,mobility_facility,아이맘택시,서울특별시 은평구 은평로 195,126.9296,37.6028,896.207,POINT (126.9296 37.6028),5930698997,3811139668,11.603222454866666,19.33411278327391,PASS
od_245,연신내,6호선,126.920625,37.618636,pedestrian_support_point,장애인화장실,서울특별시 은평구 서오릉로 190,126.9126,37.6137,895.614,POINT (126.9126 37.6137),11230505686,4580122454,20.028299588559467,38.40005268830982,PASS
od_939,불광,6호선,126.92939,37.610873,mobility_facility,킹콩부대찌개,서울특별시 은평구 녹번로 8,126.9272,37.603,894.958,POINT (126.9272 37.603),5930698997,3811139667,11.603222454866666,19.67730695478312,PASS
od_2085,녹번,3호선,126.935756,37.600927,pedestrian_support_point,맨홀,서울특별시 은평구 녹번동  81-27,126.9259,37.6028,894.819,POINT (126.9259 37.6028),436867704,3811078723,5.477178362551235,9.523194466906133,PASS
od_2103,녹번,3호선,126.935756,37.600927,pedestrian_support_point,맨홀,서울특별시 은평구 녹번동  81-27,126.9259,37.6028,894.819,POINT (126.9259 37.6028),436867704,3811078723,5.477178362551235,9.523194466906133,PASS
od_301,연신내,6호선,126.920625,37.618636,pedestrian_support_point,맨홀,서울특별시 은평구 구산동  195-5,126.9134,37.613,893.417,POINT (126.9134 37.613),11230505686,10678122449,20.028299588559467,50.155390113696065,PASS
od_2410,불광,3호선,126.92982,37.610553,pedestrian_support_point,장애인화장실,서울특별시 은평구 연서로20길 24-3,126.9208,37.6142,893.364,POINT (126.9208 37.6142),5930698997,3819769265,50.209801741355435,17.832262096783577,PASS
od_2559,불광,3호선,126.92982,37.610553,pedestrian_support_point,맨홀,서울특별시 은평구 녹번동  82-39,126.9267,37.6029,892.96,POINT (126.9267 37.6029),5930698997,436862858,50.209801741355435,20.026418466800777,PASS
od_2354,불광,3호선,126.92982,37.610553,pedestrian_support_point,빗물받이,서울특별시 은평구 녹번동  82-39,126.9267,37.6029,892.96,POINT (126.9267 37.6029),5930698997,436862858,50.209801741355435,20.026418466800777,PASS
od_647,독바위,6호선,126.933031,37.618456,pedestrian_support_point,연신초등학교,서울특별시 은평구 불광로 208,126.9292,37.6259,892.747,POINT (126.9292 37.6259),3824954278,436862220,2.93341759236071,44.406879159265564,PASS
od_2918,연신내,3호선,126.921038,37.619229,pedestrian_support_point,구산역1번출구,서울특별시 은평구 대조동  207-16,126.9175,37.6117,892.112,POINT (126.9175 37.6117),13357342120,10678122534,32.16422242836125,14.542174499313548,PASS
od_616,독바위,6호선,126.933031,37.618456,pedestrian_support_point,장애인화장실,서울특별시 은평구 통일로 737,126.929,37.6111,890.636,POINT (126.929 37.6111),3824954278,3819768872,2.93341759236071,29.081286641095858,PASS
od_2635,불광,3호선,126.92982,37.610553,pedestrian_support_point,대조동주민센터,서울특별시 은평구 연서로20길 24-3,126.9209,37.6143,890.63,POINT (126.9209 37.6143),5930698997,4580258481,50.209801741355435,17.49824598742844,PASS
od_1902,녹번,3호선,126.935756,37.600927,mobility_facility,은평대아공인중개사사무소,서울특별시 은평구 은평로13길 12-6,126.9258,37.6022,890.451,POINT (126.9258 37.6022),436867704,4582162947,5.477178362551235,14.949292483699866,PASS
od_1168,불광,6호선,126.92939,37.610873,pedestrian_support_point,맨홀,서울특별시 은평구 녹번동  82-39,126.9269,37.6031,890.294,POINT (126.9269 37.6031),5930698997,3811092362,11.603222454866666,4.014720437067467,PASS
od_1374,응암,6호선,126.915577,37.598605,mobility_facility,20. 현대아파트(신사1차),서울특별시 은평구 신사동  206-8,126.9077,37.5936,890.217,POINT (126.9077 37.5936),8735757178,12809085299,11.20363638320314,32.93498257656843,PASS
od_2222,불광,3호선,126.92982,37.610553,mobility_facility,36. 독바위역 ,서울특별시 은평구 불광동  13-6,126.9332,37.6181,889.207,POINT (126.9332 37.6181),5930698997,436849320,50.209801741355435,13.252641960331173,PASS
od_2344,불광,3호선,126.92982,37.610553,mobility_facility,대조동주민센터,서울특별시 은평구 연서로20길 24-3,126.9208,37.6141,888.391,POINT (126.9208 37.6141),5930698997,3819769265,50.209801741355435,21.811901777179838,PASS
od_2610,불광,3호선,126.92982,37.610553,pedestrian_support_point,대조동주민센터,서울특별시 은평구 연서로20길 24-3,126.9208,37.6141,888.391,POINT (126.9208 37.6141),5930698997,3819769265,50.209801741355435,21.811901777179838,PASS
od_605,독바위,6호선,126.933031,37.618456,pedestrian_support_point,장애인화장실,서울특별시 은평구 통일로 730,126.9301,37.6108,888.264,POINT (126.9301 37.6108),3824954278,457819071,2.93341759236071,44.588029644351074,PASS
od_2155,불광,3호선,126.92982,37.610553,mobility_facility,성신공인중개사사무소,서울특별시 은평구 서오릉로7길 11,126.9213,37.6063,888.125,POINT (126.9213 37.6063),5930698997,3819767996,50.209801741355435,23.38601134782119,PASS
od_579,독바위,6호선,126.933031,37.618456,pedestrian_support_point,빗물받이,서울특별시 은평구 불광동  90-8,126.9285,37.6256,888.091,POINT (126.9285 37.6256),3824954278,3823588425,2.93341759236071,37.07448545408641,PASS
od_959,불광,6호선,126.92939,37.610873,mobility_facility,독바위역,서울특별시 은평구 불광로 129-1,126.9328,37.6184,888.011,POINT (126.9328 37.6184),5930698997,3819769881,11.603222454866666,14.395088608804356,PASS
od_1232,불광,6호선,126.92939,37.610873,pedestrian_support_point,독바위역,서울특별시 은평구 불광로 129-1,126.9328,37.6184,888.011,POINT (126.9328 37.6184),5930698997,3819769881,11.603222454866666,14.395088608804356,PASS
od_1024,불광,6호선,126.92939,37.610873,pedestrian_support_point,장애인화장실,서울특별시 은평구 불광로 129-1,126.9328,37.6184,888.011,POINT (126.9328 37.6184),5930698997,3819769881,11.603222454866666,14.395088608804356,PASS
od_1192,불광,6호선,126.92939,37.610873,pedestrian_support_point,맨홀,서울특별시 은평구 녹번동  81-27,126.9252,37.6036,887.969,POINT (126.9252 37.6036),5930698997,2309932457,11.603222454866666,8.825662563942725,PASS
od_1731,응암,6호선,126.915577,37.598605,pedestrian_support_point,맨홀,서울특별시 은평구 갈현로 94,126.9107,37.6056,887.817,POINT (126.9107 37.6056),8735757178,414686117,11.20363638320314,19.26458710871107,PASS
od_389,연신내,6호선,126.920625,37.618636,pedestrian_support_point,구산동사거리,서울특별시 은평구 갈현로 190,126.9121,37.6144,887.429,POINT (126.9121 37.6144),11230505686,3823585005,20.028299588559467,18.02617517897708,PASS
od_1637,응암,6호선,126.915577,37.598605,pedestrian_support_point,장애인화장실,서울특별시 은평구 백련산로 90,126.9237,37.5939,887.298,POINT (126.9237 37.5939),8735757178,3811067118,11.20363638320314,51.41056601395771,PASS
od_469,독바위,6호선,126.933031,37.618456,mobility_facility,남도공인중개사사무소,서울특별시 은평구 통일로 735,126.9291,37.6111,887.144,POINT (126.9291 37.6111),3824954278,3819768872,2.93341759236071,25.81641579371403,PASS
od_1619,응암,6호선,126.915577,37.598605,pedestrian_support_point,장애인화장실,서울특별시 은평구 갈현로 81,126.9103,37.6054,886.519,POINT (126.9103 37.6054),8735757178,436776303,11.20363638320314,13.183965528646649,PASS
od_263,연신내,6호선,126.920625,37.618636,pedestrian_support_point,구산동사거리,서울특별시 은평구 갈현로 186,126.9122,37.6143,885.934,POINT (126.9122 37.6143),11230505686,3823585005,20.028299588559467,14.698389825990628,PASS
od_2744,연신내,3호선,126.921038,37.619229,mobility_facility,라브리지헤어살롱,서울특별시 은평구 서오릉로 134-30,126.9181,37.6116,885.578,POINT (126.9181 37.6116),13357342120,3819768900,32.16422242836125,21.00248417183239,PASS
od_450,독바위,6호선,126.933031,37.618456,mobility_facility,현대재테크공인중개사사무소,서울특별시 은평구 통일로69길 8,126.9275,37.6118,885.556,POINT (126.9275 37.6118),3824954278,3819768982,2.93341759236071,22.61242487262003,PASS
od_1058,불광,6호선,126.92939,37.610873,pedestrian_support_point,녹번초등학교.은평세무서,서울특별시 은평구 서오릉로 31,126.925,37.6037,885.479,POINT (126.925 37.6037),5930698997,2309932457,11.603222454866666,22.533692239450914,PASS
od_1469,응암,6호선,126.915577,37.598605,mobility_facility,안소영미용실,서울특별시 은평구 역말로 5,126.911,37.6057,885.132,POINT (126.911 37.6057),8735757178,3820984271,11.20363638320314,25.73558730010232,PASS
od_1489,응암,6호선,126.915577,37.598605,mobility_facility,안소영미용실,서울특별시 은평구 역말로 5,126.911,37.6057,885.132,POINT (126.911 37.6057),8735757178,3820984271,11.20363638320314,25.73558730010232,PASS
od_1954,녹번,3호선,126.935756,37.600927,mobility_facility,09.  동부센트레빌,서울특별시 은평구 응암동  159-3,126.926,37.5991,885.069,POINT (126.926 37.5991),436867704,3811327086,5.477178362551235,16.687828035020395,PASS
od_1054,불광,6호선,126.92939,37.610873,pedestrian_support_point,독바위,서울특별시 은평구 불광동  13-47,126.9327,37.6184,885.056,POINT (126.9327 37.6184),5930698997,3819769881,11.603222454866666,14.893044797825032,PASS
od_2535,불광,3호선,126.92982,37.610553,pedestrian_support_point,맨홀,서울특별시 은평구 녹번동  81-27,126.9254,37.6034,884.65,POINT (126.9254 37.6034),5930698997,3811078740,50.209801741355435,6.146600117778667,PASS
od_1021,불광,6호선,126.92939,37.610873,pedestrian_support_point,장애인화장실,서울특별시 은평구 불광로 129,126.933,37.6183,883.791,POINT (126.933 37.6183),5930698997,436849320,11.603222454866666,15.164683963236063,PASS
od_2931,연신내,3호선,126.921038,37.619229,pedestrian_support_point,구산역4번출구,서울특별시 은평구 갈현동  530-9,126.9172,37.6119,881.196,POINT (126.9172 37.6119),13357342120,13734502262,32.16422242836125,33.503985268292084,PASS
od_1581,응암,6호선,126.915577,37.598605,pedestrian_support_point,빗물받이,서울특별시 은평구 갈현로7길 20,126.9085,37.6042,881.006,POINT (126.9085 37.6042),8735757178,3823349117,11.20363638320314,9.633420933874827,PASS
od_1048,불광,6호선,126.92939,37.610873,pedestrian_support_point,장애인화장실,서울특별시 은평구 은평로13길 36-1,126.924,37.6042,880.365,POINT (126.924 37.6042),5930698997,3811078742,11.603222454866666,24.83886423347034,PASS
od_752,독바위,6호선,126.933031,37.618456,pedestrian_support_point,빗물받이,서울특별시 은평구 연서로 368,126.9287,37.6256,880.28,POINT (126.9287 37.6256),3824954278,3823588576,2.93341759236071,22.462406808591368,PASS
od_2573,불광,3호선,126.92982,37.610553,pedestrian_support_point,맨홀,서울특별시 은평구 녹번동  81-27,126.9258,37.6033,879.79,POINT (126.9258 37.6033),5930698997,3811092363,50.209801741355435,25.072509036697348,PASS
od_2376,불광,3호선,126.92982,37.610553,pedestrian_support_point,빗물받이,서울특별시 은평구 녹번동  82-39,126.9268,37.603,879.692,POINT (126.9268 37.603),5930698997,436862858,50.209801741355435,7.134793268531097,PASS
od_224,연신내,6호선,126.920625,37.618636,pedestrian_support_point,장애인화장실,서울특별시 은평구 연서로 137-1,126.9172,37.6112,878.97,POINT (126.9172 37.6112),11230505686,2292697262,20.028299588559467,12.062285546901522,PASS
od_1209,불광,6호선,126.92939,37.610873,pedestrian_support_point,과속방지턱,서울특별시 은평구 연서로24길 19-1,126.9203,37.6141,878.872,POINT (126.9203 37.6141),5930698997,3819769256,11.603222454866666,4.546909510285207,PASS
od_334,연신내,6호선,126.920625,37.618636,pedestrian_support_point,맨홀,서울특별시 은평구 구산동  195-5,126.9139,37.6128,878.686,POINT (126.9139 37.6128),11230505686,10678122449,20.028299588559467,5.896979575038053,PASS
od_2656,연신내,3호선,126.921038,37.619229,mobility_facility,갈현베르빌부동산공인중개사사무소,서울특별시 은평구 연서로 149,126.917,37.612,877.982,POINT (126.917 37.612),13357342120,7060279696,32.16422242836125,28.554158706233746,PASS
od_1006,불광,6호선,126.92939,37.610873,pedestrian_support_point,빗물받이,서울특별시 은평구 녹번동  82-39,126.927,37.6032,877.378,POINT (126.927 37.6032),5930698997,3811092362,11.603222454866666,15.602089737520723,PASS
od_719,독바위,6호선,126.933031,37.618456,pedestrian_support_point,연신초등학교,서울특별시 은평구 연서로 341,126.9288,37.6256,876.481,POINT (126.9288 37.6256),3824954278,3823588576,2.93341759236071,16.146497733596537,PASS
od_764,불광,6호선,126.92939,37.610873,mobility_facility,성신공인중개사사무소,서울특별시 은평구 서오릉로7길 11,126.9213,37.6063,876.282,POINT (126.9213 37.6063),5930698997,3819767996,11.603222454866666,23.38601134782119,PASS
od_851,불광,6호선,126.92939,37.610873,mobility_facility,한남공인중개사사무소,서울특별시 은평구 통일로77길 3-1,126.9227,37.6167,875.873,POINT (126.9227 37.6167),5930698997,4580262735,11.603222454866666,21.33473138104275,PASS
od_2397,불광,3호선,126.92982,37.610553,pedestrian_support_point,장애인화장실,서울특별시 은평구 은평로 195,126.9289,37.6027,875.375,POINT (126.9289 37.6027),5930698997,3811139662,50.209801741355435,29.568490775682942,PASS
od_2398,불광,3호선,126.92982,37.610553,pedestrian_support_point,장애인화장실,서울특별시 은평구 은평로 195,126.9289,37.6027,875.375,POINT (126.9289 37.6027),5930698997,3811139662,50.209801741355435,29.568490775682942,PASS
od_2399,불광,3호선,126.92982,37.610553,pedestrian_support_point,장애인화장실,서울특별시 은평구 은평로 195,126.9289,37.6027,875.375,POINT (126.9289 37.6027),5930698997,3811139662,50.209801741355435,29.568490775682942,PASS
od_2400,불광,3호선,126.92982,37.610553,pedestrian_support_point,장애인화장실,서울특별시 은평구 은평로 195,126.9289,37.6027,875.375,POINT (126.9289 37.6027),5930698997,3811139662,50.209801741355435,29.568490775682942,PASS
od_198,연신내,6호선,126.920625,37.618636,pedestrian_support_point,빗물받이,서울특별시 은평구 구산동  1-19,126.917,37.6113,874.861,POINT (126.917 37.6113),11230505686,10678122536,20.028299588559467,7.515165590903744,PASS
od_1154,불광,6호선,126.92939,37.610873,pedestrian_support_point,맨홀,서울특별시 은평구 서오릉로 28,126.9256,37.6036,873.844,POINT (126.9256 37.6036),5930698997,3811092372,11.603222454866666,20.904771102248663,PASS
od_2571,불광,3호선,126.92982,37.610553,pedestrian_support_point,맨홀,서울특별시 은평구 녹번동  81-27,126.9252,37.6036,872.897,POINT (126.9252 37.6036),5930698997,2309932457,50.209801741355435,8.825662563942725,PASS
od_351,연신내,6호선,126.920625,37.618636,pedestrian_support_point,맨홀,서울특별시 은평구 구산동  195-5,126.914,37.6128,872.744,POINT (126.914 37.6128),11230505686,353194173,20.028299588559467,9.645996848153478,PASS
od_2430,불광,3호선,126.92982,37.610553,pedestrian_support_point,장애인화장실,서울특별시 은평구 은평로13길 36-1,126.924,37.6042,872.512,POINT (126.924 37.6042),5930698997,3811078742,50.209801741355435,24.83886423347034,PASS
od_2295,불광,3호선,126.92982,37.610553,mobility_facility,은평구청,서울특별시 은평구 은평로 195,126.9294,37.6027,872.386,POINT (126.9294 37.6027),5930698997,4580557579,50.209801741355435,37.86683259873309,PASS
od_497,독바위,6호선,126.933031,37.618456,mobility_facility,유정약국,서울특별시 은평구 연서로 258,126.9233,37.6198,871.954,POINT (126.9233 37.6198),3824954278,3819770006,2.93341759236071,25.715630581357377,PASS
od_2068,녹번,3호선,126.935756,37.600927,pedestrian_support_point,맨홀,서울특별시 은평구 녹번동  81-27,126.9262,37.6029,871.795,POINT (126.9262 37.6029),436867704,3811078723,5.477178362551235,20.47085922994002,PASS
od_2440,불광,3호선,126.92982,37.610553,pedestrian_support_point,녹번초등학교.은평세무서,서울특별시 은평구 서오릉로 31,126.925,37.6037,871.586,POINT (126.925 37.6037),5930698997,2309932457,50.209801741355435,22.533692239450914,PASS
od_1856,응암,6호선,126.915577,37.598605,pedestrian_support_point,빗물받이,서울특별시 은평구 갈현로 94,126.9111,37.6056,871.23,POINT (126.9111 37.6056),8735757178,436862027,11.20363638320314,19.479547420518802,PASS
od_831,불광,6호선,126.92939,37.610873,mobility_facility,36. 독바위역 ,서울특별시 은평구 불광동  13-6,126.9332,37.6181,869.799,POINT (126.9332 37.6181),5930698997,436849320,11.603222454866666,13.252641960331173,PASS
od_2328,불광,3호선,126.92982,37.610553,mobility_facility,킹콩부대찌개,서울특별시 은평구 녹번로 8,126.9272,37.603,869.637,POINT (126.9272 37.603),5930698997,3811139667,50.209801741355435,19.67730695478312,PASS
od_83,연신내,6호선,126.920625,37.618636,mobility_facility,쿠아레비(구산),서울특별시 은평구 서오릉로 149,126.9163,37.6116,869.28,POINT (126.9163 37.6116),11230505686,10789210622,20.028299588559467,12.792520235589928,PASS
od_1922,녹번,3호선,126.935756,37.600927,mobility_facility,32. 은평세무소 / 은평구청,서울특별시 은평구 녹번동  81-27,126.9262,37.6028,869.074,POINT (126.9262 37.6028),436867704,3811078723,5.477178362551235,16.919319703537244,PASS
od_2119,녹번,3호선,126.935756,37.600927,pedestrian_support_point,녹번초등학교.은평세무서,서울특별시 은평구 녹번동  81-27,126.9262,37.6028,869.074,POINT (126.9262 37.6028),436867704,3811078723,5.477178362551235,16.919319703537244,PASS
od_1412,응암,6호선,126.915577,37.598605,mobility_facility,부부마카롱,서울특별시 은평구 응암로16길 18,126.9194,37.5914,868.026,POINT (126.9194 37.5914),8735757178,3811066997,11.20363638320314,19.080075592821988,PASS
od_104,연신내,6호선,126.920625,37.618636,mobility_facility,중화대반점,서울특별시 은평구 연서로17길 41,126.913,37.6137,867.945,POINT (126.913 37.6137),11230505686,3823584991,20.028299588559467,30.114589703719034,PASS
od_1743,응암,6호선,126.915577,37.598605,pedestrian_support_point,맨홀,서울특별시 은평구 갈현로 94,126.9112,37.6056,867.259,POINT (126.9112 37.6056),8735757178,436862027,11.20363638320314,11.369400423712909,PASS
od_1393,응암,6호선,126.915577,37.598605,mobility_facility,이디야커피 응암오거리점,서울특별시 은평구 응암로 211,126.9172,37.5909,867.098,POINT (126.9172 37.5909),8735757178,3811552032,11.20363638320314,20.833663778077707,PASS
od_1159,불광,6호선,126.92939,37.610873,pedestrian_support_point,맨홀,서울특별시 은평구 녹번동  81-27,126.9255,37.6037,867.061,POINT (126.9255 37.6037),5930698997,2309932419,11.603222454866666,20.068753482489978,PASS
od_1462,응암,6호선,126.915577,37.598605,mobility_facility,10.  시립은평병원,서울특별시 은평구 응암동  236-5,126.923,37.5935,866.468,POINT (126.923 37.5935),8735757178,3811067087,11.20363638320314,15.867901411244583,PASS
od_700,독바위,6호선,126.933031,37.618456,pedestrian_support_point,맨홀,서울특별시 은평구 연서로 368,126.9288,37.6255,866.454,POINT (126.9288 37.6255),3824954278,3823588576,2.93341759236071,9.646189324036696,PASS
od_2547,불광,3호선,126.92982,37.610553,pedestrian_support_point,맨홀,서울특별시 은평구 녹번동  82-39,126.9269,37.6031,866.453,POINT (126.9269 37.6031),5930698997,3811092362,50.209801741355435,4.014720437067467,PASS
od_1484,응암,6호선,126.915577,37.598605,mobility_facility,은평장애인주간보호센터,서울특별시 은평구 진흥로 87,126.9217,37.6047,866.01,POINT (126.9217 37.6047),8735757178,3819767887,11.20363638320314,32.80585901030248,PASS
od_81,연신내,6호선,126.920625,37.618636,mobility_facility,큰사랑 온누리약국,서울특별시 은평구 서오릉로 149,126.9164,37.6116,865.438,POINT (126.9164 37.6116),11230505686,10789210622,20.028299588559467,5.565090659714759,PASS
od_1921,녹번,3호선,126.935756,37.600927,mobility_facility,31. 동부센트레빌 / 등기소 ,서울특별시 은평구 응암동  159-3,126.9262,37.5992,865.36,POINT (126.9262 37.5992),436867704,3811327086,5.477178362551235,4.870707533762497,PASS
od_2459,불광,3호선,126.92982,37.610553,pedestrian_support_point,불광1치안센터.독바위역,서울특별시 은평구 불광로 125,126.9331,37.6179,865.334,POINT (126.9331 37.6179),5930698997,307924229,50.209801741355435,14.47667660413578,PASS
od_2888,연신내,3호선,126.921038,37.619229,pedestrian_support_point,장애인화장실,서울특별시 은평구 연서로 149,126.9168,37.6122,865.232,POINT (126.9168 37.6122),13357342120,7060279696,32.16422242836125,14.445155273433501,PASS
od_110,연신내,6호선,126.920625,37.618636,mobility_facility,방주공인중개사사무소,서울특별시 은평구 연서로34길 31,126.9294,37.6221,864.843,POINT (126.9294 37.6221),11230505686,3823587302,20.028299588559467,12.870181048570695,PASS
od_256,연신내,6호선,126.920625,37.618636,pedestrian_support_point,지하철환기구,서울특별시 은평구 구산동  1-19,126.9167,37.6115,864.513,POINT (126.9167 37.6115),11230505686,10678122431,20.028299588559467,8.74888804995012,PASS
od_1120,불광,6호선,126.92939,37.610873,pedestrian_support_point,맨홀,서울특별시 은평구 녹번동  81-27,126.9248,37.604,863.81,POINT (126.9248 37.604),5930698997,3811092376,11.603222454866666,21.238569755312742,PASS
od_349,연신내,6호선,126.920625,37.618636,pedestrian_support_point,맨홀,서울특별시 은평구 구산동  195-5,126.9143,37.6127,863.656,POINT (126.9143 37.6127),11230505686,10678140797,20.028299588559467,31.83831253118486,PASS
od_1602,응암,6호선,126.915577,37.598605,pedestrian_support_point,빗물받이,서울특별시 은평구 갈현로 94,126.9113,37.6056,863.36,POINT (126.9113 37.6056),8735757178,436862027,11.20363638320314,5.8547561688033065,PASS
od_2323,불광,3호선,126.92982,37.610553,mobility_facility,은평모두로,서울특별시 은평구 은평로 195,126.9291,37.6028,862.844,POINT (126.9291 37.6028),5930698997,3811139673,50.209801741355435,35.30221753899004,PASS
od_1557,응암,6호선,126.915577,37.598605,pedestrian_support_point,장애인화장실,서울특별시 은평구 응암동  576-37,126.9176,37.591,862.771,POINT (126.9176 37.591),8735757178,3811552036,11.20363638320314,14.169346547081233,PASS
od_1360,응암,6호선,126.915577,37.598605,mobility_facility,20.  현대아파트  (신사1차),서울특별시 은평구 신사동  98-37,126.908,37.5937,862.624,POINT (126.908 37.5937),8735757178,9706879852,11.20363638320314,20.80803039594128,PASS
od_475,독바위,6호선,126.933031,37.618456,mobility_facility,삼원공인중개사사무소,서울특별시 은평구 연서로31길 12,126.9238,37.621,862.479,POINT (126.9238 37.621),3824954278,4576632338,2.93341759236071,12.908994047174717,PASS
od_887,불광,6호선,126.92939,37.610873,mobility_facility,현대공인중개사사무소,서울특별시 은평구 통일로 645,126.9346,37.6043,862.466,POINT (126.9346 37.6043),5930698997,3811156576,11.603222454866666,17.06125045240725,PASS
od_2320,불광,3호선,126.92982,37.610553,mobility_facility,주)우시장정육식당은평,서울특별시 은평구 서오릉로 110,126.9201,37.6098,862.291,POINT (126.9201 37.6098),5930698997,3819768642,50.209801741355435,33.44673292745976,PASS
od_127,연신내,6호선,126.920625,37.618636,mobility_facility,준공인중개사사무소,서울특별시 은평구 통일로92길 35-1,126.9237,37.626,861.229,POINT (126.9237 37.626),11230505686,3823588708,20.028299588559467,13.526939539295903,PASS
od_2342,불광,3호선,126.92982,37.610553,mobility_facility,아이맘택시,서울특별시 은평구 은평로 195,126.9296,37.6028,860.718,POINT (126.9296 37.6028),5930698997,3811139668,50.209801741355435,19.33411278327391,PASS
od_848,불광,6호선,126.92939,37.610873,mobility_facility,봉평메밀막국수,서울특별시 은평구 녹번로 12,126.9273,37.6033,860.541,POINT (126.9273 37.6033),5930698997,3811139677,11.603222454866666,13.574371240964432,PASS
od_638,독바위,6호선,126.933031,37.618456,pedestrian_support_point,지하철환기구,서울특별시 은평구 불광동  276-6,126.9296,37.6112,860.425,POINT (126.9296 37.6112),3824954278,11296481755,2.93341759236071,18.752278661067162,PASS
od_160,연신내,6호선,126.920625,37.618636,mobility_facility,경하프라자약국,서울특별시 은평구 서오릉로 157,126.9156,37.612,859.824,POINT (126.9156 37.612),11230505686,10789210621,20.028299588559467,19.711571964702642,PASS
od_808,불광,6호선,126.92939,37.610873,mobility_facility,미래공인중개사사무소,서울특별시 은평구 통일로75길 6-20,126.9227,37.6165,859.613,POINT (126.9227 37.6165),5930698997,3819769671,11.603222454866666,8.654977869873616,PASS
od_1212,불광,6호선,126.92939,37.610873,pedestrian_support_point,과속방지턱,서울특별시 은평구 연서로24길 19-1,126.9206,37.6142,859.461,POINT (126.9206 37.6142),5930698997,3819769265,11.603222454866666,1.5417807908287513,PASS
od_1339,응암,6호선,126.915577,37.598605,mobility_facility,이레네미용실,서울특별시 은평구 백련산로 89,126.923,37.5936,859.251,POINT (126.923 37.5936),8735757178,3811067087,11.20363638320314,25.878661262095218,PASS
od_274,연신내,6호선,126.920625,37.618636,pedestrian_support_point,역촌중앙시장,서울특별시 은평구 구산동  195-5,126.9147,37.6125,858.748,POINT (126.9147 37.6125),11230505686,10678140797,20.028299588559467,16.55785900757153,PASS
od_1431,응암,6호선,126.915577,37.598605,mobility_facility,신일약국,서울특별시 은평구 은평로 156,126.9249,37.6008,858.582,POINT (126.9249 37.6008),8735757178,4583440600,11.20363638320314,30.217262208596377,PASS
od_2096,녹번,3호선,126.935756,37.600927,pedestrian_support_point,맨홀,서울특별시 은평구 녹번동  81-27,126.9263,37.6027,857.889,POINT (126.9263 37.6027),436867704,3811078723,5.477178362551235,27.863610902421552,PASS
od_623,독바위,6호선,126.933031,37.618456,pedestrian_support_point,불광,서울특별시 은평구 불광동  276-4,126.9297,37.6112,857.357,POINT (126.9297 37.6112),3824954278,13378638849,2.93341759236071,21.56255632791962,PASS
od_624,독바위,6호선,126.933031,37.618456,pedestrian_support_point,불광,서울특별시 은평구 불광동  276-4,126.9297,37.6112,857.357,POINT (126.9297 37.6112),3824954278,13378638849,2.93341759236071,21.56255632791962,PASS
od_2534,불광,3호선,126.92982,37.610553,pedestrian_support_point,맨홀,서울특별시 은평구 서오릉로 28,126.9256,37.6036,856.959,POINT (126.9256 37.6036),5930698997,3811092372,50.209801741355435,20.904771102248663,PASS
od_1390,응암,6호선,126.915577,37.598605,mobility_facility,믿음메디칼약국,서울특별시 은평구 응암로 213,126.9172,37.591,856.154,POINT (126.9172 37.591),8735757178,3811066962,11.20363638320314,21.072790950589518,PASS
od_1410,응암,6호선,126.915577,37.598605,mobility_facility,믿음메디컬약국,서울특별시 은평구 응암로 213,126.9172,37.591,856.154,POINT (126.9172 37.591),8735757178,3811066962,11.20363638320314,21.072790950589518,PASS
od_940,불광,6호선,126.92939,37.610873,mobility_facility,녹파랑,"서울특별시 은평구 녹번로 11, A동",126.927,37.6034,855.848,POINT (126.927 37.6034),5930698997,3811092369,11.603222454866666,10.905541846886722,PASS
od_1472,응암,6호선,126.915577,37.598605,mobility_facility,영일공인중개사사무소,"서울특별시 은평구 은평터널로 164, 상가동 (신사동, 새절역현대아파트)",126.9081,37.5937,855.792,POINT (126.9081 37.5937),8735757178,9704462923,11.20363638320314,14.094480209352838,PASS
od_2608,불광,3호선,126.92982,37.610553,pedestrian_support_point,쉘터형 택시 승차대,서울특별시 은평구 역촌동  17-55,126.9224,37.6056,855.249,POINT (126.9224 37.6056),5930698997,436867927,50.209801741355435,16.43398612932405,PASS
od_1675,응암,6호선,126.915577,37.598605,pedestrian_support_point,새절역,서울특별시 은평구 증산로 389,126.9134,37.5911,854.871,POINT (126.9134 37.5911),8735757178,8757675542,11.20363638320314,46.842119538276975,PASS
od_2747,연신내,3호선,126.921038,37.619229,mobility_facility,장원축산고기마트,서울특별시 은평구 연서로 325,126.9282,37.6244,853.909,POINT (126.9282 37.6244),13357342120,3823588115,32.16422242836125,20.288996556302894,PASS
od_660,독바위,6호선,126.933031,37.618456,pedestrian_support_point,불광역9번출구,서울특별시 은평구 불광로 40,126.9302,37.6111,853.841,POINT (126.9302 37.6111),3824954278,457819071,2.93341759236071,17.80090738866349,PASS
od_1672,응암,6호선,126.915577,37.598605,pedestrian_support_point,시립서북병원,서울특별시 은평구 갈현로 94,126.9106,37.6052,853.78,POINT (126.9106 37.6052),8735757178,414686117,11.20363638320314,33.91926853001817,PASS
od_974,불광,6호선,126.92939,37.610873,pedestrian_support_point,빗물받이,서울특별시 은평구 녹번동  82-39,126.9271,37.6034,853.714,POINT (126.9271 37.6034),5930698997,3811092369,11.603222454866666,2.4362778968034564,PASS
od_859,불광,6호선,126.92939,37.610873,mobility_facility,열린부동산,서울특별시 은평구 연서로24길 30,126.9208,37.6144,853.499,POINT (126.9208 37.6144),5930698997,4580258481,11.603222454866666,20.786542319597594,PASS
od_340,연신내,6호선,126.920625,37.618636,pedestrian_support_point,맨홀,서울특별시 은평구 구산동  195-5,126.9148,37.6125,853.399,POINT (126.9148 37.6125),11230505686,10678140797,20.028299588559467,20.547501959333104,PASS
od_2391,불광,3호선,126.92982,37.610553,pedestrian_support_point,빗물받이,서울특별시 은평구 녹번동  82-39,126.927,37.6032,853.245,POINT (126.927 37.6032),5930698997,3811092362,50.209801741355435,15.602089737520723,PASS
od_1464,응암,6호선,126.915577,37.598605,mobility_facility,이레네미용실,서울특별시 은평구 백련산로 89,126.9229,37.5936,852.533,POINT (126.9229 37.5936),8735757178,3811067087,11.20363638320314,30.02758433085918,PASS
od_2075,녹번,3호선,126.935756,37.600927,pedestrian_support_point,맨홀,서울특별시 은평구 녹번동  116-3,126.932,37.608,852.212,POINT (126.932 37.608),436867704,3811140044,5.477178362551235,8.435547483690138,PASS
od_1580,응암,6호선,126.915577,37.598605,pedestrian_support_point,빗물받이,서울특별시 은평구 갈현로 94,126.9116,37.6056,852.104,POINT (126.9116 37.6056),8735757178,3820984268,11.20363638320314,10.591310732790284,PASS
od_1380,응암,6호선,126.915577,37.598605,mobility_facility,30. 시립은평병원,서울특별시 은평구 백련산로 90,126.9232,37.5939,851.995,POINT (126.9232 37.5939),8735757178,3811067118,11.20363638320314,7.3620959521827265,PASS
od_2501,불광,3호선,126.92982,37.610553,pedestrian_support_point,맨홀,서울특별시 은평구 녹번동  81-27,126.9248,37.604,851.74,POINT (126.9248 37.604),5930698997,3811092376,50.209801741355435,21.238569755312742,PASS
od_625,독바위,6호선,126.933031,37.618456,pedestrian_support_point,지하철환기구,서울특별시 은평구 불광동  276-4,126.9299,37.6112,851.461,POINT (126.9299 37.6112),3824954278,13378638849,2.93341759236071,7.997292348961212,PASS
od_202,연신내,6호선,126.920625,37.618636,pedestrian_support_point,빗물받이,서울특별시 은평구 갈현동  536-9,126.9171,37.6115,850.972,POINT (126.9171 37.6115),11230505686,10678122535,20.028299588559467,4.990830024367615,PASS
od_2538,불광,3호선,126.92982,37.610553,pedestrian_support_point,맨홀,서울특별시 은평구 녹번동  81-27,126.9255,37.6037,850.9,POINT (126.9255 37.6037),5930698997,2309932419,50.209801741355435,20.068753482489978,PASS
od_329,연신내,6호선,126.920625,37.618636,pedestrian_support_point,맨홀,서울특별시 은평구 구산동  1-22,126.9158,37.612,850.848,POINT (126.9158 37.612),11230505686,10789210621,20.028299588559467,8.629385891118837,PASS
od_2761,연신내,3호선,126.921038,37.619229,mobility_facility,28.  구산역  1번출구,서울특별시 은평구 연서로18길 3-6,126.9175,37.6121,850.669,POINT (126.9175 37.6121),13357342120,3819769031,32.16422242836125,29.94565811089962,PASS
od_1229,불광,6호선,126.92939,37.610873,pedestrian_support_point,쉘터형 택시 승차대,서울특별시 은평구 역촌동  17-55,126.9224,37.6056,850.558,POINT (126.9224 37.6056),5930698997,436867927,11.603222454866666,16.43398612932405,PASS
od_1467,응암,6호선,126.915577,37.598605,mobility_facility,수지공인중개사사무소,서울특별시 은평구 백련산로 147,126.9252,37.5983,850.474,POINT (126.9252 37.5983),8735757178,3811327004,11.20363638320314,9.726727973862403,PASS
od_683,독바위,6호선,126.933031,37.618456,pedestrian_support_point,맨홀,서울특별시 은평구 연서로 368,126.9287,37.6253,850.411,POINT (126.9287 37.6253),3824954278,5287443584,2.93341759236071,20.8340822832908,PASS
od_477,독바위,6호선,126.933031,37.618456,mobility_facility,허브공인중개사사무소,서울특별시 은평구 연서로 335,126.9287,37.6253,850.411,POINT (126.9287 37.6253),3824954278,5287443584,2.93341759236071,20.8340822832908,PASS
od_728,독바위,6호선,126.933031,37.618456,pedestrian_support_point,지하철환기구,서울특별시 은평구 불광동  276-4,126.93,37.6112,848.636,POINT (126.93 37.6112),3824954278,457819071,2.93341759236071,3.564276354842867,PASS
od_1211,불광,6호선,126.92939,37.610873,pedestrian_support_point,과속방지턱,서울특별시 은평구 연서로24길 19-1,126.9208,37.6143,848.466,POINT (126.9208 37.6143),5930698997,3819769265,11.603222454866666,20.186803033972172,PASS
od_1837,응암,6호선,126.915577,37.598605,pedestrian_support_point,빗물받이,서울특별시 은평구 갈현로 94,126.912,37.6057,848.455,POINT (126.912 37.6057),8735757178,436862028,11.20363638320314,10.609784788411991,PASS
od_1113,불광,6호선,126.92939,37.610873,pedestrian_support_point,맨홀,서울특별시 은평구 녹번동  81-27,126.9252,37.604,847.812,POINT (126.9252 37.604),5930698997,2309932457,11.603222454866666,37.249480549346885,PASS
od_1183,불광,6호선,126.92939,37.610873,pedestrian_support_point,맨홀,서울특별시 은평구 녹번동  81-27,126.9245,37.6043,847.732,POINT (126.9245 37.6043),5930698997,3811078742,11.603222454866666,22.934691566385702,PASS
od_1775,응암,6호선,126.915577,37.598605,pedestrian_support_point,과속방지턱,서울특별시 은평구 역촌동  73-7,126.9088,37.604,846.573,POINT (126.9088 37.604),8735757178,3823349113,11.20363638320314,27.429173733734586,PASS
od_146,연신내,6호선,126.920625,37.618636,mobility_facility,박채김치찌개구산역점,서울특별시 은평구 서오릉로 178,126.9139,37.6132,846.49,POINT (126.9139 37.6132),11230505686,10678122450,20.028299588559467,28.47391710862614,PASS
od_1078,불광,6호선,126.92939,37.610873,pedestrian_support_point,불광1치안센터.독바위역,서울특별시 은평구 불광로 125,126.9331,37.6179,845.914,POINT (126.9331 37.6179),5930698997,307924229,11.603222454866666,14.47667660413578,PASS
od_343,연신내,6호선,126.920625,37.618636,pedestrian_support_point,맨홀,서울특별시 은평구 구산동  195-5,126.9153,37.6123,845.908,POINT (126.9153 37.6123),11230505686,10789210620,20.028299588559467,6.689540301331119,PASS
od_211,연신내,6호선,126.920625,37.618636,pedestrian_support_point,빗물받이,서울특별시 은평구 구산동  195-5,126.9153,37.6123,845.908,POINT (126.9153 37.6123),11230505686,10789210620,20.028299588559467,6.689540301331119,PASS
od_1430,응암,6호선,126.915577,37.598605,mobility_facility,네일휴담,서울특별시 은평구 역말로 15,126.9121,37.6057,845.208,POINT (126.9121 37.6057),8735757178,436862028,11.20363638320314,11.317594267851428,PASS
od_1878,응암,6호선,126.915577,37.598605,pedestrian_support_point,빗물받이,서울특별시 은평구 갈현로 94,126.9118,37.6056,844.978,POINT (126.9118 37.6056),8735757178,3820984268,11.20363638320314,7.399341905302041,PASS
od_2763,연신내,3호선,126.921038,37.619229,mobility_facility,한국공인중개사사무소,서울특별시 은평구 갈현로 196,126.913,37.6151,844.762,POINT (126.913 37.6151),13357342120,4569556693,32.16422242836125,18.133798440688654,PASS
od_2727,연신내,3호선,126.921038,37.619229,mobility_facility,포도원복지센터,서울특별시 은평구 연서로41가길 24-3,126.9254,37.626,844.425,POINT (126.9254 37.626),13357342120,3823588657,32.16422242836125,24.324185606805255,PASS
od_1518,응암,6호선,126.915577,37.598605,mobility_facility,cu은평새절,서울특별시 은평구 가좌로 241-1,126.9158,37.591,844.3,POINT (126.9158 37.591),8735757178,3811441479,11.20363638320314,15.651579520213676,PASS
od_1517,응암,6호선,126.915577,37.598605,mobility_facility,김밥천국 새절역점,서울특별시 은평구 증산로 389,126.9134,37.5912,844.061,POINT (126.9134 37.5912),8735757178,8757675542,11.20363638320314,45.78758575427756,PASS
od_1800,응암,6호선,126.915577,37.598605,pedestrian_support_point,역말사거리,서울특별시 은평구 연서로 79,126.9151,37.6062,844.013,POINT (126.9151 37.6062),8735757178,10789210635,11.20363638320314,17.284000472513593,PASS
od_1027,불광,6호선,126.92939,37.610873,pedestrian_support_point,장애인화장실,서울특별시 은평구 연서로20길 24-3,126.9208,37.6142,843.549,POINT (126.9208 37.6142),5930698997,3819769265,11.603222454866666,17.832262096783577,PASS
od_1363,응암,6호선,126.915577,37.598605,mobility_facility,푸르지오공인중개사사무소,서울특별시 은평구 연서로 78,126.9158,37.6062,843.192,POINT (126.9158 37.6062),8735757178,10789210638,11.20363638320314,29.96655925863777,PASS
od_1367,응암,6호선,126.915577,37.598605,mobility_facility,부동산재테크공인중개사사무소,서울특별시 은평구 연서로 78,126.9157,37.6062,843.032,POINT (126.9157 37.6062),8735757178,10789210638,11.20363638320314,24.316972838814074,PASS
od_66,연신내,6호선,126.920625,37.618636,mobility_facility,10. 세명컴퓨터고등학교,서울특별시 은평구 통일로 895-2,126.9199,37.6262,841.96,POINT (126.9199 37.6262),11230505686,11230505704,20.028299588559467,27.79253603048261,PASS
od_462,독바위,6호선,126.933031,37.618456,mobility_facility,아이리스공인중개사사무소,서울특별시 은평구 연서로 260,126.9237,37.62,841.42,POINT (126.9237 37.62),3824954278,3823586821,2.93341759236071,13.467143248706162,PASS
od_443,독바위,6호선,126.933031,37.618456,mobility_facility,태양공인중개사사무소,서울특별시 은평구 연서로 260,126.9237,37.62,841.42,POINT (126.9237 37.62),3824954278,3823586821,2.93341759236071,13.467143248706162,PASS
od_336,연신내,6호선,126.920625,37.618636,pedestrian_support_point,맨홀,서울특별시 은평구 구산동  195-5,126.9154,37.6123,841.034,POINT (126.9154 37.6123),11230505686,4584668991,20.028299588559467,12.621180192978276,PASS
od_252,연신내,6호선,126.920625,37.618636,pedestrian_support_point,구산,서울특별시 은평구 연서로 143,126.9171,37.6116,840.652,POINT (126.9171 37.6116),11230505686,10678122461,20.028299588559467,3.680887247345679,PASS
od_1258,불광,6호선,126.92939,37.610873,pedestrian_support_point,대조동주민센터,서울특별시 은평구 연서로20길 24-3,126.9209,37.6143,840.583,POINT (126.9209 37.6143),5930698997,4580258481,11.603222454866666,17.49824598742844,PASS
od_1491,응암,6호선,126.915577,37.598605,mobility_facility,문영선헤어,서울특별시 은평구 갈현로7길 16,126.9089,37.604,840.354,POINT (126.9089 37.604),8735757178,3823349113,11.20363638320314,20.25522210792689,PASS
od_2681,연신내,3호선,126.921038,37.619229,mobility_facility,갈현제일공인중개사사무소,서울특별시 은평구 갈현로 339,126.9189,37.6266,839.593,POINT (126.9189 37.6266),13357342120,2930525553,32.16422242836125,20.143420495334563,PASS
od_1597,응암,6호선,126.915577,37.598605,pedestrian_support_point,빗물받이,서울특별시 은평구 갈현로 94,126.9123,37.6057,838.953,POINT (126.9123 37.6057),8735757178,3822944303,11.20363638320314,7.743709610820359,PASS
od_955,불광,6호선,126.92939,37.610873,mobility_facility,대조동주민센터,서울특별시 은평구 연서로20길 24-3,126.9208,37.6141,838.75,POINT (126.9208 37.6141),5930698997,3819769265,11.603222454866666,21.811901777179838,PASS
od_1231,불광,6호선,126.92939,37.610873,pedestrian_support_point,대조동주민센터,서울특별시 은평구 연서로20길 24-3,126.9208,37.6141,838.75,POINT (126.9208 37.6141),5930698997,3819769265,11.603222454866666,21.811901777179838,PASS
od_2562,불광,3호선,126.92982,37.610553,pedestrian_support_point,맨홀,서울특별시 은평구 녹번동  81-27,126.9245,37.6043,838.046,POINT (126.9245 37.6043),5930698997,3811078742,50.209801741355435,22.934691566385702,PASS
od_3058,연신내,3호선,126.921038,37.619229,pedestrian_support_point,빗물받이,서울특별시 은평구 갈현동  530-9,126.9173,37.6123,836.866,POINT (126.9173 37.6123),13357342120,13734502244,32.16422242836125,11.18111112346318,PASS
od_2056,녹번,3호선,126.935756,37.600927,pedestrian_support_point,은평세무서,서울특별시 은평구 응암동  84-14,126.9263,37.6014,836.671,POINT (126.9263 37.6014),436867704,3811327176,5.477178362551235,11.156637549540658,PASS
od_1662,응암,6호선,126.915577,37.598605,pedestrian_support_point,응암3동주민센터,서울특별시 은평구 응암로 215,126.9173,37.5912,835.84,POINT (126.9173 37.5912),8735757178,3811552036,11.20363638320314,21.096156669428492,PASS
od_2238,불광,3호선,126.92982,37.610553,mobility_facility,봉평메밀막국수,서울특별시 은평구 녹번로 12,126.9273,37.6033,835.191,POINT (126.9273 37.6033),5930698997,3811139677,50.209801741355435,13.574371240964432,PASS
od_1692,응암,6호선,126.915577,37.598605,pedestrian_support_point,역촌동성당,서울특별시 은평구 갈현로 94,126.9121,37.6056,834.877,POINT (126.9121 37.6056),8735757178,436862028,11.20363638320314,5.401222491129265,PASS
od_1638,응암,6호선,126.915577,37.598605,pedestrian_support_point,장애인화장실,서울특별시 은평구 갈현로 80,126.9106,37.605,834.827,POINT (126.9106 37.605),8735757178,436810550,11.20363638320314,17.99786591215084,PASS
od_1000,불광,6호선,126.92939,37.610873,pedestrian_support_point,빗물받이,서울특별시 은평구 녹번동  85-8,126.927,37.6036,834.354,POINT (126.927 37.6036),5930698997,3811092369,11.603222454866666,23.49845175186713,PASS
od_2332,불광,3호선,126.92982,37.610553,mobility_facility,쿠아레비,서울특별시 은평구 진흥로 101,126.9224,37.6059,834.236,POINT (126.9224 37.6059),5930698997,10789220052,50.209801741355435,10.869712515046412,PASS
od_2494,불광,3호선,126.92982,37.610553,pedestrian_support_point,맨홀,서울특별시 은평구 녹번동  81-27,126.9252,37.604,833.905,POINT (126.9252 37.604),5930698997,2309932457,50.209801741355435,37.249480549346885,PASS
od_529,독바위,6호선,126.933031,37.618456,mobility_facility,그린공인중개사사무소,서울특별시 은평구 연서로33길 10,126.9244,37.6215,833.519,POINT (126.9244 37.6215),3824954278,307924223,2.93341759236071,8.775060227086142,PASS
od_1599,응암,6호선,126.915577,37.598605,pedestrian_support_point,빗물받이,서울특별시 은평구 갈현로 94,126.9125,37.6057,833.027,POINT (126.9125 37.6057),8735757178,3822944303,11.20363638320314,18.04644913696386,PASS
od_1808,응암,6호선,126.915577,37.598605,pedestrian_support_point,역촌동성당,서울특별시 은평구 역말로 19,126.9125,37.6057,833.027,POINT (126.9125 37.6057),8735757178,3822944303,11.20363638320314,18.04644913696386,PASS
od_283,연신내,6호선,126.920625,37.618636,pedestrian_support_point,역촌중앙시장,서울특별시 은평구 서오릉로 174,126.9147,37.6128,832.589,POINT (126.9147 37.6128),11230505686,13132929153,20.028299588559467,4.396823196109936,PASS
od_1796,응암,6호선,126.915577,37.598605,pedestrian_support_point,GS편의점.제일영광교회,서울특별시 은평구 역촌동  75-15,126.9089,37.6039,832.482,POINT (126.9089 37.6039),8735757178,3823349113,11.20363638320314,15.214659808350417,PASS
od_1776,응암,6호선,126.915577,37.598605,pedestrian_support_point,과속방지턱,서울특별시 은평구 역촌동  73-6,126.9089,37.6039,832.482,POINT (126.9089 37.6039),8735757178,3823349113,11.20363638320314,15.214659808350417,PASS
od_2069,녹번,3호선,126.935756,37.600927,pedestrian_support_point,맨홀,서울특별시 은평구 녹번동  82-39,126.9266,37.6027,832.126,POINT (126.9266 37.6027),436867704,2309932453,5.477178362551235,40.89272597890491,PASS
od_2329,불광,3호선,126.92982,37.610553,mobility_facility,녹파랑,"서울특별시 은평구 녹번로 11, A동",126.927,37.6034,832.039,POINT (126.927 37.6034),5930698997,3811092369,50.209801741355435,10.905541846886722,PASS
od_1936,녹번,3호선,126.935756,37.600927,mobility_facility,이룸부동산,서울특별시 은평구 녹번로9길 9-1,126.9306,37.6072,831.883,POINT (126.9306 37.6072),436867704,3811139978,5.477178362551235,12.649065678514548,PASS
od_1676,응암,6호선,126.915577,37.598605,pedestrian_support_point,역말사거리,서울특별시 은평구 역촌동  45-36,126.9156,37.6061,831.865,POINT (126.9156 37.6061),8735757178,10789210638,11.20363638320314,10.319645312739826,PASS
od_2012,녹번,3호선,126.935756,37.600927,pedestrian_support_point,장애인화장실,서울특별시 은평구 서오릉로 7,126.9264,37.6018,831.852,POINT (126.9264 37.6018),436867704,3811078695,5.477178362551235,35.87951395878234,PASS
od_1147,불광,6호선,126.92939,37.610873,pedestrian_support_point,맨홀,서울특별시 은평구 녹번동  81-27,126.9249,37.6043,830.299,POINT (126.9249 37.6043),5930698997,3811092376,11.603222454866666,15.051133573808523,PASS
od_1149,불광,6호선,126.92939,37.610873,pedestrian_support_point,맨홀,서울특별시 은평구 녹번동  81-29,126.9249,37.6043,830.299,POINT (126.9249 37.6043),5930698997,3811092376,11.603222454866666,15.051133573808523,PASS
od_1574,응암,6호선,126.915577,37.598605,pedestrian_support_point,빗물받이,서울특별시 은평구 갈현로 94,126.9126,37.6057,830.188,POINT (126.9126 37.6057),8735757178,4584683202,11.20363638320314,12.505118172810878,PASS
od_2037,녹번,3호선,126.935756,37.600927,pedestrian_support_point,장애인화장실,서울특별시 은평구 은평로 171,126.9264,37.6016,829.56,POINT (126.9264 37.6016),436867704,3811327176,5.477178362551235,34.892861819003286,PASS
od_2362,불광,3호선,126.92982,37.610553,pedestrian_support_point,빗물받이,서울특별시 은평구 녹번동  82-39,126.9271,37.6034,829.439,POINT (126.9271 37.6034),5930698997,3811092369,50.209801741355435,2.4362778968034564,PASS
od_2101,녹번,3호선,126.935756,37.600927,pedestrian_support_point,맨홀,서울특별시 은평구 녹번동  82-39,126.9267,37.6029,829.132,POINT (126.9267 37.6029),436867704,436862858,5.477178362551235,20.026418466800777,PASS
od_1993,녹번,3호선,126.935756,37.600927,pedestrian_support_point,빗물받이,서울특별시 은평구 녹번동  82-39,126.9267,37.6029,829.132,POINT (126.9267 37.6029),436867704,436862858,5.477178362551235,20.026418466800777,PASS
od_931,불광,6호선,126.92939,37.610873,mobility_facility,주)우시장정육식당은평,서울특별시 은평구 서오릉로 110,126.9201,37.6098,828.863,POINT (126.9201 37.6098),5930698997,3819768642,11.603222454866666,33.44673292745976,PASS
od_2008,녹번,3호선,126.935756,37.600927,pedestrian_support_point,빗물받이,서울특별시 은평구 녹번동  85-8,126.927,37.6036,828.159,POINT (126.927 37.6036),436867704,3811092369,5.477178362551235,23.49845175186713,PASS
od_943,불광,6호선,126.92939,37.610873,mobility_facility,쿠아레비,서울특별시 은평구 진흥로 101,126.9224,37.6059,827.999,POINT (126.9224 37.6059),5930698997,10789220052,11.603222454866666,10.869712515046412,PASS
od_86,연신내,6호선,126.920625,37.618636,mobility_facility,이룸통신,서울특별시 은평구 서오릉로 150,126.9166,37.6119,827.783,POINT (126.9166 37.6119),11230505686,7060279696,20.028299588559467,23.61713160988323,PASS
od_1727,응암,6호선,126.915577,37.598605,pedestrian_support_point,맨홀,서울특별시 은평구 갈현로 94,126.9127,37.6057,827.434,POINT (126.9127 37.6057),8735757178,4584683202,11.20363638320314,5.038436469077641,PASS
od_1690,응암,6호선,126.915577,37.598605,pedestrian_support_point,GS편의점.제일영광교회,서울특별시 은평구 역촌동  73-7,126.909,37.6039,826.251,POINT (126.909 37.6039),8735757178,3823349113,11.20363638320314,6.6791692535947815,PASS
od_1720,응암,6호선,126.915577,37.598605,pedestrian_support_point,맨홀,서울특별시 은평구 역촌동  45-42,126.9132,37.6058,825.691,POINT (126.9132 37.6058),8735757178,3822944306,11.20363638320314,13.457355636460889,PASS
od_646,독바위,6호선,126.933031,37.618456,pedestrian_support_point,불광역9번출구.불광초등학교,서울특별시 은평구 통일로 712-2,126.9305,37.6113,825.076,POINT (126.9305 37.6113),3824954278,5281045186,2.93341759236071,18.148614078073688,PASS
od_1370,응암,6호선,126.915577,37.598605,mobility_facility,13. 역말 사거리 ,서울특별시 은평구 역말로 41,126.9147,37.606,824.409,POINT (126.9147 37.606),8735757178,4584756059,11.20363638320314,28.081587968804246,PASS
od_1417,응암,6호선,126.915577,37.598605,mobility_facility,연세부동산,서울특별시 은평구 역말로 41,126.9147,37.606,824.409,POINT (126.9147 37.606),8735757178,4584756059,11.20363638320314,28.081587968804246,PASS
od_1495,응암,6호선,126.915577,37.598605,mobility_facility,행복양꼬치,서울특별시 은평구 역말로 41,126.9147,37.606,824.409,POINT (126.9147 37.606),8735757178,4584756059,11.20363638320314,28.081587968804246,PASS
od_1142,불광,6호선,126.92939,37.610873,pedestrian_support_point,맨홀,서울특별시 은평구 서오릉로 63,126.9242,37.6047,824.27,POINT (126.9242 37.6047),5930698997,3811078752,11.603222454866666,11.616122231561633,PASS
od_972,불광,6호선,126.92939,37.610873,pedestrian_support_point,빗물받이,서울특별시 은평구 서오릉로 63,126.9242,37.6047,824.27,POINT (126.9242 37.6047),5930698997,3811078752,11.603222454866666,11.616122231561633,PASS
od_495,독바위,6호선,126.933031,37.618456,mobility_facility,왕돈까스&왕냉면,서울특별시 은평구 연서로 262,126.9239,37.62,824.141,POINT (126.9239 37.62),3824954278,3823586821,2.93341759236071,26.548441073155182,PASS
od_114,연신내,6호선,126.920625,37.618636,mobility_facility,12. 구산역 4번출구 ,서울특별시 은평구 갈현동  531-9,126.9173,37.6117,823.896,POINT (126.9173 37.6117),11230505686,13734502262,20.028299588559467,9.682530490657077,PASS
od_2004,녹번,3호선,126.935756,37.600927,pedestrian_support_point,빗물받이,서울특별시 은평구 녹번동  82-39,126.9268,37.603,823.649,POINT (126.9268 37.603),436867704,436862858,5.477178362551235,7.134793268531097,PASS
od_1401,응암,6호선,126.915577,37.598605,mobility_facility,글라스옵트,서울특별시 은평구 역말로 43,126.9149,37.606,822.938,POINT (126.9149 37.606),8735757178,10789210635,11.20363638320314,27.75296408100183,PASS
od_1812,응암,6호선,126.915577,37.598605,pedestrian_support_point,시립서북병원,서울특별시 은평구 갈현로 77,126.9103,37.6047,821.442,POINT (126.9103 37.6047),8735757178,3823349130,11.20363638320314,22.469978154009564,PASS
od_1600,응암,6호선,126.915577,37.598605,pedestrian_support_point,빗물받이,서울특별시 은평구 역촌동  45-42,126.9134,37.6058,821.379,POINT (126.9134 37.6058),8735757178,3820984282,11.20363638320314,24.413729698641554,PASS
od_2066,녹번,3호선,126.935756,37.600927,pedestrian_support_point,은평세무서,서울특별시 은평구 녹번동  83-71,126.9267,37.6026,820.968,POINT (126.9267 37.6026),436867704,2309932453,5.477178362551235,38.04252296039727,PASS
od_1980,녹번,3호선,126.935756,37.600927,mobility_facility,녹파랑,"서울특별시 은평구 녹번로 11, A동",126.927,37.6034,820.47,POINT (126.927 37.6034),436867704,3811092369,5.477178362551235,10.905541846886722,PASS
od_1017,불광,6호선,126.92939,37.610873,pedestrian_support_point,장애인화장실,서울특별시 은평구 서오릉로 32,126.9254,37.6042,820.156,POINT (126.9254 37.6042),5930698997,3811092378,11.603222454866666,38.733547251150085,PASS
od_2702,연신내,3호선,126.921038,37.619229,mobility_facility,은평공인중개사사무소,서울특별시 은평구 연서로18길 6,126.9182,37.6122,819.394,POINT (126.9182 37.6122),13357342120,4580503144,32.16422242836125,11.527105810340908,PASS
od_1833,응암,6호선,126.915577,37.598605,pedestrian_support_point,빗물받이,서울특별시 은평구 역촌동  45-42,126.9135,37.6058,819.358,POINT (126.9135 37.6058),8735757178,436862030,11.20363638320314,16.61189711313189,PASS
od_1019,불광,6호선,126.92939,37.610873,pedestrian_support_point,장애인화장실,서울특별시 은평구 녹번동  85-1,126.9272,37.6037,819.273,POINT (126.9272 37.6037),5930698997,6212920304,11.603222454866666,14.344360105551134,PASS
od_2528,불광,3호선,126.92982,37.610553,pedestrian_support_point,맨홀,서울특별시 은평구 녹번동  81-27,126.9249,37.6043,818.771,POINT (126.9249 37.6043),5930698997,3811092376,50.209801741355435,15.051133573808523,PASS
od_2530,불광,3호선,126.92982,37.610553,pedestrian_support_point,맨홀,서울특별시 은평구 녹번동  81-29,126.9249,37.6043,818.771,POINT (126.9249 37.6043),5930698997,3811092376,50.209801741355435,15.051133573808523,PASS
od_2095,녹번,3호선,126.935756,37.600927,pedestrian_support_point,맨홀,서울특별시 은평구 녹번동  82-39,126.9269,37.6031,818.375,POINT (126.9269 37.6031),436867704,3811092362,5.477178362551235,4.014720437067467,PASS
od_278,연신내,6호선,126.920625,37.618636,pedestrian_support_point,구산역1번출구,서울특별시 은평구 대조동  207-16,126.9175,37.6117,817.771,POINT (126.9175 37.6117),11230505686,10678122534,20.028299588559467,14.542174499313548,PASS
od_2308,불광,3호선,126.92982,37.610553,mobility_facility,구세군 희망나누기,서울특별시 은평구 불광로 119,126.9329,37.6175,817.591,POINT (126.9329 37.6175),5930698997,307924229,50.209801741355435,38.51747172909214,PASS
od_2523,불광,3호선,126.92982,37.610553,pedestrian_support_point,맨홀,서울특별시 은평구 서오릉로 63,126.9242,37.6047,817.47,POINT (126.9242 37.6047),5930698997,3811078752,50.209801741355435,11.616122231561633,PASS
od_2360,불광,3호선,126.92982,37.610553,pedestrian_support_point,빗물받이,서울특별시 은평구 서오릉로 63,126.9242,37.6047,817.47,POINT (126.9242 37.6047),5930698997,3811078752,50.209801741355435,11.616122231561633,PASS
od_2954,연신내,3호선,126.921038,37.619229,pedestrian_support_point,맨홀,서울특별시 은평구 갈현동  530-9,126.9173,37.6125,816.514,POINT (126.9173 37.6125),13357342120,3823584976,32.16422242836125,9.631106872757707,PASS
od_607,독바위,6호선,126.933031,37.618456,pedestrian_support_point,장애인화장실,서울특별시 은평구 통일로 742,126.9291,37.6118,816.21,POINT (126.9291 37.6118),3824954278,3819768985,2.93341759236071,29.54713057391822,PASS
od_2018,녹번,3호선,126.935756,37.600927,pedestrian_support_point,장애인화장실,서울특별시 은평구 녹번동  85-1,126.9272,37.6037,815.817,POINT (126.9272 37.6037),436867704,6212920304,5.477178362551235,14.344360105551134,PASS
od_505,독바위,6호선,126.933031,37.618456,mobility_facility,불광작은예수의집,서울특별시 은평구 연서로37길 21-5,126.9262,37.6234,815.344,POINT (126.9262 37.6234),3824954278,3823587789,2.93341759236071,17.424348942416625,PASS
od_1761,응암,6호선,126.915577,37.598605,pedestrian_support_point,맨홀,서울특별시 은평구 역촌동  45-42,126.9145,37.6059,815.231,POINT (126.9145 37.6059),8735757178,4584756059,11.20363638320314,10.046254226479064,PASS
od_2006,녹번,3호선,126.935756,37.600927,pedestrian_support_point,빗물받이,서울특별시 은평구 녹번동  116-3,126.9322,37.6077,814.674,POINT (126.9322 37.6077),436867704,3811140011,5.477178362551235,9.897397039580778,PASS
od_1362,응암,6호선,126.915577,37.598605,mobility_facility,24.  역말  사거리,서울특별시 은평구 역촌동  45-42,126.9146,37.6059,814.249,POINT (126.9146 37.6059),8735757178,4584756059,11.20363638320314,13.930153044146424,PASS
od_1841,응암,6호선,126.915577,37.598605,pedestrian_support_point,빗물받이,서울특별시 은평구 역촌동  45-42,126.9146,37.6059,814.249,POINT (126.9146 37.6059),8735757178,4584756059,11.20363638320314,13.930153044146424,PASS
od_763,불광,6호선,126.92939,37.610873,mobility_facility,예스부동산공인중개사사무소,서울특별시 은평구 통일로 660,126.9358,37.6056,814.159,POINT (126.9358 37.6056),5930698997,3811715832,11.603222454866666,24.549675950942884,PASS
od_762,불광,6호선,126.92939,37.610873,mobility_facility,좋은예감(단지내)공인중개사사무소,서울특별시 은평구 통일로 660,126.9358,37.6056,814.159,POINT (126.9358 37.6056),5930698997,3811715832,11.603222454866666,24.549675950942884,PASS
od_1593,응암,6호선,126.915577,37.598605,pedestrian_support_point,빗물받이,서울특별시 은평구 역촌동  45-42,126.9138,37.6058,813.837,POINT (126.9138 37.6058),8735757178,3822944309,11.20363638320314,11.322849198399426,PASS
od_2009,녹번,3호선,126.935756,37.600927,pedestrian_support_point,빗물받이,서울특별시 은평구 녹번동  82-39,126.927,37.6032,813.314,POINT (126.927 37.6032),436867704,3811092362,5.477178362551235,15.602089737520723,PASS
od_1704,응암,6호선,126.915577,37.598605,pedestrian_support_point,맨홀,서울특별시 은평구 응암동  610-3,126.9139,37.5914,813.274,POINT (126.9139 37.5914),8735757178,10211968008,11.20363638320314,6.088892094813117,PASS
od_1826,응암,6호선,126.915577,37.598605,pedestrian_support_point,불광천길_3,서울특별시 은평구 응암동  610-3,126.9139,37.5914,813.274,POINT (126.9139 37.5914),8735757178,10211968008,11.20363638320314,6.088892094813117,PASS
od_55,연신내,6호선,126.920625,37.618636,mobility_facility,대한공인중개사사무소,서울특별시 은평구 갈현로 326-2,126.9182,37.6257,812.732,POINT (126.9182 37.6257),11230505686,3823588654,20.028299588559467,20.264742179244468,PASS
od_2275,불광,3호선,126.92982,37.610553,mobility_facility,현대공인중개사사무소,서울특별시 은평구 통일로 645,126.9346,37.6043,812.279,POINT (126.9346 37.6043),5930698997,3811156576,50.209801741355435,17.06125045240725,PASS
od_1998,녹번,3호선,126.935756,37.600927,pedestrian_support_point,빗물받이,서울특별시 은평구 녹번동  82-39,126.9271,37.6034,812.154,POINT (126.9271 37.6034),436867704,3811092369,5.477178362551235,2.4362778968034564,PASS
od_97,연신내,6호선,126.920625,37.618636,mobility_facility,라브리지헤어살롱,서울특별시 은평구 서오릉로 134-30,126.9181,37.6116,812.118,POINT (126.9181 37.6116),11230505686,3819768900,20.028299588559467,21.00248417183239,PASS
od_1589,응암,6호선,126.915577,37.598605,pedestrian_support_point,빗물받이,서울특별시 은평구 응암동  225-146,126.9231,37.5944,811.912,POINT (126.9231 37.5944),8735757178,3811326361,11.20363638320314,21.671608494151926,PASS
od_1502,응암,6호선,126.915577,37.598605,mobility_facility,역촌호프,서울특별시 은평구 진흥로 81-1,126.9215,37.6042,811.903,POINT (126.9215 37.6042),8735757178,10789220060,11.20363638320314,14.72503968113338,PASS
od_1082,불광,6호선,126.92939,37.610873,pedestrian_support_point,은평문화예술회관,서울특별시 은평구 녹번로 16,126.9276,37.6037,811.663,POINT (126.9276 37.6037),5930698997,6212920304,11.603222454866666,33.553796047634954,PASS
od_2754,연신내,3호선,126.921038,37.619229,mobility_facility,대영공인중개사사무소,서울특별시 은평구 연서로18길 14,126.919,37.6121,811.444,POINT (126.919 37.6121),13357342120,3819769006,32.16422242836125,36.067131538815794,PASS
od_1500,응암,6호선,126.915577,37.598605,mobility_facility,장충왕족발보쌈,서울특별시 은평구 가좌로 247,126.9154,37.5913,810.925,POINT (126.9154 37.5913),8735757178,3811552044,11.20363638320314,21.39865363883046,PASS
od_2388,불광,3호선,126.92982,37.610553,pedestrian_support_point,빗물받이,서울특별시 은평구 녹번동  85-8,126.927,37.6036,810.885,POINT (126.927 37.6036),5930698997,3811092369,50.209801741355435,23.49845175186713,PASS
od_1746,응암,6호선,126.915577,37.598605,pedestrian_support_point,맨홀,서울특별시 은평구 역촌동  45-42,126.9151,37.6059,810.76,POINT (126.9151 37.6059),8735757178,10789210641,11.20363638320314,8.475372817365667,PASS
od_1658,응암,6호선,126.915577,37.598605,pedestrian_support_point,시립은평병원.파크자이아파트,서울특별시 은평구 응암동  240-28,126.922,37.5934,809.619,POINT (126.922 37.5934),8735757178,3811067084,11.20363638320314,21.3649383992678,PASS
od_1723,응암,6호선,126.915577,37.598605,pedestrian_support_point,맨홀,서울특별시 은평구 역촌동  45-42,126.9141,37.6058,809.147,POINT (126.9141 37.6058),8735757178,3820984281,11.20363638320314,3.980956845043946,PASS
od_1566,응암,6호선,126.915577,37.598605,pedestrian_support_point,빗물받이,서울특별시 은평구 역촌동  45-42,126.9141,37.6058,809.147,POINT (126.9141 37.6058),8735757178,3820984281,11.20363638320314,3.980956845043946,PASS
od_1187,불광,6호선,126.92939,37.610873,pedestrian_support_point,맨홀,서울특별시 은평구 서오릉로 63,126.9238,37.6051,808.811,POINT (126.9238 37.6051),5930698997,10678122640,11.603222454866666,2.9349541294516293,PASS
od_537,독바위,6호선,126.933031,37.618456,mobility_facility,스마일공인중개사사무소,서울특별시 은평구 통일로78길 12-4,126.9239,37.6179,808.497,POINT (126.9239 37.6179),3824954278,3819769843,2.93341759236071,13.621190611487025,PASS
od_1578,응암,6호선,126.915577,37.598605,pedestrian_support_point,빗물받이,서울특별시 은평구 역촌동  45-42,126.9142,37.6058,807.771,POINT (126.9142 37.6058),8735757178,3820984281,11.20363638320314,11.969549005170151,PASS
od_2287,불광,3호선,126.92982,37.610553,mobility_facility,한라공인중개사사무소,서울특별시 은평구 불광로 119-1,126.9329,37.6174,807.133,POINT (126.9329 37.6174),5930698997,307924229,50.209801741355435,47.92106510135645,PASS
od_1881,응암,6호선,126.915577,37.598605,pedestrian_support_point,빗물받이,서울특별시 은평구 역촌동  45-42,126.9143,37.6058,806.489,POINT (126.9143 37.6058),8735757178,4584756059,11.20363638320314,16.774344909592593,PASS
od_294,연신내,6호선,126.920625,37.618636,pedestrian_support_point,구산역4번출구,서울특별시 은평구 갈현동  530-9,126.9172,37.6119,806.462,POINT (126.9172 37.6119),11230505686,13734502262,20.028299588559467,33.503985268292084,PASS
od_2402,불광,3호선,126.92982,37.610553,pedestrian_support_point,장애인화장실,서울특별시 은평구 서오릉로 32,126.9254,37.6042,805.918,POINT (126.9254 37.6042),5930698997,3811092378,50.209801741355435,38.733547251150085,PASS
od_1843,응암,6호선,126.915577,37.598605,pedestrian_support_point,응암제2동주민센터,서울특별시 은평구 백련산로 100,126.9231,37.5945,805.583,POINT (126.9231 37.5945),8735757178,3811326390,11.20363638320314,17.43421801609877,PASS
od_1616,응암,6호선,126.915577,37.598605,pedestrian_support_point,장애인화장실,서울특별시 은평구 백련산로 100,126.9231,37.5945,805.583,POINT (126.9231 37.5945),8735757178,3811326390,11.20363638320314,17.43421801609877,PASS
od_2566,불광,3호선,126.92982,37.610553,pedestrian_support_point,맨홀,서울특별시 은평구 서오릉로 63,126.9238,37.6051,805.51,POINT (126.9238 37.6051),5930698997,10678122640,50.209801741355435,2.9349541294516293,PASS
od_1148,불광,6호선,126.92939,37.610873,pedestrian_support_point,맨홀,서울특별시 은평구 녹번동  80-37,126.9244,37.6048,805.271,POINT (126.9244 37.6048),5930698997,3811078752,11.603222454866666,9.482015257929659,PASS
od_1135,불광,6호선,126.92939,37.610873,pedestrian_support_point,맨홀,서울특별시 은평구 녹번동  80-37,126.9246,37.6047,805.169,POINT (126.9246 37.6047),5930698997,3811092381,11.603222454866666,21.47759564566126,PASS
od_1947,녹번,3호선,126.935756,37.600927,mobility_facility,동화공인중개사사무소,서울특별시 은평구 서오릉로 3,126.9267,37.6017,804.287,POINT (126.9267 37.6017),436867704,414686099,5.477178362551235,46.128913076461544,PASS
od_2756,연신내,3호선,126.921038,37.619229,mobility_facility,방주공인중개사사무소,서울특별시 은평구 연서로34길 31,126.9294,37.6221,804.059,POINT (126.9294 37.6221),13357342120,3823587302,32.16422242836125,12.870181048570695,PASS
od_1395,응암,6호선,126.915577,37.598605,mobility_facility,할머니추어탕,서울특별시 은평구 응암로 361,126.9224,37.6034,803.898,POINT (126.9224 37.6034),8735757178,3811078738,11.20363638320314,32.51109571530584,PASS
od_448,독바위,6호선,126.933031,37.618456,mobility_facility,사과나무공인중개사사무소,서울특별시 은평구 연서로 267,126.9243,37.6205,803.502,POINT (126.9243 37.6205),3824954278,5279886140,2.93341759236071,16.33799365698779,PASS
od_1,연신내,6호선,126.920625,37.618636,mobility_facility,갈현베르빌부동산공인중개사사무소,서울특별시 은평구 연서로 149,126.917,37.612,803.057,POINT (126.917 37.612),11230505686,7060279696,20.028299588559467,28.554158706233746,PASS
od_2899,연신내,3호선,126.921038,37.619229,pedestrian_support_point,지하철환기구,서울특별시 은평구 갈현동  530-9,126.9174,37.6126,802.802,POINT (126.9174 37.6126),13357342120,3823584976,32.16422242836125,22.92093697849864,PASS
od_1172,불광,6호선,126.92939,37.610873,pedestrian_support_point,맨홀,서울특별시 은평구 서오릉로 63,126.9236,37.6053,802.475,POINT (126.9236 37.6053),5930698997,3811092420,11.603222454866666,25.896153901870072,PASS
od_1646,응암,6호선,126.915577,37.598605,pedestrian_support_point,새절(신사),서울특별시 은평구 응암동  610-3,126.9139,37.5915,802.363,POINT (126.9139 37.5915),8735757178,10211968008,11.20363638320314,8.20021869729936,PASS
od_2409,불광,3호선,126.92982,37.610553,pedestrian_support_point,장애인화장실,서울특별시 은평구 서오릉로 47,126.9231,37.6057,801.374,POINT (126.9231 37.6057),5930698997,10678122647,50.209801741355435,25.45355064426953,PASS
od_2551,불광,3호선,126.92982,37.610553,pedestrian_support_point,맨홀,서울특별시 은평구 서오릉로 63,126.9236,37.6053,800.971,POINT (126.9236 37.6053),5930698997,3811092420,50.209801741355435,25.896153901870072,PASS
od_1413,응암,6호선,126.915577,37.598605,mobility_facility,북경,서울특별시 은평구 역말로 24,126.9129,37.6055,800.949,POINT (126.9129 37.6055),8735757178,4584683202,11.20363638320314,23.335640770627307,PASS
od_1416,응암,6호선,126.915577,37.598605,mobility_facility,역촌동 멸치국수,서울특별시 은평구 역말로 24,126.9129,37.6055,800.949,POINT (126.9129 37.6055),8735757178,4584683202,11.20363638320314,23.335640770627307,PASS
od_2062,녹번,3호선,126.935756,37.600927,pedestrian_support_point,은평세무서,서울특별시 은평구 은평로 170,126.9267,37.6012,800.274,POINT (126.9267 37.6012),436867704,3811327176,5.477178362551235,38.64760656716018,PASS
od_1678,응암,6호선,126.915577,37.598605,pedestrian_support_point,응암3동주민센터,서울특별시 은평구 응암동  604-3,126.9177,37.5916,799.764,POINT (126.9177 37.5916),8735757178,3811552050,11.20363638320314,23.650546268229075,PASS
od_1490,응암,6호선,126.915577,37.598605,mobility_facility,한라똥돼지,서울특별시 은평구 역말로 34,126.914,37.6057,799.686,POINT (126.914 37.6057),8735757178,3822944309,11.20363638320314,9.910607128182754,PASS
od_1068,불광,6호선,126.92939,37.610873,pedestrian_support_point,지하철환기구,서울특별시 은평구 서오릉로 63,126.9235,37.6054,799.665,POINT (126.9235 37.6054),5930698997,3811092420,11.603222454866666,15.955167925592756,PASS
od_1069,불광,6호선,126.92939,37.610873,pedestrian_support_point,지하철환기구,서울특별시 은평구 서오릉로 63,126.9235,37.6054,799.665,POINT (126.9235 37.6054),5930698997,3811092420,11.603222454866666,15.955167925592756,PASS
od_1535,응암,6호선,126.915577,37.598605,mobility_facility,응암2동주민센터,서울특별시 은평구 백련산로 100,126.9231,37.5946,799.358,POINT (126.9231 37.5946),8735757178,3811326390,11.20363638320314,12.212704042990973,PASS
od_1817,응암,6호선,126.915577,37.598605,pedestrian_support_point,응암2동주민센터,서울특별시 은평구 백련산로 100,126.9231,37.5946,799.358,POINT (126.9231 37.5946),8735757178,3811326390,11.20363638320314,12.212704042990973,PASS
od_2450,불광,3호선,126.92982,37.610553,pedestrian_support_point,지하철환기구,서울특별시 은평구 서오릉로 63,126.9235,37.6054,799.07,POINT (126.9235 37.6054),5930698997,3811092420,50.209801741355435,15.955167925592756,PASS
od_2451,불광,3호선,126.92982,37.610553,pedestrian_support_point,지하철환기구,서울특별시 은평구 서오릉로 63,126.9235,37.6054,799.07,POINT (126.9235 37.6054),5930698997,3811092420,50.209801741355435,15.955167925592756,PASS
od_1025,불광,6호선,126.92939,37.610873,pedestrian_support_point,장애인화장실,서울특별시 은평구 서오릉로 47,126.9231,37.6057,798.815,POINT (126.9231 37.6057),5930698997,10678122647,11.603222454866666,25.45355064426953,PASS
od_1421,응암,6호선,126.915577,37.598605,mobility_facility,용두동쭈꾸미,서울특별시 은평구 역말로 34-1,126.9141,37.6057,798.195,POINT (126.9141 37.6057),8735757178,3820984281,11.20363638320314,8.78494095008683,PASS
od_920,불광,6호선,126.92939,37.610873,mobility_facility,구세군 희망나누기,서울특별시 은평구 불광로 119,126.9329,37.6175,798.145,POINT (126.9329 37.6175),5930698997,307924229,11.603222454866666,38.51747172909214,PASS
od_2529,불광,3호선,126.92982,37.610553,pedestrian_support_point,맨홀,서울특별시 은평구 녹번동  80-37,126.9244,37.6048,797.963,POINT (126.9244 37.6048),5930698997,3811078752,50.209801741355435,9.482015257929659,PASS
od_2479,불광,3호선,126.92982,37.610553,pedestrian_support_point,역촌역,서울특별시 은평구 서오릉로 63,126.9234,37.6055,797.416,POINT (126.9234 37.6055),5930698997,3811092420,50.209801741355435,15.524672982041224,PASS
od_1098,불광,6호선,126.92939,37.610873,pedestrian_support_point,역촌역,서울특별시 은평구 서오릉로 63,126.9234,37.6055,797.098,POINT (126.9234 37.6055),5930698997,3811092420,11.603222454866666,15.524672982041224,PASS
od_662,독바위,6호선,126.933031,37.618456,pedestrian_support_point,북한산대창센시티아파트,서울특별시 은평구 연서로 368,126.9288,37.6248,797.056,POINT (126.9288 37.6248),3824954278,436862217,2.93341759236071,23.525468875293775,PASS
od_1865,응암,6호선,126.915577,37.598605,pedestrian_support_point,빗물받이,"서울특별시 은평구 응암로30길 16, 102동 (응암동, 백련산에스케이뷰아이파크)",126.9226,37.5941,796.662,POINT (126.9226 37.5941),8735757178,8476757763,11.20363638320314,20.835860898097287,PASS
od_2516,불광,3호선,126.92982,37.610553,pedestrian_support_point,맨홀,서울특별시 은평구 녹번동  80-37,126.9246,37.6047,796.524,POINT (126.9246 37.6047),5930698997,3811092381,50.209801741355435,21.47759564566126,PASS
od_2404,불광,3호선,126.92982,37.610553,pedestrian_support_point,장애인화장실,서울특별시 은평구 녹번동  85-1,126.9272,37.6037,795.012,POINT (126.9272 37.6037),5930698997,6212920304,50.209801741355435,14.344360105551134,PASS
od_2136,녹번,3호선,126.935756,37.600927,pedestrian_support_point,응암1동주민센터,서울특별시 은평구 응암동  93-2,126.9268,37.6002,794.981,POINT (126.9268 37.6002),436867704,3811327156,5.477178362551235,14.49356384753751,PASS
od_1474,응암,6호선,126.915577,37.598605,mobility_facility,27.  역촌상가,서울특별시 은평구 역촌동  45-42,126.9144,37.6057,794.297,POINT (126.9144 37.6057),8735757178,4584756059,11.20363638320314,14.576215997895634,PASS
od_1177,불광,6호선,126.92939,37.610873,pedestrian_support_point,맨홀,서울특별시 은평구 서오릉로 63,126.9236,37.6054,793.951,POINT (126.9236 37.6054),5930698997,3811092420,11.603222454866666,14.867519445607602,PASS
od_459,독바위,6호선,126.933031,37.618456,mobility_facility,다은보호작업장,서울특별시 은평구 통일로71길 8,126.9261,37.6139,793.822,POINT (126.9261 37.6139),3824954278,3819769225,2.93341759236071,19.36828924340852,PASS
od_2435,불광,3호선,126.92982,37.610553,pedestrian_support_point,역촌,서울특별시 은평구 서오릉로 63,126.923,37.6059,793.307,POINT (126.923 37.6059),5930698997,8460926747,50.209801741355435,17.73207227050489,PASS
od_735,독바위,6호선,126.933031,37.618456,pedestrian_support_point,불광초등학교,서울특별시 은평구 불광동  275-3,126.9305,37.6116,793.075,POINT (126.9305 37.6116),3824954278,5281045188,2.93341759236071,15.140743514957155,PASS
od_2556,불광,3호선,126.92982,37.610553,pedestrian_support_point,맨홀,서울특별시 은평구 서오릉로 63,126.9236,37.6054,792.929,POINT (126.9236 37.6054),5930698997,3811092420,50.209801741355435,14.867519445607602,PASS
od_821,불광,6호선,126.92939,37.610873,mobility_facility,원탑(래미안단지내)공인중개사사무소,서울특별시 은평구 통일로 630,126.9353,37.6055,792.429,POINT (126.9353 37.6055),5930698997,11207547674,11.603222454866666,22.18544416807933,PASS
od_1426,응암,6호선,126.915577,37.598605,mobility_facility,컴포즈커피역말사거리점,서울특별시 은평구 역말로 40,126.9146,37.6057,792.179,POINT (126.9146 37.6057),8735757178,4584756059,11.20363638320314,15.604704510750556,PASS
od_452,독바위,6호선,126.933031,37.618456,mobility_facility,상지공인중개사사무소,서울특별시 은평구 연서로33길 4-1,126.9247,37.6211,791.876,POINT (126.9247 37.6211),3824954278,3823586968,2.93341759236071,6.4474233372440555,PASS
od_1931,녹번,3호선,126.935756,37.600927,mobility_facility,봉평메밀막국수,서울특별시 은평구 녹번로 12,126.9273,37.6033,791.794,POINT (126.9273 37.6033),436867704,3811139677,5.477178362551235,13.574371240964432,PASS
od_1427,응암,6호선,126.915577,37.598605,mobility_facility,향이나는야채,서울특별시 은평구 진흥로1길 56,126.9183,37.6054,791.575,POINT (126.9183 37.6054),8735757178,3819767942,11.20363638320314,12.858120390720913,PASS
od_1377,응암,6호선,126.915577,37.598605,mobility_facility,26. 새절역 1번출구,서울특별시 은평구 증산로 400,126.9139,37.5916,791.457,POINT (126.9139 37.5916),8735757178,3822999355,11.20363638320314,15.371169170227523,PASS
od_2129,녹번,3호선,126.935756,37.600927,pedestrian_support_point,응암1동 주민센터,서울특별시 은평구 백련산로 179,126.9268,37.6007,791.274,POINT (126.9268 37.6007),436867704,436845034,5.477178362551235,21.269956534834755,PASS
od_1126,불광,6호선,126.92939,37.610873,pedestrian_support_point,맨홀,서울특별시 은평구 서오릉로 63,126.9235,37.6055,791.267,POINT (126.9235 37.6055),5930698997,3811092420,11.603222454866666,7.23094868995835,PASS
od_2507,불광,3호선,126.92982,37.610553,pedestrian_support_point,맨홀,서울특별시 은평구 서오릉로 63,126.9235,37.6055,791.164,POINT (126.9235 37.6055),5930698997,3811092420,50.209801741355435,7.23094868995835,PASS
od_2023,녹번,3호선,126.935756,37.600927,pedestrian_support_point,장애인화장실,서울특별시 은평구 백련산로 179,126.9268,37.6008,790.998,POINT (126.9268 37.6008),436867704,436845034,5.477178362551235,26.614891808742822,PASS
od_1687,응암,6호선,126.915577,37.598605,pedestrian_support_point,역촌동주민센터,서울특별시 은평구 역촌동  45-42,126.9148,37.6057,790.451,POINT (126.9148 37.6057),8735757178,4584756059,11.20363638320314,29.922602404916265,PASS
od_246,연신내,6호선,126.920625,37.618636,pedestrian_support_point,장애인화장실,서울특별시 은평구 연서로 149,126.9168,37.6122,790.132,POINT (126.9168 37.6122),11230505686,7060279696,20.028299588559467,14.445155273433501,PASS
od_1533,응암,6호선,126.915577,37.598605,mobility_facility,홈즈공인중개사사무소,서울특별시 은평구 진흥로7가길 2,126.9204,37.6046,790.012,POINT (126.9204 37.6046),8735757178,4583516173,11.20363638320314,19.366225256234117,PASS
od_1978,녹번,3호선,126.935756,37.600927,mobility_facility,킹콩부대찌개,서울특별시 은평구 녹번로 8,126.9272,37.603,789.794,POINT (126.9272 37.603),436867704,3811139667,5.477178362551235,19.67730695478312,PASS
od_1053,불광,6호선,126.92939,37.610873,pedestrian_support_point,역촌,서울특별시 은평구 서오릉로 63,126.923,37.6059,789.299,POINT (126.923 37.6059),5930698997,8460926747,11.603222454866666,17.73207227050489,PASS
od_1049,불광,6호선,126.92939,37.610873,pedestrian_support_point,장애인화장실,서울특별시 은평구 녹번로1길 1,126.9263,37.6042,789.289,POINT (126.9263 37.6042),5930698997,3811092374,11.603222454866666,39.6705027504843,PASS
od_1422,응암,6호선,126.915577,37.598605,mobility_facility,응암족발,서울특별시 은평구 가좌로 251,126.9152,37.5915,789.279,POINT (126.9152 37.5915),8735757178,3811552044,11.20363638320314,19.64404429780236,PASS
od_1415,응암,6호선,126.915577,37.598605,mobility_facility,아우라헤어,서울특별시 은평구 연서로 73,126.915,37.6057,789.114,POINT (126.915 37.6057),8735757178,10789210641,11.20363638320314,21.961808534777123,PASS
od_2603,불광,3호선,126.92982,37.610553,pedestrian_support_point,역촌역.역촌오거리,서울특별시 은평구 서오릉로 71,126.9224,37.6066,788.502,POINT (126.9224 37.6066),5930698997,3819768031,50.209801741355435,17.810647228287785,PASS
od_467,독바위,6호선,126.933031,37.618456,mobility_facility,연신내영웅공인중개사사무소,서울특별시 은평구 연서로 271,126.9246,37.6208,788.48,POINT (126.9246 37.6208),3824954278,3823586932,2.93341759236071,14.334542259092022,PASS
od_1352,응암,6호선,126.915577,37.598605,mobility_facility,리더스공인중개사사무소,서울특별시 은평구 증산로 395-1,126.9135,37.5917,788.024,POINT (126.9135 37.5917),8735757178,10211968023,11.20363638320314,9.207254121623103,PASS
od_1436,응암,6호선,126.915577,37.598605,mobility_facility,리더스공인중개사사무소,서울특별시 은평구 증산로 395-1,126.9135,37.5917,788.024,POINT (126.9135 37.5917),8735757178,10211968023,11.20363638320314,9.207254121623103,PASS
od_2082,녹번,3호선,126.935756,37.600927,pedestrian_support_point,맨홀,서울특별시 은평구 응암동  84-14,126.9269,37.6018,788.016,POINT (126.9269 37.6018),436867704,414686099,5.477178362551235,41.37279955225247,PASS
od_899,불광,6호선,126.92939,37.610873,mobility_facility,한라공인중개사사무소,서울특별시 은평구 불광로 119-1,126.9329,37.6174,787.929,POINT (126.9329 37.6174),5930698997,307924229,11.603222454866666,47.92106510135645,PASS
od_2659,연신내,3호선,126.921038,37.619229,mobility_facility,권선생부동산공인중개사사무소,서울특별시 은평구 통일로 780,126.9272,37.6141,787.419,POINT (126.9272 37.6141),13357342120,11228575667,32.16422242836125,30.485557964946462,PASS
od_2773,연신내,3호선,126.921038,37.619229,mobility_facility,준공인중개사사무소,서울특별시 은평구 통일로92길 35-1,126.9237,37.626,787.396,POINT (126.9237 37.626),13357342120,3823588708,32.16422242836125,13.526939539295903,PASS
od_2558,불광,3호선,126.92982,37.610553,pedestrian_support_point,맨홀,서울특별시 은평구 서오릉로 63,126.9232,37.6058,787.379,POINT (126.9232 37.6058),5930698997,10678122647,50.209801741355435,11.735277797274414,PASS
od_2261,불광,3호선,126.92982,37.610553,mobility_facility,온라인공인중개사사무소,서울특별시 은평구 통일로73길 11-1,126.9232,37.6153,786.906,POINT (126.9232 37.6153),5930698997,3819769391,50.209801741355435,8.973028368813019,PASS
od_2271,불광,3호선,126.92982,37.610553,mobility_facility,온라인공인중개사사무소,서울특별시 은평구 통일로73길 11-1,126.9232,37.6153,786.906,POINT (126.9232 37.6153),5930698997,3819769391,50.209801741355435,8.973028368813019,PASS
od_2349,불광,3호선,126.92982,37.610553,mobility_facility,역촌역,서울특별시 은평구 서오릉로 63,126.923,37.606,786.126,POINT (126.923 37.606),5930698997,8460926747,50.209801741355435,11.080562328111156,PASS
od_2613,불광,3호선,126.92982,37.610553,pedestrian_support_point,역촌역,서울특별시 은평구 서오릉로 63,126.923,37.606,786.126,POINT (126.923 37.606),5930698997,8460926747,50.209801741355435,11.080562328111156,PASS
od_2407,불광,3호선,126.92982,37.610553,pedestrian_support_point,장애인화장실,서울특별시 은평구 서오릉로 63,126.923,37.606,786.126,POINT (126.923 37.606),5930698997,8460926747,50.209801741355435,11.080562328111156,PASS
od_2660,연신내,3호선,126.921038,37.619229,mobility_facility,열린공인중개사사무소,서울특별시 은평구 통일로 780,126.9273,37.6142,785.621,POINT (126.9273 37.6142),13357342120,8370651105,32.16422242836125,28.756732137350014,PASS
od_508,독바위,6호선,126.933031,37.618456,mobility_facility,장원축산고기마트,서울특별시 은평구 연서로 325,126.9282,37.6244,785.574,POINT (126.9282 37.6244),3824954278,3823588115,2.93341759236071,20.288996556302894,PASS
od_2463,불광,3호선,126.92982,37.610553,pedestrian_support_point,은평문화예술회관,서울특별시 은평구 녹번로 16,126.9276,37.6037,785.462,POINT (126.9276 37.6037),5930698997,6212920304,50.209801741355435,33.553796047634954,PASS
od_694,독바위,6호선,126.933031,37.618456,pedestrian_support_point,맨홀,서울특별시 은평구 불광로 179-6,126.9291,37.6248,784.993,POINT (126.9291 37.6248),3824954278,436849336,2.93341759236071,30.24584288738577,PASS
od_1179,불광,6호선,126.92939,37.610873,pedestrian_support_point,맨홀,서울특별시 은평구 서오릉로 63,126.9232,37.6058,784.699,POINT (126.9232 37.6058),5930698997,10678122647,11.603222454866666,11.735277797274414,PASS
od_2072,녹번,3호선,126.935756,37.600927,pedestrian_support_point,맨홀,서울특별시 은평구 응암동  84-14,126.9269,37.6015,784.62,POINT (126.9269 37.6015),436867704,414686099,5.477178362551235,21.795148384476978,PASS
od_2137,녹번,3호선,126.935756,37.600927,pedestrian_support_point,빗물받이,서울특별시 은평구 응암동  84-14,126.9269,37.6015,784.62,POINT (126.9269 37.6015),436867704,414686099,5.477178362551235,21.795148384476978,PASS
od_41,연신내,6호선,126.920625,37.618636,mobility_facility,오름부동산공인중개사사무소,서울특별시 은평구 갈현로 328-6,126.9185,37.6255,784.589,POINT (126.9185 37.6255),11230505686,3823588573,20.028299588559467,24.856078848809407,PASS
od_63,연신내,6호선,126.920625,37.618636,mobility_facility,30.  세명컴퓨터고등학교,서울특별시 은평구 통일로 928,126.9203,37.6257,784.554,POINT (126.9203 37.6257),11230505686,3823588586,20.028299588559467,23.47017048392268,PASS
od_131,연신내,6호선,126.920625,37.618636,mobility_facility,굿모닝부동산공인중개사사무소,서울특별시 은평구 통일로 928,126.9203,37.6257,784.554,POINT (126.9203 37.6257),11230505686,3823588586,20.028299588559467,23.47017048392268,PASS
od_2059,녹번,3호선,126.935756,37.600927,pedestrian_support_point,은평문화예술회관,서울특별시 은평구 녹번로 16,126.9276,37.6037,783.218,POINT (126.9276 37.6037),436867704,6212920304,5.477178362551235,33.553796047634954,PASS
od_1860,응암,6호선,126.915577,37.598605,pedestrian_support_point,빗물받이,"서울특별시 은평구 응암로30길 16, 102동 (응암동, 백련산에스케이뷰아이파크)",126.9224,37.5941,782.99,POINT (126.9224 37.5941),8735757178,3811325354,11.20363638320314,8.061154873082948,PASS
od_454,독바위,6호선,126.933031,37.618456,mobility_facility,명성부동산공인중개사사무소,서울특별시 은평구 연서로32길 18,126.9242,37.6191,782.916,POINT (126.9242 37.6191),3824954278,356265927,2.93341759236071,14.291516825299782,PASS
od_2139,녹번,3호선,126.935756,37.600927,pedestrian_support_point,응암제1동주민센터,서울특별시 은평구 백련산로 179,126.9269,37.6007,782.448,POINT (126.9269 37.6007),436867704,436845034,5.477178362551235,13.046542171817649,PASS
od_1986,녹번,3호선,126.935756,37.600927,mobility_facility,응암1동 주민센터,서울특별시 은평구 백련산로 179,126.9269,37.6008,782.169,POINT (126.9269 37.6008),436867704,436845034,5.477178362551235,20.64349914493834,PASS
od_960,불광,6호선,126.92939,37.610873,mobility_facility,역촌역,서울특별시 은평구 서오릉로 63,126.923,37.606,781.578,POINT (126.923 37.606),5930698997,8460926747,11.603222454866666,11.080562328111156,PASS
od_1234,불광,6호선,126.92939,37.610873,pedestrian_support_point,역촌역,서울특별시 은평구 서오릉로 63,126.923,37.606,781.578,POINT (126.923 37.606),5930698997,8460926747,11.603222454866666,11.080562328111156,PASS
od_1023,불광,6호선,126.92939,37.610873,pedestrian_support_point,장애인화장실,서울특별시 은평구 서오릉로 63,126.923,37.606,781.578,POINT (126.923 37.606),5930698997,8460926747,11.603222454866666,11.080562328111156,PASS
od_2174,불광,3호선,126.92982,37.610553,mobility_facility,시티공인중개사사무소,서울특별시 은평구 역말로9길 38-2,126.9225,37.6145,780.779,POINT (126.9225 37.6145),5930698997,353193678,50.209801741355435,8.741040886148859,PASS
od_1553,응암,6호선,126.915577,37.598605,pedestrian_support_point,빗물받이,서울특별시 은평구 응암동  610-3,126.9139,37.5917,780.557,POINT (126.9139 37.5917),8735757178,3822999355,11.20363638320314,19.45411297242159,PASS
od_1805,응암,6호선,126.915577,37.598605,pedestrian_support_point,새절역.숭실고입구,서울특별시 은평구 증산로 400,126.9139,37.5917,780.557,POINT (126.9139 37.5917),8735757178,3822999355,11.20363638320314,19.45411297242159,PASS
od_1373,응암,6호선,126.915577,37.598605,mobility_facility,16. 역말 사거리 ,서울특별시 은평구 역말로 40,126.9147,37.6056,780.221,POINT (126.9147 37.6056),8735757178,3822944311,11.20363638320314,21.62723088069917,PASS
od_2717,연신내,3호선,126.921038,37.619229,mobility_facility,10. 세명컴퓨터고등학교,서울특별시 은평구 통일로 895-2,126.9199,37.6262,780.202,POINT (126.9199 37.6262),13357342120,11230505704,32.16422242836125,27.79253603048261,PASS
od_117,연신내,6호선,126.920625,37.618636,mobility_facility,한국공인중개사사무소,서울특별시 은평구 갈현로 196,126.913,37.6151,779.238,POINT (126.913 37.6151),11230505686,4569556693,20.028299588559467,18.133798440688654,PASS
od_1694,응암,6호선,126.915577,37.598605,pedestrian_support_point,새절역,서울특별시 은평구 응암동  610-3,126.914,37.5917,778.93,POINT (126.914 37.5917),8735757178,3822999355,11.20363638320314,26.95479710534824,PASS
od_1224,불광,6호선,126.92939,37.610873,pedestrian_support_point,역촌역.역촌오거리,서울특별시 은평구 서오릉로 71,126.9224,37.6066,778.364,POINT (126.9224 37.6066),5930698997,3819768031,11.603222454866666,17.810647228287785,PASS
od_1471,응암,6호선,126.915577,37.598605,mobility_facility,동서공인중개사사무소,서울특별시 은평구 가좌로 248,126.9156,37.5916,777.48,POINT (126.9156 37.5916),8735757178,3811552048,11.20363638320314,17.593176302308258,PASS
od_1528,응암,6호선,126.915577,37.598605,mobility_facility,마마수제만두,서울특별시 은평구 증산로 397,126.9135,37.5918,777.234,POINT (126.9135 37.5918),8735757178,10211968023,11.20363638320314,19.494463122518763,PASS
od_115,연신내,6호선,126.920625,37.618636,mobility_facility,28.  구산역  1번출구,서울특별시 은평구 연서로18길 3-6,126.9175,37.6121,776.122,POINT (126.9175 37.6121),11230505686,3819769031,20.028299588559467,29.94565811089962,PASS
od_2060,녹번,3호선,126.935756,37.600927,pedestrian_support_point,응암1동주민센터,서울특별시 은평구 응암동  95-1,126.927,37.6004,775.422,POINT (126.927 37.6004),436867704,436845034,5.477178362551235,27.552387060211984,PASS
od_1905,녹번,3호선,126.935756,37.600927,mobility_facility,로얄공인중개사사무소,서울특별시 은평구 녹번로 73,126.9319,37.6072,775.035,POINT (126.9319 37.6072),436867704,3811139961,5.477178362551235,11.411638038625837,PASS
od_2076,녹번,3호선,126.935756,37.600927,pedestrian_support_point,맨홀,서울특별시 은평구 응암동  84-14,126.927,37.6013,774.316,POINT (126.927 37.6013),436867704,414686099,5.477178362551235,24.124652107527332,PASS
od_1748,응암,6호선,126.915577,37.598605,pedestrian_support_point,맨홀,서울특별시 은평구 응암동  604-3,126.9175,37.5918,774.137,POINT (126.9175 37.5918),8735757178,3811552050,11.20363638320314,11.210768243079968,PASS
od_2003,녹번,3호선,126.935756,37.600927,pedestrian_support_point,빗물받이,서울특별시 은평구 응암동  84-14,126.927,37.6011,773.448,POINT (126.927 37.6011),436867704,414686099,5.477178362551235,44.53231465865645,PASS
od_2070,녹번,3호선,126.935756,37.600927,pedestrian_support_point,맨홀,서울특별시 은평구 응암동  84-14,126.927,37.601,773.252,POINT (126.927 37.601),436867704,436845034,5.477178362551235,39.40716970259281,PASS
od_2000,녹번,3호선,126.935756,37.600927,pedestrian_support_point,빗물받이,서울특별시 은평구 응암동  84-14,126.927,37.6009,773.216,POINT (126.927 37.6009),436867704,436845034,5.477178362551235,28.3268281535212,PASS
od_1708,응암,6호선,126.915577,37.598605,pedestrian_support_point,맨홀,서울특별시 은평구 응암동  605-3,126.9174,37.5918,772.248,POINT (126.9174 37.5918),8735757178,3811552050,11.20363638320314,20.016245863082418,PASS
od_1777,응암,6호선,126.915577,37.598605,pedestrian_support_point,과속방지턱,서울특별시 은평구 역촌동  73-7,126.9095,37.6036,771.574,POINT (126.9095 37.6036),8735757178,3823349110,11.20363638320314,8.243795966680318,PASS
od_2431,불광,3호선,126.92982,37.610553,pedestrian_support_point,장애인화장실,서울특별시 은평구 녹번로1길 1,126.9263,37.6042,770.577,POINT (126.9263 37.6042),5930698997,3811092374,50.209801741355435,39.6705027504843,PASS
od_1540,응암,6호선,126.915577,37.598605,mobility_facility,새절역,서울특별시 은평구 증산로 400,126.9139,37.5918,769.663,POINT (126.9139 37.5918),8735757178,3822999355,11.20363638320314,27.711714387977768,PASS
od_1819,응암,6호선,126.915577,37.598605,pedestrian_support_point,새절역,서울특별시 은평구 증산로 400,126.9139,37.5918,769.663,POINT (126.9139 37.5918),8735757178,3822999355,11.20363638320314,27.711714387977768,PASS
od_1618,응암,6호선,126.915577,37.598605,pedestrian_support_point,장애인화장실,서울특별시 은평구 증산로 400,126.9139,37.5918,769.663,POINT (126.9139 37.5918),8735757178,3822999355,11.20363638320314,27.711714387977768,PASS
od_1861,응암,6호선,126.915577,37.598605,pedestrian_support_point,빗물받이,"서울특별시 은평구 응암로30길 16, 102동 (응암동, 백련산에스케이뷰아이파크)",126.9222,37.5941,769.48,POINT (126.9222 37.5941),8735757178,3811325354,11.20363638320314,14.77740163788812,PASS
od_3,연신내,6호선,126.920625,37.618636,mobility_facility,권선생부동산공인중개사사무소,서울특별시 은평구 통일로 780,126.9272,37.6141,768.396,POINT (126.9272 37.6141),11230505686,11228575667,20.028299588559467,30.485557964946462,PASS
od_4,연신내,6호선,126.920625,37.618636,mobility_facility,열린공인중개사사무소,서울특별시 은평구 통일로 780,126.9273,37.6142,767.925,POINT (126.9273 37.6142),11230505686,8370651105,20.028299588559467,28.756732137350014,PASS
od_2061,녹번,3호선,126.935756,37.600927,pedestrian_support_point,은평여성인력개발센터,서울특별시 은평구 녹번로 72,126.9321,37.6072,767.44,POINT (126.9321 37.6072),436867704,3811139961,5.477178362551235,19.905641635354513,PASS
od_1358,응암,6호선,126.915577,37.598605,mobility_facility,KB부동산공인중개사사무소,서울특별시 은평구 은평로 145,126.9237,37.601,764.992,POINT (126.9237 37.601),8735757178,2309932460,11.20363638320314,28.999517147719743,PASS
od_1336,응암,6호선,126.915577,37.598605,mobility_facility,수피아공인중개사사무소,서울특별시 은평구 응암로22길 28-6,126.9211,37.5933,764.578,POINT (126.9211 37.5933),8735757178,3811067090,11.20363638320314,16.94623569769809,PASS
od_434,독바위,6호선,126.933031,37.618456,mobility_facility,뉴태양공인중개사사무소,서울특별시 은평구 통일로 796,126.925,37.6159,763.681,POINT (126.925 37.6159),3824954278,11228574126,2.93341759236071,22.15657166640298,PASS
od_1551,응암,6호선,126.915577,37.598605,pedestrian_support_point,빗물받이,서울특별시 은평구 응암동  604-2,126.9175,37.5919,763.312,POINT (126.9175 37.5919),8735757178,3811552050,11.20363638320314,15.417591793316639,PASS
od_2154,불광,3호선,126.92982,37.610553,mobility_facility,예스부동산공인중개사사무소,서울특별시 은평구 통일로 660,126.9358,37.6056,762.239,POINT (126.9358 37.6056),5930698997,3811715832,50.209801741355435,24.549675950942884,PASS
od_2153,불광,3호선,126.92982,37.610553,mobility_facility,좋은예감(단지내)공인중개사사무소,서울특별시 은평구 통일로 660,126.9358,37.6056,762.239,POINT (126.9358 37.6056),5930698997,3811715832,50.209801741355435,24.549675950942884,PASS
od_427,연신내,6호선,126.920625,37.618636,pedestrian_support_point,빗물받이,서울특별시 은평구 갈현동  530-9,126.9173,37.6123,762.042,POINT (126.9173 37.6123),11230505686,13734502244,20.028299588559467,11.18111112346318,PASS
od_2705,연신내,3호선,126.921038,37.619229,mobility_facility,천지공인중개사사무소,서울특별시 은평구 갈현로 207,126.9135,37.6159,761.193,POINT (126.9135 37.6159),13357342120,4569556695,32.16422242836125,17.87583125957,PASS
od_2707,연신내,3호선,126.921038,37.619229,mobility_facility,대한공인중개사사무소,서울특별시 은평구 갈현로 326-2,126.9182,37.6257,760.658,POINT (126.9182 37.6257),13357342120,3823588654,32.16422242836125,20.264742179244468,PASS
od_463,독바위,6호선,126.933031,37.618456,mobility_facility,퍼펙트공인중개사사무소,서울특별시 은평구 연서로32길 13,126.9245,37.6194,760.413,POINT (126.9245 37.6194),3824954278,3819770000,2.93341759236071,13.171676671893842,PASS
od_2093,녹번,3호선,126.935756,37.600927,pedestrian_support_point,맨홀,서울특별시 은평구 녹번동  116-3,126.9326,37.6073,760.253,POINT (126.9326 37.6073),436867704,11228574102,5.477178362551235,22.217673506507115,PASS
od_465,독바위,6호선,126.933031,37.618456,mobility_facility,청여울공인중개사사무소,"서울특별시 은평구 통일로 767, 101동 (대조동, 베르디움STAY1)",126.9265,37.614,759.656,POINT (126.9265 37.614),3824954278,3819769225,2.93341759236071,20.90149506810367,PASS
od_1854,응암,6호선,126.915577,37.598605,pedestrian_support_point,빗물받이,서울특별시 은평구 응암로 221-2,126.9173,37.5919,759.578,POINT (126.9173 37.5919),8735757178,3811552050,11.20363638320314,30.706686697019894,PASS
od_2339,불광,3호선,126.92982,37.610553,mobility_facility,구립대조노인복지관,서울특별시 은평구 역말로9길 27,126.922,37.6134,759.324,POINT (126.922 37.6134),5930698997,3819769155,50.209801741355435,25.060343423194855,PASS
od_2678,연신내,3호선,126.921038,37.619229,mobility_facility,조은공인중개사,서울특별시 은평구 연서로 158,126.9178,37.6129,758.396,POINT (126.9178 37.6129),13357342120,10678122524,32.16422242836125,38.809650348411346,PASS
od_2753,연신내,3호선,126.921038,37.619229,mobility_facility,조은공인중개사사무소,서울특별시 은평구 연서로 158,126.9178,37.6129,758.396,POINT (126.9178 37.6129),13357342120,10678122524,32.16422242836125,38.809650348411346,PASS
od_1847,응암,6호선,126.915577,37.598605,pedestrian_support_point,빗물받이,서울특별시 은평구 응암로 221-2,126.9172,37.5919,757.858,POINT (126.9172 37.5919),8735757178,7485918505,11.20363638320314,23.00804496731615,PASS
od_573,독바위,6호선,126.933031,37.618456,pedestrian_support_point,빗물받이,서울특별시 은평구 불광로 179-6,126.9293,37.6246,757.301,POINT (126.9293 37.6246),3824954278,436849336,2.93341759236071,2.0355886847554063,PASS
od_1721,응암,6호선,126.915577,37.598605,pedestrian_support_point,맨홀,서울특별시 은평구 신사동  352-1,126.914,37.5919,757.1,POINT (126.914 37.5919),8735757178,3822999322,11.20363638320314,28.327966796550033,PASS
od_551,독바위,6호선,126.933031,37.618456,mobility_facility,하나로약국,서울특별시 은평구 연서로 277-1,126.9252,37.6212,755.461,POINT (126.9252 37.6212),3824954278,3819770067,2.93341759236071,31.6141330442214,PASS
od_1868,응암,6호선,126.915577,37.598605,pedestrian_support_point,빗물받이,서울특별시 은평구 응암로 221-6,126.917,37.5919,754.717,POINT (126.917 37.5919),8735757178,7485918505,11.20363638320314,5.5938771397685,PASS
od_2697,연신내,3호선,126.921038,37.619229,mobility_facility,청여울공인중개사사무소,"서울특별시 은평구 통일로 767, 101동 (대조동, 베르디움STAY1)",126.9265,37.614,754.563,POINT (126.9265 37.614),13357342120,3819769225,32.16422242836125,20.90149506810367,PASS
od_2274,불광,3호선,126.92982,37.610553,mobility_facility,조아공인중개사사무소,서울특별시 은평구 역말로9길 23,126.9219,37.6131,754.262,POINT (126.9219 37.6131),5930698997,3819769133,50.209801741355435,13.502247722501453,PASS
od_1477,응암,6호선,126.915577,37.598605,mobility_facility,14.  새절역  4번출구,서울특별시 은평구 신사동  352-1,126.9137,37.592,751.589,POINT (126.9137 37.592),8735757178,10180549480,11.20363638320314,17.432022345274692,PASS
od_1702,응암,6호선,126.915577,37.598605,pedestrian_support_point,맨홀,서울특별시 은평구 갈현로7가길 5,126.9097,37.6035,751.333,POINT (126.9097 37.6035),8735757178,3823349107,11.20363638320314,9.496250701005291,PASS
od_1385,응암,6호선,126.915577,37.598605,mobility_facility,연도약국,서울특별시 은평구 은평로 144,126.9237,37.6006,750.722,POINT (126.9237 37.6006),8735757178,2309932460,11.20363638320314,16.97169941831685,PASS
od_1572,응암,6호선,126.915577,37.598605,pedestrian_support_point,빗물받이,서울특별시 은평구 신사동  352-1,126.914,37.592,746.194,POINT (126.914 37.592),8735757178,3822999322,11.20363638320314,18.713249997977584,PASS
od_1654,응암,6호선,126.915577,37.598605,pedestrian_support_point,지하철환기구,서울특별시 은평구 증산로 414,126.914,37.592,746.194,POINT (126.914 37.592),8735757178,3822999322,11.20363638320314,18.713249997977584,PASS
od_49,연신내,6호선,126.920625,37.618636,mobility_facility,은평공인중개사사무소,서울특별시 은평구 연서로18길 6,126.9182,37.6122,745.723,POINT (126.9182 37.6122),11230505686,4580503144,20.028299588559467,11.527105810340908,PASS
od_2028,녹번,3호선,126.935756,37.600927,pedestrian_support_point,장애인화장실,서울특별시 은평구 응암동  95-1,126.9274,37.6002,742.29,POINT (126.9274 37.6002),436867704,3811678362,5.477178362551235,31.81651513854339,PASS
od_318,연신내,6호선,126.920625,37.618636,pedestrian_support_point,맨홀,서울특별시 은평구 갈현동  530-9,126.9173,37.6125,741.607,POINT (126.9173 37.6125),11230505686,3823584976,20.028299588559467,9.631106872757707,PASS
od_1240,불광,6호선,126.92939,37.610873,pedestrian_support_point,은평구립우리장애인복지관,서울특별시 은평구 녹번로1길 13,126.9265,37.6046,741.526,POINT (126.9265 37.6046),5930698997,6212920326,11.603222454866666,43.144007757706134,PASS
od_2690,연신내,3호선,126.921038,37.619229,mobility_facility,다은보호작업장,서울특별시 은평구 통일로71길 8,126.9261,37.6139,741.322,POINT (126.9261 37.6139),13357342120,3819769225,32.16422242836125,19.36828924340852,PASS
od_1884,응암,6호선,126.915577,37.598605,pedestrian_support_point,빗물받이,서울특별시 은평구 응암로 221-10,126.9168,37.592,740.995,POINT (126.9168 37.592),8735757178,7485918506,11.20363638320314,9.070335915359488,PASS
od_2212,불광,3호선,126.92982,37.610553,mobility_facility,원탑(래미안단지내)공인중개사사무소,서울특별시 은평구 통일로 630,126.9353,37.6055,740.716,POINT (126.9353 37.6055),5930698997,11207547674,50.209801741355435,22.18544416807933,PASS
od_35,연신내,6호선,126.920625,37.618636,mobility_facility,명품공인중개사사무소,서울특별시 은평구 갈현로41길 10,126.9164,37.6244,740.536,POINT (126.9164 37.6244),11230505686,4580091944,20.028299588559467,5.020957486443512,PASS
od_42,연신내,6호선,126.920625,37.618636,mobility_facility,삼성공인중개사사무소,서울특별시 은평구 갈현로41길 10,126.9164,37.6244,740.536,POINT (126.9164 37.6244),11230505686,4580091944,20.028299588559467,5.020957486443512,PASS
od_1709,응암,6호선,126.915577,37.598605,pedestrian_support_point,맨홀,서울특별시 은평구 가좌로10길 26,126.9167,37.592,739.76,POINT (126.9167 37.592),8735757178,4583396618,11.20363638320314,6.58828225631329,PASS
od_1562,응암,6호선,126.915577,37.598605,pedestrian_support_point,빗물받이,서울특별시 은평구 가좌로10길 26,126.9167,37.592,739.76,POINT (126.9167 37.592),8735757178,4583396618,11.20363638320314,6.58828225631329,PASS
od_108,연신내,6호선,126.920625,37.618636,mobility_facility,대영공인중개사사무소,서울특별시 은평구 연서로18길 14,126.919,37.6121,739.477,POINT (126.919 37.6121),11230505686,3819769006,20.028299588559467,36.067131538815794,PASS
od_1778,응암,6호선,126.915577,37.598605,pedestrian_support_point,과속방지턱,서울특별시 은평구 역촌동  73-6,126.9099,37.6035,739.244,POINT (126.9099 37.6035),8735757178,3823349094,11.20363638320314,14.364199704077762,PASS
od_533,독바위,6호선,126.933031,37.618456,mobility_facility,현대공인중개사사무소,서울특별시 은평구 불광로2길 10,126.9328,37.6118,739.026,POINT (126.9328 37.6118),3824954278,3824953850,2.93341759236071,30.371380294254898,PASS
od_1864,응암,6호선,126.915577,37.598605,pedestrian_support_point,빗물받이,서울특별시 은평구 가좌로10길 13,126.9164,37.592,736.676,POINT (126.9164 37.592),8735757178,3811552055,11.20363638320314,18.13227191952696,PASS
od_78,연신내,6호선,126.920625,37.618636,mobility_facility,지안부동산공인중개사사무소,서울특별시 은평구 갈현로41길 10,126.9165,37.6244,736.129,POINT (126.9165 37.6244),11230505686,353194407,20.028299588559467,9.577807640709288,PASS
od_1711,응암,6호선,126.915577,37.598605,pedestrian_support_point,맨홀,서울특별시 은평구 가좌로10길 26,126.9163,37.592,735.857,POINT (126.9163 37.592),8735757178,3811552055,11.20363638320314,9.600080414121047,PASS
od_1749,응암,6호선,126.915577,37.598605,pedestrian_support_point,맨홀,서울특별시 은평구 신사동  352-1,126.914,37.5921,735.293,POINT (126.914 37.5921),8735757178,3822999322,11.20363638320314,12.049260599667436,PASS
od_1549,응암,6호선,126.915577,37.598605,pedestrian_support_point,빗물받이,서울특별시 은평구 가좌로10길 11-10,126.9162,37.592,735.143,POINT (126.9162 37.592),8735757178,3811552055,11.20363638320314,3.28706371054033,PASS
od_873,불광,6호선,126.92939,37.610873,mobility_facility,온라인공인중개사사무소,서울특별시 은평구 통일로73길 11-1,126.9232,37.6153,734.926,POINT (126.9232 37.6153),5930698997,3819769391,11.603222454866666,8.973028368813019,PASS
od_883,불광,6호선,126.92939,37.610873,mobility_facility,온라인공인중개사사무소,서울특별시 은평구 통일로73길 11-1,126.9232,37.6153,734.926,POINT (126.9232 37.6153),5930698997,3819769391,11.603222454866666,8.973028368813019,PASS
od_1494,응암,6호선,126.915577,37.598605,mobility_facility,희망나누미,서울특별시 은평구 진흥로1길 48-1,126.9185,37.6048,734.429,POINT (126.9185 37.6048),8735757178,3819767865,11.20363638320314,20.619645179303266,PASS
od_577,독바위,6호선,126.933031,37.618456,pedestrian_support_point,빗물받이,서울특별시 은평구 불광로 179-6,126.9294,37.6244,733.475,POINT (126.9294 37.6244),3824954278,3823588067,2.93341759236071,19.56746374656779,PASS
od_1356,응암,6호선,126.915577,37.598605,mobility_facility,킹부동산공인중개사사무소,서울특별시 은평구 응암로 348-2,126.9227,37.602,733.239,POINT (126.9227 37.602),8735757178,3811078709,11.20363638320314,21.156648002308298,PASS
od_1880,응암,6호선,126.915577,37.598605,pedestrian_support_point,빗물받이,서울특별시 은평구 응암동  604-2,126.9176,37.5922,732.99,POINT (126.9176 37.5922),8735757178,3811554257,11.20363638320314,10.742392318824436,PASS
od_2668,연신내,3호선,126.921038,37.619229,mobility_facility,부자공인중개사사무소,서울특별시 은평구 연서로19길 26-9,126.9149,37.6148,731.646,POINT (126.9149 37.6148),13357342120,4580122457,32.16422242836125,52.814783378424146,PASS
od_2694,연신내,3호선,126.921038,37.619229,mobility_facility,오름부동산공인중개사사무소,서울특별시 은평구 갈현로 328-6,126.9185,37.6255,731.189,POINT (126.9185 37.6255),13357342120,3823588573,32.16422242836125,24.856078848809407,PASS
od_44,연신내,6호선,126.920625,37.618636,mobility_facility,청여울공인중개사사무소,"서울특별시 은평구 통일로 767, 101동 (대조동, 베르디움STAY1)",126.9265,37.614,730.616,POINT (126.9265 37.614),11230505686,3819769225,20.028299588559467,20.90149506810367,PASS
od_2150,불광,3호선,126.92982,37.610553,mobility_facility,뉴태양공인중개사사무소,서울특별시 은평구 통일로 796,126.925,37.6159,730.275,POINT (126.925 37.6159),5930698997,11228574126,50.209801741355435,22.15657166640298,PASS
od_2299,불광,3호선,126.92982,37.610553,mobility_facility,골든벨공인중개사사무소,"서울특별시 은평구 통일로 796, 상가동 (불광동, 북한산 힐스테이트7차)",126.9258,37.6163,729.956,POINT (126.9258 37.6163),5930698997,8370553029,50.209801741355435,7.2338209390307044,PASS
od_2263,불광,3호선,126.92982,37.610553,mobility_facility,국민공인중개사사무소,"서울특별시 은평구 통일로 796, 상가동 (불광동, 북한산 힐스테이트7차)",126.9258,37.6163,729.956,POINT (126.9258 37.6163),5930698997,8370553029,50.209801741355435,7.2338209390307044,PASS
od_783,불광,6호선,126.92939,37.610873,mobility_facility,시티공인중개사사무소,서울특별시 은평구 역말로9길 38-2,126.9225,37.6145,729.468,POINT (126.9225 37.6145),5930698997,353193678,11.603222454866666,8.741040886148859,PASS
od_1768,응암,6호선,126.915577,37.598605,pedestrian_support_point,맨홀,"서울특별시 은평구 응암로30길 16, 102동 (응암동, 백련산에스케이뷰아이파크)",126.9217,37.5942,728.986,POINT (126.9217 37.5942),8735757178,9764159803,11.20363638320314,26.03280413129449,PASS
od_1560,응암,6호선,126.915577,37.598605,pedestrian_support_point,빗물받이,"서울특별시 은평구 응암로30길 16, 102동 (응암동, 백련산에스케이뷰아이파크)",126.9217,37.5942,728.986,POINT (126.9217 37.5942),8735757178,9764159803,11.20363638320314,26.03280413129449,PASS
od_531,독바위,6호선,126.933031,37.618456,mobility_facility,퍼스트공인중개사사무소,서울특별시 은평구 연서로35길 6,126.926,37.6219,728.978,POINT (126.926 37.6219),3824954278,2930525549,2.93341759236071,22.83437686271451,PASS
od_147,연신내,6호선,126.920625,37.618636,mobility_facility,공화춘,서울특별시 은평구 연서로 304,126.9273,37.6225,728.825,POINT (126.9273 37.6225),11230505686,3823587404,20.028299588559467,15.620863448974749,PASS
od_453,독바위,6호선,126.933031,37.618456,mobility_facility,에이스공인중개사사무소,서울특별시 은평구 불광로2길 6-2,126.9326,37.6119,728.64,POINT (126.9326 37.6119),3824954278,3824953864,2.93341759236071,10.439199731087813,PASS
od_541,독바위,6호선,126.933031,37.618456,mobility_facility,부동산친구공인중개사사무소,서울특별시 은평구 불광로2길 8,126.9327,37.6119,728.232,POINT (126.9327 37.6119),3824954278,3824953864,2.93341759236071,17.432162168119962,PASS
od_935,불광,6호선,126.92939,37.610873,mobility_facility,은평구립 우리장애인복지관,서울특별시 은평구 녹번로1길 13,126.9266,37.6047,728.08,POINT (126.9266 37.6047),5930698997,6212920326,11.603222454866666,33.39870548699707,PASS
od_781,불광,6호선,126.92939,37.610873,mobility_facility,은평구립직업재활센터,서울특별시 은평구 녹번로1길 13,126.9266,37.6047,728.08,POINT (126.9266 37.6047),5930698997,6212920326,11.603222454866666,33.39870548699707,PASS
od_257,연신내,6호선,126.920625,37.618636,pedestrian_support_point,지하철환기구,서울특별시 은평구 갈현동  530-9,126.9174,37.6126,727.929,POINT (126.9174 37.6126),11230505686,3823584976,20.028299588559467,22.92093697849864,PASS
od_559,독바위,6호선,126.933031,37.618456,mobility_facility,구립불광노인복지관,서울특별시 은평구 연서로32길 17-11,126.9249,37.6195,727.137,POINT (126.9249 37.6195),3824954278,3819769993,2.93341759236071,15.497655681518276,PASS
od_1657,응암,6호선,126.915577,37.598605,pedestrian_support_point,신비로마트,서울특별시 은평구 응암동  419-145,126.9207,37.5935,725.066,POINT (126.9207 37.5935),8735757178,3811067094,11.20363638320314,6.572588705166937,PASS
od_2703,연신내,3호선,126.921038,37.619229,mobility_facility,탑공인중개사사무소,"서울특별시 은평구 연서로21길 33, A동 (갈현동, 뉴아름빌)",126.9143,37.6155,724.69,POINT (126.9143 37.6155),13357342120,3823586258,32.16422242836125,15.44365546833936,PASS
od_1584,응암,6호선,126.915577,37.598605,pedestrian_support_point,빗물받이,서울특별시 은평구 신사동  352-1,126.914,37.5922,724.398,POINT (126.914 37.5922),8735757178,3822999322,11.20363638320314,13.69198924241005,PASS
od_1883,응암,6호선,126.915577,37.598605,pedestrian_support_point,빗물받이,서울특별시 은평구 가좌로10길 11-9,126.9162,37.5921,724.076,POINT (126.9162 37.5921),8735757178,3811552055,11.20363638320314,7.842104883961555,PASS
od_2788,연신내,3호선,126.921038,37.619229,mobility_facility,똘레랑스,서울특별시 은평구 연서로21길 31,126.9144,37.6154,723.92,POINT (126.9144 37.6154),13357342120,3823586258,32.16422242836125,24.64105124034121,PASS
od_598,독바위,6호선,126.933031,37.618456,pedestrian_support_point,빗물받이,서울특별시 은평구 불광로 179-6,126.9294,37.6243,723.508,POINT (126.9294 37.6243),3824954278,3823588067,2.93341759236071,11.697661414695668,PASS
od_1576,응암,6호선,126.915577,37.598605,pedestrian_support_point,빗물받이,서울특별시 은평구 불광천길 410-23,126.916,37.5921,722.949,POINT (126.916 37.5921),8735757178,3811552055,11.20363638320314,19.09365455734982,PASS
od_2619,불광,3호선,126.92982,37.610553,pedestrian_support_point,은평구립우리장애인복지관,서울특별시 은평구 녹번로1길 13,126.9265,37.6046,722.832,POINT (126.9265 37.6046),5930698997,6212920326,50.209801741355435,43.144007757706134,PASS
od_1655,응암,6호선,126.915577,37.598605,pedestrian_support_point,지하철환기구,서울특별시 은평구 증산로 414,126.9141,37.5922,722.752,POINT (126.9141 37.5922),8735757178,10180549482,11.20363638320314,15.024115843039647,PASS
od_92,연신내,6호선,126.920625,37.618636,mobility_facility,불광작은예수의집,서울특별시 은평구 연서로37길 21-5,126.9262,37.6234,722.369,POINT (126.9262 37.6234),11230505686,3823587789,20.028299588559467,17.424348942416625,PASS
od_1741,응암,6호선,126.915577,37.598605,pedestrian_support_point,맨홀,서울특별시 은평구 응암동  604-2,126.9176,37.5923,722.231,POINT (126.9176 37.5923),8735757178,3811067041,11.20363638320314,16.95419113585567,PASS
od_1885,응암,6호선,126.915577,37.598605,pedestrian_support_point,빗물받이,서울특별시 은평구 불광천길 410-17,126.9157,37.5921,722.065,POINT (126.9157 37.5921),8735757178,3811552056,11.20363638320314,0.6950113491325326,PASS
od_1355,응암,6호선,126.915577,37.598605,mobility_facility,송강공인중개사사무소,서울특별시 은평구 진흥로 71,126.9211,37.6034,721.869,POINT (126.9211 37.6034),8735757178,10789220062,11.20363638320314,12.800570732040622,PASS
od_2714,연신내,3호선,126.921038,37.619229,mobility_facility,30.  세명컴퓨터고등학교,서울특별시 은평구 통일로 928,126.9203,37.6257,721.161,POINT (126.9203 37.6257),13357342120,3823588586,32.16422242836125,23.47017048392268,PASS
od_2777,연신내,3호선,126.921038,37.619229,mobility_facility,굿모닝부동산공인중개사사무소,서울특별시 은평구 통일로 928,126.9203,37.6257,721.161,POINT (126.9203 37.6257),13357342120,3823588586,32.16422242836125,23.47017048392268,PASS
od_1325,응암,6호선,126.915577,37.598605,mobility_facility,젠트리부동산중개사무소,서울특별시 은평구 은평터널로 187,126.9085,37.5954,719.119,POINT (126.9085 37.5954),8735757178,9774328375,11.20363638320314,11.841768687458373,PASS
od_438,독바위,6호선,126.933031,37.618456,mobility_facility,하나공인중개사사무소,서울특별시 은평구 불광로2길 7,126.9329,37.612,716.64,POINT (126.9329 37.612),3824954278,3824953850,2.93341759236071,21.779274448067056,PASS
od_1564,응암,6호선,126.915577,37.598605,pedestrian_support_point,빗물받이,"서울특별시 은평구 응암로30길 16, 102동 (응암동, 백련산에스케이뷰아이파크)",126.9215,37.5942,715.983,POINT (126.9215 37.5942),8735757178,9764159803,11.20363638320314,16.76885260868119,PASS
od_163,연신내,6호선,126.920625,37.618636,mobility_facility,구립갈현노인복지관,서울특별시 은평구 통일로89길 12-6,126.9187,37.6249,715.706,POINT (126.9187 37.6249),11230505686,3823588213,20.028299588559467,14.684954679387907,PASS
od_37,연신내,6호선,126.920625,37.618636,mobility_facility,다은보호작업장,서울특별시 은평구 통일로71길 8,126.9261,37.6139,714.113,POINT (126.9261 37.6139),11230505686,3819769225,20.028299588559467,19.36828924340852,PASS
od_1714,응암,6호선,126.915577,37.598605,pedestrian_support_point,맨홀,서울특별시 은평구 신사동  352-1,126.9141,37.5923,711.838,POINT (126.9141 37.5923),8735757178,10180549482,11.20363638320314,4.154656279738814,PASS
od_1548,응암,6호선,126.915577,37.598605,pedestrian_support_point,빗물받이,서울특별시 은평구 신사동  352-1,126.9141,37.5923,711.838,POINT (126.9141 37.5923),8735757178,10180549482,11.20363638320314,4.154656279738814,PASS
od_1876,응암,6호선,126.915577,37.598605,pedestrian_support_point,빗물받이,서울특별시 은평구 응암동  604-2,126.9176,37.5924,711.482,POINT (126.9176 37.5924),8735757178,3811067041,11.20363638320314,13.197990303604044,PASS
od_1565,응암,6호선,126.915577,37.598605,pedestrian_support_point,빗물받이,서울특별시 은평구 불광천길 410-9,126.9153,37.5922,711.305,POINT (126.9153 37.5922),8735757178,3811554258,11.20363638320314,5.000938579594844,PASS
od_1577,응암,6호선,126.915577,37.598605,pedestrian_support_point,빗물받이,서울특별시 은평구 불광천길 410-11,126.9155,37.5922,710.916,POINT (126.9155 37.5922),8735757178,3811554258,11.20363638320314,15.991441022467018,PASS
od_1842,응암,6호선,126.915577,37.598605,pedestrian_support_point,응암제3동주민센터,서울특별시 은평구 불광천길 410-17,126.9156,37.5922,710.887,POINT (126.9156 37.5922),8735757178,3811552056,11.20363638320314,13.492986516085766,PASS
od_1623,응암,6호선,126.915577,37.598605,pedestrian_support_point,장애인화장실,서울특별시 은평구 불광천길 410-17,126.9156,37.5922,710.887,POINT (126.9156 37.5922),8735757178,3811552056,11.20363638320314,13.492986516085766,PASS
od_503,독바위,6호선,126.933031,37.618456,mobility_facility,뚜레쥬르 불광현대점,서울특별시 은평구 불광로 60,126.9321,37.6121,710.22,POINT (126.9321 37.6121),3824954278,3824953868,2.93341759236071,17.381100232660405,PASS
od_950,불광,6호선,126.92939,37.610873,mobility_facility,구립대조노인복지관,서울특별시 은평구 역말로9길 27,126.922,37.6134,710.212,POINT (126.922 37.6134),5930698997,3819769155,11.603222454866666,25.060343423194855,PASS
od_2324,불광,3호선,126.92982,37.610553,mobility_facility,은평구립 우리장애인복지관,서울특별시 은평구 녹번로1길 13,126.9266,37.6047,709.115,POINT (126.9266 37.6047),5930698997,6212920326,50.209801741355435,33.39870548699707,PASS
od_2172,불광,3호선,126.92982,37.610553,mobility_facility,은평구립직업재활센터,서울특별시 은평구 녹번로1길 13,126.9266,37.6047,709.115,POINT (126.9266 37.6047),5930698997,6212920326,50.209801741355435,33.39870548699707,PASS
od_85,연신내,6호선,126.920625,37.618636,mobility_facility,금광모터샵,서울특별시 은평구 통일로 920,126.9203,37.625,706.919,POINT (126.9203 37.625),11230505686,3823588382,20.028299588559467,19.16200122304098,PASS
od_435,독바위,6호선,126.933031,37.618456,mobility_facility,권선생부동산공인중개사사무소,서울특별시 은평구 통일로 780,126.9272,37.6141,706.237,POINT (126.9272 37.6141),3824954278,11228575667,2.93341759236071,30.485557964946462,PASS
od_886,불광,6호선,126.92939,37.610873,mobility_facility,조아공인중개사사무소,서울특별시 은평구 역말로9길 23,126.9219,37.6131,705.999,POINT (126.9219 37.6131),5930698997,3819769133,11.603222454866666,13.502247722501453,PASS
od_526,독바위,6호선,126.933031,37.618456,mobility_facility,행운공인중개사사무소,"서울특별시 은평구 불광로2길 7, 상가동 (불광동, 북한산현대홈타운아파트)",126.9328,37.6121,705.742,POINT (126.9328 37.6121),3824954278,3824953864,2.93341759236071,28.123955914597097,PASS
od_2687,연신내,3호선,126.921038,37.619229,mobility_facility,명품공인중개사사무소,서울특별시 은평구 갈현로41길 10,126.9164,37.6244,705.011,POINT (126.9164 37.6244),13357342120,4580091944,32.16422242836125,5.020957486443512,PASS
od_2695,연신내,3호선,126.921038,37.619229,mobility_facility,삼성공인중개사사무소,서울특별시 은평구 갈현로41길 10,126.9164,37.6244,705.011,POINT (126.9164 37.6244),13357342120,4580091944,32.16422242836125,5.020957486443512,PASS
od_1809,응암,6호선,126.915577,37.598605,pedestrian_support_point,신비로마트,서울특별시 은평구 응암로22길 20,126.9203,37.5935,703.566,POINT (126.9203 37.5935),8735757178,3811067096,11.20363638320314,8.256210163771803,PASS
od_1858,응암,6호선,126.915577,37.598605,pedestrian_support_point,빗물받이,서울특별시 은평구 불광천길 410,126.9148,37.5923,703.141,POINT (126.9148 37.5923),8735757178,8757675531,11.20363638320314,3.7532232661722706,PASS
od_1866,응암,6호선,126.915577,37.598605,pedestrian_support_point,빗물받이,서울특별시 은평구 응암동  604-2,126.9177,37.5925,703.048,POINT (126.9177 37.5925),8735757178,3811554269,11.20363638320314,6.110659183027159,PASS
od_243,연신내,6호선,126.920625,37.618636,pedestrian_support_point,장애인화장실,서울특별시 은평구 갈현로41길 7,126.9164,37.624,702.539,POINT (126.9164 37.624),11230505686,3823587929,20.028299588559467,18.698558281772204,PASS
od_244,연신내,6호선,126.920625,37.618636,pedestrian_support_point,장애인화장실,서울특별시 은평구 갈현로41길 7,126.9164,37.624,702.539,POINT (126.9164 37.624),11230505686,3823587929,20.028299588559467,18.698558281772204,PASS
od_2728,연신내,3호선,126.921038,37.619229,mobility_facility,지안부동산공인중개사사무소,서울특별시 은평구 갈현로41길 10,126.9165,37.6244,699.921,POINT (126.9165 37.6244),13357342120,353194407,32.16422242836125,9.577807640709288,PASS
od_741,독바위,6호선,126.933031,37.618456,pedestrian_support_point,빗물받이,서울특별시 은평구 불광로 179-6,126.9295,37.6241,699.699,POINT (126.9295 37.6241),3824954278,3823587941,2.93341759236071,9.29145977777856,PASS
od_53,연신내,6호선,126.920625,37.618636,mobility_facility,천지공인중개사사무소,서울특별시 은평구 갈현로 207,126.9135,37.6159,698.506,POINT (126.9135 37.6159),11230505686,4569556695,20.028299588559467,17.87583125957,PASS
od_1946,녹번,3호선,126.935756,37.600927,mobility_facility,열매공인중개사사무소,서울특별시 은평구 통일로 676-1,126.9334,37.6069,694.815,POINT (126.9334 37.6069),436867704,436877328,5.477178362551235,19.736511775123688,PASS
od_1962,녹번,3호선,126.935756,37.600927,mobility_facility,열매공인중개사사무소,서울특별시 은평구 통일로 676-1,126.9334,37.6069,694.815,POINT (126.9334 37.6069),436867704,436877328,5.477178362551235,19.736511775123688,PASS
od_436,독바위,6호선,126.933031,37.618456,mobility_facility,열린공인중개사사무소,서울특별시 은평구 통일로 780,126.9273,37.6142,692.206,POINT (126.9273 37.6142),3824954278,8370651105,2.93341759236071,28.756732137350014,PASS
od_1605,응암,6호선,126.915577,37.598605,pedestrian_support_point,빗물받이,서울특별시 은평구 역촌동  67-15,126.9103,37.6032,690.828,POINT (126.9103 37.6032),8735757178,3822944576,11.20363638320314,12.852961956547643,PASS
od_502,독바위,6호선,126.933031,37.618456,mobility_facility,다루동물병원,서울특별시 은평구 불광로 60,126.9321,37.6123,688.176,POINT (126.9321 37.6123),3824954278,353195249,2.93341759236071,19.908656077216225,PASS
od_2326,불광,3호선,126.92982,37.610553,mobility_facility,바르티매오공동생활가정,서울특별시 은평구 불광로9가길 4,126.9315,37.6166,687.347,POINT (126.9315 37.6166),5930698997,3819769687,50.209801741355435,12.83310201982499,PASS
od_2220,불광,3호선,126.92982,37.610553,mobility_facility,화신공인중개사사무소,서울특별시 은평구 불광로 107,126.9327,37.6163,686.671,POINT (126.9327 37.6163),5930698997,3819769661,50.209801741355435,16.624841455295766,PASS
od_2766,연신내,3호선,126.921038,37.619229,mobility_facility,조아공인중개사사무소,서울특별시 은평구 역말로9길 23,126.9219,37.6131,684.497,POINT (126.9219 37.6131),13357342120,3819769133,32.16422242836125,13.502247722501453,PASS
od_27,연신내,6호선,126.920625,37.618636,mobility_facility,조은공인중개사,서울특별시 은평구 연서로 158,126.9178,37.6129,683.748,POINT (126.9178 37.6129),11230505686,10678122524,20.028299588559467,38.809650348411346,PASS
od_107,연신내,6호선,126.920625,37.618636,mobility_facility,조은공인중개사사무소,서울특별시 은평구 연서로 158,126.9178,37.6129,683.748,POINT (126.9178 37.6129),11230505686,10678122524,20.028299588559467,38.809650348411346,PASS
od_2221,불광,3호선,126.92982,37.610553,mobility_facility,33. 역촌역 3번출구,서울특별시 은평구 녹번동  144-100,126.9235,37.607,683.311,POINT (126.9235 37.607),5930698997,3819768079,50.209801741355435,11.590932900594975,PASS
od_587,독바위,6호선,126.933031,37.618456,pedestrian_support_point,빗물받이,서울특별시 은평구 불광로 179-6,126.9297,37.624,681.983,POINT (126.9297 37.624),3824954278,3823587889,2.93341759236071,9.693311760326324,PASS
od_444,독바위,6호선,126.933031,37.618456,mobility_facility,CU불광어게인점,서울특별시 은평구 연서로 284,126.926,37.621,681.928,POINT (126.926 37.621),3824954278,3823586999,2.93341759236071,26.9119353843832,PASS
od_545,독바위,6호선,126.933031,37.618456,mobility_facility,골든벨공인중개사사무소,"서울특별시 은평구 통일로 796, 상가동 (불광동, 북한산 힐스테이트7차)",126.9258,37.6163,681.776,POINT (126.9258 37.6163),3824954278,8370553029,2.93341759236071,7.2338209390307044,PASS
od_516,독바위,6호선,126.933031,37.618456,mobility_facility,국민공인중개사사무소,"서울특별시 은평구 통일로 796, 상가동 (불광동, 북한산 힐스테이트7차)",126.9258,37.6163,681.776,POINT (126.9258 37.6163),3824954278,8370553029,2.93341759236071,7.2338209390307044,PASS
od_1870,응암,6호선,126.915577,37.598605,pedestrian_support_point,빗물받이,서울특별시 은평구 응암동  604-2,126.9177,37.5927,681.68,POINT (126.9177 37.5927),8735757178,3811554279,11.20363638320314,16.910007817489078,PASS
od_911,불광,6호선,126.92939,37.610873,mobility_facility,골든벨공인중개사사무소,"서울특별시 은평구 통일로 796, 상가동 (불광동, 북한산 힐스테이트7차)",126.9258,37.6163,680.646,POINT (126.9258 37.6163),5930698997,8370553029,11.603222454866666,7.2338209390307044,PASS
od_875,불광,6호선,126.92939,37.610873,mobility_facility,국민공인중개사사무소,"서울특별시 은평구 통일로 796, 상가동 (불광동, 북한산 힐스테이트7차)",126.9258,37.6163,680.646,POINT (126.9258 37.6163),5930698997,8370553029,11.603222454866666,7.2338209390307044,PASS
od_287,연신내,6호선,126.920625,37.618636,pedestrian_support_point,갈현1동주민센터,서울특별시 은평구 갈현로 305,126.9169,37.624,680.133,POINT (126.9169 37.624),11230505686,3823587921,20.028299588559467,12.178067000367728,PASS
od_759,불광,6호선,126.92939,37.610873,mobility_facility,뉴태양공인중개사사무소,서울특별시 은평구 통일로 796,126.925,37.6159,679.363,POINT (126.925 37.6159),5930698997,11228574126,11.603222454866666,22.15657166640298,PASS
od_2002,녹번,3호선,126.935756,37.600927,pedestrian_support_point,빗물받이,서울특별시 은평구 녹번동  15-2,126.9332,37.6067,679.33,POINT (126.9332 37.6067),436867704,3811156624,5.477178362551235,9.029989441903675,PASS
od_1766,응암,6호선,126.915577,37.598605,pedestrian_support_point,맨홀,서울특별시 은평구 역촌동  67-15,126.9105,37.6032,679.04,POINT (126.9105 37.6032),8735757178,3822944576,11.20363638320314,11.24255715418559,PASS
od_1874,응암,6호선,126.915577,37.598605,pedestrian_support_point,빗물받이,서울특별시 은평구 역촌동  67-13,126.9105,37.6032,679.04,POINT (126.9105 37.6032),8735757178,3822944576,11.20363638320314,11.24255715418559,PASS
od_549,독바위,6호선,126.933031,37.618456,mobility_facility,공화춘,서울특별시 은평구 연서로 304,126.9273,37.6225,676.347,POINT (126.9273 37.6225),3824954278,3823587404,2.93341759236071,15.620863448974749,PASS
od_1389,응암,6호선,126.915577,37.598605,mobility_facility,거북이한의원,서울특별시 은평구 연서로3길 48,126.9107,37.6033,676.029,POINT (126.9107 37.6033),8735757178,3822944271,11.20363638320314,21.54138599256223,PASS
od_830,불광,6호선,126.92939,37.610873,mobility_facility,33. 역촌역 3번출구,서울특별시 은평구 녹번동  144-100,126.9235,37.607,674.723,POINT (126.9235 37.607),5930698997,3819768079,11.603222454866666,11.590932900594975,PASS
od_829,불광,6호선,126.92939,37.610873,mobility_facility,화신공인중개사사무소,서울특별시 은평구 불광로 107,126.9327,37.6163,669.491,POINT (126.9327 37.6163),5930698997,3819769661,11.603222454866666,16.624841455295766,PASS
od_2885,연신내,3호선,126.921038,37.619229,pedestrian_support_point,장애인화장실,서울특별시 은평구 갈현로41길 7,126.9164,37.624,669.368,POINT (126.9164 37.624),13357342120,3823587929,32.16422242836125,18.698558281772204,PASS
od_2886,연신내,3호선,126.921038,37.619229,pedestrian_support_point,장애인화장실,서울특별시 은평구 갈현로41길 7,126.9164,37.624,669.368,POINT (126.9164 37.624),13357342120,3823587929,32.16422242836125,18.698558281772204,PASS
od_1863,응암,6호선,126.915577,37.598605,pedestrian_support_point,빗물받이,"서울특별시 은평구 응암로30길 16, 102동 (응암동, 백련산에스케이뷰아이파크)",126.9207,37.5942,666.119,POINT (126.9207 37.5942),8735757178,4583451433,11.20363638320314,13.186643259067667,PASS
od_2161,불광,3호선,126.92982,37.610553,mobility_facility,그린공인중개사사무소,서울특별시 은평구 불광로9길 2,126.9327,37.6161,666.102,POINT (126.9327 37.6161),5930698997,3819769490,50.209801741355435,12.55843561638461,PASS
od_1904,녹번,3호선,126.935756,37.600927,mobility_facility,중앙공인중개사사무소,서울특별시 은평구 통일로 673,126.933,37.6065,664.695,POINT (126.933 37.6065),436867704,3811156621,5.477178362551235,8.205236390490773,PASS
od_488,독바위,6호선,126.933031,37.618456,mobility_facility,38. 불광보건지소,서울특별시 은평구 연서로 296,126.9268,37.6218,663.593,POINT (126.9268 37.6218),3824954278,3823587157,2.93341759236071,14.689974850243098,PASS
od_2960,연신내,3호선,126.921038,37.619229,pedestrian_support_point,맨홀,서울특별시 은평구 연서로18길 3-28,126.9179,37.6138,663.201,POINT (126.9179 37.6138),13357342120,13734502239,32.16422242836125,24.925379255716575,PASS
od_493,독바위,6호선,126.933031,37.618456,mobility_facility,콜핑 연신내점,서울특별시 은평구 연서로 296,126.9269,37.6219,662.633,POINT (126.9269 37.6219),3824954278,3823587249,2.93341759236071,19.369480998514497,PASS
od_2808,연신내,3호선,126.921038,37.619229,mobility_facility,구립갈현노인복지관,서울특별시 은평구 통일로89길 12-6,126.9187,37.6249,662.399,POINT (126.9187 37.6249),13357342120,3823588213,32.16422242836125,14.684954679387907,PASS
od_937,불광,6호선,126.92939,37.610873,mobility_facility,바르티매오공동생활가정,서울특별시 은평구 불광로9가길 4,126.9315,37.6166,662.373,POINT (126.9315 37.6166),5930698997,3819769687,11.603222454866666,12.83310201982499,PASS
od_722,독바위,6호선,126.933031,37.618456,pedestrian_support_point,북한산대창센시티아파트,서울특별시 은평구 불광로 199,126.9297,37.6238,662.024,POINT (126.9297 37.6238),3824954278,3823587889,2.93341759236071,14.256969108404567,PASS
od_82,연신내,6호선,126.920625,37.618636,mobility_facility,콜핑 연신내점,서울특별시 은평구 연서로 296,126.9269,37.6219,661.915,POINT (126.9269 37.6219),11230505686,3823587249,20.028299588559467,19.369480998514497,PASS
od_2793,연신내,3호선,126.921038,37.619229,mobility_facility,공화춘,서울특별시 은평구 연서로 304,126.9273,37.6225,661.377,POINT (126.9273 37.6225),13357342120,3823587404,32.16422242836125,15.620863448974749,PASS
od_12,연신내,6호선,126.920625,37.618636,mobility_facility,부자공인중개사사무소,서울특별시 은평구 연서로19길 26-9,126.9149,37.6148,660.866,POINT (126.9149 37.6148),11230505686,4580122457,20.028299588559467,52.814783378424146,PASS
od_371,연신내,6호선,126.920625,37.618636,pedestrian_support_point,갈현1동주민센터,서울특별시 은평구 갈현로 303,126.9169,37.6238,660.79,POINT (126.9169 37.6238),11230505686,4426778285,20.028299588559467,8.005328725825335,PASS
od_373,연신내,6호선,126.920625,37.618636,pedestrian_support_point,갈현1동주민센터,서울특별시 은평구 갈현로 303,126.9169,37.6238,660.79,POINT (126.9169 37.6238),11230505686,4426778285,20.028299588559467,8.005328725825335,PASS
od_168,연신내,6호선,126.920625,37.618636,mobility_facility,갈현1동주민센터,서울특별시 은평구 갈현로 301,126.9167,37.6237,660.279,POINT (126.9167 37.6237),11230505686,4426179000,20.028299588559467,17.70160669085935,PASS
od_397,연신내,6호선,126.920625,37.618636,pedestrian_support_point,갈현1동주민센터,서울특별시 은평구 갈현로 301,126.9167,37.6237,660.279,POINT (126.9167 37.6237),11230505686,4426179000,20.028299588559467,17.70160669085935,PASS
od_225,연신내,6호선,126.920625,37.618636,pedestrian_support_point,장애인화장실,서울특별시 은평구 갈현로 301,126.9167,37.6237,660.279,POINT (126.9167 37.6237),11230505686,4426179000,20.028299588559467,17.70160669085935,PASS
od_1503,응암,6호선,126.915577,37.598605,mobility_facility,식껍,서울특별시 은평구 응암로 339,126.9221,37.6015,659.584,POINT (126.9221 37.6015),8735757178,3811078689,11.20363638320314,22.061420792205876,PASS
od_1832,응암,6호선,126.915577,37.598605,pedestrian_support_point,빗물받이,서울특별시 은평구 역촌동  67-14,126.9107,37.6031,659.071,POINT (126.9107 37.6031),8735757178,3822944576,11.20363638320314,31.8448692600837,PASS
od_1867,응암,6호선,126.915577,37.598605,pedestrian_support_point,빗물받이,서울특별시 은평구 역촌동  67-13,126.9107,37.6031,659.071,POINT (126.9107 37.6031),8735757178,3822944576,11.20363638320314,31.8448692600837,PASS
od_681,독바위,6호선,126.933031,37.618456,pedestrian_support_point,맨홀,서울특별시 은평구 불광로 179-6,126.9298,37.6238,658.15,POINT (126.9298 37.6238),3824954278,3823587844,2.93341759236071,7.666658005518447,PASS
od_754,독바위,6호선,126.933031,37.618456,pedestrian_support_point,빗물받이,서울특별시 은평구 불광로 179-6,126.9298,37.6238,658.15,POINT (126.9298 37.6238),3824954278,3823587844,2.93341759236071,7.666658005518447,PASS
od_50,연신내,6호선,126.920625,37.618636,mobility_facility,탑공인중개사사무소,"서울특별시 은평구 연서로21길 33, A동 (갈현동, 뉴아름빌)",126.9143,37.6155,658.01,POINT (126.9143 37.6155),11230505686,3823586258,20.028299588559467,15.44365546833936,PASS
od_1077,불광,6호선,126.92939,37.610873,pedestrian_support_point,한전서대문은평.북한산푸르지오,서울특별시 은평구 녹번동  19-46,126.9338,37.6061,657.466,POINT (126.9338 37.6061),5930698997,3811156609,11.603222454866666,9.220227316799237,PASS
od_118,연신내,6호선,126.920625,37.618636,mobility_facility,일등공인중개사사무소,서울특별시 은평구 통일로 911,126.9196,37.6245,657.102,POINT (126.9196 37.6245),11230505686,3823588091,20.028299588559467,18.376380366479793,PASS
od_142,연신내,6호선,126.920625,37.618636,mobility_facility,똘레랑스,서울특별시 은평구 연서로21길 31,126.9144,37.6154,656.54,POINT (126.9144 37.6154),11230505686,3823586258,20.028299588559467,24.64105124034121,PASS
od_1451,응암,6호선,126.915577,37.598605,mobility_facility,신사공인중개사사무소,서울특별시 은평구 갈현로1길 17,126.9082,37.5993,656.004,POINT (126.9082 37.5993),8735757178,3823348885,11.20363638320314,7.225397784328932,PASS
od_111,연신내,6호선,126.920625,37.618636,mobility_facility,3s인테리어필림,서울특별시 은평구 통일로 911,126.9197,37.6245,655.945,POINT (126.9197 37.6245),11230505686,436393825,20.028299588559467,18.430247599889487,PASS
od_382,연신내,6호선,126.920625,37.618636,pedestrian_support_point,갈현1동주민센터,서울특별시 은평구 갈현로 301,126.9168,37.6237,655.689,POINT (126.9168 37.6237),11230505686,4426778285,20.028299588559467,10.035383803675591,PASS
od_437,독바위,6호선,126.933031,37.618456,mobility_facility,올레공인중개사사무소,서울특별시 은평구 불광로 64,126.9322,37.6126,654.081,POINT (126.9322 37.6126),3824954278,4580205470,2.93341759236071,22.90326221742574,PASS
od_1446,응암,6호선,126.915577,37.598605,mobility_facility,19. 신사 사거리 ,서울특별시 은평구 신사동  41-7,126.909,37.5959,653.824,POINT (126.909 37.5959),8735757178,3822999277,11.20363638320314,8.467828694482433,PASS
od_1361,응암,6호선,126.915577,37.598605,mobility_facility,21.  신사  사거리,서울특별시 은평구 신사동  41-7,126.909,37.5959,653.824,POINT (126.909 37.5959),8735757178,3822999277,11.20363638320314,8.467828694482433,PASS
od_1779,응암,6호선,126.915577,37.598605,pedestrian_support_point,과속방지턱,서울특별시 은평구 역촌동  67-13,126.9108,37.6031,653.334,POINT (126.9108 37.6031),8735757178,4584761112,11.20363638320314,37.65984866504627,PASS
od_2809,연신내,3호선,126.921038,37.619229,mobility_facility,구립대조노인복지관,서울특별시 은평구 역말로9길 27,126.922,37.6134,652.508,POINT (126.922 37.6134),13357342120,3819769155,32.16422242836125,25.060343423194855,PASS
od_1769,응암,6호선,126.915577,37.598605,pedestrian_support_point,맨홀,서울특별시 은평구 응암동  604-2,126.9178,37.593,652.335,POINT (126.9178 37.593),8735757178,3811067070,11.20363638320314,8.679822959219559,PASS
od_1875,응암,6호선,126.915577,37.598605,pedestrian_support_point,빗물받이,서울특별시 은평구 응암동  604-2,126.9178,37.593,652.335,POINT (126.9178 37.593),8735757178,3811067070,11.20363638320314,8.679822959219559,PASS
od_1588,응암,6호선,126.915577,37.598605,pedestrian_support_point,빗물받이,"서울특별시 은평구 응암로30길 16, 102동 (응암동, 백련산에스케이뷰아이파크)",126.9206,37.5943,651.975,POINT (126.9206 37.5943),8735757178,3811067128,11.20363638320314,22.175884717206067,PASS
od_303,연신내,6호선,126.920625,37.618636,pedestrian_support_point,맨홀,서울특별시 은평구 갈현로 294,126.9169,37.6237,651.187,POINT (126.9169 37.6237),11230505686,4426778285,20.028299588559467,3.228625756828049,PASS
od_210,연신내,6호선,126.920625,37.618636,pedestrian_support_point,빗물받이,서울특별시 은평구 갈현로41길 4,126.9169,37.6237,651.187,POINT (126.9169 37.6237),11230505686,4426778285,20.028299588559467,3.228625756828049,PASS
od_2741,연신내,3호선,126.921038,37.619229,mobility_facility,불광작은예수의집,서울특별시 은평구 연서로37길 21-5,126.9262,37.6234,649.603,POINT (126.9262 37.6234),13357342120,3823587789,32.16422242836125,17.424348942416625,PASS
od_770,불광,6호선,126.92939,37.610873,mobility_facility,그린공인중개사사무소,서울특별시 은평구 불광로9길 2,126.9327,37.6161,649.592,POINT (126.9327 37.6161),5930698997,3819769490,11.603222454866666,12.55843561638461,PASS
od_75,연신내,6호선,126.920625,37.618636,mobility_facility,38. 불광보건지소,서울특별시 은평구 연서로 296,126.9268,37.6218,648.467,POINT (126.9268 37.6218),11230505686,3823587157,20.028299588559467,14.689974850243098,PASS
od_1684,응암,6호선,126.915577,37.598605,pedestrian_support_point,서서울농협본점,서울특별시 은평구 응암로 238,126.918,37.5931,647.38,POINT (126.918 37.5931),8735757178,3811554293,11.20363638320314,12.328473766947269,PASS
od_2131,녹번,3호선,126.935756,37.600927,pedestrian_support_point,은평구 보건소,서울특별시 은평구 은평로 195,126.9287,37.6025,647.08,POINT (126.9287 37.6025),436867704,2309932449,5.477178362551235,27.8412105332821,PASS
od_412,연신내,6호선,126.920625,37.618636,pedestrian_support_point,갈현제1동주민센터,서울특별시 은평구 갈현로 301,126.9168,37.6236,646.201,POINT (126.9168 37.6236),11230505686,4426778285,20.028299588559467,17.15618601799255,PASS
od_1930,녹번,3호선,126.935756,37.600927,mobility_facility,CU은평수안점,서울특별시 은평구 통일로 671,126.9333,37.6064,644.997,POINT (126.9333 37.6064),436867704,3811156612,5.477178362551235,21.981989864283936,PASS
od_2118,녹번,3호선,126.935756,37.600927,pedestrian_support_point,서울혁신파크,서울특별시 은평구 통일로 671,126.9333,37.6064,644.997,POINT (126.9333 37.6064),436867704,3811156612,5.477178362551235,21.981989864283936,PASS
od_2132,녹번,3호선,126.935756,37.600927,pedestrian_support_point,은평늘봄장애인자립생활센터,서울특별시 은평구 통일로 671,126.9333,37.6064,644.997,POINT (126.9333 37.6064),436867704,3811156612,5.477178362551235,21.981989864283936,PASS
od_150,연신내,6호선,126.920625,37.618636,mobility_facility,일등공신중개사사무소,서울특별시 은평구 통일로 911,126.9197,37.6244,644.934,POINT (126.9197 37.6244),11230505686,3823588091,20.028299588559467,12.472714117925909,PASS
od_636,독바위,6호선,126.933031,37.618456,pedestrian_support_point,북한산대창센시티아파트,서울특별시 은평구 불광동  172-18,126.9299,37.6237,644.33,POINT (126.9299 37.6237),3824954278,3823587831,2.93341759236071,2.7925222424313016,PASS
od_737,독바위,6호선,126.933031,37.618456,pedestrian_support_point,빗물받이,서울특별시 은평구 불광로 179-6,126.9299,37.6237,644.33,POINT (126.9299 37.6237),3824954278,3823587831,2.93341759236071,2.7925222424313016,PASS
od_755,독바위,6호선,126.933031,37.618456,pedestrian_support_point,빗물받이,서울특별시 은평구 불광로 179-6,126.9299,37.6237,644.33,POINT (126.9299 37.6237),3824954278,3823587831,2.93341759236071,2.7925222424313016,PASS
od_1537,응암,6호선,126.915577,37.598605,mobility_facility,역촌동주민센터,서울특별시 은평구 연서로 59,126.9152,37.6044,644.042,POINT (126.9152 37.6044),8735757178,10789210647,11.20363638320314,38.26104260520466,PASS
od_1816,응암,6호선,126.915577,37.598605,pedestrian_support_point,역촌동주민센터,서울특별시 은평구 연서로 59,126.9152,37.6044,644.042,POINT (126.9152 37.6044),8735757178,10789210647,11.20363638320314,38.26104260520466,PASS
od_1839,응암,6호선,126.915577,37.598605,pedestrian_support_point,역촌동주민센터,서울특별시 은평구 연서로 59,126.9152,37.6044,644.042,POINT (126.9152 37.6044),8735757178,10789210647,11.20363638320314,38.26104260520466,PASS
od_1621,응암,6호선,126.915577,37.598605,pedestrian_support_point,장애인화장실,서울특별시 은평구 연서로 59,126.9152,37.6044,644.042,POINT (126.9152 37.6044),8735757178,10789210647,11.20363638320314,38.26104260520466,PASS
od_1622,응암,6호선,126.915577,37.598605,pedestrian_support_point,장애인화장실,서울특별시 은평구 연서로 59,126.9152,37.6044,644.042,POINT (126.9152 37.6044),8735757178,10789210647,11.20363638320314,38.26104260520466,PASS
od_2735,연신내,3호선,126.921038,37.619229,mobility_facility,금광모터샵,서울특별시 은평구 통일로 920,126.9203,37.625,643.825,POINT (126.9203 37.625),13357342120,3823588382,32.16422242836125,19.16200122304098,PASS
od_3050,연신내,3호선,126.921038,37.619229,pedestrian_support_point,길천사우나,서울특별시 은평구 연서로21길 3,126.9172,37.6143,643.506,POINT (126.9172 37.6143),13357342120,3823585013,32.16422242836125,28.598890461565414,PASS
od_1784,응암,6호선,126.915577,37.598605,pedestrian_support_point,과속방지턱,서울특별시 은평구 역촌동  64-38,126.9154,37.6044,643.371,POINT (126.9154 37.6044),8735757178,10789210647,11.20363638320314,31.259705461599054,PASS
od_2926,연신내,3호선,126.921038,37.619229,pedestrian_support_point,갈현1동주민센터,서울특별시 은평구 갈현로 305,126.9169,37.624,643.315,POINT (126.9169 37.624),13357342120,3823587921,32.16422242836125,12.178067000367728,PASS
od_1803,응암,6호선,126.915577,37.598605,pedestrian_support_point,태평양약국,서울특별시 은평구 응암동  604-2,126.9178,37.5931,641.759,POINT (126.9178 37.5931),8735757178,3811067070,11.20363638320314,15.324467383107413,PASS
od_105,연신내,6호선,126.920625,37.618636,mobility_facility,현대공인중개사사무소,서울특별시 은평구 연서로34길 5,126.927,37.6214,640.987,POINT (126.927 37.6214),11230505686,3823587020,20.028299588559467,13.682938393171247,PASS
od_1498,응암,6호선,126.915577,37.598605,mobility_facility,카페모임,서울특별시 은평구 은평로9길 16,126.9217,37.6017,640.595,POINT (126.9217 37.6017),8735757178,3811078690,11.20363638320314,11.350024438362952,PASS
od_2800,연신내,3호선,126.921038,37.619229,mobility_facility,만포면옥,서울특별시 은평구 연서로 171,126.9175,37.6142,639.624,POINT (126.9175 37.6142),13357342120,13734502231,32.16422242836125,11.412836264443412,PASS
od_159,연신내,6호선,126.920625,37.618636,mobility_facility,한마음1호공동생활가정,서울특별시 은평구 통일로89길 5-7,126.9193,37.6243,639.434,POINT (126.9193 37.6243),11230505686,3823588091,20.028299588559467,25.3510603626517,PASS
od_2130,녹번,3호선,126.935756,37.600927,pedestrian_support_point,은평구청,서울특별시 은평구 은평로 195,126.9288,37.6025,638.581,POINT (126.9288 37.6025),436867704,2309932449,5.477178362551235,32.58558127160425,PASS
od_1532,응암,6호선,126.915577,37.598605,mobility_facility,구립역촌노인복지관,서울특별시 은평구 연서로3나길 11-30,126.9114,37.6033,638.43,POINT (126.9114 37.6033),8735757178,3822944273,11.20363638320314,19.49514919591823,PASS
od_1660,응암,6호선,126.915577,37.598605,pedestrian_support_point,신사초등학교,서울특별시 은평구 신사동  35-23,126.9135,37.5931,637.933,POINT (126.9135 37.5931),8735757178,9081731084,11.20363638320314,25.001597165193242,PASS
od_1661,응암,6호선,126.915577,37.598605,pedestrian_support_point,응암시장입구,서울특별시 은평구 응암동  397-392,126.9191,37.5936,636.693,POINT (126.9191 37.5936),8735757178,3811067107,11.20363638320314,16.434909229738874,PASS
od_2013,녹번,3호선,126.935756,37.600927,pedestrian_support_point,장애인화장실,서울특별시 은평구 은평로 195,126.9289,37.6027,636.599,POINT (126.9289 37.6027),436867704,3811139662,5.477178362551235,29.568490775682942,PASS
od_2014,녹번,3호선,126.935756,37.600927,pedestrian_support_point,장애인화장실,서울특별시 은평구 은평로 195,126.9289,37.6027,636.599,POINT (126.9289 37.6027),436867704,3811139662,5.477178362551235,29.568490775682942,PASS
od_2015,녹번,3호선,126.935756,37.600927,pedestrian_support_point,장애인화장실,서울특별시 은평구 은평로 195,126.9289,37.6027,636.599,POINT (126.9289 37.6027),436867704,3811139662,5.477178362551235,29.568490775682942,PASS
od_2016,녹번,3호선,126.935756,37.600927,pedestrian_support_point,장애인화장실,서울특별시 은평구 은평로 195,126.9289,37.6027,636.599,POINT (126.9289 37.6027),436867704,3811139662,5.477178362551235,29.568490775682942,PASS
od_1357,응암,6호선,126.915577,37.598605,mobility_facility,한방부동산공인중개사사무소,서울특별시 은평구 진흥로5길 6,126.9203,37.6029,633.395,POINT (126.9203 37.6029),8735757178,3819767654,11.20363638320314,17.118744165075146,PASS
od_2933,연신내,3호선,126.921038,37.619229,pedestrian_support_point,대조동주민센터,서울특별시 은평구 연서로18길 3-28,126.9179,37.6141,633.101,POINT (126.9179 37.6141),13357342120,10678122511,32.16422242836125,12.224447143044427,PASS
od_424,연신내,6호선,126.920625,37.618636,pedestrian_support_point,빗물받이,서울특별시 은평구 갈현로 294,126.9171,37.6236,632.764,POINT (126.9171 37.6236),11230505686,4426778284,20.028299588559467,17.309320956515975,PASS
od_695,독바위,6호선,126.933031,37.618456,pedestrian_support_point,맨홀,서울특별시 은평구 불광로 179-6,126.93,37.6236,630.525,POINT (126.93 37.6236),3824954278,3823587796,2.93341759236071,9.692820124103024,PASS
od_2818,연신내,3호선,126.921038,37.619229,mobility_facility,이화공인중개사사무소,서울특별시 은평구 연서로21길 12,126.9166,37.6148,628.621,POINT (126.9166 37.6148),13357342120,353194452,32.16422242836125,15.607550569135348,PASS
od_1603,응암,6호선,126.915577,37.598605,pedestrian_support_point,빗물받이,서울특별시 은평구 역촌동  67-14,126.9111,37.603,627.89,POINT (126.9111 37.603),8735757178,4584761112,11.20363638320314,9.001989913483595,PASS
od_1804,응암,6호선,126.915577,37.598605,pedestrian_support_point,역촌노인복지관,서울특별시 은평구 역촌동  67-13,126.9111,37.603,627.89,POINT (126.9111 37.603),8735757178,4584761112,11.20363638320314,9.001989913483595,PASS
od_1656,응암,6호선,126.915577,37.598605,pedestrian_support_point,신사초등학교.새절역,서울특별시 은평구 신사동  35-23,126.9135,37.5932,627.311,POINT (126.9135 37.5932),8735757178,8754918400,11.20363638320314,19.897195347029655,PASS
od_1977,녹번,3호선,126.935756,37.600927,mobility_facility,은평백세콜,서울특별시 은평구 은평로 195,126.9289,37.6024,627.108,POINT (126.9289 37.6024),436867704,2309932449,5.477178362551235,32.66901663162708,PASS
od_2813,연신내,3호선,126.921038,37.619229,mobility_facility,갈현1동주민센터,서울특별시 은평구 갈현로 301,126.9167,37.6237,626.827,POINT (126.9167 37.6237),13357342120,4426179000,32.16422242836125,17.70160669085935,PASS
od_3027,연신내,3호선,126.921038,37.619229,pedestrian_support_point,갈현1동주민센터,서울특별시 은평구 갈현로 301,126.9167,37.6237,626.827,POINT (126.9167 37.6237),13357342120,4426179000,32.16422242836125,17.70160669085935,PASS
od_2869,연신내,3호선,126.921038,37.619229,pedestrian_support_point,장애인화장실,서울특별시 은평구 갈현로 301,126.9167,37.6237,626.827,POINT (126.9167 37.6237),13357342120,4426179000,32.16422242836125,17.70160669085935,PASS
od_1594,응암,6호선,126.915577,37.598605,pedestrian_support_point,빗물받이,"서울특별시 은평구 응암로30길 16, 102동 (응암동, 백련산에스케이뷰아이파크)",126.9203,37.5944,625.928,POINT (126.9203 37.5944),8735757178,3811067130,11.20363638320314,18.98144277497963,PASS
od_3004,연신내,3호선,126.921038,37.619229,pedestrian_support_point,갈현1동주민센터,서울특별시 은평구 갈현로 303,126.9169,37.6238,625.171,POINT (126.9169 37.6238),13357342120,4426778285,32.16422242836125,8.005328725825335,PASS
od_3006,연신내,3호선,126.921038,37.619229,pedestrian_support_point,갈현1동주민센터,서울특별시 은평구 갈현로 303,126.9169,37.6238,625.171,POINT (126.9169 37.6238),13357342120,4426778285,32.16422242836125,8.005328725825335,PASS
od_511,독바위,6호선,126.933031,37.618456,mobility_facility,현대공인중개사사무소,서울특별시 은평구 연서로34길 5,126.927,37.6214,624.708,POINT (126.927 37.6214),3824954278,3823587020,2.93341759236071,13.682938393171247,PASS
od_120,연신내,6호선,126.920625,37.618636,mobility_facility,조아공인중개사사무소,서울특별시 은평구 역말로9길 23,126.9219,37.6131,624.663,POINT (126.9219 37.6131),11230505686,3819769133,20.028299588559467,13.502247722501453,PASS
od_1975,녹번,3호선,126.935756,37.600927,mobility_facility,은평모두로,서울특별시 은평구 은평로 195,126.9291,37.6028,623.439,POINT (126.9291 37.6028),436867704,3811139673,5.477178362551235,35.30221753899004,PASS
od_84,연신내,6호선,126.920625,37.618636,mobility_facility,웰빙 누룽지 통닭구이,서울특별시 은평구 통일로 909,126.9197,37.6242,622.921,POINT (126.9197 37.6242),11230505686,3823587935,20.028299588559467,14.683174459336284,PASS
od_1351,응암,6호선,126.915577,37.598605,mobility_facility,새절공인중개사사무소,서울특별시 은평구 가좌로 283-3,126.9124,37.5936,622.333,POINT (126.9124 37.5936),8735757178,3822999128,11.20363638320314,24.455302357665065,PASS
od_3013,연신내,3호선,126.921038,37.619229,pedestrian_support_point,갈현1동주민센터,서울특별시 은평구 갈현로 301,126.9168,37.6237,621.472,POINT (126.9168 37.6237),13357342120,4426778285,32.16422242836125,10.035383803675591,PASS
od_1771,응암,6호선,126.915577,37.598605,pedestrian_support_point,맨홀,서울특별시 은평구 역촌동  64-38,126.9155,37.6042,621.021,POINT (126.9155 37.6042),8735757178,10789210647,11.20363638320314,9.420527619673726,PASS
od_1739,응암,6호선,126.915577,37.598605,pedestrian_support_point,맨홀,서울특별시 은평구 응암동  604-2,126.9178,37.5933,620.662,POINT (126.9178 37.5933),8735757178,3811554293,11.20363638320314,16.996439814000638,PASS
od_1886,응암,6호선,126.915577,37.598605,pedestrian_support_point,빗물받이,서울특별시 은평구 응암동  604-2,126.9178,37.5933,620.662,POINT (126.9178 37.5933),8735757178,3811554293,11.20363638320314,16.996439814000638,PASS
od_388,연신내,6호선,126.920625,37.618636,pedestrian_support_point,세명컴퓨터고등학교,서울특별시 은평구 통일로 902,126.92,37.6242,620.005,POINT (126.92 37.6242),11230505686,3823588079,20.028299588559467,11.925373905442942,PASS
od_1799,응암,6호선,126.915577,37.598605,pedestrian_support_point,역촌노인복지관,서울특별시 은평구 연서로3길 43,126.9111,37.6029,619.307,POINT (126.9111 37.6029),8735757178,4584761112,11.20363638320314,10.731332921969333,PASS
od_3048,연신내,3호선,126.921038,37.619229,pedestrian_support_point,빗물받이,서울특별시 은평구 연서로18길 3-28,126.918,37.6142,619.265,POINT (126.918 37.6142),13357342120,10678122511,32.16422242836125,5.290183226015234,PASS
od_1917,녹번,3호선,126.935756,37.600927,mobility_facility,08.  은평구청,서울특별시 은평구 응암동  82-31,126.9288,37.6016,618.781,POINT (126.9288 37.6016),436867704,3811678459,5.477178362551235,12.492527901166447,PASS
od_381,연신내,6호선,126.920625,37.618636,pedestrian_support_point,갈현1동주민센터,서울특별시 은평구 갈현로 294,126.9172,37.6235,618.762,POINT (126.9172 37.6235),11230505686,353194408,20.028299588559467,17.47090425350898,PASS
od_209,연신내,6호선,126.920625,37.618636,pedestrian_support_point,빗물받이,서울특별시 은평구 갈현로 294,126.9172,37.6235,618.762,POINT (126.9172 37.6235),11230505686,353194408,20.028299588559467,17.47090425350898,PASS
od_2940,연신내,3호선,126.921038,37.619229,pedestrian_support_point,맨홀,서울특별시 은평구 갈현로 294,126.9169,37.6237,616.198,POINT (126.9169 37.6237),13357342120,4426778285,32.16422242836125,3.228625756828049,PASS
od_2854,연신내,3호선,126.921038,37.619229,pedestrian_support_point,빗물받이,서울특별시 은평구 갈현로41길 4,126.9169,37.6237,616.198,POINT (126.9169 37.6237),13357342120,4426778285,32.16422242836125,3.228625756828049,PASS
od_1872,응암,6호선,126.915577,37.598605,pedestrian_support_point,빗물받이,"서울특별시 은평구 응암로30길 16, 102동 (응암동, 백련산에스케이뷰아이파크)",126.9201,37.5944,614.299,POINT (126.9201 37.5944),8735757178,3811067130,11.20363638320314,13.676064605869465,PASS
od_3043,연신내,3호선,126.921038,37.619229,pedestrian_support_point,갈현제1동주민센터,서울특별시 은평구 갈현로 301,126.9168,37.6236,612.647,POINT (126.9168 37.6236),13357342120,4426778285,32.16422242836125,17.15618601799255,PASS
od_2996,연신내,3호선,126.921038,37.619229,pedestrian_support_point,과속방지턱,서울특별시 은평구 연서로18길 3-28,126.9182,37.6142,611.824,POINT (126.9182 37.6142),13357342120,3819769262,32.16422242836125,22.477100007994032,PASS
od_1927,녹번,3호선,126.935756,37.600927,mobility_facility,행복한사진관,서울특별시 은평구 은평로 193-2,126.929,37.6021,610.633,POINT (126.929 37.6021),436867704,2309932443,5.477178362551235,23.36824229846028,PASS
od_130,연신내,6호선,126.920625,37.618636,mobility_facility,시그니처일등공인중개사사무소,서울특별시 은평구 갈현로 295,126.9168,37.6232,608.792,POINT (126.9168 37.6232),11230505686,3823587705,20.028299588559467,15.42346446664629,PASS
od_1592,응암,6호선,126.915577,37.598605,pedestrian_support_point,빗물받이,서울특별시 은평구 역촌동  67-14,126.9113,37.6029,608.185,POINT (126.9113 37.6029),8735757178,4584761112,11.20363638320314,11.910439135786762,PASS
od_1409,응암,6호선,126.915577,37.598605,mobility_facility,e-편한공인중개사사무소,서울특별시 은평구 갈현로 50,126.9105,37.6023,607.609,POINT (126.9105 37.6023),8735757178,3822944410,11.20363638320314,9.716574747691448,PASS
od_2458,불광,3호선,126.92982,37.610553,pedestrian_support_point,한전서대문은평.북한산푸르지오,서울특별시 은평구 녹번동  19-46,126.9338,37.6061,606.438,POINT (126.9338 37.6061),5930698997,3811156609,50.209801741355435,9.220227316799237,PASS
od_199,연신내,6호선,126.920625,37.618636,pedestrian_support_point,빗물받이,서울특별시 은평구 갈현로 294,126.9175,37.6235,606.261,POINT (126.9175 37.6235),11230505686,353194381,20.028299588559467,27.312011346208195,PASS
od_2,연신내,6호선,126.920625,37.618636,mobility_facility,유호루하스공인중개사사무소,서울특별시 은평구 갈현로 300,126.9175,37.6235,606.261,POINT (126.9175 37.6235),11230505686,353194381,20.028299588559467,27.312011346208195,PASS
od_144,연신내,6호선,126.920625,37.618636,mobility_facility,기원주간보호센터,서울특별시 은평구 통일로87길 6-19,126.9188,37.6239,606.056,POINT (126.9188 37.6239),11230505686,3823587909,20.028299588559467,13.346887107316759,PASS
od_1454,응암,6호선,126.915577,37.598605,mobility_facility,대원공인중개사사무소,서울특별시 은평구 가좌로 317,126.9097,37.5958,605.216,POINT (126.9097 37.5958),8735757178,9774328355,11.20363638320314,12.904255864338982,PASS
od_847,불광,6호선,126.92939,37.610873,mobility_facility,CU은평수안점,서울특별시 은평구 통일로 671,126.9333,37.6064,604.698,POINT (126.9333 37.6064),5930698997,3811156612,11.603222454866666,21.981989864283936,PASS
od_1215,불광,6호선,126.92939,37.610873,pedestrian_support_point,서울혁신파크,서울특별시 은평구 통일로 671,126.9333,37.6064,604.698,POINT (126.9333 37.6064),5930698997,3811156612,11.603222454866666,21.981989864283936,PASS
od_1239,불광,6호선,126.92939,37.610873,pedestrian_support_point,은평늘봄장애인자립생활센터,서울특별시 은평구 통일로 671,126.9333,37.6064,604.698,POINT (126.9333 37.6064),5930698997,3811156612,11.603222454866666,21.981989864283936,PASS
od_1715,응암,6호선,126.915577,37.598605,pedestrian_support_point,맨홀,서울특별시 은평구 응암동  604-2,126.9179,37.5935,602.594,POINT (126.9179 37.5935),8735757178,3811554293,11.20363638320314,33.267575665832894,PASS
od_1852,응암,6호선,126.915577,37.598605,pedestrian_support_point,빗물받이,서울특별시 은평구 응암동  604-2,126.9179,37.5935,602.594,POINT (126.9179 37.5935),8735757178,3811554293,11.20363638320314,33.267575665832894,PASS
od_2998,연신내,3호선,126.921038,37.619229,pedestrian_support_point,과속방지턱,서울특별시 은평구 연서로24길 19-1,126.9188,37.6141,602.58,POINT (126.9188 37.6141),13357342120,3819769255,32.16422242836125,14.561320261302315,PASS
od_2698,연신내,3호선,126.921038,37.619229,mobility_facility,탑클래스공인중개사사무소,서울특별시 은평구 연서로20길 3,126.9182,37.6143,601.716,POINT (126.9182 37.6143),13357342120,10678122518,32.16422242836125,21.961169205915787,PASS
od_2054,녹번,3호선,126.935756,37.600927,pedestrian_support_point,한전서대문은평.북한산푸르지오,서울특별시 은평구 녹번동  19-46,126.9338,37.6061,599.564,POINT (126.9338 37.6061),436867704,3811156609,5.477178362551235,9.220227316799237,PASS
od_282,연신내,6호선,126.920625,37.618636,pedestrian_support_point,갈현1동주민센터,서울특별시 은평구 갈현로 294,126.917,37.6232,599.178,POINT (126.917 37.6232),11230505686,3823587705,20.028299588559467,3.8878374228613826,PASS
od_1717,응암,6호선,126.915577,37.598605,pedestrian_support_point,맨홀,서울특별시 은평구 역촌동  64-38,126.9155,37.604,598.824,POINT (126.9155 37.604),8735757178,10789210647,11.20363638320314,14.143037135055984,PASS
od_2764,연신내,3호선,126.921038,37.619229,mobility_facility,일등공인중개사사무소,서울특별시 은평구 통일로 911,126.9196,37.6245,598.64,POINT (126.9196 37.6245),13357342120,3823588091,32.16422242836125,18.376380366479793,PASS
od_190,연신내,6호선,126.920625,37.618636,pedestrian_support_point,빗물받이,서울특별시 은평구 갈현로 294,126.9177,37.6235,598.433,POINT (126.9177 37.6235),11230505686,353194381,20.028299588559467,13.054287643648692,PASS
od_1482,응암,6호선,126.915577,37.598605,mobility_facility,금호공인중개사사무소,서울특별시 은평구 응암로 318,126.9223,37.5992,597.361,POINT (126.9223 37.5992),8735757178,11688945276,11.20363638320314,7.995628506746649,PASS
od_124,연신내,6호선,126.920625,37.618636,mobility_facility,퍼스트공인중개사사무소,서울특별시 은평구 연서로35길 6,126.926,37.6219,597.002,POINT (126.926 37.6219),11230505686,2930525549,20.028299588559467,22.83437686271451,PASS
od_3055,연신내,3호선,126.921038,37.619229,pedestrian_support_point,빗물받이,서울특별시 은평구 갈현로 294,126.9171,37.6236,596.841,POINT (126.9171 37.6236),13357342120,4426778284,32.16422242836125,17.309320956515975,PASS
od_2757,연신내,3호선,126.921038,37.619229,mobility_facility,3s인테리어필림,서울특별시 은평구 통일로 911,126.9197,37.6245,596.831,POINT (126.9197 37.6245),13357342120,436393825,32.16422242836125,18.430247599889487,PASS
od_2732,연신내,3호선,126.921038,37.619229,mobility_facility,콜핑 연신내점,서울특별시 은평구 연서로 296,126.9269,37.6219,596.411,POINT (126.9269 37.6219),13357342120,3823587249,32.16422242836125,19.369480998514497,PASS
od_1997,녹번,3호선,126.935756,37.600927,pedestrian_support_point,빗물받이,서울특별시 은평구 은평로 195,126.9292,37.6022,595.923,POINT (126.9292 37.6022),436867704,2309932443,5.477178362551235,12.952046597324017,PASS
od_2147,녹번,3호선,126.935756,37.600927,pedestrian_support_point,빗물받이,서울특별시 은평구 은평로 195,126.9292,37.6022,595.923,POINT (126.9292 37.6022),436867704,2309932443,5.477178362551235,12.952046597324017,PASS
od_1961,녹번,3호선,126.935756,37.600927,mobility_facility,은평구청,서울특별시 은평구 은평로 195,126.9294,37.6027,594.765,POINT (126.9294 37.6027),436867704,4580557579,5.477178362551235,37.86683259873309,PASS
od_164,연신내,6호선,126.920625,37.618636,mobility_facility,구립대조노인복지관,서울특별시 은평구 역말로9길 27,126.922,37.6134,593.684,POINT (126.922 37.6134),11230505686,3819769155,20.028299588559467,25.060343423194855,PASS
od_1445,응암,6호선,126.915577,37.598605,mobility_facility,대림부동산공인중개사사무소,서울특별시 은평구 갈현로 43,126.9101,37.6017,593.233,POINT (126.9101 37.6017),8735757178,3822944572,11.20363638320314,25.93384617836036,PASS
od_1480,응암,6호선,126.915577,37.598605,mobility_facility,대림부동산공인중개사사무소,서울특별시 은평구 갈현로 43,126.9101,37.6017,593.233,POINT (126.9101 37.6017),8735757178,3822944572,11.20363638320314,25.93384617836036,PASS
od_2783,연신내,3호선,126.921038,37.619229,mobility_facility,갈현알곡공인중개사사무소,서울특별시 은평구 갈현로 222,126.915,37.6169,592.439,POINT (126.915 37.6169),13357342120,3823586486,32.16422242836125,17.353332100605147,PASS
od_3038,연신내,3호선,126.921038,37.619229,pedestrian_support_point,빗물받이,서울특별시 은평구 연서로24길 19-1,126.9197,37.614,592.263,POINT (126.9197 37.614),13357342120,353194574,32.16422242836125,7.854241456992831,PASS
od_430,연신내,6호선,126.920625,37.618636,pedestrian_support_point,빗물받이,서울특별시 은평구 갈현로 294,126.9179,37.6235,591.028,POINT (126.9179 37.6235),11230505686,353194381,20.028299588559467,14.6765822428947,PASS
od_2919,연신내,3호선,126.921038,37.619229,pedestrian_support_point,대림모터스,서울특별시 은평구 연서로18길 3-28,126.918,37.6145,589.43,POINT (126.918 37.6145),13357342120,10678122518,32.16422242836125,15.402456309918318,PASS
od_689,독바위,6호선,126.933031,37.618456,pedestrian_support_point,맨홀,서울특별시 은평구 불광로 179-6,126.9303,37.6233,589.218,POINT (126.9303 37.6233),3824954278,3823587739,2.93341759236071,8.10577710448668,PASS
od_576,독바위,6호선,126.933031,37.618456,pedestrian_support_point,빗물받이,서울특별시 은평구 불광로 179-6,126.9303,37.6233,589.218,POINT (126.9303 37.6233),3824954278,3823587739,2.93341759236071,8.10577710448668,PASS
od_3001,연신내,3호선,126.921038,37.619229,pedestrian_support_point,과속방지턱,서울특별시 은평구 연서로24길 19-1,126.9199,37.614,588.996,POINT (126.9199 37.614),13357342120,353194574,32.16422242836125,12.82228852760038,PASS
od_1780,응암,6호선,126.915577,37.598605,pedestrian_support_point,과속방지턱,서울특별시 은평구 역촌동  67-13,126.9115,37.6028,588.559,POINT (126.9115 37.6028),8735757178,4584761112,11.20363638320314,32.72355209943558,PASS
od_324,연신내,6호선,126.920625,37.618636,pedestrian_support_point,맨홀,서울특별시 은평구 연서로18길 3-28,126.9179,37.6138,588.197,POINT (126.9179 37.6138),11230505686,13734502239,20.028299588559467,24.925379255716575,PASS
od_404,연신내,6호선,126.920625,37.618636,pedestrian_support_point,빗물받이,서울특별시 은평구 갈현로 294,126.918,37.6235,587.49,POINT (126.918 37.6235),11230505686,353194381,20.028299588559467,21.693099787557752,PASS
od_2997,연신내,3호선,126.921038,37.619229,pedestrian_support_point,과속방지턱,서울특별시 은평구 연서로24길 19-1,126.9194,37.6141,587.346,POINT (126.9194 37.6141),13357342120,3819769251,32.16422242836125,12.36275907922496,PASS
od_2774,연신내,3호선,126.921038,37.619229,mobility_facility,나라공인중개사사무소,서울특별시 은평구 갈현로33길 13-1,126.9147,37.6208,586.081,POINT (126.9147 37.6208),13357342120,3823586931,32.16422242836125,12.308711490476323,PASS
od_2796,연신내,3호선,126.921038,37.619229,mobility_facility,일등공신중개사사무소,서울특별시 은평구 통일로 911,126.9197,37.6244,585.955,POINT (126.9197 37.6244),13357342120,3823588091,32.16422242836125,12.472714117925909,PASS
od_1983,녹번,3호선,126.935756,37.600927,mobility_facility,도원꽃집,서울특별시 은평구 은평로 193,126.9292,37.6017,585.256,POINT (126.9292 37.6017),436867704,3811155107,5.477178362551235,18.200366233949964,PASS
od_2804,연신내,3호선,126.921038,37.619229,mobility_facility,한마음1호공동생활가정,서울특별시 은평구 통일로89길 5-7,126.9193,37.6243,583.366,POINT (126.9193 37.6243),13357342120,3823588091,32.16422242836125,25.3510603626517,PASS
od_2725,연신내,3호선,126.921038,37.619229,mobility_facility,38. 불광보건지소,서울특별시 은평구 연서로 296,126.9268,37.6218,583.258,POINT (126.9268 37.6218),13357342120,3823587157,32.16422242836125,14.689974850243098,PASS
od_1834,응암,6호선,126.915577,37.598605,pedestrian_support_point,빗물받이,서울특별시 은평구 역촌동  67-14,126.9116,37.6028,583.199,POINT (126.9116 37.6028),8735757178,3822944425,11.20363638320314,26.415061363738467,PASS
od_2167,불광,3호선,126.92982,37.610553,mobility_facility,냉삼집,"서울특별시 은평구 불광로 90, 102동 (불광동, 대호프라자아파트)",126.9329,37.6152,583.067,POINT (126.9329 37.6152),5930698997,5281044436,50.209801741355435,12.282009806469821,PASS
od_2908,연신내,3호선,126.921038,37.619229,pedestrian_support_point,은평연세병원,서울특별시 은평구 갈현동  530-9,126.9177,37.6147,582.69,POINT (126.9177 37.6147),13357342120,13734502230,32.16422242836125,10.027825011722237,PASS
od_3012,연신내,3호선,126.921038,37.619229,pedestrian_support_point,갈현1동주민센터,서울특별시 은평구 갈현로 294,126.9172,37.6235,582.678,POINT (126.9172 37.6235),13357342120,353194408,32.16422242836125,17.47090425350898,PASS
od_2853,연신내,3호선,126.921038,37.619229,pedestrian_support_point,빗물받이,서울특별시 은평구 갈현로 294,126.9172,37.6235,582.678,POINT (126.9172 37.6235),13357342120,353194408,32.16422242836125,17.47090425350898,PASS
od_1988,녹번,3호선,126.935756,37.600927,mobility_facility,아이맘택시,서울특별시 은평구 은평로 195,126.9296,37.6028,582.0,POINT (126.9296 37.6028),436867704,3811139668,5.477178362551235,19.33411278327391,PASS
od_1857,응암,6호선,126.915577,37.598605,pedestrian_support_point,빗물받이,서울특별시 은평구 응암동  604-1,126.9179,37.5937,581.772,POINT (126.9179 37.5937),8735757178,436867900,11.20363638320314,24.52936479070785,PASS
od_789,불광,6호선,126.92939,37.610873,mobility_facility,중앙공인중개사사무소,서울특별시 은평구 통일로 673,126.933,37.6065,580.666,POINT (126.933 37.6065),5930698997,3811156621,11.603222454866666,8.205236390490773,PASS
od_277,연신내,6호선,126.920625,37.618636,pedestrian_support_point,신한은행갈현지점,서울특별시 은평구 통일로 905,126.9197,37.6238,578.937,POINT (126.9197 37.6238),11230505686,11230505656,20.028299588559467,30.0149889970599,PASS
od_2751,연신내,3호선,126.921038,37.619229,mobility_facility,현대공인중개사사무소,서울특별시 은평구 연서로34길 5,126.927,37.6214,578.879,POINT (126.927 37.6214),13357342120,3823587020,32.16422242836125,13.682938393171247,PASS
od_2111,녹번,3호선,126.935756,37.600927,pedestrian_support_point,과속방지턱,서울특별시 은평구 은평로 195,126.9294,37.6022,578.781,POINT (126.9294 37.6022),436867704,4580557578,5.477178362551235,7.79248358969637,PASS
od_1691,응암,6호선,126.915577,37.598605,pedestrian_support_point,응암시장입구,서울특별시 은평구 응암로22길 9-4,126.9184,37.5939,578.661,POINT (126.9184 37.5939),8735757178,436867900,11.20363638320314,27.882941616341395,PASS
od_11,연신내,6호선,126.920625,37.618636,mobility_facility,부동산친구공인중개사사무소,서울특별시 은평구 통일로87길 17,126.9177,37.6233,578.487,POINT (126.9177 37.6233),11230505686,353194381,20.028299588559467,13.809131288868306,PASS
od_16,연신내,6호선,126.920625,37.618636,mobility_facility,연리지부동산공인중개사사무소,서울특별시 은평구 통일로87길 17,126.9177,37.6233,578.487,POINT (126.9177 37.6233),11230505686,353194381,20.028299588559467,13.809131288868306,PASS
od_2776,연신내,3호선,126.921038,37.619229,mobility_facility,시그니처일등공인중개사사무소,서울특별시 은평구 갈현로 295,126.9168,37.6232,578.128,POINT (126.9168 37.6232),13357342120,3823587705,32.16422242836125,15.42346446664629,PASS
od_1713,응암,6호선,126.915577,37.598605,pedestrian_support_point,맨홀,서울특별시 은평구 역촌동  64-38,126.9155,37.6038,576.628,POINT (126.9155 37.6038),8735757178,10789210649,11.20363638320314,2.4977257735460636,PASS
od_128,연신내,6호선,126.920625,37.618636,mobility_facility,나라공인중개사사무소,서울특별시 은평구 갈현로33길 13-1,126.9147,37.6208,575.589,POINT (126.9147 37.6208),11230505686,3823586931,20.028299588559467,12.308711490476323,PASS
od_580,독바위,6호선,126.933031,37.618456,pedestrian_support_point,빗물받이,서울특별시 은평구 불광로 179-6,126.9304,37.6232,575.489,POINT (126.9304 37.6232),3824954278,3823587739,2.93341759236071,7.238624858678553,PASS
od_385,연신내,6호선,126.920625,37.618636,pedestrian_support_point,갈현중앙시장,서울특별시 은평구 통일로87길 12,126.9184,37.6235,574.478,POINT (126.9184 37.6235),11230505686,3823587768,20.028299588559467,25.848653140261955,PASS
od_215,연신내,6호선,126.920625,37.618636,pedestrian_support_point,빗물받이,서울특별시 은평구 갈현로 294,126.9181,37.6234,573.821,POINT (126.9181 37.6234),11230505686,353194381,20.028299588559467,27.702079612714964,PASS
od_3000,연신내,3호선,126.921038,37.619229,pedestrian_support_point,과속방지턱,서울특별시 은평구 연서로24길 19-1,126.9203,37.6141,572.981,POINT (126.9203 37.6141),13357342120,3819769256,32.16422242836125,4.546909510285207,PASS
od_979,불광,6호선,126.92939,37.610873,pedestrian_support_point,빗물받이,서울특별시 은평구 녹번동  15-2,126.9332,37.6067,572.44,POINT (126.9332 37.6067),5930698997,3811156624,11.603222454866666,9.029989441903675,PASS
od_1767,응암,6호선,126.915577,37.598605,pedestrian_support_point,맨홀,서울특별시 은평구 응암로22길 9-4,126.9195,37.5945,572.368,POINT (126.9195 37.5945),8735757178,4583451432,11.20363638320314,7.8658636620482865,PASS
od_776,불광,6호선,126.92939,37.610873,mobility_facility,냉삼집,"서울특별시 은평구 불광로 90, 102동 (불광동, 대호프라자아파트)",126.9329,37.6152,571.561,POINT (126.9329 37.6152),5930698997,5281044436,11.603222454866666,12.282009806469821,PASS
od_2024,녹번,3호선,126.935756,37.600927,pedestrian_support_point,장애인화장실,서울특별시 은평구 은평로 194,126.9293,37.6012,570.909,POINT (126.9293 37.6012),436867704,3811678425,5.477178362551235,21.73477068894396,PASS
od_2812,연신내,3호선,126.921038,37.619229,mobility_facility,대조동주민센터,서울특별시 은평구 연서로20길 24-3,126.9208,37.6141,569.652,POINT (126.9208 37.6141),13357342120,3819769265,32.16422242836125,21.811901777179838,PASS
od_3025,연신내,3호선,126.921038,37.619229,pedestrian_support_point,대조동주민센터,서울특별시 은평구 연서로20길 24-3,126.9208,37.6141,569.652,POINT (126.9208 37.6141),13357342120,3819769265,32.16422242836125,21.811901777179838,PASS
od_1836,응암,6호선,126.915577,37.598605,pedestrian_support_point,빗물받이,서울특별시 은평구 역촌동  67-14,126.9117,37.6027,569.02,POINT (126.9117 37.6027),8735757178,3822944425,11.20363638320314,15.697227632296487,PASS
od_419,연신내,6호선,126.920625,37.618636,pedestrian_support_point,길천사우나,서울특별시 은평구 연서로21길 3,126.9172,37.6143,568.365,POINT (126.9172 37.6143),11230505686,3823585013,20.028299588559467,28.598890461565414,PASS
od_2843,연신내,3호선,126.921038,37.619229,pedestrian_support_point,빗물받이,서울특별시 은평구 갈현로 294,126.9175,37.6235,567.686,POINT (126.9175 37.6235),13357342120,353194381,32.16422242836125,27.312011346208195,PASS
od_2657,연신내,3호선,126.921038,37.619229,mobility_facility,유호루하스공인중개사사무소,서울특별시 은평구 갈현로 300,126.9175,37.6235,567.686,POINT (126.9175 37.6235),13357342120,353194381,32.16422242836125,27.312011346208195,PASS
od_206,연신내,6호선,126.920625,37.618636,pedestrian_support_point,빗물받이,서울특별시 은평구 갈현로 294,126.9183,37.6234,567.195,POINT (126.9183 37.6234),11230505686,3823587768,20.028299588559467,31.066401690461696,PASS
od_1851,응암,6호선,126.915577,37.598605,pedestrian_support_point,빗물받이,서울특별시 은평구 응암로22길 9-4,126.9194,37.5945,567.066,POINT (126.9194 37.5945),8735757178,4583451432,11.20363638320314,6.7160057372798185,PASS
od_2921,연신내,3호선,126.921038,37.619229,pedestrian_support_point,갈현1동주민센터,서울특별시 은평구 갈현로 294,126.917,37.6232,566.861,POINT (126.917 37.6232),13357342120,3823587705,32.16422242836125,3.8878374228613826,PASS
od_2182,불광,3호선,126.92982,37.610553,mobility_facility,경희부동산공인중개사사무소,서울특별시 은평구 서오릉로8길 22,126.9238,37.6088,566.032,POINT (126.9238 37.6088),5930698997,3004846056,50.209801741355435,12.144877296157121,PASS
od_880,불광,6호선,126.92939,37.610873,mobility_facility,열매공인중개사사무소,서울특별시 은평구 통일로 676-1,126.9334,37.6069,565.519,POINT (126.9334 37.6069),5930698997,436877328,11.603222454866666,19.736511775123688,PASS
od_908,불광,6호선,126.92939,37.610873,mobility_facility,열매공인중개사사무소,서울특별시 은평구 통일로 676-1,126.9334,37.6069,565.519,POINT (126.9334 37.6069),5930698997,436877328,11.603222454866666,19.736511775123688,PASS
od_155,연신내,6호선,126.920625,37.618636,mobility_facility,만포면옥,서울특별시 은평구 연서로 171,126.9175,37.6142,564.383,POINT (126.9175 37.6142),11230505686,13734502231,20.028299588559467,11.412836264443412,PASS
od_2685,연신내,3호선,126.921038,37.619229,mobility_facility,경호공인중개사사무소,서울특별시 은평구 연서로20길 19-1,126.9201,37.6142,564.275,POINT (126.9201 37.6142),13357342120,353194575,32.16422242836125,17.063956192067714,PASS
od_2734,연신내,3호선,126.921038,37.619229,mobility_facility,웰빙 누룽지 통닭구이,서울특별시 은평구 통일로 909,126.9197,37.6242,564.231,POINT (126.9197 37.6242),13357342120,3823587935,32.16422242836125,14.683174459336284,PASS
od_1853,응암,6호선,126.915577,37.598605,pedestrian_support_point,빗물받이,서울특별시 은평구 역촌동  67-13,126.9118,37.6027,563.751,POINT (126.9118 37.6027),8735757178,3822944425,11.20363638320314,6.942020007062577,PASS
od_1531,응암,6호선,126.915577,37.598605,mobility_facility,아네스트공인중개사,서울특별시 은평구 은평로 123,126.9215,37.6005,563.751,POINT (126.9215 37.6005),8735757178,3811078666,11.20363638320314,23.873968491102772,PASS
od_1539,응암,6호선,126.915577,37.598605,mobility_facility,(사)서울시지체장애인협회 은평구지회,서울특별시 은평구 가좌로 276-9,126.9132,37.5939,562.815,POINT (126.9132 37.5939),8735757178,8754918296,11.20363638320314,18.45162856521389,PASS
od_1820,응암,6호선,126.915577,37.598605,pedestrian_support_point,(사)서울시지체장애인협회 은평구지회,서울특별시 은평구 가좌로 276-9,126.9132,37.5939,562.815,POINT (126.9132 37.5939),8735757178,8754918296,11.20363638320314,18.45162856521389,PASS
od_3003,연신내,3호선,126.921038,37.619229,pedestrian_support_point,과속방지턱,서울특별시 은평구 연서로24길 19-1,126.9206,37.6142,559.503,POINT (126.9206 37.6142),13357342120,3819769265,32.16422242836125,1.5417807908287513,PASS
od_3019,연신내,3호선,126.921038,37.619229,pedestrian_support_point,세명컴퓨터고등학교,서울특별시 은평구 통일로 902,126.92,37.6242,559.286,POINT (126.92 37.6242),13357342120,3823588079,32.16422242836125,11.925373905442942,PASS
od_2345,불광,3호선,126.92982,37.610553,mobility_facility,메디알레소망공인중개사사무소,서울특별시 은평구 서오릉로8길 23,126.9238,37.609,558.79,POINT (126.9238 37.609),5930698997,3004846056,50.209801741355435,12.20580599543036,PASS
od_1850,응암,6호선,126.915577,37.598605,pedestrian_support_point,빗물받이,서울특별시 은평구 역촌동  81-44,126.9119,37.6027,558.572,POINT (126.9119 37.6027),8735757178,3822944425,11.20363638320314,2.2796283346582986,PASS
od_2867,연신내,3호선,126.921038,37.619229,pedestrian_support_point,장애인화장실,서울특별시 은평구 연서로20길 24-3,126.9208,37.6142,558.561,POINT (126.9208 37.6142),13357342120,3819769265,32.16422242836125,17.832262096783577,PASS
od_2834,연신내,3호선,126.921038,37.619229,pedestrian_support_point,빗물받이,서울특별시 은평구 갈현로 294,126.9177,37.6235,558.166,POINT (126.9177 37.6235),13357342120,353194381,32.16422242836125,13.054287643648692,PASS
od_179,연신내,6호선,126.920625,37.618636,pedestrian_support_point,빗물받이,서울특별시 은평구 갈현로 294,126.9186,37.6234,558.157,POINT (126.9186 37.6234),11230505686,3823587768,20.028299588559467,5.049612704556835,PASS
od_296,연신내,6호선,126.920625,37.618636,pedestrian_support_point,대조동주민센터,서울특별시 은평구 연서로18길 3-28,126.9179,37.6141,557.979,POINT (126.9179 37.6141),11230505686,10678122511,20.028299588559467,12.224447143044427,PASS
od_1736,응암,6호선,126.915577,37.598605,pedestrian_support_point,맨홀,서울특별시 은평구 응암동  427-199,126.9192,37.5945,556.731,POINT (126.9192 37.5945),8735757178,3811067134,11.20363638320314,3.5977213162780193,PASS
od_1455,응암,6호선,126.915577,37.598605,mobility_facility,대박공인중개사사무소,서울특별시 은평구 가좌로 316-1,126.9102,37.596,555.943,POINT (126.9102 37.596),8735757178,3822999082,11.20363638320314,22.889207553101915,PASS
od_200,연신내,6호선,126.920625,37.618636,pedestrian_support_point,빗물받이,서울특별시 은평구 갈현동  389-14,126.9187,37.6234,555.393,POINT (126.9187 37.6234),11230505686,3823587768,20.028299588559467,4.748801686835443,PASS
od_2790,연신내,3호선,126.921038,37.619229,mobility_facility,기원주간보호센터,서울특별시 은평구 통일로87길 6-19,126.9188,37.6239,554.804,POINT (126.9188 37.6239),13357342120,3823587909,32.16422242836125,13.346887107316759,PASS
od_173,연신내,6호선,126.920625,37.618636,mobility_facility,이화공인중개사사무소,서울특별시 은평구 연서로21길 12,126.9166,37.6148,554.569,POINT (126.9166 37.6148),11230505686,353194452,20.028299588559467,15.607550569135348,PASS
od_2730,연신내,3호선,126.921038,37.619229,mobility_facility,연세약국,서울특별시 은평구 연서로 181,126.9177,37.615,554.221,POINT (126.9177 37.615),13357342120,13734502230,32.16422242836125,43.07038461489607,PASS
od_2237,불광,3호선,126.92982,37.610553,mobility_facility,CU은평수안점,서울특별시 은평구 통일로 671,126.9333,37.6064,553.969,POINT (126.9333 37.6064),5930698997,3811156612,50.209801741355435,21.981989864283936,PASS
od_2594,불광,3호선,126.92982,37.610553,pedestrian_support_point,서울혁신파크,서울특별시 은평구 통일로 671,126.9333,37.6064,553.969,POINT (126.9333 37.6064),5930698997,3811156612,50.209801741355435,21.981989864283936,PASS
od_2618,불광,3호선,126.92982,37.610553,pedestrian_support_point,은평늘봄장애인자립생활센터,서울특별시 은평구 통일로 671,126.9333,37.6064,553.969,POINT (126.9333 37.6064),5930698997,3811156612,50.209801741355435,21.981989864283936,PASS
od_3017,연신내,3호선,126.921038,37.619229,pedestrian_support_point,갈현동미미아파트,서울특별시 은평구 갈현로 235,126.9149,37.6182,553.8,POINT (126.9149 37.6182),13357342120,3823586665,32.16422242836125,19.797124781423044,PASS
od_1526,응암,6호선,126.915577,37.598605,mobility_facility,금호부동산,"서울특별시 은평구 응암로 318, 101동 (응암동, 응암동금호아파트)",126.9218,37.5992,553.499,POINT (126.9218 37.5992),8735757178,11688945311,11.20363638320314,4.7280109508406385,PASS
od_1781,응암,6호선,126.915577,37.598605,pedestrian_support_point,과속방지턱,서울특별시 은평구 역촌동  81-44,126.912,37.6027,553.485,POINT (126.912 37.6027),8735757178,3822944425,11.20363638320314,10.835965393792149,PASS
od_1543,응암,6호선,126.915577,37.598605,mobility_facility,예원부동산공인중개사사무소,서울특별시 은평구 갈현로1길 8,126.9094,37.5994,552.573,POINT (126.9094 37.5994),8735757178,3823348880,11.20363638320314,14.59289019029128,PASS
od_2303,불광,3호선,126.92982,37.610553,mobility_facility,사랑의집,서울특별시 은평구 역말로10길 30-1,126.9238,37.6092,552.346,POINT (126.9238 37.6092),5930698997,10968647958,50.209801741355435,25.219799857210795,PASS
od_2142,녹번,3호선,126.935756,37.600927,pedestrian_support_point,빗물받이,서울특별시 은평구 은평로 195,126.9297,37.6021,550.398,POINT (126.9297 37.6021),436867704,3811155115,5.477178362551235,14.588506292192106,PASS
od_3061,연신내,3호선,126.921038,37.619229,pedestrian_support_point,빗물받이,서울특별시 은평구 갈현로 294,126.9179,37.6235,549.049,POINT (126.9179 37.6235),13357342120,353194381,32.16422242836125,14.6765822428947,PASS
od_699,독바위,6호선,126.933031,37.618456,pedestrian_support_point,맨홀,서울특별시 은평구 불광동  172-2,126.9306,37.623,548.101,POINT (126.9306 37.623),3824954278,3823587658,2.93341759236071,7.071333564895868,PASS
od_377,연신내,6호선,126.920625,37.618636,pedestrian_support_point,갈현중앙시장,서울특별시 은평구 갈현동  389-14,126.919,37.6234,547.869,POINT (126.919 37.6234),11230505686,353193935,20.028299588559467,9.631013197935268,PASS
od_3002,연신내,3호선,126.921038,37.619229,pedestrian_support_point,과속방지턱,서울특별시 은평구 연서로24길 19-1,126.9208,37.6143,547.47,POINT (126.9208 37.6143),13357342120,3819769265,32.16422242836125,20.186803033972172,PASS
od_1435,응암,6호선,126.915577,37.598605,mobility_facility,열린공인중개사사무소,서울특별시 은평구 진흥로 51,126.9203,37.6018,547.448,POINT (126.9203 37.6018),8735757178,10789220067,11.20363638320314,15.09998599822484,PASS
od_3041,연신내,3호선,126.921038,37.619229,pedestrian_support_point,대조동주민센터,서울특별시 은평구 연서로20길 24-3,126.9209,37.6143,547.202,POINT (126.9209 37.6143),13357342120,4580258481,32.16422242836125,17.49824598742844,PASS
od_2217,불광,3호선,126.92982,37.610553,mobility_facility,리치공인중개사사무소,서울특별시 은평구 역말로10길 32,126.9239,37.6091,547.023,POINT (126.9239 37.6091),5930698997,10968647958,50.209801741355435,12.23768373696107,PASS
od_2762,연신내,3호선,126.921038,37.619229,mobility_facility,그린공인중개사사무소,서울특별시 은평구 갈현로33길 9,126.9151,37.6206,545.868,POINT (126.9151 37.6206),13357342120,4571009611,32.16422242836125,12.043589912716712,PASS
od_1461,응암,6호선,126.915577,37.598605,mobility_facility,예지부동산공인중개사사무소,서울특별시 은평구 응암로34길 10-4,126.9217,37.598,544.872,POINT (126.9217 37.598),8735757178,3811326959,11.20363638320314,8.291013071944858,PASS
od_3034,연신내,3호선,126.921038,37.619229,pedestrian_support_point,빗물받이,서울특별시 은평구 갈현로 294,126.918,37.6235,544.648,POINT (126.918 37.6235),13357342120,353194381,32.16422242836125,21.693099787557752,PASS
od_791,불광,6호선,126.92939,37.610873,mobility_facility,경희부동산공인중개사사무소,서울특별시 은평구 서오릉로8길 22,126.9238,37.6088,544.566,POINT (126.9238 37.6088),5930698997,3004846056,11.603222454866666,12.144877296157121,PASS
od_417,연신내,6호선,126.920625,37.618636,pedestrian_support_point,빗물받이,서울특별시 은평구 연서로18길 3-28,126.918,37.6142,544.167,POINT (126.918 37.6142),11230505686,10678122511,20.028299588559467,5.290183226015234,PASS
od_1729,응암,6호선,126.915577,37.598605,pedestrian_support_point,맨홀,서울특별시 은평구 역촌동  64-38,126.9156,37.6035,543.295,POINT (126.9156 37.6035),8735757178,3819767791,11.20363638320314,13.196637390690714,PASS
od_1705,응암,6호선,126.915577,37.598605,pedestrian_support_point,맨홀,서울특별시 은평구 응암로22길 9-4,126.9191,37.5946,542.574,POINT (126.9191 37.5946),8735757178,3811067134,11.20363638320314,10.90912692630449,PASS
od_24,연신내,6호선,126.920625,37.618636,mobility_facility,CU불광어게인점,서울특별시 은평구 연서로 284,126.926,37.621,542.234,POINT (126.926 37.621),11230505686,3823586999,20.028299588559467,26.9119353843832,PASS
od_2114,녹번,3호선,126.935756,37.600927,pedestrian_support_point,과속방지턱,서울특별시 은평구 녹번동  79-17,126.9298,37.6021,541.822,POINT (126.9298 37.6021),436867704,3811155115,5.477178362551235,7.265928695528425,PASS
od_2683,연신내,3호선,126.921038,37.619229,mobility_facility,시티공인중개사사무소,서울특별시 은평구 역말로9길 38-2,126.9225,37.6145,540.507,POINT (126.9225 37.6145),13357342120,353193678,32.16422242836125,8.741040886148859,PASS
od_2667,연신내,3호선,126.921038,37.619229,mobility_facility,부동산친구공인중개사사무소,서울특별시 은평구 통일로87길 17,126.9177,37.6233,539.442,POINT (126.9177 37.6233),13357342120,353194381,32.16422242836125,13.809131288868306,PASS
od_2669,연신내,3호선,126.921038,37.619229,mobility_facility,연리지부동산공인중개사사무소,서울특별시 은평구 통일로87길 17,126.9177,37.6233,539.442,POINT (126.9177 37.6233),13357342120,353194381,32.16422242836125,13.809131288868306,PASS
od_1840,응암,6호선,126.915577,37.598605,pedestrian_support_point,빗물받이,서울특별시 은평구 응암로22길 9-4,126.919,37.5946,537.558,POINT (126.919 37.5946),8735757178,3811067136,11.20363638320314,6.229426477556641,PASS
od_1848,응암,6호선,126.915577,37.598605,pedestrian_support_point,빗물받이,서울특별시 은평구 응암로22길 9-4,126.919,37.5946,537.558,POINT (126.919 37.5946),8735757178,3811067136,11.20363638320314,6.229426477556641,PASS
od_365,연신내,6호선,126.920625,37.618636,pedestrian_support_point,과속방지턱,서울특별시 은평구 연서로18길 3-28,126.9182,37.6142,536.885,POINT (126.9182 37.6142),11230505686,3819769262,20.028299588559467,22.477100007994032,PASS
od_2745,연신내,3호선,126.921038,37.619229,mobility_facility,열린부동산,서울특별시 은평구 연서로24길 30,126.9208,37.6144,536.379,POINT (126.9208 37.6144),13357342120,4580258481,32.16422242836125,20.786542319597594,PASS
od_2166,불광,3호선,126.92982,37.610553,mobility_facility,서울면옥,"서울특별시 은평구 불광로 90, 102동 (불광동, 대호프라자아파트)",126.9327,37.6148,535.584,POINT (126.9327 37.6148),5930698997,5281044435,50.209801741355435,17.118518526960106,PASS
od_2165,불광,3호선,126.92982,37.610553,mobility_facility,호우동,"서울특별시 은평구 불광로 90, 102동 (불광동, 대호프라자아파트)",126.9327,37.6148,535.584,POINT (126.9327 37.6148),5930698997,5281044435,50.209801741355435,17.118518526960106,PASS
od_956,불광,6호선,126.92939,37.610873,mobility_facility,메디알레소망공인중개사사무소,서울특별시 은평구 서오릉로8길 23,126.9238,37.609,535.565,POINT (126.9238 37.609),5930698997,3004846056,11.603222454866666,12.20580599543036,PASS
od_1926,녹번,3호선,126.935756,37.600927,mobility_facility,CU은평여왕점,서울특별시 은평구 은평로 200,126.9297,37.6011,535.127,POINT (126.9297 37.6011),436867704,3811678452,5.477178362551235,29.97351748067364,PASS
od_1957,녹번,3호선,126.935756,37.600927,mobility_facility,일광단지내공인중개사사무소,"서울특별시 은평구 은평로 220, 108동 (응암동, 녹번역e편한세상캐슬)",126.9301,37.5992,534.983,POINT (126.9301 37.5992),436867704,3811678234,5.477178362551235,42.927450261230234,PASS
od_1737,응암,6호선,126.915577,37.598605,pedestrian_support_point,맨홀,서울특별시 은평구 응암로 247-2,126.9183,37.5943,534.908,POINT (126.9183 37.5943),8735757178,436867900,11.20363638320314,52.04151965355603,PASS
od_585,독바위,6호선,126.933031,37.618456,pedestrian_support_point,빗물받이,서울특별시 은평구 불광동  172-2,126.9307,37.6229,534.445,POINT (126.9307 37.6229),3824954278,3823587658,2.93341759236071,9.158863188363053,PASS
od_116,연신내,6호선,126.920625,37.618636,mobility_facility,그린공인중개사사무소,서울특별시 은평구 갈현로33길 9,126.9151,37.6206,534.263,POINT (126.9151 37.6206),11230505686,4571009611,20.028299588559467,12.043589912716712,PASS
od_2141,녹번,3호선,126.935756,37.600927,pedestrian_support_point,녹번동주민센터,서울특별시 은평구 은평로 195,126.9299,37.6021,533.254,POINT (126.9299 37.6021),436867704,3811155115,5.477178362551235,6.9268990609445025,PASS
od_137,연신내,6호선,126.920625,37.618636,mobility_facility,갈현알곡공인중개사사무소,서울특별시 은평구 갈현로 222,126.915,37.6169,532.679,POINT (126.915 37.6169),11230505686,3823586486,20.028299588559467,17.353332100605147,PASS
od_1606,응암,6호선,126.915577,37.598605,pedestrian_support_point,빗물받이,서울특별시 은평구 응암로22길 9-4,126.9189,37.5946,532.642,POINT (126.9189 37.5946),8735757178,3811067136,11.20363638320314,3.8192560202037336,PASS
od_1425,응암,6호선,126.915577,37.598605,mobility_facility,지호한방삼계탕,서울특별시 은평구 연서로 47,126.9154,37.6034,532.422,POINT (126.9154 37.6034),8735757178,3822944277,11.20363638320314,26.070239833394357,PASS
od_2655,연신내,3호선,126.921038,37.619229,mobility_facility,은평중심공인중개사사무소,서울특별시 은평구 연서로23길 7,126.9171,37.6156,532.08,POINT (126.9171 37.6156),13357342120,4580111219,32.16422242836125,22.432053920095864,PASS
od_2786,연신내,3호선,126.921038,37.619229,mobility_facility,골든벨공인중개사사무소,"서울특별시 은평구 통일로 796, 상가동 (불광동, 북한산 힐스테이트7차)",126.9258,37.6163,531.446,POINT (126.9258 37.6163),13357342120,8370553029,32.16422242836125,7.2338209390307044,PASS
od_2755,연신내,3호선,126.921038,37.619229,mobility_facility,국민공인중개사사무소,"서울특별시 은평구 통일로 796, 상가동 (불광동, 북한산 힐스테이트7차)",126.9258,37.6163,531.446,POINT (126.9258 37.6163),13357342120,8370553029,32.16422242836125,7.2338209390307044,PASS
od_611,독바위,6호선,126.933031,37.618456,pedestrian_support_point,장애인화장실,서울특별시 은평구 불광로 180,126.9316,37.6231,530.691,POINT (126.9316 37.6231),3824954278,3823587470,2.93341759236071,49.35998542396476,PASS
od_2859,연신내,3호선,126.921038,37.619229,pedestrian_support_point,빗물받이,서울특별시 은평구 갈현로 294,126.9181,37.6234,530.646,POINT (126.9181 37.6234),13357342120,353194381,32.16422242836125,27.702079612714964,PASS
od_2180,불광,3호선,126.92982,37.610553,mobility_facility,중앙공인중개사사무소,서울특별시 은평구 통일로 673,126.933,37.6065,530.279,POINT (126.933 37.6065),5930698997,3811156621,50.209801741355435,8.205236390490773,PASS
od_2770,연신내,3호선,126.921038,37.619229,mobility_facility,퍼스트공인중개사사무소,서울특별시 은평구 연서로35길 6,126.926,37.6219,528.944,POINT (126.926 37.6219),13357342120,2930525549,32.16422242836125,22.83437686271451,PASS
od_367,연신내,6호선,126.920625,37.618636,pedestrian_support_point,과속방지턱,서울특별시 은평구 연서로24길 19-1,126.9188,37.6141,528.603,POINT (126.9188 37.6141),11230505686,3819769255,20.028299588559467,14.561320261302315,PASS
od_3016,연신내,3호선,126.921038,37.619229,pedestrian_support_point,갈현중앙시장,서울특별시 은평구 통일로87길 12,126.9184,37.6235,528.154,POINT (126.9184 37.6235),13357342120,3823587768,32.16422242836125,25.848653140261955,PASS
od_2905,연신내,3호선,126.921038,37.619229,pedestrian_support_point,갈현동미미아파트,서울특별시 은평구 갈현로 238,126.9152,37.6182,527.912,POINT (126.9152 37.6182),13357342120,3823586665,32.16422242836125,16.101913760818515,PASS
od_915,불광,6호선,126.92939,37.610873,mobility_facility,사랑의집,서울특별시 은평구 역말로10길 30-1,126.9238,37.6092,527.345,POINT (126.9238 37.6092),5930698997,10968647958,11.603222454866666,25.219799857210795,PASS
od_45,연신내,6호선,126.920625,37.618636,mobility_facility,탑클래스공인중개사사무소,서울특별시 은평구 연서로20길 3,126.9182,37.6143,526.725,POINT (126.9182 37.6143),11230505686,10678122518,20.028299588559467,21.961169205915787,PASS
od_1488,응암,6호선,126.915577,37.598605,mobility_facility,알레르망,서울특별시 은평구 응암로 319,126.9214,37.5996,525.945,POINT (126.9214 37.5996),8735757178,4631404116,11.20363638320314,23.439106868699216,PASS
od_2202,불광,3호선,126.92982,37.610553,mobility_facility,드림공인중개사사무소,서울특별시 은평구 불광로 90,126.9327,37.6147,525.842,POINT (126.9327 37.6147),5930698997,3819769307,50.209801741355435,16.38372581697322,PASS
od_140,연신내,6호선,126.920625,37.618636,mobility_facility,골든벨공인중개사사무소,"서울특별시 은평구 통일로 796, 상가동 (불광동, 북한산 힐스테이트7차)",126.9258,37.6163,525.323,POINT (126.9258 37.6163),11230505686,8370553029,20.028299588559467,7.2338209390307044,PASS
od_109,연신내,6호선,126.920625,37.618636,mobility_facility,국민공인중개사사무소,"서울특별시 은평구 통일로 796, 상가동 (불광동, 북한산 힐스테이트7차)",126.9258,37.6163,525.323,POINT (126.9258 37.6163),11230505686,8370553029,20.028299588559467,7.2338209390307044,PASS
od_1601,응암,6호선,126.915577,37.598605,pedestrian_support_point,빗물받이,서울특별시 은평구 역촌동  81-45,126.9122,37.6025,525.182,POINT (126.9122 37.6025),8735757178,3822944428,11.20363638320314,9.55177593098539,PASS
od_666,독바위,6호선,126.933031,37.618456,pedestrian_support_point,불광중학교,서울특별시 은평구 불광로 180,126.931,37.6229,524.816,POINT (126.931 37.6229),3824954278,3823587658,2.93341759236071,29.871010508967732,PASS
od_775,불광,6호선,126.92939,37.610873,mobility_facility,서울면옥,"서울특별시 은평구 불광로 90, 102동 (불광동, 대호프라자아파트)",126.9327,37.6148,524.765,POINT (126.9327 37.6148),5930698997,5281044435,11.603222454866666,17.118518526960106,PASS
od_774,불광,6호선,126.92939,37.610873,mobility_facility,호우동,"서울특별시 은평구 불광로 90, 102동 (불광동, 대호프라자아파트)",126.9327,37.6148,524.765,POINT (126.9327 37.6148),5930698997,5281044435,11.603222454866666,17.118518526960106,PASS
od_288,연신내,6호선,126.920625,37.618636,pedestrian_support_point,연갈현공판장후문,서울특별시 은평구 갈현동  420-5,126.9191,37.6232,524.141,POINT (126.9191 37.6232),11230505686,353193935,20.028299588559467,19.844007280952493,PASS
od_1680,응암,6호선,126.915577,37.598605,pedestrian_support_point,응암시장,서울특별시 은평구 응암로 247,126.918,37.5943,523.533,POINT (126.918 37.5943),8735757178,436867900,11.20363638320314,49.13681969520042,PASS
od_826,불광,6호선,126.92939,37.610873,mobility_facility,리치공인중개사사무소,서울특별시 은평구 역말로10길 32,126.9239,37.6091,523.163,POINT (126.9239 37.6091),5930698997,10968647958,11.603222454866666,12.23768373696107,PASS
od_2850,연신내,3호선,126.921038,37.619229,pedestrian_support_point,빗물받이,서울특별시 은평구 갈현로 294,126.9183,37.6234,522.243,POINT (126.9183 37.6234),13357342120,3823587768,32.16422242836125,31.066401690461696,PASS
od_843,불광,6호선,126.92939,37.610873,mobility_facility,비전화카페,서울특별시 은평구 통일로 684,126.935,37.6094,521.62,POINT (126.935 37.6094),5930698997,2960308443,11.603222454866666,57.549501195889306,PASS
od_2367,불광,3호선,126.92982,37.610553,pedestrian_support_point,빗물받이,서울특별시 은평구 녹번동  15-2,126.9332,37.6067,521.485,POINT (126.9332 37.6067),5930698997,3811156624,50.209801741355435,9.029989441903675,PASS
od_408,연신내,6호선,126.920625,37.618636,pedestrian_support_point,빗물받이,서울특별시 은평구 연서로24길 19-1,126.9197,37.614,520.987,POINT (126.9197 37.614),11230505686,353194574,20.028299588559467,7.854241456992831,PASS
od_2917,연신내,3호선,126.921038,37.619229,pedestrian_support_point,신한은행갈현지점,서울특별시 은평구 통일로 905,126.9197,37.6238,520.902,POINT (126.9197 37.6238),13357342120,11230505656,32.16422242836125,30.0149889970599,PASS
od_593,독바위,6호선,126.933031,37.618456,pedestrian_support_point,빗물받이,서울특별시 은평구 불광동  172-2,126.9308,37.6228,520.817,POINT (126.9308 37.6228),3824954278,3823587658,2.93341759236071,22.807559153553946,PASS
od_1598,응암,6호선,126.915577,37.598605,pedestrian_support_point,빗물받이,서울특별시 은평구 역촌동  81-45,126.9123,37.6025,520.218,POINT (126.9123 37.6025),8735757178,3822944428,11.20363638320314,7.758415051269671,PASS
od_1400,응암,6호선,126.915577,37.598605,mobility_facility,가인헤어,서울특별시 은평구 응암로21길 8,126.9172,37.5941,520.143,POINT (126.9172 37.5941),8735757178,3811554309,11.20363638320314,12.470450195951699,PASS
od_1501,응암,6호선,126.915577,37.598605,mobility_facility,윤사부치킨,서울특별시 은평구 응암로21길 8,126.9172,37.5941,520.143,POINT (126.9172 37.5941),8735757178,3811554309,11.20363638320314,12.470450195951699,PASS
od_1890,녹번,3호선,126.935756,37.600927,mobility_facility,예스부동산공인중개사사무소,서울특별시 은평구 통일로 660,126.9358,37.6056,518.666,POINT (126.9358 37.6056),436867704,3811715832,5.477178362551235,24.549675950942884,PASS
od_1889,녹번,3호선,126.935756,37.600927,mobility_facility,좋은예감(단지내)공인중개사사무소,서울특별시 은평구 통일로 660,126.9358,37.6056,518.666,POINT (126.9358 37.6056),436867704,3811715832,5.477178362551235,24.549675950942884,PASS
od_370,연신내,6호선,126.920625,37.618636,pedestrian_support_point,과속방지턱,서울특별시 은평구 연서로24길 19-1,126.9199,37.614,518.512,POINT (126.9199 37.614),11230505686,353194574,20.028299588559467,12.82228852760038,PASS
od_1492,응암,6호선,126.915577,37.598605,mobility_facility,계절의별미탕,서울특별시 은평구 진흥로1길 25,126.9184,37.6027,518.378,POINT (126.9184 37.6027),8735757178,4583513366,11.20363638320314,17.722387983378013,PASS
od_1340,응암,6호선,126.915577,37.598605,mobility_facility,가인헤어,서울특별시 은평구 응암로21길 8,126.9171,37.5941,517.779,POINT (126.9171 37.5941),8735757178,3811554309,11.20363638320314,7.41003099130076,PASS
od_517,독바위,6호선,126.933031,37.618456,mobility_facility,방주공인중개사사무소,서울특별시 은평구 연서로34길 31,126.9294,37.6221,516.074,POINT (126.9294 37.6221),3824954278,3823587302,2.93341759236071,12.870181048570695,PASS
od_811,불광,6호선,126.92939,37.610873,mobility_facility,드림공인중개사사무소,서울특별시 은평구 불광로 90,126.9327,37.6147,515.583,POINT (126.9327 37.6147),5930698997,3819769307,11.603222454866666,16.38372581697322,PASS
od_366,연신내,6호선,126.920625,37.618636,pedestrian_support_point,과속방지턱,서울특별시 은평구 연서로24길 19-1,126.9194,37.6141,514.933,POINT (126.9194 37.6141),11230505686,3819769251,20.028299588559467,12.36275907922496,PASS
od_279,연신내,6호선,126.920625,37.618636,pedestrian_support_point,대림모터스,서울특별시 은평구 연서로18길 3-28,126.918,37.6145,514.237,POINT (126.918 37.6145),11230505686,10678122518,20.028299588559467,15.402456309918318,PASS
od_2268,불광,3호선,126.92982,37.610553,mobility_facility,열매공인중개사사무소,서울특별시 은평구 통일로 676-1,126.9334,37.6069,514.107,POINT (126.9334 37.6069),5930698997,436877328,50.209801741355435,19.736511775123688,PASS
od_2296,불광,3호선,126.92982,37.610553,mobility_facility,열매공인중개사사무소,서울특별시 은평구 통일로 676-1,126.9334,37.6069,514.107,POINT (126.9334 37.6069),5930698997,436877328,50.209801741355435,19.736511775123688,PASS
od_1995,녹번,3호선,126.935756,37.600927,pedestrian_support_point,빗물받이,서울특별시 은평구 녹번동  79-17,126.9301,37.602,513.459,POINT (126.9301 37.602),436867704,2309932442,5.477178362551235,6.06910669456764,PASS
od_2164,불광,3호선,126.92982,37.610553,mobility_facility,대호크리닝세탁,"서울특별시 은평구 불광로 90, 102동 (불광동, 대호프라자아파트)",126.9326,37.6146,511.863,POINT (126.9326 37.6146),5930698997,3819769307,50.209801741355435,11.060299788695614,PASS
od_2163,불광,3호선,126.92982,37.610553,mobility_facility,월드공인중개사사무소,"서울특별시 은평구 불광로 90, 102동 (불광동, 대호프라자아파트)",126.9326,37.6146,511.863,POINT (126.9326 37.6146),5930698997,3819769307,50.209801741355435,11.060299788695614,PASS
od_1405,응암,6호선,126.915577,37.598605,mobility_facility,벧엘공동생활가정,서울특별시 은평구 가좌로 312-11,126.9108,37.596,511.429,POINT (126.9108 37.596),8735757178,3822999139,11.20363638320314,13.991072128504394,PASS
od_2823,연신내,3호선,126.921038,37.619229,pedestrian_support_point,빗물받이,서울특별시 은평구 갈현로 294,126.9186,37.6234,510.525,POINT (126.9186 37.6234),13357342120,3823587768,32.16422242836125,5.049612704556835,PASS
od_1460,응암,6호선,126.915577,37.598605,mobility_facility,가인헤어,서울특별시 은평구 응암로21길 8,126.9172,37.5942,509.483,POINT (126.9172 37.5942),8735757178,3811554315,11.20363638320314,10.14458925349118,PASS
od_1918,녹번,3호선,126.935756,37.600927,mobility_facility,원탑(래미안단지내)공인중개사사무소,서울특별시 은평구 통일로 630,126.9353,37.6055,509.148,POINT (126.9353 37.6055),436867704,11207547674,5.477178362551235,22.18544416807933,PASS
od_1604,응암,6호선,126.915577,37.598605,pedestrian_support_point,빗물받이,서울특별시 은평구 응암로22길 9-4,126.9186,37.5947,509.035,POINT (126.9186 37.5947),8735757178,3811067137,11.20363638320314,27.735897623450388,PASS
od_2658,연신내,3호선,126.921038,37.619229,mobility_facility,뉴태양공인중개사사무소,서울특별시 은평구 통일로 796,126.925,37.6159,508.795,POINT (126.925 37.6159),13357342120,11228574126,32.16422242836125,22.15657166640298,PASS
od_1994,녹번,3호선,126.935756,37.600927,pedestrian_support_point,빗물받이,서울특별시 은평구 녹번동  79-21,126.9301,37.6018,508.769,POINT (126.9301 37.6018),436867704,2309932442,5.477178362551235,25.12592144039798,PASS
od_386,연신내,6호선,126.920625,37.618636,pedestrian_support_point,갈현동미미아파트,서울특별시 은평구 갈현로 235,126.9149,37.6182,507.747,POINT (126.9149 37.6182),11230505686,3823586665,20.028299588559467,19.797124781423044,PASS
od_268,연신내,6호선,126.920625,37.618636,pedestrian_support_point,은평연세병원,서울특별시 은평구 갈현동  530-9,126.9177,37.6147,507.474,POINT (126.9177 37.6147),11230505686,13734502230,20.028299588559467,10.027825011722237,PASS
od_687,독바위,6호선,126.933031,37.618456,pedestrian_support_point,맨홀,서울특별시 은평구 불광로 179-6,126.9309,37.6227,507.219,POINT (126.9309 37.6227),3824954278,436849329,2.93341759236071,30.40805291217917,PASS
od_2844,연신내,3호선,126.921038,37.619229,pedestrian_support_point,빗물받이,서울특별시 은평구 갈현동  389-14,126.9187,37.6234,506.866,POINT (126.9187 37.6234),13357342120,3823587768,32.16422242836125,4.748801686835443,PASS
od_1782,응암,6호선,126.915577,37.598605,pedestrian_support_point,과속방지턱,서울특별시 은평구 역촌동  81-43,126.9126,37.6025,505.96,POINT (126.9126 37.6025),8735757178,3822944396,11.20363638320314,6.542481260377545,PASS
od_1279,응암,6호선,126.915577,37.598605,mobility_facility,은평자이무지개공인중개사사무소,서울특별시 은평구 은평로 19-2,126.9099,37.5981,504.456,POINT (126.9099 37.5981),8735757178,10678135200,11.20363638320314,11.328428873717945,PASS
od_369,연신내,6호선,126.920625,37.618636,pedestrian_support_point,과속방지턱,서울특별시 은평구 연서로24길 19-1,126.9203,37.6141,504.264,POINT (126.9203 37.6141),11230505686,3819769256,20.028299588559467,4.546909510285207,PASS
od_167,연신내,6호선,126.920625,37.618636,mobility_facility,대조동주민센터,서울특별시 은평구 연서로20길 24-3,126.9208,37.6141,503.684,POINT (126.9208 37.6141),11230505686,3819769265,20.028299588559467,21.811901777179838,PASS
od_395,연신내,6호선,126.920625,37.618636,pedestrian_support_point,대조동주민센터,서울특별시 은평구 연서로20길 24-3,126.9208,37.6141,503.684,POINT (126.9208 37.6141),11230505686,3819769265,20.028299588559467,21.811901777179838,PASS
od_2109,녹번,3호선,126.935756,37.600927,pedestrian_support_point,맨홀,서울특별시 은평구 은평로 203-4,126.9301,37.6015,503.491,POINT (126.9301 37.6015),436867704,3811155098,5.477178362551235,3.916799425406456,PASS
od_2309,불광,3호선,126.92982,37.610553,mobility_facility,색연필,"서울특별시 은평구 불광로 90, 102동 (불광동, 대호프라자아파트)",126.9326,37.6145,502.152,POINT (126.9326 37.6145),5930698997,3819769307,50.209801741355435,20.741324332783933,PASS
od_356,연신내,6호선,126.920625,37.618636,pedestrian_support_point,맨홀,서울특별시 은평구 통일로 895-2,126.9197,37.6231,502.141,POINT (126.9197 37.6231),11230505686,436393823,20.028299588559467,29.14105443196905,PASS
od_773,불광,6호선,126.92939,37.610873,mobility_facility,대호크리닝세탁,"서울특별시 은평구 불광로 90, 102동 (불광동, 대호프라자아파트)",126.9326,37.6146,501.436,POINT (126.9326 37.6146),5930698997,3819769307,11.603222454866666,11.060299788695614,PASS
od_772,불광,6호선,126.92939,37.610873,mobility_facility,월드공인중개사사무소,"서울특별시 은평구 불광로 90, 102동 (불광동, 대호프라자아파트)",126.9326,37.6146,501.436,POINT (126.9326 37.6146),5930698997,3819769307,11.603222454866666,11.060299788695614,PASS
