od_id,station,station_line,station_lon,station_lat,facility_source,facility_name,facility_address,facility_lon,facility_lat,straight_line_distance_m,station_node,facility_node,station_snap_distance_m,facility_snap_distance_m,snap_status,route_id,route_type,node_sequence,edge_sequence,node_count,edge_count,route_length_m,steps_count,flood_feature_count_2022,flood_overlap_length_m_2022,flood_feature_count_2023,flood_overlap_length_m_2023,flood_feature_count_2024,flood_overlap_length_m_2024,flood_feature_count_2025,flood_overlap_length_m_2025,flood_feature_count_unique_total,flood_overlap_length_m_total,flood_overlap_ratio
od_2326,불광,3호선,126.92982,37.610553,mobility_facility,바르티매오공동생활가정,서울특별시 은평구 불광로9가길 4,126.9315,37.6166,687.347,5930698997,3819769687,50.20980174135544,12.83310201982499,PASS,od_2326_baseline,baseline,"[5930698997, 11228575654, 457819071, 5281045186, 5281045188, 5281045187, 5281045189, 3279011082, 436849310, 353195249, 3819769163, 4580205446, 3279011087, 3819769307, 5281044435, 5281044436, 5281044434, 436849314, 445329900, 3824954063, 3819769661, 3819769668, 3819769672, 3819769687]","[[5930698997, 11228575654], [11228575654, 457819071], [457819071, 5281045186], [5281045186, 5281045188], [5281045188, 5281045187], [5281045187, 5281045189], [5281045189, 3279011082], [3279011082, 436849310], [436849310, 353195249], [353195249, 3819769163], [3819769163, 4580205446], [4580205446, 3279011087], [3279011087, 3819769307], [3819769307, 5281044435], [5281044435, 5281044436], [5281044436, 5281044434], [5281044434, 436849314], [436849314, 445329900], [445329900, 3824954063], [3824954063, 3819769661], [3819769661, 3819769668], [3819769668, 3819769672], [3819769672, 3819769687]]",24,23,853.368,0,2,27.266,0,0.0,0,0.0,3,47.503,5,74.769,0.087617
od_937,불광,6호선,126.92939,37.610873,mobility_facility,바르티매오공동생활가정,서울특별시 은평구 불광로9가길 4,126.9315,37.6166,662.373,5930698997,3819769687,11.603222454866666,12.83310201982499,PASS,od_937_baseline,baseline,"[5930698997, 11228575654, 457819071, 5281045186, 5281045188, 5281045187, 5281045189, 3279011082, 436849310, 353195249, 3819769163, 4580205446, 3279011087, 3819769307, 5281044435, 5281044436, 5281044434, 436849314, 445329900, 3824954063, 3819769661, 3819769668, 3819769672, 3819769687]","[[5930698997, 11228575654], [11228575654, 457819071], [457819071, 5281045186], [5281045186, 5281045188], [5281045188, 5281045187], [5281045187, 5281045189], [5281045189, 3279011082], [3279011082, 436849310], [436849310, 353195249], [353195249, 3819769163], [3819769163, 4580205446], [4580205446, 3279011087], [3279011087, 3819769307], [3819769307, 5281044435], [5281044435, 5281044436], [5281044436, 5281044434], [5281044434, 436849314], [436849314, 445329900], [445329900, 3824954063], [3824954063, 3819769661], [3819769661, 3819769668], [3819769668, 3819769672], [3819769672, 3819769687]]",24,23,853.368,0,2,27.266,0,0.0,0,0.0,3,47.503,5,74.769,0.087617
od_2803,연신내,3호선,126.921038,37.619229,mobility_facility,바르티매오공동생활가정,서울특별시 은평구 불광로9가길 4,126.9315,37.6166,968.645,13357342120,3819769687,32.16422242836125,12.83310201982499,PASS,od_2803_baseline,baseline,"[13357342120, 13357342121, 13357321496, 11178032838, 2960309144, 3819769883, 3819769902, 3819769898, 3819769860, 3819769843, 3819769828, 4580162913, 3819769809, 3819769789, 10682009303, 10682086042, 10682086137, 10682086212, 10682086342, 10682086075, 10682086215, 10682009304, 353195079, 3819769520, 3819769514, 3819769496, 3819769490, 445329900, 3824954063, 3819769661, 3819769668, 3819769672, 3819769687]","[[13357342120, 13357342121], [13357342121, 13357321496], [13357321496, 11178032838], [11178032838, 2960309144], [2960309144, 3819769883], [3819769883, 3819769902], [3819769902, 3819769898], [3819769898, 3819769860], [3819769860, 3819769843], [3819769843, 3819769828], [3819769828, 4580162913], [4580162913, 3819769809], [3819769809, 3819769789], [3819769789, 10682009303], [10682009303, 10682086042], [10682086042, 10682086137], [10682086137, 10682086212], [10682086212, 10682086342], [10682086342, 10682086075], [10682086075, 10682086215], [10682086215, 10682009304], [10682009304, 353195079], [353195079, 3819769520], [3819769520, 3819769514], [3819769514, 3819769496], [3819769496, 3819769490], [3819769490, 445329900], [445329900, 3824954063], [3824954063, 3819769661], [3819769661, 3819769668], [3819769668, 3819769672], [3819769672, 3819769687]]",33,32,1543.385,0,2,27.266,0,0.0,0,0.0,3,47.503,5,74.769,0.048445
od_158,연신내,6호선,126.920625,37.618636,mobility_facility,바르티매오공동생활가정,서울특별시 은평구 불광로9가길 4,126.9315,37.6166,986.351,11230505686,3819769687,20.028299588559467,12.83310201982499,PASS,od_158_baseline,baseline,"[11230505686, 11663495477, 13357321496, 11178032838, 2960309144, 3819769883, 3819769902, 3819769898, 3819769860, 3819769843, 3819769828, 4580162913, 3819769809, 3819769789, 10682009303, 10682086042, 10682086137, 10682086212, 10682086342, 10682086075, 10682086215, 10682009304, 353195079, 3819769520, 3819769514, 3819769496, 3819769490, 445329900, 3824954063, 3819769661, 3819769668, 3819769672, 3819769687]","[[11230505686, 11663495477], [11663495477, 13357321496], [13357321496, 11178032838], [11178032838, 2960309144], [2960309144, 3819769883], [3819769883, 3819769902], [3819769902, 3819769898], [3819769898, 3819769860], [3819769860, 3819769843], [3819769843, 3819769828], [3819769828, 4580162913], [4580162913, 3819769809], [3819769809, 3819769789], [3819769789, 10682009303], [10682009303, 10682086042], [10682086042, 10682086137], [10682086137, 10682086212], [10682086212, 10682086342], [10682086342, 10682086075], [10682086075, 10682086215], [10682086215, 10682009304], [10682009304, 353195079], [353195079, 3819769520], [3819769520, 3819769514], [3819769514, 3819769496], [3819769496, 3819769490], [3819769490, 445329900], [445329900, 3824954063], [3824954063, 3819769661], [3819769661, 3819769668], [3819769668, 3819769672], [3819769672, 3819769687]]",33,32,1557.661,0,2,27.266,0,0.0,0,0.0,3,47.503,5,74.769,0.048001
od_2838,연신내,3호선,126.921038,37.619229,pedestrian_support_point,빗물받이,서울특별시 은평구 불광동  90-8,126.9284,37.6257,968.623,13357342120,3823588661,32.16422242836125,37.440100324683726,PASS,od_2838_baseline,baseline,"[13357342120, 13357342121, 13357321496, 11178032838, 2960309144, 2960309145, 3819769990, 3823586772, 3819770024, 3823586821, 5279886140, 3823586890, 3819770060, 3819770062, 3819770064, 3819770067, 5279886141, 3823586999, 2960308646, 307924211, 3823587261, 3823587543, 3823587717, 3823587759, 3823587858, 3823587888, 3823587936, 3823588078, 4576650759, 4576620663, 3823588370, 3823588613, 3823588638, 3823588661]","[[13357342120, 13357342121], [13357342121, 13357321496], [13357321496, 11178032838], [11178032838, 2960309144], [2960309144, 2960309145], [2960309145, 3819769990], [3819769990, 3823586772], [3823586772, 3819770024], [3819770024, 3823586821], [3823586821, 5279886140], [5279886140, 3823586890], [3823586890, 3819770060], [3819770060, 3819770062], [3819770062, 3819770064], [3819770064, 3819770067], [3819770067, 5279886141], [5279886141, 3823586999], [3823586999, 2960308646], [2960308646, 307924211], [307924211, 3823587261], [3823587261, 3823587543], [3823587543, 3823587717], [3823587717, 3823587759], [3823587759, 3823587858], [3823587858, 3823587888], [3823587888, 3823587936], [3823587936, 3823588078], [3823588078, 4576650759], [4576650759, 4576620663], [4576620663, 3823588370], [3823588370, 3823588613], [3823588613, 3823588638], [3823588638, 3823588661]]",34,33,1145.926,0,2,15.544,0,0.0,0,0.0,1,7.802,3,23.346,0.020373
od_2825,연신내,3호선,126.921038,37.619229,pedestrian_support_point,빗물받이,서울특별시 은평구 불광동  90-8,126.9282,37.6258,965.224,13357342120,3823588661,32.16422242836125,16.64976846622106,PASS,od_2825_baseline,baseline,"[13357342120, 13357342121, 13357321496, 11178032838, 2960309144, 2960309145, 3819769990, 3823586772, 3819770024, 3823586821, 5279886140, 3823586890, 3819770060, 3819770062, 3819770064, 3819770067, 5279886141, 3823586999, 2960308646, 307924211, 3823587261, 3823587543, 3823587717, 3823587759, 3823587858, 3823587888, 3823587936, 3823588078, 4576650759, 4576620663, 3823588370, 3823588613, 3823588638, 3823588661]","[[13357342120, 13357342121], [13357342121, 13357321496], [13357321496, 11178032838], [11178032838, 2960309144], [2960309144, 2960309145], [2960309145, 3819769990], [3819769990, 3823586772], [3823586772, 3819770024], [3819770024, 3823586821], [3823586821, 5279886140], [5279886140, 3823586890], [3823586890, 3819770060], [3819770060, 3819770062], [3819770062, 3819770064], [3819770064, 3819770067], [3819770067, 5279886141], [5279886141, 3823586999], [3823586999, 2960308646], [2960308646, 307924211], [307924211, 3823587261], [3823587261, 3823587543], [3823587543, 3823587717], [3823587717, 3823587759], [3823587759, 3823587858], [3823587858, 3823587888], [3823587888, 3823587936], [3823587936, 3823588078], [3823588078, 4576650759], [4576650759, 4576620663], [4576620663, 3823588370], [3823588370, 3823588613], [3823588613, 3823588638], [3823588638, 3823588661]]",34,33,1145.926,0,2,15.544,0,0.0,0,0.0,1,7.802,3,23.346,0.020373
od_2851,연신내,3호선,126.921038,37.619229,pedestrian_support_point,빗물받이,서울특별시 은평구 연서로41길 6,126.9282,37.6258,965.224,13357342120,3823588661,32.16422242836125,16.64976846622106,PASS,od_2851_baseline,baseline,"[13357342120, 13357342121, 13357321496, 11178032838, 2960309144, 2960309145, 3819769990, 3823586772, 3819770024, 3823586821, 5279886140, 3823586890, 3819770060, 3819770062, 3819770064, 3819770067, 5279886141, 3823586999, 2960308646, 307924211, 3823587261, 3823587543, 3823587717, 3823587759, 3823587858, 3823587888, 3823587936, 3823588078, 4576650759, 4576620663, 3823588370, 3823588613, 3823588638, 3823588661]","[[13357342120, 13357342121], [13357342121, 13357321496], [13357321496, 11178032838], [11178032838, 2960309144], [2960309144, 2960309145], [2960309145, 3819769990], [3819769990, 3823586772], [3823586772, 3819770024], [3819770024, 3823586821], [3823586821, 5279886140], [5279886140, 3823586890], [3823586890, 3819770060], [3819770060, 3819770062], [3819770062, 3819770064], [3819770064, 3819770067], [3819770067, 5279886141], [5279886141, 3823586999], [3823586999, 2960308646], [2960308646, 307924211], [307924211, 3823587261], [3823587261, 3823587543], [3823587543, 3823587717], [3823587717, 3823587759], [3823587759, 3823587858], [3823587858, 3823587888], [3823587888, 3823587936], [3823587936, 3823588078], [3823588078, 4576650759], [4576650759, 4576620663], [4576620663, 3823588370], [3823588370, 3823588613], [3823588613, 3823588638], [3823588638, 3823588661]]",34,33,1145.926,0,2,15.544,0,0.0,0,0.0,1,7.802,3,23.346,0.020373
od_2822,연신내,3호선,126.921038,37.619229,pedestrian_support_point,빗물받이,서울특별시 은평구 연서로 347,126.928,37.6259,962.265,13357342120,3823588661,32.16422242836125,4.520643736324227,PASS,od_2822_baseline,baseline,"[13357342120, 13357342121, 13357321496, 11178032838, 2960309144, 2960309145, 3819769990, 3823586772, 3819770024, 3823586821, 5279886140, 3823586890, 3819770060, 3819770062, 3819770064, 3819770067, 5279886141, 3823586999, 2960308646, 307924211, 3823587261, 3823587543, 3823587717, 3823587759, 3823587858, 3823587888, 3823587936, 3823588078, 4576650759, 4576620663, 3823588370, 3823588613, 3823588638, 3823588661]","[[13357342120, 13357342121], [13357342121, 13357321496], [13357321496, 11178032838], [11178032838, 2960309144], [2960309144, 2960309145], [2960309145, 3819769990], [3819769990, 3823586772], [3823586772, 3819770024], [3819770024, 3823586821], [3823586821, 5279886140], [5279886140, 3823586890], [3823586890, 3819770060], [3819770060, 3819770062], [3819770062, 3819770064], [3819770064, 3819770067], [3819770067, 5279886141], [5279886141, 3823586999], [3823586999, 2960308646], [2960308646, 307924211], [307924211, 3823587261], [3823587261, 3823587543], [3823587543, 3823587717], [3823587717, 3823587759], [3823587759, 3823587858], [3823587858, 3823587888], [3823587888, 3823587936], [3823587936, 3823588078], [3823588078, 4576650759], [4576650759, 4576620663], [4576620663, 3823588370], [3823588370, 3823588613], [3823588613, 3823588638], [3823588638, 3823588661]]",34,33,1145.926,0,2,15.544,0,0.0,0,0.0,1,7.802,3,23.346,0.020373
od_3057,연신내,3호선,126.921038,37.619229,pedestrian_support_point,빗물받이,서울특별시 은평구 불광동  73-8,126.928,37.6259,962.265,13357342120,3823588661,32.16422242836125,4.520643736324227,PASS,od_3057_baseline,baseline,"[13357342120, 13357342121, 13357321496, 11178032838, 2960309144, 2960309145, 3819769990, 3823586772, 3819770024, 3823586821, 5279886140, 3823586890, 3819770060, 3819770062, 3819770064, 3819770067, 5279886141, 3823586999, 2960308646, 307924211, 3823587261, 3823587543, 3823587717, 3823587759, 3823587858, 3823587888, 3823587936, 3823588078, 4576650759, 4576620663, 3823588370, 3823588613, 3823588638, 3823588661]","[[13357342120, 13357342121], [13357342121, 13357321496], [13357321496, 11178032838], [11178032838, 2960309144], [2960309144, 2960309145], [2960309145, 3819769990], [3819769990, 3823586772], [3823586772, 3819770024], [3819770024, 3823586821], [3823586821, 5279886140], [5279886140, 3823586890], [3823586890, 3819770060], [3819770060, 3819770062], [3819770062, 3819770064], [3819770064, 3819770067], [3819770067, 5279886141], [5279886141, 3823586999], [3823586999, 2960308646], [2960308646, 307924211], [307924211, 3823587261], [3823587261, 3823587543], [3823587543, 3823587717], [3823587717, 3823587759], [3823587759, 3823587858], [3823587858, 3823587888], [3823587888, 3823587936], [3823587936, 3823588078], [3823588078, 4576650759], [4576650759, 4576620663], [4576620663, 3823588370], [3823588370, 3823588613], [3823588613, 3823588638], [3823588638, 3823588661]]",34,33,1145.926,0,2,15.544,0,0.0,0,0.0,1,7.802,3,23.346,0.020373
od_194,연신내,6호선,126.920625,37.618636,pedestrian_support_point,빗물받이,서울특별시 은평구 불광동  90-8,126.9284,37.6257,1042.031,11230505686,3823588661,20.028299588559467,37.440100324683726,PASS,od_194_baseline,baseline,"[11230505686, 11663495477, 13357321496, 11178032838, 2960309144, 2960309145, 3819769990, 3823586772, 3819770024, 3823586821, 5279886140, 3823586890, 3819770060, 3819770062, 3819770064, 3819770067, 5279886141, 3823586999, 2960308646, 307924211, 3823587261, 3823587543, 3823587717, 3823587759, 3823587858, 3823587888, 3823587936, 3823588078, 4576650759, 4576620663, 3823588370, 3823588613, 3823588638, 3823588661]","[[11230505686, 11663495477], [11663495477, 13357321496], [13357321496, 11178032838], [11178032838, 2960309144], [2960309144, 2960309145], [2960309145, 3819769990], [3819769990, 3823586772], [3823586772, 3819770024], [3819770024, 3823586821], [3823586821, 5279886140], [5279886140, 3823586890], [3823586890, 3819770060], [3819770060, 3819770062], [3819770062, 3819770064], [3819770064, 3819770067], [3819770067, 5279886141], [5279886141, 3823586999], [3823586999, 2960308646], [2960308646, 307924211], [307924211, 3823587261], [3823587261, 3823587543], [3823587543, 3823587717], [3823587717, 3823587759], [3823587759, 3823587858], [3823587858, 3823587888], [3823587888, 3823587936], [3823587936, 3823588078], [3823588078, 4576650759], [4576650759, 4576620663], [4576620663, 3823588370], [3823588370, 3823588613], [3823588613, 3823588638], [3823588638, 3823588661]]",34,33,1160.202,0,2,15.544,0,0.0,0,0.0,1,7.802,3,23.346,0.020122
od_181,연신내,6호선,126.920625,37.618636,pedestrian_support_point,빗물받이,서울특별시 은평구 불광동  90-8,126.9282,37.6258,1038.955,11230505686,3823588661,20.028299588559467,16.64976846622106,PASS,od_181_baseline,baseline,"[11230505686, 11663495477, 13357321496, 11178032838, 2960309144, 2960309145, 3819769990, 3823586772, 3819770024, 3823586821, 5279886140, 3823586890, 3819770060, 3819770062, 3819770064, 3819770067, 5279886141, 3823586999, 2960308646, 307924211, 3823587261, 3823587543, 3823587717, 3823587759, 3823587858, 3823587888, 3823587936, 3823588078, 4576650759, 4576620663, 3823588370, 3823588613, 3823588638, 3823588661]","[[11230505686, 11663495477], [11663495477, 13357321496], [13357321496, 11178032838], [11178032838, 2960309144], [2960309144, 2960309145], [2960309145, 3819769990], [3819769990, 3823586772], [3823586772, 3819770024], [3819770024, 3823586821], [3823586821, 5279886140], [5279886140, 3823586890], [3823586890, 3819770060], [3819770060, 3819770062], [3819770062, 3819770064], [3819770064, 3819770067], [3819770067, 5279886141], [5279886141, 3823586999], [3823586999, 2960308646], [2960308646, 307924211], [307924211, 3823587261], [3823587261, 3823587543], [3823587543, 3823587717], [3823587717, 3823587759], [3823587759, 3823587858], [3823587858, 3823587888], [3823587888, 3823587936], [3823587936, 3823588078], [3823588078, 4576650759], [4576650759, 4576620663], [4576620663, 3823588370], [3823588370, 3823588613], [3823588613, 3823588638], [3823588638, 3823588661]]",34,33,1160.202,0,2,15.544,0,0.0,0,0.0,1,7.802,3,23.346,0.020122
od_207,연신내,6호선,126.920625,37.618636,pedestrian_support_point,빗물받이,서울특별시 은평구 연서로41길 6,126.9282,37.6258,1038.955,11230505686,3823588661,20.028299588559467,16.64976846622106,PASS,od_207_baseline,baseline,"[11230505686, 11663495477, 13357321496, 11178032838, 2960309144, 2960309145, 3819769990, 3823586772, 3819770024, 3823586821, 5279886140, 3823586890, 3819770060, 3819770062, 3819770064, 3819770067, 5279886141, 3823586999, 2960308646, 307924211, 3823587261, 3823587543, 3823587717, 3823587759, 3823587858, 3823587888, 3823587936, 3823588078, 4576650759, 4576620663, 3823588370, 3823588613, 3823588638, 3823588661]","[[11230505686, 11663495477], [11663495477, 13357321496], [13357321496, 11178032838], [11178032838, 2960309144], [2960309144, 2960309145], [2960309145, 3819769990], [3819769990, 3823586772], [3823586772, 3819770024], [3819770024, 3823586821], [3823586821, 5279886140], [5279886140, 3823586890], [3823586890, 3819770060], [3819770060, 3819770062], [3819770062, 3819770064], [3819770064, 3819770067], [3819770067, 5279886141], [5279886141, 3823586999], [3823586999, 2960308646], [2960308646, 307924211], [307924211, 3823587261], [3823587261, 3823587543], [3823587543, 3823587717], [3823587717, 3823587759], [3823587759, 3823587858], [3823587858, 3823587888], [3823587888, 3823587936], [3823587936, 3823588078], [3823588078, 4576650759], [4576650759, 4576620663], [4576620663, 3823588370], [3823588370, 3823588613], [3823588613, 3823588638], [3823588638, 3823588661]]",34,33,1160.202,0,2,15.544,0,0.0,0,0.0,1,7.802,3,23.346,0.020122
od_178,연신내,6호선,126.920625,37.618636,pedestrian_support_point,빗물받이,서울특별시 은평구 연서로 347,126.928,37.6259,1036.291,11230505686,3823588661,20.028299588559467,4.520643736324227,PASS,od_178_baseline,baseline,"[11230505686, 11663495477, 13357321496, 11178032838, 2960309144, 2960309145, 3819769990, 3823586772, 3819770024, 3823586821, 5279886140, 3823586890, 3819770060, 3819770062, 3819770064, 3819770067, 5279886141, 3823586999, 2960308646, 307924211, 3823587261, 3823587543, 3823587717, 3823587759, 3823587858, 3823587888, 3823587936, 3823588078, 4576650759, 4576620663, 3823588370, 3823588613, 3823588638, 3823588661]","[[11230505686, 11663495477], [11663495477, 13357321496], [13357321496, 11178032838], [11178032838, 2960309144], [2960309144, 2960309145], [2960309145, 3819769990], [3819769990, 3823586772], [3823586772, 3819770024], [3819770024, 3823586821], [3823586821, 5279886140], [5279886140, 3823586890], [3823586890, 3819770060], [3819770060, 3819770062], [3819770062, 3819770064], [3819770064, 3819770067], [3819770067, 5279886141], [5279886141, 3823586999], [3823586999, 2960308646], [2960308646, 307924211], [307924211, 3823587261], [3823587261, 3823587543], [3823587543, 3823587717], [3823587717, 3823587759], [3823587759, 3823587858], [3823587858, 3823587888], [3823587888, 3823587936], [3823587936, 3823588078], [3823588078, 4576650759], [4576650759, 4576620663], [4576620663, 3823588370], [3823588370, 3823588613], [3823588613, 3823588638], [3823588638, 3823588661]]",34,33,1160.202,0,2,15.544,0,0.0,0,0.0,1,7.802,3,23.346,0.020122
od_426,연신내,6호선,126.920625,37.618636,pedestrian_support_point,빗물받이,서울특별시 은평구 불광동  73-8,126.928,37.6259,1036.291,11230505686,3823588661,20.028299588559467,4.520643736324227,PASS,od_426_baseline,baseline,"[11230505686, 11663495477, 13357321496, 11178032838, 2960309144, 2960309145, 3819769990, 3823586772, 3819770024, 3823586821, 5279886140, 3823586890, 3819770060, 3819770062, 3819770064, 3819770067, 5279886141, 3823586999, 2960308646, 307924211, 3823587261, 3823587543, 3823587717, 3823587759, 3823587858, 3823587888, 3823587936, 3823588078, 4576650759, 4576620663, 3823588370, 3823588613, 3823588638, 3823588661]","[[11230505686, 11663495477], [11663495477, 13357321496], [13357321496, 11178032838], [11178032838, 2960309144], [2960309144, 2960309145], [2960309145, 3819769990], [3819769990, 3823586772], [3823586772, 3819770024], [3819770024, 3823586821], [3823586821, 5279886140], [5279886140, 3823586890], [3823586890, 3819770060], [3819770060, 3819770062], [3819770062, 3819770064], [3819770064, 3819770067], [3819770067, 5279886141], [5279886141, 3823586999], [3823586999, 2960308646], [2960308646, 307924211], [307924211, 3823587261], [3823587261, 3823587543], [3823587543, 3823587717], [3823587717, 3823587759], [3823587759, 3823587858], [3823587858, 3823587888], [3823587888, 3823587936], [3823587936, 3823588078], [3823588078, 4576650759], [4576650759, 4576620663], [4576620663, 3823588370], [3823588370, 3823588613], [3823588613, 3823588638], [3823588638, 3823588661]]",34,33,1160.202,0,2,15.544,0,0.0,0,0.0,1,7.802,3,23.346,0.020122
od_2849,연신내,3호선,126.921038,37.619229,pedestrian_support_point,빗물받이,서울특별시 은평구 연서로 347,126.9277,37.626,954.284,13357342120,3823588710,32.16422242836125,7.768118519763533,PASS,od_2849_baseline,baseline,"[13357342120, 13357342121, 13357321496, 11178032838, 2960309144, 2960309145, 3819769990, 3823586772, 3819770024, 3823586821, 5279886140, 3823586890, 3819770060, 3819770062, 3819770064, 3819770067, 5279886141, 3823586999, 2960308646, 307924211, 3823587261, 3823587543, 3823587717, 3823587759, 3823587858, 3823587888, 3823587936, 3823588078, 4576650759, 4576620663, 3823588370, 3823588613, 3823588638, 3823588661, 3823588710]","[[13357342120, 13357342121], [13357342121, 13357321496], [13357321496, 11178032838], [11178032838, 2960309144], [2960309144, 2960309145], [2960309145, 3819769990], [3819769990, 3823586772], [3823586772, 3819770024], [3819770024, 3823586821], [3823586821, 5279886140], [5279886140, 3823586890], [3823586890, 3819770060], [3819770060, 3819770062], [3819770062, 3819770064], [3819770064, 3819770067], [3819770067, 5279886141], [5279886141, 3823586999], [3823586999, 2960308646], [2960308646, 307924211], [307924211, 3823587261], [3823587261, 3823587543], [3823587543, 3823587717], [3823587717, 3823587759], [3823587759, 3823587858], [3823587858, 3823587888], [3823587888, 3823587936], [3823587936, 3823588078], [3823588078, 4576650759], [4576650759, 4576620663], [4576620663, 3823588370], [3823588370, 3823588613], [3823588613, 3823588638], [3823588638, 3823588661], [3823588661, 3823588710]]",35,34,1186.425,0,2,15.544,0,0.0,0,0.0,1,7.802,3,23.346,0.019677
od_205,연신내,6호선,126.920625,37.618636,pedestrian_support_point,빗물받이,서울특별시 은평구 연서로 347,126.9277,37.626,1028.656,11230505686,3823588710,20.028299588559467,7.768118519763533,PASS,od_205_baseline,baseline,"[11230505686, 11663495477, 13357321496, 11178032838, 2960309144, 2960309145, 3819769990, 3823586772, 3819770024, 3823586821, 5279886140, 3823586890, 3819770060, 3819770062, 3819770064, 3819770067, 5279886141, 3823586999, 2960308646, 307924211, 3823587261, 3823587543, 3823587717, 3823587759, 3823587858, 3823587888, 3823587936, 3823588078, 4576650759, 4576620663, 3823588370, 3823588613, 3823588638, 3823588661, 3823588710]","[[11230505686, 11663495477], [11663495477, 13357321496], [13357321496, 11178032838], [11178032838, 2960309144], [2960309144, 2960309145], [2960309145, 3819769990], [3819769990, 3823586772], [3823586772, 3819770024], [3819770024, 3823586821], [3823586821, 5279886140], [5279886140, 3823586890], [3823586890, 3819770060], [3819770060, 3819770062], [3819770062, 3819770064], [3819770064, 3819770067], [3819770067, 5279886141], [5279886141, 3823586999], [3823586999, 2960308646], [2960308646, 307924211], [307924211, 3823587261], [3823587261, 3823587543], [3823587543, 3823587717], [3823587717, 3823587759], [3823587759, 3823587858], [3823587858, 3823587888], [3823587888, 3823587936], [3823587936, 3823588078], [3823588078, 4576650759], [4576650759, 4576620663], [4576620663, 3823588370], [3823588370, 3823588613], [3823588613, 3823588638], [3823588638, 3823588661], [3823588661, 3823588710]]",35,34,1200.701,0,2,15.544,0,0.0,0,0.0,1,7.802,3,23.346,0.019443
od_2882,연신내,3호선,126.921038,37.619229,pedestrian_support_point,장애인화장실,서울특별시 은평구 연서로 347,126.9284,37.6263,1018.979,13357342120,3823588804,32.16422242836125,50.98264538999231,PASS,od_2882_baseline,baseline,"[13357342120, 13357342121, 13357321496, 11178032838, 2960309144, 2960309145, 3819769990, 3823586772, 3819770024, 3823586821, 5279886140, 3823586890, 3819770060, 3819770062, 3819770064, 3819770067, 5279886141, 3823586999, 2960308646, 307924211, 3823587261, 3823587543, 3823587717, 3823587759, 3823587858, 3823587888, 3823587936, 3823588078, 4576650759, 4576620663, 3823588370, 3823588613, 3823588638, 3823588661, 3823588710, 3823588804]","[[13357342120, 13357342121], [13357342121, 13357321496], [13357321496, 11178032838], [11178032838, 2960309144], [2960309144, 2960309145], [2960309145, 3819769990], [3819769990, 3823586772], [3823586772, 3819770024], [3819770024, 3823586821], [3823586821, 5279886140], [5279886140, 3823586890], [3823586890, 3819770060], [3819770060, 3819770062], [3819770062, 3819770064], [3819770064, 3819770067], [3819770067, 5279886141], [5279886141, 3823586999], [3823586999, 2960308646], [2960308646, 307924211], [307924211, 3823587261], [3823587261, 3823587543], [3823587543, 3823587717], [3823587717, 3823587759], [3823587759, 3823587858], [3823587858, 3823587888], [3823587888, 3823587936], [3823587936, 3823588078], [3823588078, 4576650759], [4576650759, 4576620663], [4576620663, 3823588370], [3823588370, 3823588613], [3823588613, 3823588638], [3823588638, 3823588661], [3823588661, 3823588710], [3823588710, 3823588804]]",36,35,1250.437,0,2,15.544,0,0.0,0,0.0,1,7.802,3,23.346,0.01867
od_240,연신내,6호선,126.920625,37.618636,pedestrian_support_point,장애인화장실,서울특별시 은평구 연서로 347,126.9284,37.6263,1093.015,11230505686,3823588804,20.028299588559467,50.98264538999231,PASS,od_240_baseline,baseline,"[11230505686, 11663495477, 13357321496, 11178032838, 2960309144, 2960309145, 3819769990, 3823586772, 3819770024, 3823586821, 5279886140, 3823586890, 3819770060, 3819770062, 3819770064, 3819770067, 5279886141, 3823586999, 2960308646, 307924211, 3823587261, 3823587543, 3823587717, 3823587759, 3823587858, 3823587888, 3823587936, 3823588078, 4576650759, 4576620663, 3823588370, 3823588613, 3823588638, 3823588661, 3823588710, 3823588804]","[[11230505686, 11663495477], [11663495477, 13357321496], [13357321496, 11178032838], [11178032838, 2960309144], [2960309144, 2960309145], [2960309145, 3819769990], [3819769990, 3823586772], [3823586772, 3819770024], [3819770024, 3823586821], [3823586821, 5279886140], [5279886140, 3823586890], [3823586890, 3819770060], [3819770060, 3819770062], [3819770062, 3819770064], [3819770064, 3819770067], [3819770067, 5279886141], [5279886141, 3823586999], [3823586999, 2960308646], [2960308646, 307924211], [307924211, 3823587261], [3823587261, 3823587543], [3823587543, 3823587717], [3823587717, 3823587759], [3823587759, 3823587858], [3823587858, 3823587888], [3823587888, 3823587936], [3823587936, 3823588078], [3823588078, 4576650759], [4576650759, 4576620663], [4576620663, 3823588370], [3823588370, 3823588613], [3823588613, 3823588638], [3823588638, 3823588661], [3823588661, 3823588710], [3823588710, 3823588804]]",36,35,1264.712,0,2,15.544,0,0.0,0,0.0,1,7.802,3,23.346,0.018459
od_2243,불광,3호선,126.92982,37.610553,mobility_facility,불광작은예수의집,서울특별시 은평구 연서로37길 21-5,126.9262,37.6234,1461.259,5930698997,3823587789,50.20980174135544,17.424348942416625,PASS,od_2243_baseline,baseline,"[5930698997, 11228575654, 11296481755, 3819768907, 3819768989, 11228574116, 11296481757, 11228575667, 11228575756, 2960309741, 11228574120, 11228574122, 11228574126, 8370552938, 3819769667, 3819769789, 3819769829, 3819769886, 8479080812, 3819768748, 3819769951, 356265927, 3819769971, 3819770000, 3819770031, 3819770052, 3819770060, 3819770062, 3819770064, 3819770067, 5279886141, 3823586999, 2960308646, 307924211, 3823587261, 3823587543, 3823587717, 3823587759, 3823587789]","[[5930698997, 11228575654], [11228575654, 11296481755], [11296481755, 3819768907], [3819768907, 3819768989], [3819768989, 11228574116], [11228574116, 11296481757], [11296481757, 11228575667], [11228575667, 11228575756], [11228575756, 2960309741], [2960309741, 11228574120], [11228574120, 11228574122], [11228574122, 11228574126], [11228574126, 8370552938], [8370552938, 3819769667], [3819769667, 3819769789], [3819769789, 3819769829], [3819769829, 3819769886], [3819769886, 8479080812], [8479080812, 3819768748], [3819768748, 3819769951], [3819769951, 356265927], [356265927, 3819769971], [3819769971, 3819770000], [3819770000, 3819770031], [3819770031, 3819770052], [3819770052, 3819770060], [3819770060, 3819770062], [3819770062, 3819770064], [3819770064, 3819770067], [3819770067, 5279886141], [5279886141, 3823586999], [3823586999, 2960308646], [2960308646, 307924211], [307924211, 3823587261], [3823587261, 3823587543], [3823587543, 3823587717], [3823587717, 3823587759], [3823587759, 3823587789]]",39,38,1727.634,0,2,15.544,0,0.0,0,0.0,1,7.802,3,23.346,0.013513
od_853,불광,6호선,126.92939,37.610873,mobility_facility,불광작은예수의집,서울특별시 은평구 연서로37길 21-5,126.9262,37.6234,1418.601,5930698997,3823587789,11.603222454866666,17.424348942416625,PASS,od_853_baseline,baseline,"[5930698997, 11228575654, 11296481755, 3819768907, 3819768989, 11228574116, 11296481757, 11228575667, 11228575756, 2960309741, 11228574120, 11228574122, 11228574126, 8370552938, 3819769667, 3819769789, 3819769829, 3819769886, 8479080812, 3819768748, 3819769951, 356265927, 3819769971, 3819770000, 3819770031, 3819770052, 3819770060, 3819770062, 3819770064, 3819770067, 5279886141, 3823586999, 2960308646, 307924211, 3823587261, 3823587543, 3823587717, 3823587759, 3823587789]","[[5930698997, 11228575654], [11228575654, 11296481755], [11296481755, 3819768907], [3819768907, 3819768989], [3819768989, 11228574116], [11228574116, 11296481757], [11296481757, 11228575667], [11228575667, 11228575756], [11228575756, 2960309741], [2960309741, 11228574120], [11228574120, 11228574122], [11228574122, 11228574126], [11228574126, 8370552938], [8370552938, 3819769667], [3819769667, 3819769789], [3819769789, 3819769829], [3819769829, 3819769886], [3819769886, 8479080812], [8479080812, 3819768748], [3819768748, 3819769951], [3819769951, 356265927], [356265927, 3819769971], [3819769971, 3819770000], [3819770000, 3819770031], [3819770031, 3819770052], [3819770052, 3819770060], [3819770060, 3819770062], [3819770062, 3819770064], [3819770064, 3819770067], [3819770067, 5279886141], [5279886141, 3823586999], [3823586999, 2960308646], [2960308646, 307924211], [307924211, 3823587261], [3823587261, 3823587543], [3823587543, 3823587717], [3823587717, 3823587759], [3823587759, 3823587789]]",39,38,1727.634,0,2,15.544,0,0.0,0,0.0,1,7.802,3,23.346,0.013513
od_1633,응암,6호선,126.915577,37.598605,pedestrian_support_point,장애인화장실,"서울특별시 은평구 은평로 204-4, 102동 (응암동, 거성리젠시)",126.9305,37.6006,1336.291,8735757178,11955692541,11.20363638320314,14.197521689613636,PASS,od_1633_baseline,baseline,"[8735757178, 8735757205, 414683392, 13360989730, 3811554546, 3811554553, 12991940436, 3811554556, 3811554558, 3811554560, 3811554562, 3811078662, 3811078663, 11688947040, 414686095, 11688947038, 3811327172, 2309932460, 3811327174, 4583440600, 2309932462, 3811327176, 414686099, 436867695, 436867696, 3811678459, 2309932440, 436867698, 3811678452, 3811678443, 11955692541]","[[8735757178, 8735757205], [8735757205, 414683392], [414683392, 13360989730], [13360989730, 3811554546], [3811554546, 3811554553], [3811554553, 12991940436], [12991940436, 3811554556], [3811554556, 3811554558], [3811554558, 3811554560], [3811554560, 3811554562], [3811554562, 3811078662], [3811078662, 3811078663], [3811078663, 11688947040], [11688947040, 414686095], [414686095, 11688947038], [11688947038, 3811327172], [3811327172, 2309932460], [2309932460, 3811327174], [3811327174, 4583440600], [4583440600, 2309932462], [2309932462, 3811327176], [3811327176, 414686099], [414686099, 436867695], [436867695, 436867696], [436867696, 3811678459], [3811678459, 2309932440], [2309932440, 436867698], [436867698, 3811678452], [3811678452, 3811678443], [3811678443, 11955692541]]",31,30,1473.898,0,0,0.0,0,0.0,0,0.0,1,23.011,1,23.011,0.015612
od_1037,불광,6호선,126.92939,37.610873,pedestrian_support_point,장애인화장실,"서울특별시 은평구 은평로 204-4, 102동 (응암동, 거성리젠시)",126.9305,37.6006,1144.396,5930698997,11955692541,11.603222454866666,14.197521689613636,PASS,od_1037_baseline,baseline,"[5930698997, 5281048352, 11984487711, 3811140119, 3811140083, 3811140074, 11984487712, 11984487713, 3811140059, 11204976949, 3811140018, 3811139986, 3811139983, 3811139978, 3811139920, 3811139919, 3811139747, 3811139741, 3811139724, 3811139707, 3811139688, 3811139686, 3811139673, 3811139668, 3811139659, 2309932438, 4580557573, 2309932442, 3811155098, 13734265011, 436867698, 3811678452, 3811678443, 11955692541]","[[5930698997, 5281048352], [5281048352, 11984487711], [11984487711, 3811140119], [3811140119, 3811140083], [3811140083, 3811140074], [3811140074, 11984487712], [11984487712, 11984487713], [11984487713, 3811140059], [3811140059, 11204976949], [11204976949, 3811140018], [3811140018, 3811139986], [3811139986, 3811139983], [3811139983, 3811139978], [3811139978, 3811139920], [3811139920, 3811139919], [3811139919, 3811139747], [3811139747, 3811139741], [3811139741, 3811139724], [3811139724, 3811139707], [3811139707, 3811139688], [3811139688, 3811139686], [3811139686, 3811139673], [3811139673, 3811139668], [3811139668, 3811139659], [3811139659, 2309932438], [2309932438, 4580557573], [4580557573, 2309932442], [2309932442, 3811155098], [3811155098, 13734265011], [13734265011, 436867698], [436867698, 3811678452], [3811678452, 3811678443], [3811678443, 11955692541]]",34,33,1528.888,0,0,0.0,0,0.0,0,0.0,1,23.011,1,23.011,0.015051
od_2420,불광,3호선,126.92982,37.610553,pedestrian_support_point,장애인화장실,"서울특별시 은평구 은평로 204-4, 102동 (응암동, 거성리젠시)",126.9305,37.6006,1106.305,5930698997,11955692541,50.20980174135544,14.197521689613636,PASS,od_2420_baseline,baseline,"[5930698997, 5281048352, 11984487711, 3811140119, 3811140083, 3811140074, 11984487712, 11984487713, 3811140059, 11204976949, 3811140018, 3811139986, 3811139983, 3811139978, 3811139920, 3811139919, 3811139747, 3811139741, 3811139724, 3811139707, 3811139688, 3811139686, 3811139673, 3811139668, 3811139659, 2309932438, 4580557573, 2309932442, 3811155098, 13734265011, 436867698, 3811678452, 3811678443, 11955692541]","[[5930698997, 5281048352], [5281048352, 11984487711], [11984487711, 3811140119], [3811140119, 3811140083], [3811140083, 3811140074], [3811140074, 11984487712], [11984487712, 11984487713], [11984487713, 3811140059], [3811140059, 11204976949], [11204976949, 3811140018], [3811140018, 3811139986], [3811139986, 3811139983], [3811139983, 3811139978], [3811139978, 3811139920], [3811139920, 3811139919], [3811139919, 3811139747], [3811139747, 3811139741], [3811139741, 3811139724], [3811139724, 3811139707], [3811139707, 3811139688], [3811139688, 3811139686], [3811139686, 3811139673], [3811139673, 3811139668], [3811139668, 3811139659], [3811139659, 2309932438], [2309932438, 4580557573], [4580557573, 2309932442], [2309932442, 3811155098], [3811155098, 13734265011], [13734265011, 436867698], [436867698, 3811678452], [3811678452, 3811678443], [3811678443, 11955692541]]",34,33,1528.888,0,0,0.0,0,0.0,0,0.0,1,23.011,1,23.011,0.015051
od_2303,불광,3호선,126.92982,37.610553,mobility_facility,사랑의집,서울특별시 은평구 역말로10길 30-1,126.9238,37.6092,552.346,5930698997,10968647958,50.20980174135544,25.219799857210795,PASS,od_2303_baseline,baseline,"[5930698997, 3819768872, 3819768795, 3819768770, 3819768734, 3819768760, 3819768736, 3819768695, 4580522737, 3819768592, 3819768560, 3819768571, 4580511489, 3819768548, 3819768539, 3819768522, 10968647958]","[[5930698997, 3819768872], [3819768872, 3819768795], [3819768795, 3819768770], [3819768770, 3819768734], [3819768734, 3819768760], [3819768760, 3819768736], [3819768736, 3819768695], [3819768695, 4580522737], [4580522737, 3819768592], [3819768592, 3819768560], [3819768560, 3819768571], [3819768571, 4580511489], [4580511489, 3819768548], [3819768548, 3819768539], [3819768539, 3819768522], [3819768522, 10968647958]]",17,16,627.642,0,0,0.0,0,0.0,0,0.0,2,22.641,2,22.641,0.036072
od_2217,불광,3호선,126.92982,37.610553,mobility_facility,리치공인중개사사무소,서울특별시 은평구 역말로10길 32,126.9239,37.6091,547.023,5930698997,10968647958,50.20980174135544,12.23768373696107,PASS,od_2217_baseline,baseline,"[5930698997, 3819768872, 3819768795, 3819768770, 3819768734, 3819768760, 3819768736, 3819768695, 4580522737, 3819768592, 3819768560, 3819768571, 4580511489, 3819768548, 3819768539, 3819768522, 10968647958]","[[5930698997, 3819768872], [3819768872, 3819768795], [3819768795, 3819768770], [3819768770, 3819768734], [3819768734, 3819768760], [3819768760, 3819768736], [3819768736, 3819768695], [3819768695, 4580522737], [4580522737, 3819768592], [3819768592, 3819768560], [3819768560, 3819768571], [3819768571, 4580511489], [4580511489, 3819768548], [3819768548, 3819768539], [3819768539, 3819768522], [3819768522, 10968647958]]",17,16,627.642,0,0,0.0,0,0.0,0,0.0,2,22.641,2,22.641,0.036072
od_915,불광,6호선,126.92939,37.610873,mobility_facility,사랑의집,서울특별시 은평구 역말로10길 30-1,126.9238,37.6092,527.345,5930698997,10968647958,11.603222454866666,25.219799857210795,PASS,od_915_baseline,baseline,"[5930698997, 3819768872, 3819768795, 3819768770, 3819768734, 3819768760, 3819768736, 3819768695, 4580522737, 3819768592, 3819768560, 3819768571, 4580511489, 3819768548, 3819768539, 3819768522, 10968647958]","[[5930698997, 3819768872], [3819768872, 3819768795], [3819768795, 3819768770], [3819768770, 3819768734], [3819768734, 3819768760], [3819768760, 3819768736], [3819768736, 3819768695], [3819768695, 4580522737], [4580522737, 3819768592], [3819768592, 3819768560], [3819768560, 3819768571], [3819768571, 4580511489], [4580511489, 3819768548], [3819768548, 3819768539], [3819768539, 3819768522], [3819768522, 10968647958]]",17,16,627.642,0,0,0.0,0,0.0,0,0.0,2,22.641,2,22.641,0.036072
od_826,불광,6호선,126.92939,37.610873,mobility_facility,리치공인중개사사무소,서울특별시 은평구 역말로10길 32,126.9239,37.6091,523.163,5930698997,10968647958,11.603222454866666,12.23768373696107,PASS,od_826_baseline,baseline,"[5930698997, 3819768872, 3819768795, 3819768770, 3819768734, 3819768760, 3819768736, 3819768695, 4580522737, 3819768592, 3819768560, 3819768571, 4580511489, 3819768548, 3819768539, 3819768522, 10968647958]","[[5930698997, 3819768872], [3819768872, 3819768795], [3819768795, 3819768770], [3819768770, 3819768734], [3819768734, 3819768760], [3819768760, 3819768736], [3819768736, 3819768695], [3819768695, 4580522737], [4580522737, 3819768592], [3819768592, 3819768560], [3819768560, 3819768571], [3819768571, 4580511489], [4580511489, 3819768548], [3819768548, 3819768539], [3819768539, 3819768522], [3819768522, 10968647958]]",17,16,627.642,0,0,0.0,0,0.0,0,0.0,2,22.641,2,22.641,0.036072
od_2182,불광,3호선,126.92982,37.610553,mobility_facility,경희부동산공인중개사사무소,서울특별시 은평구 서오릉로8길 22,126.9238,37.6088,566.032,5930698997,3004846056,50.20980174135544,12.14487729615712,PASS,od_2182_baseline,baseline,"[5930698997, 3819768872, 3819768795, 3819768770, 3819768734, 3819768760, 3819768736, 3819768695, 4580522737, 3819768592, 3819768560, 3819768571, 4580511489, 3819768548, 3819768539, 3819768522, 10968647958, 3004846056]","[[5930698997, 3819768872], [3819768872, 3819768795], [3819768795, 3819768770], [3819768770, 3819768734], [3819768734, 3819768760], [3819768760, 3819768736], [3819768736, 3819768695], [3819768695, 4580522737], [4580522737, 3819768592], [3819768592, 3819768560], [3819768560, 3819768571], [3819768571, 4580511489], [4580511489, 3819768548], [3819768548, 3819768539], [3819768539, 3819768522], [3819768522, 10968647958], [10968647958, 3004846056]]",18,17,652.162,0,0,0.0,0,0.0,0,0.0,2,22.641,2,22.641,0.034716
od_2345,불광,3호선,126.92982,37.610553,mobility_facility,메디알레소망공인중개사사무소,서울특별시 은평구 서오릉로8길 23,126.9238,37.609,558.79,5930698997,3004846056,50.20980174135544,12.20580599543036,PASS,od_2345_baseline,baseline,"[5930698997, 3819768872, 3819768795, 3819768770, 3819768734, 3819768760, 3819768736, 3819768695, 4580522737, 3819768592, 3819768560, 3819768571, 4580511489, 3819768548, 3819768539, 3819768522, 10968647958, 3004846056]","[[5930698997, 3819768872], [3819768872, 3819768795], [3819768795, 3819768770], [3819768770, 3819768734], [3819768734, 3819768760], [3819768760, 3819768736], [3819768736, 3819768695], [3819768695, 4580522737], [4580522737, 3819768592], [3819768592, 3819768560], [3819768560, 3819768571], [3819768571, 4580511489], [4580511489, 3819768548], [3819768548, 3819768539], [3819768539, 3819768522], [3819768522, 10968647958], [10968647958, 3004846056]]",18,17,652.162,0,0,0.0,0,0.0,0,0.0,2,22.641,2,22.641,0.034716
od_791,불광,6호선,126.92939,37.610873,mobility_facility,경희부동산공인중개사사무소,서울특별시 은평구 서오릉로8길 22,126.9238,37.6088,544.566,5930698997,3004846056,11.603222454866666,12.14487729615712,PASS,od_791_baseline,baseline,"[5930698997, 3819768872, 3819768795, 3819768770, 3819768734, 3819768760, 3819768736, 3819768695, 4580522737, 3819768592, 3819768560, 3819768571, 4580511489, 3819768548, 3819768539, 3819768522, 10968647958, 3004846056]","[[5930698997, 3819768872], [3819768872, 3819768795], [3819768795, 3819768770], [3819768770, 3819768734], [3819768734, 3819768760], [3819768760, 3819768736], [3819768736, 3819768695], [3819768695, 4580522737], [4580522737, 3819768592], [3819768592, 3819768560], [3819768560, 3819768571], [3819768571, 4580511489], [4580511489, 3819768548], [3819768548, 3819768539], [3819768539, 3819768522], [3819768522, 10968647958], [10968647958, 3004846056]]",18,17,652.162,0,0,0.0,0,0.0,0,0.0,2,22.641,2,22.641,0.034716
od_956,불광,6호선,126.92939,37.610873,mobility_facility,메디알레소망공인중개사사무소,서울특별시 은평구 서오릉로8길 23,126.9238,37.609,535.565,5930698997,3004846056,11.603222454866666,12.20580599543036,PASS,od_956_baseline,baseline,"[5930698997, 3819768872, 3819768795, 3819768770, 3819768734, 3819768760, 3819768736, 3819768695, 4580522737, 3819768592, 3819768560, 3819768571, 4580511489, 3819768548, 3819768539, 3819768522, 10968647958, 3004846056]","[[5930698997, 3819768872], [3819768872, 3819768795], [3819768795, 3819768770], [3819768770, 3819768734], [3819768734, 3819768760], [3819768760, 3819768736], [3819768736, 3819768695], [3819768695, 4580522737], [4580522737, 3819768592], [3819768592, 3819768560], [3819768560, 3819768571], [3819768571, 4580511489], [4580511489, 3819768548], [3819768548, 3819768539], [3819768539, 3819768522], [3819768522, 10968647958], [10968647958, 3004846056]]",18,17,652.162,0,0,0.0,0,0.0,0,0.0,2,22.641,2,22.641,0.034716
od_470,독바위,6호선,126.933031,37.618456,mobility_facility,대한공인중개사사무소,서울특별시 은평구 진흥로13길 13,126.925,37.6095,1221.003,3824954278,3819768571,2.93341759236071,16.26069717571956,PASS,od_470_baseline,baseline,"[3824954278, 436849320, 307924229, 3824954088, 3819769661, 3824954063, 445329900, 436849314, 5281044434, 5281044436, 5281044435, 3819769307, 3279011087, 4580205446, 3819769163, 353195249, 436849310, 3279011082, 5281045189, 5281045187, 5281045188, 5281045186, 457819071, 11228575654, 5930698997, 3819768872, 3819768795, 3819768770, 3819768734, 3819768760, 3819768736, 3819768695, 4580522737, 3819768592, 3819768560, 3819768571]","[[3824954278, 436849320], [436849320, 307924229], [307924229, 3824954088], [3824954088, 3819769661], [3819769661, 3824954063], [3824954063, 445329900], [445329900, 436849314], [436849314, 5281044434], [5281044434, 5281044436], [5281044436, 5281044435], [5281044435, 3819769307], [3819769307, 3279011087], [3279011087, 4580205446], [4580205446, 3819769163], [3819769163, 353195249], [353195249, 436849310], [436849310, 3279011082], [3279011082, 5281045189], [5281045189, 5281045187], [5281045187, 5281045188], [5281045188, 5281045186], [5281045186, 457819071], [457819071, 11228575654], [11228575654, 5930698997], [5930698997, 3819768872], [3819768872, 3819768795], [3819768795, 3819768770], [3819768770, 3819768734], [3819768734, 3819768760], [3819768760, 3819768736], [3819768736, 3819768695], [3819768695, 4580522737], [4580522737, 3819768592], [3819768592, 3819768560], [3819768560, 3819768571]]",36,35,1479.675,0,0,0.0,0,0.0,0,0.0,2,22.641,2,22.641,0.015301
od_486,독바위,6호선,126.933031,37.618456,mobility_facility,리치공인중개사사무소,서울특별시 은평구 역말로10길 32,126.9239,37.6091,1314.627,3824954278,10968647958,2.93341759236071,12.23768373696107,PASS,od_486_baseline,baseline,"[3824954278, 436849320, 307924229, 3824954088, 3819769661, 3824954063, 445329900, 436849314, 5281044434, 5281044436, 5281044435, 3819769307, 3279011087, 4580205446, 3819769163, 353195249, 436849310, 3279011082, 5281045189, 5281045187, 5281045188, 5281045186, 457819071, 11228575654, 5930698997, 3819768872, 3819768795, 3819768770, 3819768734, 3819768760, 3819768736, 3819768695, 4580522737, 3819768592, 3819768560, 3819768571, 4580511489, 3819768548, 3819768539, 3819768522, 10968647958]","[[3824954278, 436849320], [436849320, 307924229], [307924229, 3824954088], [3824954088, 3819769661], [3819769661, 3824954063], [3824954063, 445329900], [445329900, 436849314], [436849314, 5281044434], [5281044434, 5281044436], [5281044436, 5281044435], [5281044435, 3819769307], [3819769307, 3279011087], [3279011087, 4580205446], [4580205446, 3819769163], [3819769163, 353195249], [353195249, 436849310], [436849310, 3279011082], [3279011082, 5281045189], [5281045189, 5281045187], [5281045187, 5281045188], [5281045188, 5281045186], [5281045186, 457819071], [457819071, 11228575654], [11228575654, 5930698997], [5930698997, 3819768872], [3819768872, 3819768795], [3819768795, 3819768770], [3819768770, 3819768734], [3819768734, 3819768760], [3819768760, 3819768736], [3819768736, 3819768695], [3819768695, 4580522737], [4580522737, 3819768592], [3819768592, 3819768560], [3819768560, 3819768571], [3819768571, 4580511489], [4580511489, 3819768548], [3819768548, 3819768539], [3819768539, 3819768522], [3819768522, 10968647958]]",41,40,1615.347,0,0,0.0,0,0.0,0,0.0,2,22.641,2,22.641,0.014016
od_546,독바위,6호선,126.933031,37.618456,mobility_facility,사랑의집,서울특별시 은평구 역말로10길 30-1,126.9238,37.6092,1311.346,3824954278,10968647958,2.93341759236071,25.219799857210795,PASS,od_546_baseline,baseline,"[3824954278, 436849320, 307924229, 3824954088, 3819769661, 3824954063, 445329900, 436849314, 5281044434, 5281044436, 5281044435, 3819769307, 3279011087, 4580205446, 3819769163, 353195249, 436849310, 3279011082, 5281045189, 5281045187, 5281045188, 5281045186, 457819071, 11228575654, 5930698997, 3819768872, 3819768795, 3819768770, 3819768734, 3819768760, 3819768736, 3819768695, 4580522737, 3819768592, 3819768560, 3819768571, 4580511489, 3819768548, 3819768539, 3819768522, 10968647958]","[[3824954278, 436849320], [436849320, 307924229], [307924229, 3824954088], [3824954088, 3819769661], [3819769661, 3824954063], [3824954063, 445329900], [445329900, 436849314], [436849314, 5281044434], [5281044434, 5281044436], [5281044436, 5281044435], [5281044435, 3819769307], [3819769307, 3279011087], [3279011087, 4580205446], [4580205446, 3819769163], [3819769163, 353195249], [353195249, 436849310], [436849310, 3279011082], [3279011082, 5281045189], [5281045189, 5281045187], [5281045187, 5281045188], [5281045188, 5281045186], [5281045186, 457819071], [457819071, 11228575654], [11228575654, 5930698997], [5930698997, 3819768872], [3819768872, 3819768795], [3819768795, 3819768770], [3819768770, 3819768734], [3819768734, 3819768760], [3819768760, 3819768736], [3819768736, 3819768695], [3819768695, 4580522737], [4580522737, 3819768592], [3819768592, 3819768560], [3819768560, 3819768571], [3819768571, 4580511489], [4580511489, 3819768548], [3819768548, 3819768539], [3819768539, 3819768522], [3819768522, 10968647958]]",41,40,1615.347,0,0,0.0,0,0.0,0,0.0,2,22.641,2,22.641,0.014016
od_461,독바위,6호선,126.933031,37.618456,mobility_facility,경희부동산공인중개사사무소,서울특별시 은평구 서오릉로8길 22,126.9238,37.6088,1346.41,3824954278,3004846056,2.93341759236071,12.14487729615712,PASS,od_461_baseline,baseline,"[3824954278, 436849320, 307924229, 3824954088, 3819769661, 3824954063, 445329900, 436849314, 5281044434, 5281044436, 5281044435, 3819769307, 3279011087, 4580205446, 3819769163, 353195249, 436849310, 3279011082, 5281045189, 5281045187, 5281045188, 5281045186, 457819071, 11228575654, 5930698997, 3819768872, 3819768795, 3819768770, 3819768734, 3819768760, 3819768736, 3819768695, 4580522737, 3819768592, 3819768560, 3819768571, 4580511489, 3819768548, 3819768539, 3819768522, 10968647958, 3004846056]","[[3824954278, 436849320], [436849320, 307924229], [307924229, 3824954088], [3824954088, 3819769661], [3819769661, 3824954063], [3824954063, 445329900], [445329900, 436849314], [436849314, 5281044434], [5281044434, 5281044436], [5281044436, 5281044435], [5281044435, 3819769307], [3819769307, 3279011087], [3279011087, 4580205446], [4580205446, 3819769163], [3819769163, 353195249], [353195249, 436849310], [436849310, 3279011082], [3279011082, 5281045189], [5281045189, 5281045187], [5281045187, 5281045188], [5281045188, 5281045186], [5281045186, 457819071], [457819071, 11228575654], [11228575654, 5930698997], [5930698997, 3819768872], [3819768872, 3819768795], [3819768795, 3819768770], [3819768770, 3819768734], [3819768734, 3819768760], [3819768760, 3819768736], [3819768736, 3819768695], [3819768695, 4580522737], [4580522737, 3819768592], [3819768592, 3819768560], [3819768560, 3819768571], [3819768571, 4580511489], [4580511489, 3819768548], [3819768548, 3819768539], [3819768539, 3819768522], [3819768522, 10968647958], [10968647958, 3004846056]]",42,41,1639.867,0,0,0.0,0,0.0,0,0.0,2,22.641,2,22.641,0.013806
od_564,독바위,6호선,126.933031,37.618456,mobility_facility,메디알레소망공인중개사사무소,서울특별시 은평구 서오릉로8길 23,126.9238,37.609,1328.808,3824954278,3004846056,2.93341759236071,12.20580599543036,PASS,od_564_baseline,baseline,"[3824954278, 436849320, 307924229, 3824954088, 3819769661, 3824954063, 445329900, 436849314, 5281044434, 5281044436, 5281044435, 3819769307, 3279011087, 4580205446, 3819769163, 353195249, 436849310, 3279011082, 5281045189, 5281045187, 5281045188, 5281045186, 457819071, 11228575654, 5930698997, 3819768872, 3819768795, 3819768770, 3819768734, 3819768760, 3819768736, 3819768695, 4580522737, 3819768592, 3819768560, 3819768571, 4580511489, 3819768548, 3819768539, 3819768522, 10968647958, 3004846056]","[[3824954278, 436849320], [436849320, 307924229], [307924229, 3824954088], [3824954088, 3819769661], [3819769661, 3824954063], [3824954063, 445329900], [445329900, 436849314], [436849314, 5281044434], [5281044434, 5281044436], [5281044436, 5281044435], [5281044435, 3819769307], [3819769307, 3279011087], [3279011087, 4580205446], [4580205446, 3819769163], [3819769163, 353195249], [353195249, 436849310], [436849310, 3279011082], [3279011082, 5281045189], [5281045189, 5281045187], [5281045187, 5281045188], [5281045188, 5281045186], [5281045186, 457819071], [457819071, 11228575654], [11228575654, 5930698997], [5930698997, 3819768872], [3819768872, 3819768795], [3819768795, 3819768770], [3819768770, 3819768734], [3819768734, 3819768760], [3819768760, 3819768736], [3819768736, 3819768695], [3819768695, 4580522737], [4580522737, 3819768592], [3819768592, 3819768560], [3819768560, 3819768571], [3819768571, 4580511489], [4580511489, 3819768548], [3819768548, 3819768539], [3819768539, 3819768522], [3819768522, 10968647958], [10968647958, 3004846056]]",42,41,1639.867,0,0,0.0,0,0.0,0,0.0,2,22.641,2,22.641,0.013806
od_2675,연신내,3호선,126.921038,37.619229,mobility_facility,냉삼집,"서울특별시 은평구 불광로 90, 102동 (불광동, 대호프라자아파트)",126.9329,37.6152,1138.737,13357342120,5281044436,32.16422242836125,12.28200980646982,PASS,od_2675_baseline,baseline,"[13357342120, 13357342121, 13357321496, 11178032838, 2960309144, 3819769883, 11296481771, 3819769766, 11228575652, 3819769749, 11228575779, 11228574068, 11228575767, 11228574126, 11228574122, 8370552973, 8370552942, 8370552943, 8370552950, 8370553057, 8370552966, 10682085912, 10682086049, 3819769504, 3819769423, 3819769438, 3819769436, 3819769416, 3819769405, 3819769396, 5281044436]","[[13357342120, 13357342121], [13357342121, 13357321496], [13357321496, 11178032838], [11178032838, 2960309144], [2960309144, 3819769883], [3819769883, 11296481771], [11296481771, 3819769766], [3819769766, 11228575652], [11228575652, 3819769749], [3819769749, 11228575779], [11228575779, 11228574068], [11228574068, 11228575767], [11228575767, 11228574126], [11228574126, 11228574122], [11228574122, 8370552973], [8370552973, 8370552942], [8370552942, 8370552943], [8370552943, 8370552950], [8370552950, 8370553057], [8370553057, 8370552966], [8370552966, 10682085912], [10682085912, 10682086049], [10682086049, 3819769504], [3819769504, 3819769423], [3819769423, 3819769438], [3819769438, 3819769436], [3819769436, 3819769416], [3819769416, 3819769405], [3819769405, 3819769396], [3819769396, 5281044436]]",31,30,1439.974,0,0,0.0,0,0.0,0,0.0,2,21.486,2,21.486,0.014921
od_23,연신내,6호선,126.920625,37.618636,mobility_facility,냉삼집,"서울특별시 은평구 불광로 90, 102동 (불광동, 대호프라자아파트)",126.9329,37.6152,1148.87,11230505686,5281044436,20.028299588559467,12.28200980646982,PASS,od_23_baseline,baseline,"[11230505686, 11663495477, 13357321496, 11178032838, 2960309144, 3819769883, 11296481771, 3819769766, 11228575652, 3819769749, 11228575779, 11228574068, 11228575767, 11228574126, 11228574122, 8370552973, 8370552942, 8370552943, 8370552950, 8370553057, 8370552966, 10682085912, 10682086049, 3819769504, 3819769423, 3819769438, 3819769436, 3819769416, 3819769405, 3819769396, 5281044436]","[[11230505686, 11663495477], [11663495477, 13357321496], [13357321496, 11178032838], [11178032838, 2960309144], [2960309144, 3819769883], [3819769883, 11296481771], [11296481771, 3819769766], [3819769766, 11228575652], [11228575652, 3819769749], [3819769749, 11228575779], [11228575779, 11228574068], [11228574068, 11228575767], [11228575767, 11228574126], [11228574126, 11228574122], [11228574122, 8370552973], [8370552973, 8370552942], [8370552942, 8370552943], [8370552943, 8370552950], [8370552950, 8370553057], [8370553057, 8370552966], [8370552966, 10682085912], [10682085912, 10682086049], [10682086049, 3819769504], [3819769504, 3819769423], [3819769423, 3819769438], [3819769438, 3819769436], [3819769436, 3819769416], [3819769416, 3819769405], [3819769405, 3819769396], [3819769396, 5281044436]]",31,30,1454.25,0,0,0.0,0,0.0,0,0.0,2,21.486,2,21.486,0.014774
od_2674,연신내,3호선,126.921038,37.619229,mobility_facility,서울면옥,"서울특별시 은평구 불광로 90, 102동 (불광동, 대호프라자아파트)",126.9327,37.6148,1140.935,13357342120,5281044435,32.16422242836125,17.118518526960106,PASS,od_2674_baseline,baseline,"[13357342120, 13357342121, 13357321496, 11178032838, 2960309144, 3819769883, 11296481771, 3819769766, 11228575652, 3819769749, 11228575779, 11228574068, 11228575767, 11228574126, 11228574122, 8370552973, 8370552942, 8370552943, 8370552950, 8370553057, 8370552966, 10682085912, 10682086049, 3819769504, 3819769423, 3819769438, 3819769436, 3819769416, 3819769405, 3819769396, 5281044436, 5281044435]","[[13357342120, 13357342121], [13357342121, 13357321496], [13357321496, 11178032838], [11178032838, 2960309144], [2960309144, 3819769883], [3819769883, 11296481771], [11296481771, 3819769766], [3819769766, 11228575652], [11228575652, 3819769749], [3819769749, 11228575779], [11228575779, 11228574068], [11228574068, 11228575767], [11228575767, 11228574126], [11228574126, 11228574122], [11228574122, 8370552973], [8370552973, 8370552942], [8370552942, 8370552943], [8370552943, 8370552950], [8370552950, 8370553057], [8370553057, 8370552966], [8370552966, 10682085912], [10682085912, 10682086049], [10682086049, 3819769504], [3819769504, 3819769423], [3819769423, 3819769438], [3819769438, 3819769436], [3819769436, 3819769416], [3819769416, 3819769405], [3819769405, 3819769396], [3819769396, 5281044436], [5281044436, 5281044435]]",32,31,1478.4,0,0,0.0,0,0.0,0,0.0,2,21.486,2,21.486,0.014533
od_2673,연신내,3호선,126.921038,37.619229,mobility_facility,호우동,"서울특별시 은평구 불광로 90, 102동 (불광동, 대호프라자아파트)",126.9327,37.6148,1140.935,13357342120,5281044435,32.16422242836125,17.118518526960106,PASS,od_2673_baseline,baseline,"[13357342120, 13357342121, 13357321496, 11178032838, 2960309144, 3819769883, 11296481771, 3819769766, 11228575652, 3819769749, 11228575779, 11228574068, 11228575767, 11228574126, 11228574122, 8370552973, 8370552942, 8370552943, 8370552950, 8370553057, 8370552966, 10682085912, 10682086049, 3819769504, 3819769423, 3819769438, 3819769436, 3819769416, 3819769405, 3819769396, 5281044436, 5281044435]","[[13357342120, 13357342121], [13357342121, 13357321496], [13357321496, 11178032838], [11178032838, 2960309144], [2960309144, 3819769883], [3819769883, 11296481771], [11296481771, 3819769766], [3819769766, 11228575652], [11228575652, 3819769749], [3819769749, 11228575779], [11228575779, 11228574068], [11228574068, 11228575767], [11228575767, 11228574126], [11228574126, 11228574122], [11228574122, 8370552973], [8370552973, 8370552942], [8370552942, 8370552943], [8370552943, 8370552950], [8370552950, 8370553057], [8370553057, 8370552966], [8370552966, 10682085912], [10682085912, 10682086049], [10682086049, 3819769504], [3819769504, 3819769423], [3819769423, 3819769438], [3819769438, 3819769436], [3819769436, 3819769416], [3819769416, 3819769405], [3819769405, 3819769396], [3819769396, 5281044436], [5281044436, 5281044435]]",32,31,1478.4,0,0,0.0,0,0.0,0,0.0,2,21.486,2,21.486,0.014533
od_22,연신내,6호선,126.920625,37.618636,mobility_facility,서울면옥,"서울특별시 은평구 불광로 90, 102동 (불광동, 대호프라자아파트)",126.9327,37.6148,1147.946,11230505686,5281044435,20.028299588559467,17.118518526960106,PASS,od_22_baseline,baseline,"[11230505686, 11663495477, 13357321496, 11178032838, 2960309144, 3819769883, 11296481771, 3819769766, 11228575652, 3819769749, 11228575779, 11228574068, 11228575767, 11228574126, 11228574122, 8370552973, 8370552942, 8370552943, 8370552950, 8370553057, 8370552966, 10682085912, 10682086049, 3819769504, 3819769423, 3819769438, 3819769436, 3819769416, 3819769405, 3819769396, 5281044436, 5281044435]","[[11230505686, 11663495477], [11663495477, 13357321496], [13357321496, 11178032838], [11178032838, 2960309144], [2960309144, 3819769883], [3819769883, 11296481771], [11296481771, 3819769766], [3819769766, 11228575652], [11228575652, 3819769749], [3819769749, 11228575779], [11228575779, 11228574068], [11228574068, 11228575767], [11228575767, 11228574126], [11228574126, 11228574122], [11228574122, 8370552973], [8370552973, 8370552942], [8370552942, 8370552943], [8370552943, 8370552950], [8370552950, 8370553057], [8370553057, 8370552966], [8370552966, 10682085912], [10682085912, 10682086049], [10682086049, 3819769504], [3819769504, 3819769423], [3819769423, 3819769438], [3819769438, 3819769436], [3819769436, 3819769416], [3819769416, 3819769405], [3819769405, 3819769396], [3819769396, 5281044436], [5281044436, 5281044435]]",32,31,1492.676,0,0,0.0,0,0.0,0,0.0,2,21.486,2,21.486,0.014394
od_21,연신내,6호선,126.920625,37.618636,mobility_facility,호우동,"서울특별시 은평구 불광로 90, 102동 (불광동, 대호프라자아파트)",126.9327,37.6148,1147.946,11230505686,5281044435,20.028299588559467,17.118518526960106,PASS,od_21_baseline,baseline,"[11230505686, 11663495477, 13357321496, 11178032838, 2960309144, 3819769883, 11296481771, 3819769766, 11228575652, 3819769749, 11228575779, 11228574068, 11228575767, 11228574126, 11228574122, 8370552973, 8370552942, 8370552943, 8370552950, 8370553057, 8370552966, 10682085912, 10682086049, 3819769504, 3819769423, 3819769438, 3819769436, 3819769416, 3819769405, 3819769396, 5281044436, 5281044435]","[[11230505686, 11663495477], [11663495477, 13357321496], [13357321496, 11178032838], [11178032838, 2960309144], [2960309144, 3819769883], [3819769883, 11296481771], [11296481771, 3819769766], [3819769766, 11228575652], [11228575652, 3819769749], [3819769749, 11228575779], [11228575779, 11228574068], [11228574068, 11228575767], [11228575767, 11228574126], [11228574126, 11228574122], [11228574122, 8370552973], [8370552973, 8370552942], [8370552942, 8370552943], [8370552943, 8370552950], [8370552950, 8370553057], [8370553057, 8370552966], [8370552966, 10682085912], [10682085912, 10682086049], [10682086049, 3819769504], [3819769504, 3819769423], [3819769423, 3819769438], [3819769438, 3819769436], [3819769436, 3819769416], [3819769416, 3819769405], [3819769405, 3819769396], [3819769396, 5281044436], [5281044436, 5281044435]]",32,31,1492.676,0,0,0.0,0,0.0,0,0.0,2,21.486,2,21.486,0.014394
od_2795,연신내,3호선,126.921038,37.619229,mobility_facility,색연필,"서울특별시 은평구 불광로 90, 102동 (불광동, 대호프라자아파트)",126.9326,37.6145,1147.815,13357342120,3819769307,32.16422242836125,20.741324332783933,PASS,od_2795_baseline,baseline,"[13357342120, 13357342121, 13357321496, 11178032838, 2960309144, 3819769883, 11296481771, 3819769766, 11228575652, 3819769749, 11228575779, 11228574068, 11228575767, 11228574126, 11228574122, 8370552973, 8370552942, 8370552943, 8370552950, 8370553057, 8370552966, 10682085912, 10682086049, 3819769504, 3819769423, 3819769438, 3819769436, 3819769416, 3819769405, 3819769396, 5281044436, 5281044435, 3819769307]","[[13357342120, 13357342121], [13357342121, 13357321496], [13357321496, 11178032838], [11178032838, 2960309144], [2960309144, 3819769883], [3819769883, 11296481771], [11296481771, 3819769766], [3819769766, 11228575652], [11228575652, 3819769749], [3819769749, 11228575779], [11228575779, 11228574068], [11228574068, 11228575767], [11228575767, 11228574126], [11228574126, 11228574122], [11228574122, 8370552973], [8370552973, 8370552942], [8370552942, 8370552943], [8370552943, 8370552950], [8370552950, 8370553057], [8370553057, 8370552966], [8370552966, 10682085912], [10682085912, 10682086049], [10682086049, 3819769504], [3819769504, 3819769423], [3819769423, 3819769438], [3819769438, 3819769436], [3819769436, 3819769416], [3819769416, 3819769405], [3819769405, 3819769396], [3819769396, 5281044436], [5281044436, 5281044435], [5281044435, 3819769307]]",33,32,1511.161,0,0,0.0,0,0.0,0,0.0,2,21.486,2,21.486,0.014218
od_2704,연신내,3호선,126.921038,37.619229,mobility_facility,드림공인중개사사무소,서울특별시 은평구 불광로 90,126.9327,37.6147,1145.761,13357342120,3819769307,32.16422242836125,16.38372581697322,PASS,od_2704_baseline,baseline,"[13357342120, 13357342121, 13357321496, 11178032838, 2960309144, 3819769883, 11296481771, 3819769766, 11228575652, 3819769749, 11228575779, 11228574068, 11228575767, 11228574126, 11228574122, 8370552973, 8370552942, 8370552943, 8370552950, 8370553057, 8370552966, 10682085912, 10682086049, 3819769504, 3819769423, 3819769438, 3819769436, 3819769416, 3819769405, 3819769396, 5281044436, 5281044435, 3819769307]","[[13357342120, 13357342121], [13357342121, 13357321496], [13357321496, 11178032838], [11178032838, 2960309144], [2960309144, 3819769883], [3819769883, 11296481771], [11296481771, 3819769766], [3819769766, 11228575652], [11228575652, 3819769749], [3819769749, 11228575779], [11228575779, 11228574068], [11228574068, 11228575767], [11228575767, 11228574126], [11228574126, 11228574122], [11228574122, 8370552973], [8370552973, 8370552942], [8370552942, 8370552943], [8370552943, 8370552950], [8370552950, 8370553057], [8370553057, 8370552966], [8370552966, 10682085912], [10682085912, 10682086049], [10682086049, 3819769504], [3819769504, 3819769423], [3819769423, 3819769438], [3819769438, 3819769436], [3819769436, 3819769416], [3819769416, 3819769405], [3819769405, 3819769396], [3819769396, 5281044436], [5281044436, 5281044435], [5281044435, 3819769307]]",33,32,1511.161,0,0,0.0,0,0.0,0,0.0,2,21.486,2,21.486,0.014218
od_2672,연신내,3호선,126.921038,37.619229,mobility_facility,대호크리닝세탁,"서울특별시 은평구 불광로 90, 102동 (불광동, 대호프라자아파트)",126.9326,37.6146,1142.781,13357342120,3819769307,32.16422242836125,11.060299788695614,PASS,od_2672_baseline,baseline,"[13357342120, 13357342121, 13357321496, 11178032838, 2960309144, 3819769883, 11296481771, 3819769766, 11228575652, 3819769749, 11228575779, 11228574068, 11228575767, 11228574126, 11228574122, 8370552973, 8370552942, 8370552943, 8370552950, 8370553057, 8370552966, 10682085912, 10682086049, 3819769504, 3819769423, 3819769438, 3819769436, 3819769416, 3819769405, 3819769396, 5281044436, 5281044435, 3819769307]","[[13357342120, 13357342121], [13357342121, 13357321496], [13357321496, 11178032838], [11178032838, 2960309144], [2960309144, 3819769883], [3819769883, 11296481771], [11296481771, 3819769766], [3819769766, 11228575652], [11228575652, 3819769749], [3819769749, 11228575779], [11228575779, 11228574068], [11228574068, 11228575767], [11228575767, 11228574126], [11228574126, 11228574122], [11228574122, 8370552973], [8370552973, 8370552942], [8370552942, 8370552943], [8370552943, 8370552950], [8370552950, 8370553057], [8370553057, 8370552966], [8370552966, 10682085912], [10682085912, 10682086049], [10682086049, 3819769504], [3819769504, 3819769423], [3819769423, 3819769438], [3819769438, 3819769436], [3819769436, 3819769416], [3819769416, 3819769405], [3819769405, 3819769396], [3819769396, 5281044436], [5281044436, 5281044435], [5281044435, 3819769307]]",33,32,1511.161,0,0,0.0,0,0.0,0,0.0,2,21.486,2,21.486,0.014218
od_2671,연신내,3호선,126.921038,37.619229,mobility_facility,월드공인중개사사무소,"서울특별시 은평구 불광로 90, 102동 (불광동, 대호프라자아파트)",126.9326,37.6146,1142.781,13357342120,3819769307,32.16422242836125,11.060299788695614,PASS,od_2671_baseline,baseline,"[13357342120, 13357342121, 13357321496, 11178032838, 2960309144, 3819769883, 11296481771, 3819769766, 11228575652, 3819769749, 11228575779, 11228574068, 11228575767, 11228574126, 11228574122, 8370552973, 8370552942, 8370552943, 8370552950, 8370553057, 8370552966, 10682085912, 10682086049, 3819769504, 3819769423, 3819769438, 3819769436, 3819769416, 3819769405, 3819769396, 5281044436, 5281044435, 3819769307]","[[13357342120, 13357342121], [13357342121, 13357321496], [13357321496, 11178032838], [11178032838, 2960309144], [2960309144, 3819769883], [3819769883, 11296481771], [11296481771, 3819769766], [3819769766, 11228575652], [11228575652, 3819769749], [3819769749, 11228575779], [11228575779, 11228574068], [11228574068, 11228575767], [11228575767, 11228574126], [11228574126, 11228574122], [11228574122, 8370552973], [8370552973, 8370552942], [8370552942, 8370552943], [8370552943, 8370552950], [8370552950, 8370553057], [8370553057, 8370552966], [8370552966, 10682085912], [10682085912, 10682086049], [10682086049, 3819769504], [3819769504, 3819769423], [3819769423, 3819769438], [3819769438, 3819769436], [3819769436, 3819769416], [3819769416, 3819769405], [3819769405, 3819769396], [3819769396, 5281044436], [5281044436, 5281044435], [5281044435, 3819769307]]",33,32,1511.161,0,0,0.0,0,0.0,0,0.0,2,21.486,2,21.486,0.014218
od_2712,연신내,3호선,126.921038,37.619229,mobility_facility,05.  대호아파트,서울특별시 은평구 불광로 82,126.9324,37.6145,1132.14,13357342120,3819769307,32.16422242836125,21.96220793077043,PASS,od_2712_baseline,baseline,"[13357342120, 13357342121, 13357321496, 11178032838, 2960309144, 3819769883, 11296481771, 3819769766, 11228575652, 3819769749, 11228575779, 11228574068, 11228575767, 11228574126, 11228574122, 8370552973, 8370552942, 8370552943, 8370552950, 8370553057, 8370552966, 10682085912, 10682086049, 3819769504, 3819769423, 3819769438, 3819769436, 3819769416, 3819769405, 3819769396, 5281044436, 5281044435, 3819769307]","[[13357342120, 13357342121], [13357342121, 13357321496], [13357321496, 11178032838], [11178032838, 2960309144], [2960309144, 3819769883], [3819769883, 11296481771], [11296481771, 3819769766], [3819769766, 11228575652], [11228575652, 3819769749], [3819769749, 11228575779], [11228575779, 11228574068], [11228574068, 11228575767], [11228575767, 11228574126], [11228574126, 11228574122], [11228574122, 8370552973], [8370552973, 8370552942], [8370552942, 8370552943], [8370552943, 8370552950], [8370552950, 8370553057], [8370553057, 8370552966], [8370552966, 10682085912], [10682085912, 10682086049], [10682086049, 3819769504], [3819769504, 3819769423], [3819769423, 3819769438], [3819769438, 3819769436], [3819769436, 3819769416], [3819769416, 3819769405], [3819769405, 3819769396], [3819769396, 5281044436], [5281044436, 5281044435], [5281044435, 3819769307]]",33,32,1511.161,0,0,0.0,0,0.0,0,0.0,2,21.486,2,21.486,0.014218
od_149,연신내,6호선,126.920625,37.618636,mobility_facility,색연필,"서울특별시 은평구 불광로 90, 102동 (불광동, 대호프라자아파트)",126.9326,37.6145,1152.606,11230505686,3819769307,20.028299588559467,20.741324332783933,PASS,od_149_baseline,baseline,"[11230505686, 11663495477, 13357321496, 11178032838, 2960309144, 3819769883, 11296481771, 3819769766, 11228575652, 3819769749, 11228575779, 11228574068, 11228575767, 11228574126, 11228574122, 8370552973, 8370552942, 8370552943, 8370552950, 8370553057, 8370552966, 10682085912, 10682086049, 3819769504, 3819769423, 3819769438, 3819769436, 3819769416, 3819769405, 3819769396, 5281044436, 5281044435, 3819769307]","[[11230505686, 11663495477], [11663495477, 13357321496], [13357321496, 11178032838], [11178032838, 2960309144], [2960309144, 3819769883], [3819769883, 11296481771], [11296481771, 3819769766], [3819769766, 11228575652], [11228575652, 3819769749], [3819769749, 11228575779], [11228575779, 11228574068], [11228574068, 11228575767], [11228575767, 11228574126], [11228574126, 11228574122], [11228574122, 8370552973], [8370552973, 8370552942], [8370552942, 8370552943], [8370552943, 8370552950], [8370552950, 8370553057], [8370553057, 8370552966], [8370552966, 10682085912], [10682085912, 10682086049], [10682086049, 3819769504], [3819769504, 3819769423], [3819769423, 3819769438], [3819769438, 3819769436], [3819769436, 3819769416], [3819769416, 3819769405], [3819769405, 3819769396], [3819769396, 5281044436], [5281044436, 5281044435], [5281044435, 3819769307]]",33,32,1525.437,0,0,0.0,0,0.0,0,0.0,2,21.486,2,21.486,0.014085
od_52,연신내,6호선,126.920625,37.618636,mobility_facility,드림공인중개사사무소,서울특별시 은평구 불광로 90,126.9327,37.6147,1152.109,11230505686,3819769307,20.028299588559467,16.38372581697322,PASS,od_52_baseline,baseline,"[11230505686, 11663495477, 13357321496, 11178032838, 2960309144, 3819769883, 11296481771, 3819769766, 11228575652, 3819769749, 11228575779, 11228574068, 11228575767, 11228574126, 11228574122, 8370552973, 8370552942, 8370552943, 8370552950, 8370553057, 8370552966, 10682085912, 10682086049, 3819769504, 3819769423, 3819769438, 3819769436, 3819769416, 3819769405, 3819769396, 5281044436, 5281044435, 3819769307]","[[11230505686, 11663495477], [11663495477, 13357321496], [13357321496, 11178032838], [11178032838, 2960309144], [2960309144, 3819769883], [3819769883, 11296481771], [11296481771, 3819769766], [3819769766, 11228575652], [11228575652, 3819769749], [3819769749, 11228575779], [11228575779, 11228574068], [11228574068, 11228575767], [11228575767, 11228574126], [11228574126, 11228574122], [11228574122, 8370552973], [8370552973, 8370552942], [8370552942, 8370552943], [8370552943, 8370552950], [8370552950, 8370553057], [8370553057, 8370552966], [8370552966, 10682085912], [10682085912, 10682086049], [10682086049, 3819769504], [3819769504, 3819769423], [3819769423, 3819769438], [3819769438, 3819769436], [3819769436, 3819769416], [3819769416, 3819769405], [3819769405, 3819769396], [3819769396, 5281044436], [5281044436, 5281044435], [5281044435, 3819769307]]",33,32,1525.437,0,0,0.0,0,0.0,0,0.0,2,21.486,2,21.486,0.014085
od_20,연신내,6호선,126.920625,37.618636,mobility_facility,대호크리닝세탁,"서울특별시 은평구 불광로 90, 102동 (불광동, 대호프라자아파트)",126.9326,37.6146,1148.23,11230505686,3819769307,20.028299588559467,11.060299788695614,PASS,od_20_baseline,baseline,"[11230505686, 11663495477, 13357321496, 11178032838, 2960309144, 3819769883, 11296481771, 3819769766, 11228575652, 3819769749, 11228575779, 11228574068, 11228575767, 11228574126, 11228574122, 8370552973, 8370552942, 8370552943, 8370552950, 8370553057, 8370552966, 10682085912, 10682086049, 3819769504, 3819769423, 3819769438, 3819769436, 3819769416, 3819769405, 3819769396, 5281044436, 5281044435, 3819769307]","[[11230505686, 11663495477], [11663495477, 13357321496], [13357321496, 11178032838], [11178032838, 2960309144], [2960309144, 3819769883], [3819769883, 11296481771], [11296481771, 3819769766], [3819769766, 11228575652], [11228575652, 3819769749], [3819769749, 11228575779], [11228575779, 11228574068], [11228574068, 11228575767], [11228575767, 11228574126], [11228574126, 11228574122], [11228574122, 8370552973], [8370552973, 8370552942], [8370552942, 8370552943], [8370552943, 8370552950], [8370552950, 8370553057], [8370553057, 8370552966], [8370552966, 10682085912], [10682085912, 10682086049], [10682086049, 3819769504], [3819769504, 3819769423], [3819769423, 3819769438], [3819769438, 3819769436], [3819769436, 3819769416], [3819769416, 3819769405], [3819769405, 3819769396], [3819769396, 5281044436], [5281044436, 5281044435], [5281044435, 3819769307]]",33,32,1525.437,0,0,0.0,0,0.0,0,0.0,2,21.486,2,21.486,0.014085
od_19,연신내,6호선,126.920625,37.618636,mobility_facility,월드공인중개사사무소,"서울특별시 은평구 불광로 90, 102동 (불광동, 대호프라자아파트)",126.9326,37.6146,1148.23,11230505686,3819769307,20.028299588559467,11.060299788695614,PASS,od_19_baseline,baseline,"[11230505686, 11663495477, 13357321496, 11178032838, 2960309144, 3819769883, 11296481771, 3819769766, 11228575652, 3819769749, 11228575779, 11228574068, 11228575767, 11228574126, 11228574122, 8370552973, 8370552942, 8370552943, 8370552950, 8370553057, 8370552966, 10682085912, 10682086049, 3819769504, 3819769423, 3819769438, 3819769436, 3819769416, 3819769405, 3819769396, 5281044436, 5281044435, 3819769307]","[[11230505686, 11663495477], [11663495477, 13357321496], [13357321496, 11178032838], [11178032838, 2960309144], [2960309144, 3819769883], [3819769883, 11296481771], [11296481771, 3819769766], [3819769766, 11228575652], [11228575652, 3819769749], [3819769749, 11228575779], [11228575779, 11228574068], [11228574068, 11228575767], [11228575767, 11228574126], [11228574126, 11228574122], [11228574122, 8370552973], [8370552973, 8370552942], [8370552942, 8370552943], [8370552943, 8370552950], [8370552950, 8370553057], [8370553057, 8370552966], [8370552966, 10682085912], [10682085912, 10682086049], [10682086049, 3819769504], [3819769504, 3819769423], [3819769423, 3819769438], [3819769438, 3819769436], [3819769436, 3819769416], [3819769416, 3819769405], [3819769405, 3819769396], [3819769396, 5281044436], [5281044436, 5281044435], [5281044435, 3819769307]]",33,32,1525.437,0,0,0.0,0,0.0,0,0.0,2,21.486,2,21.486,0.014085
od_61,연신내,6호선,126.920625,37.618636,mobility_facility,05.  대호아파트,서울특별시 은평구 불광로 82,126.9324,37.6145,1136.431,11230505686,3819769307,20.028299588559467,21.96220793077043,PASS,od_61_baseline,baseline,"[11230505686, 11663495477, 13357321496, 11178032838, 2960309144, 3819769883, 11296481771, 3819769766, 11228575652, 3819769749, 11228575779, 11228574068, 11228575767, 11228574126, 11228574122, 8370552973, 8370552942, 8370552943, 8370552950, 8370553057, 8370552966, 10682085912, 10682086049, 3819769504, 3819769423, 3819769438, 3819769436, 3819769416, 3819769405, 3819769396, 5281044436, 5281044435, 3819769307]","[[11230505686, 11663495477], [11663495477, 13357321496], [13357321496, 11178032838], [11178032838, 2960309144], [2960309144, 3819769883], [3819769883, 11296481771], [11296481771, 3819769766], [3819769766, 11228575652], [11228575652, 3819769749], [3819769749, 11228575779], [11228575779, 11228574068], [11228574068, 11228575767], [11228575767, 11228574126], [11228574126, 11228574122], [11228574122, 8370552973], [8370552973, 8370552942], [8370552942, 8370552943], [8370552943, 8370552950], [8370552950, 8370553057], [8370553057, 8370552966], [8370552966, 10682085912], [10682085912, 10682086049], [10682086049, 3819769504], [3819769504, 3819769423], [3819769423, 3819769438], [3819769438, 3819769436], [3819769436, 3819769416], [3819769416, 3819769405], [3819769405, 3819769396], [3819769396, 5281044436], [5281044436, 5281044435], [5281044435, 3819769307]]",33,32,1525.437,0,0,0.0,0,0.0,0,0.0,2,21.486,2,21.486,0.014085
od_1453,응암,6호선,126.915577,37.598605,mobility_facility,와산교공인중개사사무소,서울특별시 은평구 증산로15길 8,126.9121,37.589,1109.392,8735757178,3822999792,11.20363638320314,13.73914726582982,PASS,od_1453_baseline,baseline,"[8735757178, 3822999249, 8749379963, 3822999252, 8754918410, 3822999121, 8753077712, 3822999066, 3822999187, 3822999191, 3822999195, 8754918144, 8754918408, 3822999133, 3822999184, 8754918340, 8754918403, 8754918405, 1104187221, 8754918407, 3822999328, 3822999322, 3822999355, 3822999210, 10211968025, 10211968018, 10211968026, 3822999789, 3822999793, 3822999810, 3822999814, 3822999791, 3822999792]","[[8735757178, 3822999249], [3822999249, 8749379963], [8749379963, 3822999252], [3822999252, 8754918410], [8754918410, 3822999121], [3822999121, 8753077712], [8753077712, 3822999066], [3822999066, 3822999187], [3822999187, 3822999191], [3822999191, 3822999195], [3822999195, 8754918144], [8754918144, 8754918408], [8754918408, 3822999133], [3822999133, 3822999184], [3822999184, 8754918340], [8754918340, 8754918403], [8754918403, 8754918405], [8754918405, 1104187221], [1104187221, 8754918407], [8754918407, 3822999328], [3822999328, 3822999322], [3822999322, 3822999355], [3822999355, 3822999210], [3822999210, 10211968025], [10211968025, 10211968018], [10211968018, 10211968026], [10211968026, 3822999789], [3822999789, 3822999793], [3822999793, 3822999810], [3822999810, 3822999814], [3822999814, 3822999791], [3822999791, 3822999792]]",33,32,1189.497,0,0,0.0,0,0.0,0,0.0,1,15.949,1,15.949,0.013409
od_2722,연신내,3호선,126.921038,37.619229,mobility_facility,35. 대호아파트,서울특별시 은평구 불광로 76,126.9324,37.6144,1137.329,13357342120,3279011087,32.16422242836125,22.604664389091035,PASS,od_2722_baseline,baseline,"[13357342120, 13357342121, 13357321496, 11178032838, 2960309144, 3819769883, 11296481771, 3819769766, 11228575652, 3819769749, 11228575779, 11228574068, 11228575767, 11228574126, 11228574122, 8370552973, 8370552942, 8370552943, 8370552950, 8370553057, 8370552966, 10682085912, 10682086049, 3819769504, 3819769423, 3819769377, 3819769352, 4580235124, 3819769300, 3819769286, 3819769276, 3279011087]","[[13357342120, 13357342121], [13357342121, 13357321496], [13357321496, 11178032838], [11178032838, 2960309144], [2960309144, 3819769883], [3819769883, 11296481771], [11296481771, 3819769766], [3819769766, 11228575652], [11228575652, 3819769749], [3819769749, 11228575779], [11228575779, 11228574068], [11228574068, 11228575767], [11228575767, 11228574126], [11228574126, 11228574122], [11228574122, 8370552973], [8370552973, 8370552942], [8370552942, 8370552943], [8370552943, 8370552950], [8370552950, 8370553057], [8370553057, 8370552966], [8370552966, 10682085912], [10682085912, 10682086049], [10682086049, 3819769504], [3819769504, 3819769423], [3819769423, 3819769377], [3819769377, 3819769352], [3819769352, 4580235124], [4580235124, 3819769300], [3819769300, 3819769286], [3819769286, 3819769276], [3819769276, 3279011087]]",32,31,1486.306,0,0,0.0,0,0.0,0,0.0,1,12.919,1,12.919,0.008692
od_72,연신내,6호선,126.920625,37.618636,mobility_facility,35. 대호아파트,서울특별시 은평구 불광로 76,126.9324,37.6144,1140.96,11230505686,3279011087,20.028299588559467,22.604664389091035,PASS,od_72_baseline,baseline,"[11230505686, 11663495477, 13357321496, 11178032838, 2960309144, 3819769883, 11296481771, 3819769766, 11228575652, 3819769749, 11228575779, 11228574068, 11228575767, 11228574126, 11228574122, 8370552973, 8370552942, 8370552943, 8370552950, 8370553057, 8370552966, 10682085912, 10682086049, 3819769504, 3819769423, 3819769377, 3819769352, 4580235124, 3819769300, 3819769286, 3819769276, 3279011087]","[[11230505686, 11663495477], [11663495477, 13357321496], [13357321496, 11178032838], [11178032838, 2960309144], [2960309144, 3819769883], [3819769883, 11296481771], [11296481771, 3819769766], [3819769766, 11228575652], [11228575652, 3819769749], [3819769749, 11228575779], [11228575779, 11228574068], [11228574068, 11228575767], [11228575767, 11228574126], [11228574126, 11228574122], [11228574122, 8370552973], [8370552973, 8370552942], [8370552942, 8370552943], [8370552943, 8370552950], [8370552950, 8370553057], [8370553057, 8370552966], [8370552966, 10682085912], [10682085912, 10682086049], [10682086049, 3819769504], [3819769504, 3819769423], [3819769423, 3819769377], [3819769377, 3819769352], [3819769352, 4580235124], [4580235124, 3819769300], [3819769300, 3819769286], [3819769286, 3819769276], [3819769276, 3279011087]]",32,31,1500.582,0,0,0.0,0,0.0,0,0.0,1,12.919,1,12.919,0.008609
od_2055,녹번,3호선,126.935756,37.600927,pedestrian_support_point,불광역9번출구.불광초등학교,서울특별시 은평구 통일로 712-2,126.9305,37.6113,1241.315,436867704,5281045186,5.477178362551235,18.148614078073688,PASS,od_2055_baseline,baseline,"[436867704, 3811678438, 8374239436, 11296481724, 13227969688, 11296481733, 13227969689, 11204976868, 11204976857, 11204976853, 11204976907, 11204976852, 11204976889, 8461842580, 11178032845, 11178032847, 11178032843, 10678122743, 11178032842, 3811140116, 3811140115, 4580235123, 5281045186]","[[436867704, 3811678438], [3811678438, 8374239436], [8374239436, 11296481724], [11296481724, 13227969688], [13227969688, 11296481733], [11296481733, 13227969689], [13227969689, 11204976868], [11204976868, 11204976857], [11204976857, 11204976853], [11204976853, 11204976907], [11204976907, 11204976852], [11204976852, 11204976889], [11204976889, 8461842580], [8461842580, 11178032845], [11178032845, 11178032847], [11178032847, 11178032843], [11178032843, 10678122743], [10678122743, 11178032842], [11178032842, 3811140116], [3811140116, 3811140115], [3811140115, 4580235123], [4580235123, 5281045186]]",23,22,1342.013,0,0,0.0,0,0.0,0,0.0,1,9.985,1,9.985,0.00744
od_2950,연신내,3호선,126.921038,37.619229,pedestrian_support_point,맨홀,서울특별시 은평구 통일로 712-2,126.9316,37.6098,1401.712,13357342120,3811140115,32.16422242836125,1.0419238122199508,PASS,od_2950_baseline,baseline,"[13357342120, 13357342121, 13357321496, 11178032838, 11230505689, 11228574064, 11228574065, 449449459, 3278844686, 11228574067, 11296481769, 3819769528, 3819769458, 11228575760, 436877345, 436862068, 11228575754, 11228574118, 11296481764, 3819768985, 11296481763, 3819768872, 5930698997, 11228575654, 457819071, 5281045186, 4580235123, 3811140115]","[[13357342120, 13357342121], [13357342121, 13357321496], [13357321496, 11178032838], [11178032838, 11230505689], [11230505689, 11228574064], [11228574064, 11228574065], [11228574065, 449449459], [449449459, 3278844686], [3278844686, 11228574067], [11228574067, 11296481769], [11296481769, 3819769528], [3819769528, 3819769458], [3819769458, 11228575760], [11228575760, 436877345], [436877345, 436862068], [436862068, 11228575754], [11228575754, 11228574118], [11228574118, 11296481764], [11296481764, 3819768985], [3819768985, 11296481763], [11296481763, 3819768872], [3819768872, 5930698997], [5930698997, 11228575654], [11228575654, 457819071], [457819071, 5281045186], [5281045186, 4580235123], [4580235123, 3811140115]]",28,27,1500.799,0,0,0.0,0,0.0,0,0.0,1,9.985,1,9.985,0.006653
od_314,연신내,6호선,126.920625,37.618636,pedestrian_support_point,맨홀,서울특별시 은평구 통일로 712-2,126.9316,37.6098,1378.664,11230505686,3811140115,20.028299588559467,1.0419238122199508,PASS,od_314_baseline,baseline,"[11230505686, 11663495477, 13357321496, 11178032838, 11230505689, 11228574064, 11228574065, 449449459, 3278844686, 11228574067, 11296481769, 3819769528, 3819769458, 11228575760, 436877345, 436862068, 11228575754, 11228574118, 11296481764, 3819768985, 11296481763, 3819768872, 5930698997, 11228575654, 457819071, 5281045186, 4580235123, 3811140115]","[[11230505686, 11663495477], [11663495477, 13357321496], [13357321496, 11178032838], [11178032838, 11230505689], [11230505689, 11228574064], [11228574064, 11228574065], [11228574065, 449449459], [449449459, 3278844686], [3278844686, 11228574067], [11228574067, 11296481769], [11296481769, 3819769528], [3819769528, 3819769458], [3819769458, 11228575760], [11228575760, 436877345], [436877345, 436862068], [436862068, 11228575754], [11228575754, 11228574118], [11228574118, 11296481764], [11296481764, 3819768985], [3819768985, 11296481763], [11296481763, 3819768872], [3819768872, 5930698997], [5930698997, 11228575654], [11228575654, 457819071], [457819071, 5281045186], [5281045186, 4580235123], [4580235123, 3811140115]]",28,27,1515.075,0,0,0.0,0,0.0,0,0.0,1,9.985,1,9.985,0.00659
od_2957,연신내,3호선,126.921038,37.619229,pedestrian_support_point,맨홀,서울특별시 은평구 진흥로15길 26,126.932,37.61,1409.233,13357342120,3811140122,32.16422242836125,3.939035099846771,PASS,od_2957_baseline,baseline,"[13357342120, 13357342121, 13357321496, 11178032838, 11230505689, 11228574064, 11228574065, 449449459, 3278844686, 11228574067, 11296481769, 3819769528, 3819769458, 11228575760, 436877345, 436862068, 11228575754, 11228574118, 11296481764, 3819768985, 11296481763, 3819768872, 5930698997, 11228575654, 457819071, 5281045186, 4580235123, 3811140115, 3811140116, 449449069, 3811140122]","[[13357342120, 13357342121], [13357342121, 13357321496], [13357321496, 11178032838], [11178032838, 11230505689], [11230505689, 11228574064], [11228574064, 11228574065], [11228574065, 449449459], [449449459, 3278844686], [3278844686, 11228574067], [11228574067, 11296481769], [11296481769, 3819769528], [3819769528, 3819769458], [3819769458, 11228575760], [11228575760, 436877345], [436877345, 436862068], [436862068, 11228575754], [11228575754, 11228574118], [11228574118, 11296481764], [11296481764, 3819768985], [3819768985, 11296481763], [11296481763, 3819768872], [3819768872, 5930698997], [5930698997, 11228575654], [11228575654, 457819071], [457819071, 5281045186], [5281045186, 4580235123], [4580235123, 3811140115], [3811140115, 3811140116], [3811140116, 449449069], [449449069, 3811140122]]",31,30,1546.053,0,0,0.0,0,0.0,0,0.0,1,9.985,1,9.985,0.006458
od_2999,연신내,3호선,126.921038,37.619229,pedestrian_support_point,과속방지턱,서울특별시 은평구 진흥로15길 26,126.932,37.6101,1401.186,13357342120,3811140122,32.16422242836125,8.751906062658577,PASS,od_2999_baseline,baseline,"[13357342120, 13357342121, 13357321496, 11178032838, 11230505689, 11228574064, 11228574065, 449449459, 3278844686, 11228574067, 11296481769, 3819769528, 3819769458, 11228575760, 436877345, 436862068, 11228575754, 11228574118, 11296481764, 3819768985, 11296481763, 3819768872, 5930698997, 11228575654, 457819071, 5281045186, 4580235123, 3811140115, 3811140116, 449449069, 3811140122]","[[13357342120, 13357342121], [13357342121, 13357321496], [13357321496, 11178032838], [11178032838, 11230505689], [11230505689, 11228574064], [11228574064, 11228574065], [11228574065, 449449459], [449449459, 3278844686], [3278844686, 11228574067], [11228574067, 11296481769], [11296481769, 3819769528], [3819769528, 3819769458], [3819769458, 11228575760], [11228575760, 436877345], [436877345, 436862068], [436862068, 11228575754], [11228575754, 11228574118], [11228574118, 11296481764], [11296481764, 3819768985], [3819768985, 11296481763], [11296481763, 3819768872], [3819768872, 5930698997], [5930698997, 11228575654], [11228575654, 457819071], [457819071, 5281045186], [5281045186, 4580235123], [4580235123, 3811140115], [3811140115, 3811140116], [3811140116, 449449069], [449449069, 3811140122]]",31,30,1546.053,0,0,0.0,0,0.0,0,0.0,1,9.985,1,9.985,0.006458
od_2875,연신내,3호선,126.921038,37.619229,pedestrian_support_point,장애인화장실,서울특별시 은평구 진흥로15길 10,126.9321,37.6103,1391.402,13357342120,3811140122,32.16422242836125,31.1389792042944,PASS,od_2875_baseline,baseline,"[13357342120, 13357342121, 13357321496, 11178032838, 11230505689, 11228574064, 11228574065, 449449459, 3278844686, 11228574067, 11296481769, 3819769528, 3819769458, 11228575760, 436877345, 436862068, 11228575754, 11228574118, 11296481764, 3819768985, 11296481763, 3819768872, 5930698997, 11228575654, 457819071, 5281045186, 4580235123, 3811140115, 3811140116, 449449069, 3811140122]","[[13357342120, 13357342121], [13357342121, 13357321496], [13357321496, 11178032838], [11178032838, 11230505689], [11230505689, 11228574064], [11228574064, 11228574065], [11228574065, 449449459], [449449459, 3278844686], [3278844686, 11228574067], [11228574067, 11296481769], [11296481769, 3819769528], [3819769528, 3819769458], [3819769458, 11228575760], [11228575760, 436877345], [436877345, 436862068], [436862068, 11228575754], [11228575754, 11228574118], [11228574118, 11296481764], [11296481764, 3819768985], [3819768985, 11296481763], [11296481763, 3819768872], [3819768872, 5930698997], [5930698997, 11228575654], [11228575654, 457819071], [457819071, 5281045186], [5281045186, 4580235123], [4580235123, 3811140115], [3811140115, 3811140116], [3811140116, 449449069], [449449069, 3811140122]]",31,30,1546.053,0,0,0.0,0,0.0,0,0.0,1,9.985,1,9.985,0.006458
od_2876,연신내,3호선,126.921038,37.619229,pedestrian_support_point,장애인화장실,서울특별시 은평구 진흥로15길 10,126.9321,37.6103,1391.402,13357342120,3811140122,32.16422242836125,31.1389792042944,PASS,od_2876_baseline,baseline,"[13357342120, 13357342121, 13357321496, 11178032838, 11230505689, 11228574064, 11228574065, 449449459, 3278844686, 11228574067, 11296481769, 3819769528, 3819769458, 11228575760, 436877345, 436862068, 11228575754, 11228574118, 11296481764, 3819768985, 11296481763, 3819768872, 5930698997, 11228575654, 457819071, 5281045186, 4580235123, 3811140115, 3811140116, 449449069, 3811140122]","[[13357342120, 13357342121], [13357342121, 13357321496], [13357321496, 11178032838], [11178032838, 11230505689], [11230505689, 11228574064], [11228574064, 11228574065], [11228574065, 449449459], [449449459, 3278844686], [3278844686, 11228574067], [11228574067, 11296481769], [11296481769, 3819769528], [3819769528, 3819769458], [3819769458, 11228575760], [11228575760, 436877345], [436877345, 436862068], [436862068, 11228575754], [11228575754, 11228574118], [11228574118, 11296481764], [11296481764, 3819768985], [3819768985, 11296481763], [11296481763, 3819768872], [3819768872, 5930698997], [5930698997, 11228575654], [11228575654, 457819071], [457819071, 5281045186], [5281045186, 4580235123], [4580235123, 3811140115], [3811140115, 3811140116], [3811140116, 449449069], [449449069, 3811140122]]",31,30,1546.053,0,0,0.0,0,0.0,0,0.0,1,9.985,1,9.985,0.006458
od_3045,연신내,3호선,126.921038,37.619229,pedestrian_support_point,불광제1동주민센터,서울특별시 은평구 진흥로15길 10,126.932,37.6103,1385.219,13357342120,3811140122,32.16422242836125,30.66946988185333,PASS,od_3045_baseline,baseline,"[13357342120, 13357342121, 13357321496, 11178032838, 11230505689, 11228574064, 11228574065, 449449459, 3278844686, 11228574067, 11296481769, 3819769528, 3819769458, 11228575760, 436877345, 436862068, 11228575754, 11228574118, 11296481764, 3819768985, 11296481763, 3819768872, 5930698997, 11228575654, 457819071, 5281045186, 4580235123, 3811140115, 3811140116, 449449069, 3811140122]","[[13357342120, 13357342121], [13357342121, 13357321496], [13357321496, 11178032838], [11178032838, 11230505689], [11230505689, 11228574064], [11228574064, 11228574065], [11228574065, 449449459], [449449459, 3278844686], [3278844686, 11228574067], [11228574067, 11296481769], [11296481769, 3819769528], [3819769528, 3819769458], [3819769458, 11228575760], [11228575760, 436877345], [436877345, 436862068], [436862068, 11228575754], [11228575754, 11228574118], [11228574118, 11296481764], [11296481764, 3819768985], [3819768985, 11296481763], [11296481763, 3819768872], [3819768872, 5930698997], [5930698997, 11228575654], [11228575654, 457819071], [457819071, 5281045186], [5281045186, 4580235123], [4580235123, 3811140115], [3811140115, 3811140116], [3811140116, 449449069], [449449069, 3811140122]]",31,30,1546.053,0,0,0.0,0,0.0,0,0.0,1,9.985,1,9.985,0.006458
od_321,연신내,6호선,126.920625,37.618636,pedestrian_support_point,맨홀,서울특별시 은평구 진흥로15길 26,126.932,37.61,1388.292,11230505686,3811140122,20.028299588559467,3.939035099846771,PASS,od_321_baseline,baseline,"[11230505686, 11663495477, 13357321496, 11178032838, 11230505689, 11228574064, 11228574065, 449449459, 3278844686, 11228574067, 11296481769, 3819769528, 3819769458, 11228575760, 436877345, 436862068, 11228575754, 11228574118, 11296481764, 3819768985, 11296481763, 3819768872, 5930698997, 11228575654, 457819071, 5281045186, 4580235123, 3811140115, 3811140116, 449449069, 3811140122]","[[11230505686, 11663495477], [11663495477, 13357321496], [13357321496, 11178032838], [11178032838, 11230505689], [11230505689, 11228574064], [11228574064, 11228574065], [11228574065, 449449459], [449449459, 3278844686], [3278844686, 11228574067], [11228574067, 11296481769], [11296481769, 3819769528], [3819769528, 3819769458], [3819769458, 11228575760], [11228575760, 436877345], [436877345, 436862068], [436862068, 11228575754], [11228575754, 11228574118], [11228574118, 11296481764], [11296481764, 3819768985], [3819768985, 11296481763], [11296481763, 3819768872], [3819768872, 5930698997], [5930698997, 11228575654], [11228575654, 457819071], [457819071, 5281045186], [5281045186, 4580235123], [4580235123, 3811140115], [3811140115, 3811140116], [3811140116, 449449069], [449449069, 3811140122]]",31,30,1560.329,0,0,0.0,0,0.0,0,0.0,1,9.985,1,9.985,0.006399
od_368,연신내,6호선,126.920625,37.618636,pedestrian_support_point,과속방지턱,서울특별시 은평구 진흥로15길 26,126.932,37.6101,1380.652,11230505686,3811140122,20.028299588559467,8.751906062658577,PASS,od_368_baseline,baseline,"[11230505686, 11663495477, 13357321496, 11178032838, 11230505689, 11228574064, 11228574065, 449449459, 3278844686, 11228574067, 11296481769, 3819769528, 3819769458, 11228575760, 436877345, 436862068, 11228575754, 11228574118, 11296481764, 3819768985, 11296481763, 3819768872, 5930698997, 11228575654, 457819071, 5281045186, 4580235123, 3811140115, 3811140116, 449449069, 3811140122]","[[11230505686, 11663495477], [11663495477, 13357321496], [13357321496, 11178032838], [11178032838, 11230505689], [11230505689, 11228574064], [11228574064, 11228574065], [11228574065, 449449459], [449449459, 3278844686], [3278844686, 11228574067], [11228574067, 11296481769], [11296481769, 3819769528], [3819769528, 3819769458], [3819769458, 11228575760], [11228575760, 436877345], [436877345, 436862068], [436862068, 11228575754], [11228575754, 11228574118], [11228574118, 11296481764], [11296481764, 3819768985], [3819768985, 11296481763], [11296481763, 3819768872], [3819768872, 5930698997], [5930698997, 11228575654], [11228575654, 457819071], [457819071, 5281045186], [5281045186, 4580235123], [4580235123, 3811140115], [3811140115, 3811140116], [3811140116, 449449069], [449449069, 3811140122]]",31,30,1560.329,0,0,0.0,0,0.0,0,0.0,1,9.985,1,9.985,0.006399
od_233,연신내,6호선,126.920625,37.618636,pedestrian_support_point,장애인화장실,서울특별시 은평구 진흥로15길 10,126.9321,37.6103,1372.021,11230505686,3811140122,20.028299588559467,31.1389792042944,PASS,od_233_baseline,baseline,"[11230505686, 11663495477, 13357321496, 11178032838, 11230505689, 11228574064, 11228574065, 449449459, 3278844686, 11228574067, 11296481769, 3819769528, 3819769458, 11228575760, 436877345, 436862068, 11228575754, 11228574118, 11296481764, 3819768985, 11296481763, 3819768872, 5930698997, 11228575654, 457819071, 5281045186, 4580235123, 3811140115, 3811140116, 449449069, 3811140122]","[[11230505686, 11663495477], [11663495477, 13357321496], [13357321496, 11178032838], [11178032838, 11230505689], [11230505689, 11228574064], [11228574064, 11228574065], [11228574065, 449449459], [449449459, 3278844686], [3278844686, 11228574067], [11228574067, 11296481769], [11296481769, 3819769528], [3819769528, 3819769458], [3819769458, 11228575760], [11228575760, 436877345], [436877345, 436862068], [436862068, 11228575754], [11228575754, 11228574118], [11228574118, 11296481764], [11296481764, 3819768985], [3819768985, 11296481763], [11296481763, 3819768872], [3819768872, 5930698997], [5930698997, 11228575654], [11228575654, 457819071], [457819071, 5281045186], [5281045186, 4580235123], [4580235123, 3811140115], [3811140115, 3811140116], [3811140116, 449449069], [449449069, 3811140122]]",31,30,1560.329,0,0,0.0,0,0.0,0,0.0,1,9.985,1,9.985,0.006399
od_234,연신내,6호선,126.920625,37.618636,pedestrian_support_point,장애인화장실,서울특별시 은평구 진흥로15길 10,126.9321,37.6103,1372.021,11230505686,3811140122,20.028299588559467,31.1389792042944,PASS,od_234_baseline,baseline,"[11230505686, 11663495477, 13357321496, 11178032838, 11230505689, 11228574064, 11228574065, 449449459, 3278844686, 11228574067, 11296481769, 3819769528, 3819769458, 11228575760, 436877345, 436862068, 11228575754, 11228574118, 11296481764, 3819768985, 11296481763, 3819768872, 5930698997, 11228575654, 457819071, 5281045186, 4580235123, 3811140115, 3811140116, 449449069, 3811140122]","[[11230505686, 11663495477], [11663495477, 13357321496], [13357321496, 11178032838], [11178032838, 11230505689], [11230505689, 11228574064], [11228574064, 11228574065], [11228574065, 449449459], [449449459, 3278844686], [3278844686, 11228574067], [11228574067, 11296481769], [11296481769, 3819769528], [3819769528, 3819769458], [3819769458, 11228575760], [11228575760, 436877345], [436877345, 436862068], [436862068, 11228575754], [11228575754, 11228574118], [11228574118, 11296481764], [11296481764, 3819768985], [3819768985, 11296481763], [11296481763, 3819768872], [3819768872, 5930698997], [5930698997, 11228575654], [11228575654, 457819071], [457819071, 5281045186], [5281045186, 4580235123], [4580235123, 3811140115], [3811140115, 3811140116], [3811140116, 449449069], [449449069, 3811140122]]",31,30,1560.329,0,0,0.0,0,0.0,0,0.0,1,9.985,1,9.985,0.006399
od_414,연신내,6호선,126.920625,37.618636,pedestrian_support_point,불광제1동주민센터,서울특별시 은평구 진흥로15길 10,126.932,37.6103,1365.515,11230505686,3811140122,20.028299588559467,30.66946988185333,PASS,od_414_baseline,baseline,"[11230505686, 11663495477, 13357321496, 11178032838, 11230505689, 11228574064, 11228574065, 449449459, 3278844686, 11228574067, 11296481769, 3819769528, 3819769458, 11228575760, 436877345, 436862068, 11228575754, 11228574118, 11296481764, 3819768985, 11296481763, 3819768872, 5930698997, 11228575654, 457819071, 5281045186, 4580235123, 3811140115, 3811140116, 449449069, 3811140122]","[[11230505686, 11663495477], [11663495477, 13357321496], [13357321496, 11178032838], [11178032838, 11230505689], [11230505689, 11228574064], [11228574064, 11228574065], [11228574065, 449449459], [449449459, 3278844686], [3278844686, 11228574067], [11228574067, 11296481769], [11296481769, 3819769528], [3819769528, 3819769458], [3819769458, 11228575760], [11228575760, 436877345], [436877345, 436862068], [436862068, 11228575754], [11228575754, 11228574118], [11228574118, 11296481764], [11296481764, 3819768985], [3819768985, 11296481763], [11296481763, 3819768872], [3819768872, 5930698997], [5930698997, 11228575654], [11228575654, 457819071], [457819071, 5281045186], [5281045186, 4580235123], [4580235123, 3811140115], [3811140115, 3811140116], [3811140116, 449449069], [449449069, 3811140122]]",31,30,1560.329,0,0,0.0,0,0.0,0,0.0,1,9.985,1,9.985,0.006399
od_1589,응암,6호선,126.915577,37.598605,pedestrian_support_point,빗물받이,서울특별시 은평구 응암동  225-146,126.9231,37.5944,811.912,8735757178,3811326361,11.20363638320314,21.67160849415193,PASS,od_1589_baseline,baseline,"[8735757178, 10211968079, 9774806933, 13360989726, 13360989715, 13360989709, 307937103, 3811554524, 3811554513, 3811554512, 3811554511, 3811554505, 3811554504, 3811554501, 3811554498, 3811554496, 3811554492, 3811554490, 3811554476, 3811554472, 3811326793, 3811326766, 8476561209, 3811326456, 3811326389, 3811326361]","[[8735757178, 10211968079], [10211968079, 9774806933], [9774806933, 13360989726], [13360989726, 13360989715], [13360989715, 13360989709], [13360989709, 307937103], [307937103, 3811554524], [3811554524, 3811554513], [3811554513, 3811554512], [3811554512, 3811554511], [3811554511, 3811554505], [3811554505, 3811554504], [3811554504, 3811554501], [3811554501, 3811554498], [3811554498, 3811554496], [3811554496, 3811554492], [3811554492, 3811554490], [3811554490, 3811554476], [3811554476, 3811554472], [3811554472, 3811326793], [3811326793, 3811326766], [3811326766, 8476561209], [8476561209, 3811326456], [3811326456, 3811326389], [3811326389, 3811326361]]",26,25,1111.41,0,0,0.0,0,0.0,0,0.0,1,4.913,1,4.913,0.00442
od_1843,응암,6호선,126.915577,37.598605,pedestrian_support_point,응암제2동주민센터,서울특별시 은평구 백련산로 100,126.9231,37.5945,805.583,8735757178,3811326390,11.20363638320314,17.43421801609877,PASS,od_1843_baseline,baseline,"[8735757178, 10211968079, 9774806933, 13360989726, 13360989715, 13360989709, 307937103, 3811554524, 3811554513, 3811554512, 3811554511, 3811554505, 3811554504, 3811554501, 3811554498, 3811554496, 3811554492, 3811554490, 3811554476, 3811554472, 3811326793, 3811326766, 8476561209, 3811326456, 3811326389, 3811326361, 3811326390]","[[8735757178, 10211968079], [10211968079, 9774806933], [9774806933, 13360989726], [13360989726, 13360989715], [13360989715, 13360989709], [13360989709, 307937103], [307937103, 3811554524], [3811554524, 3811554513], [3811554513, 3811554512], [3811554512, 3811554511], [3811554511, 3811554505], [3811554505, 3811554504], [3811554504, 3811554501], [3811554501, 3811554498], [3811554498, 3811554496], [3811554496, 3811554492], [3811554492, 3811554490], [3811554490, 3811554476], [3811554476, 3811554472], [3811554472, 3811326793], [3811326793, 3811326766], [3811326766, 8476561209], [8476561209, 3811326456], [3811326456, 3811326389], [3811326389, 3811326361], [3811326361, 3811326390]]",27,26,1157.569,0,0,0.0,0,0.0,0,0.0,1,4.913,1,4.913,0.004244
od_1616,응암,6호선,126.915577,37.598605,pedestrian_support_point,장애인화장실,서울특별시 은평구 백련산로 100,126.9231,37.5945,805.583,8735757178,3811326390,11.20363638320314,17.43421801609877,PASS,od_1616_baseline,baseline,"[8735757178, 10211968079, 9774806933, 13360989726, 13360989715, 13360989709, 307937103, 3811554524, 3811554513, 3811554512, 3811554511, 3811554505, 3811554504, 3811554501, 3811554498, 3811554496, 3811554492, 3811554490, 3811554476, 3811554472, 3811326793, 3811326766, 8476561209, 3811326456, 3811326389, 3811326361, 3811326390]","[[8735757178, 10211968079], [10211968079, 9774806933], [9774806933, 13360989726], [13360989726, 13360989715], [13360989715, 13360989709], [13360989709, 307937103], [307937103, 3811554524], [3811554524, 3811554513], [3811554513, 3811554512], [3811554512, 3811554511], [3811554511, 3811554505], [3811554505, 3811554504], [3811554504, 3811554501], [3811554501, 3811554498], [3811554498, 3811554496], [3811554496, 3811554492], [3811554492, 3811554490], [3811554490, 3811554476], [3811554476, 3811554472], [3811554472, 3811326793], [3811326793, 3811326766], [3811326766, 8476561209], [8476561209, 3811326456], [3811326456, 3811326389], [3811326389, 3811326361], [3811326361, 3811326390]]",27,26,1157.569,0,0,0.0,0,0.0,0,0.0,1,4.913,1,4.913,0.004244
od_1535,응암,6호선,126.915577,37.598605,mobility_facility,응암2동주민센터,서울특별시 은평구 백련산로 100,126.9231,37.5946,799.358,8735757178,3811326390,11.20363638320314,12.212704042990971,PASS,od_1535_baseline,baseline,"[8735757178, 10211968079, 9774806933, 13360989726, 13360989715, 13360989709, 307937103, 3811554524, 3811554513, 3811554512, 3811554511, 3811554505, 3811554504, 3811554501, 3811554498, 3811554496, 3811554492, 3811554490, 3811554476, 3811554472, 3811326793, 3811326766, 8476561209, 3811326456, 3811326389, 3811326361, 3811326390]","[[8735757178, 10211968079], [10211968079, 9774806933], [9774806933, 13360989726], [13360989726, 13360989715], [13360989715, 13360989709], [13360989709, 307937103], [307937103, 3811554524], [3811554524, 3811554513], [3811554513, 3811554512], [3811554512, 3811554511], [3811554511, 3811554505], [3811554505, 3811554504], [3811554504, 3811554501], [3811554501, 3811554498], [3811554498, 3811554496], [3811554496, 3811554492], [3811554492, 3811554490], [3811554490, 3811554476], [3811554476, 3811554472], [3811554472, 3811326793], [3811326793, 3811326766], [3811326766, 8476561209], [8476561209, 3811326456], [3811326456, 3811326389], [3811326389, 3811326361], [3811326361, 3811326390]]",27,26,1157.569,0,0,0.0,0,0.0,0,0.0,1,4.913,1,4.913,0.004244
od_1817,응암,6호선,126.915577,37.598605,pedestrian_support_point,응암2동주민센터,서울특별시 은평구 백련산로 100,126.9231,37.5946,799.358,8735757178,3811326390,11.20363638320314,12.212704042990971,PASS,od_1817_baseline,baseline,"[8735757178, 10211968079, 9774806933, 13360989726, 13360989715, 13360989709, 307937103, 3811554524, 3811554513, 3811554512, 3811554511, 3811554505, 3811554504, 3811554501, 3811554498, 3811554496, 3811554492, 3811554490, 3811554476, 3811554472, 3811326793, 3811326766, 8476561209, 3811326456, 3811326389, 3811326361, 3811326390]","[[8735757178, 10211968079], [10211968079, 9774806933], [9774806933, 13360989726], [13360989726, 13360989715], [13360989715, 13360989709], [13360989709, 307937103], [307937103, 3811554524], [3811554524, 3811554513], [3811554513, 3811554512], [3811554512, 3811554511], [3811554511, 3811554505], [3811554505, 3811554504], [3811554504, 3811554501], [3811554501, 3811554498], [3811554498, 3811554496], [3811554496, 3811554492], [3811554492, 3811554490], [3811554490, 3811554476], [3811554476, 3811554472], [3811554472, 3811326793], [3811326793, 3811326766], [3811326766, 8476561209], [8476561209, 3811326456], [3811326456, 3811326389], [3811326389, 3811326361], [3811326361, 3811326390]]",27,26,1157.569,0,0,0.0,0,0.0,0,0.0,1,4.913,1,4.913,0.004244
od_2770,연신내,3호선,126.921038,37.619229,mobility_facility,퍼스트공인중개사사무소,서울특별시 은평구 연서로35길 6,126.926,37.6219,528.944,13357342120,2930525549,32.16422242836125,22.83437686271451,PASS,od_2770_baseline,baseline,"[13357342120, 13357342121, 13357321496, 11178032838, 2960309144, 2960309145, 3819769990, 3823586772, 3819770024, 3823586821, 5279886140, 3823586890, 3819770060, 3823586968, 307924224, 3823587102, 3823587185, 2930525549]","[[13357342120, 13357342121], [13357342121, 13357321496], [13357321496, 11178032838], [11178032838, 2960309144], [2960309144, 2960309145], [2960309145, 3819769990], [3819769990, 3823586772], [3823586772, 3819770024], [3819770024, 3823586821], [3823586821, 5279886140], [5279886140, 3823586890], [3823586890, 3819770060], [3819770060, 3823586968], [3823586968, 307924224], [307924224, 3823587102], [3823587102, 3823587185], [3823587185, 2930525549]]",18,17,657.755,0,0,0.0,0,0.0,0,0.0,2,3.816,2,3.816,0.005801
od_124,연신내,6호선,126.920625,37.618636,mobility_facility,퍼스트공인중개사사무소,서울특별시 은평구 연서로35길 6,126.926,37.6219,597.002,11230505686,2930525549,20.028299588559467,22.83437686271451,PASS,od_124_baseline,baseline,"[11230505686, 11663495477, 13357321496, 11178032838, 2960309144, 2960309145, 3819769990, 3823586772, 3819770024, 3823586821, 5279886140, 3823586890, 3819770060, 3823586968, 307924224, 3823587102, 3823587185, 2930525549]","[[11230505686, 11663495477], [11663495477, 13357321496], [13357321496, 11178032838], [11178032838, 2960309144], [2960309144, 2960309145], [2960309145, 3819769990], [3819769990, 3823586772], [3823586772, 3819770024], [3819770024, 3823586821], [3823586821, 5279886140], [5279886140, 3823586890], [3823586890, 3819770060], [3819770060, 3823586968], [3823586968, 307924224], [307924224, 3823587102], [3823587102, 3823587185], [3823587185, 2930525549]]",18,17,672.031,0,0,0.0,0,0.0,0,0.0,2,3.816,2,3.816,0.005678
od_2279,불광,3호선,126.92982,37.610553,mobility_facility,퍼스트공인중개사사무소,서울특별시 은평구 연서로35길 6,126.926,37.6219,1303.772,5930698997,2930525549,50.20980174135544,22.83437686271451,PASS,od_2279_baseline,baseline,"[5930698997, 11228575654, 11296481755, 3819768907, 3819768989, 11228574116, 11296481757, 11228575667, 11228575756, 2960309741, 11228574120, 11228574122, 11228574126, 8370552938, 3819769667, 3819769789, 3819769829, 3819769886, 8479080812, 3819768748, 3819769951, 356265927, 3819769971, 3819770000, 3819770031, 3819770052, 3819770060, 3823586968, 307924224, 3823587102, 3823587185, 2930525549]","[[5930698997, 11228575654], [11228575654, 11296481755], [11296481755, 3819768907], [3819768907, 3819768989], [3819768989, 11228574116], [11228574116, 11296481757], [11296481757, 11228575667], [11228575667, 11228575756], [11228575756, 2960309741], [2960309741, 11228574120], [11228574120, 11228574122], [11228574122, 11228574126], [11228574126, 8370552938], [8370552938, 3819769667], [3819769667, 3819769789], [3819769789, 3819769829], [3819769829, 3819769886], [3819769886, 8479080812], [8479080812, 3819768748], [3819768748, 3819769951], [3819769951, 356265927], [356265927, 3819769971], [3819769971, 3819770000], [3819770000, 3819770031], [3819770031, 3819770052], [3819770052, 3819770060], [3819770060, 3823586968], [3823586968, 307924224], [307924224, 3823587102], [3823587102, 3823587185], [3823587185, 2930525549]]",32,31,1513.7,0,0,0.0,0,0.0,0,0.0,2,3.816,2,3.816,0.002521
od_891,불광,6호선,126.92939,37.610873,mobility_facility,퍼스트공인중개사사무소,서울특별시 은평구 연서로35길 6,126.926,37.6219,1259.944,5930698997,2930525549,11.603222454866666,22.83437686271451,PASS,od_891_baseline,baseline,"[5930698997, 11228575654, 11296481755, 3819768907, 3819768989, 11228574116, 11296481757, 11228575667, 11228575756, 2960309741, 11228574120, 11228574122, 11228574126, 8370552938, 3819769667, 3819769789, 3819769829, 3819769886, 8479080812, 3819768748, 3819769951, 356265927, 3819769971, 3819770000, 3819770031, 3819770052, 3819770060, 3823586968, 307924224, 3823587102, 3823587185, 2930525549]","[[5930698997, 11228575654], [11228575654, 11296481755], [11296481755, 3819768907], [3819768907, 3819768989], [3819768989, 11228574116], [11228574116, 11296481757], [11296481757, 11228575667], [11228575667, 11228575756], [11228575756, 2960309741], [2960309741, 11228574120], [11228574120, 11228574122], [11228574122, 11228574126], [11228574126, 8370552938], [8370552938, 3819769667], [3819769667, 3819769789], [3819769789, 3819769829], [3819769829, 3819769886], [3819769886, 8479080812], [8479080812, 3819768748], [3819768748, 3819769951], [3819769951, 356265927], [356265927, 3819769971], [3819769971, 3819770000], [3819770000, 3819770031], [3819770031, 3819770052], [3819770052, 3819770060], [3819770060, 3823586968], [3823586968, 307924224], [307924224, 3823587102], [3823587102, 3823587185], [3823587185, 2930525549]]",32,31,1513.7,0,0,0.0,0,0.0,0,0.0,2,3.816,2,3.816,0.002521
od_725,독바위,6호선,126.933031,37.618456,pedestrian_support_point,세명컴퓨터고등학교,서울특별시 은평구 통일로 902,126.92,37.6242,1315.245,3824954278,3823588079,2.93341759236071,11.925373905442942,PASS,od_725_baseline,baseline,"[3824954278, 5281044431, 3819769960, 3824954348, 3279011105, 3824954514, 5281445624, 10682009302, 10682009300, 10682009301, 3823587288, 3823587235, 3823587223, 3823587183, 3823587174, 3823587072, 3823587034, 437007224, 5279886144, 5279886142, 3823587009, 3823587011, 3823587017, 3823587020, 2960308565, 3823587019, 2960308646, 307924211, 2930525549, 3823587185, 3823587210, 3823587220, 3823587253, 3823587248, 3823587317, 3823587310, 3823587282, 3823587342, 4576610061, 3823587356, 3823587391, 3823587451, 3823587493, 3823587536, 3823587547, 3823587702, 3823587776, 3823587815, 3823587830, 3823587843, 3823587865, 3823587893, 3823588079]","[[3824954278, 5281044431], [5281044431, 3819769960], [3819769960, 3824954348], [3824954348, 3279011105], [3279011105, 3824954514], [3824954514, 5281445624], [5281445624, 10682009302], [10682009302, 10682009300], [10682009300, 10682009301], [10682009301, 3823587288], [3823587288, 3823587235], [3823587235, 3823587223], [3823587223, 3823587183], [3823587183, 3823587174], [3823587174, 3823587072], [3823587072, 3823587034], [3823587034, 437007224], [437007224, 5279886144], [5279886144, 5279886142], [5279886142, 3823587009], [3823587009, 3823587011], [3823587011, 3823587017], [3823587017, 3823587020], [3823587020, 2960308565], [2960308565, 3823587019], [3823587019, 2960308646], [2960308646, 307924211], [307924211, 2930525549], [2930525549, 3823587185], [3823587185, 3823587210], [3823587210, 3823587220], [3823587220, 3823587253], [3823587253, 3823587248], [3823587248, 3823587317], [3823587317, 3823587310], [3823587310, 3823587282], [3823587282, 3823587342], [3823587342, 4576610061], [4576610061, 3823587356], [3823587356, 3823587391], [3823587391, 3823587451], [3823587451, 3823587493], [3823587493, 3823587536], [3823587536, 3823587547], [3823587547, 3823587702], [3823587702, 3823587776], [3823587776, 3823587815], [3823587815, 3823587830], [3823587830, 3823587843], [3823587843, 3823587865], [3823587865, 3823587893], [3823587893, 3823588079]]",53,52,1615.608,0,0,0.0,0,0.0,0,0.0,2,3.816,2,3.816,0.002362
od_633,독바위,6호선,126.933031,37.618456,pedestrian_support_point,지하철환기구,서울특별시 은평구 통일로 895-2,126.9197,37.6229,1276.079,3824954278,3823587723,2.93341759236071,48.843255213078415,PASS,od_633_baseline,baseline,"[3824954278, 5281044431, 3819769960, 3824954348, 3279011105, 3824954514, 5281445624, 10682009302, 10682009300, 10682009301, 3823587288, 3823587235, 3823587223, 3823587183, 3823587174, 3823587072, 3823587034, 437007224, 5279886144, 5279886142, 3823587009, 3823587011, 3823587017, 3823587020, 2960308565, 3823587019, 2960308646, 307924211, 2930525549, 3823587185, 3823587210, 3823587220, 3823587253, 3823587248, 3823587317, 3823587310, 3823587282, 3823587342, 4576610061, 3823587356, 3823587391, 3823587451, 3823587493, 3823587536, 3823587547, 3823587702, 3823587776, 3823587815, 3823587830, 3823587843, 3823587865, 3823587893, 3823587746, 3823587723]","[[3824954278, 5281044431], [5281044431, 3819769960], [3819769960, 3824954348], [3824954348, 3279011105], [3279011105, 3824954514], [3824954514, 5281445624], [5281445624, 10682009302], [10682009302, 10682009300], [10682009300, 10682009301], [10682009301, 3823587288], [3823587288, 3823587235], [3823587235, 3823587223], [3823587223, 3823587183], [3823587183, 3823587174], [3823587174, 3823587072], [3823587072, 3823587034], [3823587034, 437007224], [437007224, 5279886144], [5279886144, 5279886142], [5279886142, 3823587009], [3823587009, 3823587011], [3823587011, 3823587017], [3823587017, 3823587020], [3823587020, 2960308565], [2960308565, 3823587019], [3823587019, 2960308646], [2960308646, 307924211], [307924211, 2930525549], [2930525549, 3823587185], [3823587185, 3823587210], [3823587210, 3823587220], [3823587220, 3823587253], [3823587253, 3823587248], [3823587248, 3823587317], [3823587317, 3823587310], [3823587310, 3823587282], [3823587282, 3823587342], [3823587342, 4576610061], [4576610061, 3823587356], [3823587356, 3823587391], [3823587391, 3823587451], [3823587451, 3823587493], [3823587493, 3823587536], [3823587536, 3823587547], [3823587547, 3823587702], [3823587702, 3823587776], [3823587776, 3823587815], [3823587815, 3823587830], [3823587830, 3823587843], [3823587843, 3823587865], [3823587865, 3823587893], [3823587893, 3823587746], [3823587746, 3823587723]]",54,53,1646.62,0,0,0.0,0,0.0,0,0.0,2,3.816,2,3.816,0.002317
od_498,독바위,6호선,126.933031,37.618456,mobility_facility,금광모터샵,서울특별시 은평구 통일로 920,126.9203,37.625,1338.177,3824954278,3823588382,2.93341759236071,19.16200122304098,PASS,od_498_baseline,baseline,"[3824954278, 5281044431, 3819769960, 3824954348, 3279011105, 3824954514, 5281445624, 10682009302, 10682009300, 10682009301, 3823587288, 3823587235, 3823587223, 3823587183, 3823587174, 3823587072, 3823587034, 437007224, 5279886144, 5279886142, 3823587009, 3823587011, 3823587017, 3823587020, 2960308565, 3823587019, 2960308646, 307924211, 2930525549, 3823587185, 3823587210, 3823587220, 3823587253, 3823587248, 3823587317, 3823587310, 3823587282, 3823587342, 4576610061, 3823587356, 3823587391, 3823587451, 3823587493, 3823587536, 3823587547, 3823587702, 3823587776, 3823587815, 3823587830, 3823587843, 3823587865, 3823587893, 3823588079, 3823588382]","[[3824954278, 5281044431], [5281044431, 3819769960], [3819769960, 3824954348], [3824954348, 3279011105], [3279011105, 3824954514], [3824954514, 5281445624], [5281445624, 10682009302], [10682009302, 10682009300], [10682009300, 10682009301], [10682009301, 3823587288], [3823587288, 3823587235], [3823587235, 3823587223], [3823587223, 3823587183], [3823587183, 3823587174], [3823587174, 3823587072], [3823587072, 3823587034], [3823587034, 437007224], [437007224, 5279886144], [5279886144, 5279886142], [5279886142, 3823587009], [3823587009, 3823587011], [3823587011, 3823587017], [3823587017, 3823587020], [3823587020, 2960308565], [2960308565, 3823587019], [3823587019, 2960308646], [2960308646, 307924211], [307924211, 2930525549], [2930525549, 3823587185], [3823587185, 3823587210], [3823587210, 3823587220], [3823587220, 3823587253], [3823587253, 3823587248], [3823587248, 3823587317], [3823587317, 3823587310], [3823587310, 3823587282], [3823587282, 3823587342], [3823587342, 4576610061], [4576610061, 3823587356], [3823587356, 3823587391], [3823587391, 3823587451], [3823587451, 3823587493], [3823587493, 3823587536], [3823587536, 3823587547], [3823587547, 3823587702], [3823587702, 3823587776], [3823587776, 3823587815], [3823587815, 3823587830], [3823587830, 3823587843], [3823587843, 3823587865], [3823587865, 3823587893], [3823587893, 3823588079], [3823588079, 3823588382]]",54,53,1710.197,0,0,0.0,0,0.0,0,0.0,2,3.816,2,3.816,0.002231
od_701,독바위,6호선,126.933031,37.618456,pedestrian_support_point,맨홀,서울특별시 은평구 통일로 895-2,126.9197,37.6231,1284.821,3824954278,436393823,2.93341759236071,29.14105443196905,PASS,od_701_baseline,baseline,"[3824954278, 5281044431, 3819769960, 3824954348, 3279011105, 3824954514, 5281445624, 10682009302, 10682009300, 10682009301, 3823587288, 3823587235, 3823587223, 3823587183, 3823587174, 3823587072, 3823587034, 437007224, 5279886144, 5279886142, 3823587009, 3823587011, 3823587017, 3823587020, 2960308565, 3823587019, 2960308646, 307924211, 2930525549, 3823587185, 3823587210, 3823587220, 3823587253, 3823587248, 3823587317, 3823587310, 3823587282, 3823587342, 4576610061, 3823587356, 3823587391, 3823587451, 3823587493, 3823587536, 3823587547, 3823587702, 3823587776, 3823587815, 3823587830, 3823587843, 3823587865, 3823587893, 3823588079, 11230505734, 436393823]","[[3824954278, 5281044431], [5281044431, 3819769960], [3819769960, 3824954348], [3824954348, 3279011105], [3279011105, 3824954514], [3824954514, 5281445624], [5281445624, 10682009302], [10682009302, 10682009300], [10682009300, 10682009301], [10682009301, 3823587288], [3823587288, 3823587235], [3823587235, 3823587223], [3823587223, 3823587183], [3823587183, 3823587174], [3823587174, 3823587072], [3823587072, 3823587034], [3823587034, 437007224], [437007224, 5279886144], [5279886144, 5279886142], [5279886142, 3823587009], [3823587009, 3823587011], [3823587011, 3823587017], [3823587017, 3823587020], [3823587020, 2960308565], [2960308565, 3823587019], [3823587019, 2960308646], [2960308646, 307924211], [307924211, 2930525549], [2930525549, 3823587185], [3823587185, 3823587210], [3823587210, 3823587220], [3823587220, 3823587253], [3823587253, 3823587248], [3823587248, 3823587317], [3823587317, 3823587310], [3823587310, 3823587282], [3823587282, 3823587342], [3823587342, 4576610061], [4576610061, 3823587356], [3823587356, 3823587391], [3823587391, 3823587451], [3823587451, 3823587493], [3823587493, 3823587536], [3823587536, 3823587547], [3823587547, 3823587702], [3823587702, 3823587776], [3823587776, 3823587815], [3823587815, 3823587830], [3823587830, 3823587843], [3823587843, 3823587865], [3823587865, 3823587893], [3823587893, 3823588079], [3823588079, 11230505734], [11230505734, 436393823]]",55,54,1734.558,0,0,0.0,0,0.0,0,0.0,2,3.816,2,3.816,0.0022
od_481,독바위,6호선,126.933031,37.618456,mobility_facility,30.  세명컴퓨터고등학교,서울특별시 은평구 통일로 928,126.9203,37.6257,1381.883,3824954278,3823588586,2.93341759236071,23.47017048392268,PASS,od_481_baseline,baseline,"[3824954278, 5281044431, 3819769960, 3824954348, 3279011105, 3824954514, 5281445624, 10682009302, 10682009300, 10682009301, 3823587288, 3823587235, 3823587223, 3823587183, 3823587174, 3823587072, 3823587034, 437007224, 5279886144, 5279886142, 3823587009, 3823587011, 3823587017, 3823587020, 2960308565, 3823587019, 2960308646, 307924211, 2930525549, 3823587185, 3823587210, 3823587220, 3823587253, 3823587248, 3823587317, 3823587310, 3823587282, 3823587342, 4576610061, 3823587356, 3823587391, 3823587451, 3823587493, 3823587536, 3823587547, 3823587702, 3823587776, 3823587815, 3823587830, 3823587843, 3823587865, 3823587893, 3823588079, 3823588382, 11296481782, 3823588586]","[[3824954278, 5281044431], [5281044431, 3819769960], [3819769960, 3824954348], [3824954348, 3279011105], [3279011105, 3824954514], [3824954514, 5281445624], [5281445624, 10682009302], [10682009302, 10682009300], [10682009300, 10682009301], [10682009301, 3823587288], [3823587288, 3823587235], [3823587235, 3823587223], [3823587223, 3823587183], [3823587183, 3823587174], [3823587174, 3823587072], [3823587072, 3823587034], [3823587034, 437007224], [437007224, 5279886144], [5279886144, 5279886142], [5279886142, 3823587009], [3823587009, 3823587011], [3823587011, 3823587017], [3823587017, 3823587020], [3823587020, 2960308565], [2960308565, 3823587019], [3823587019, 2960308646], [2960308646, 307924211], [307924211, 2930525549], [2930525549, 3823587185], [3823587185, 3823587210], [3823587210, 3823587220], [3823587220, 3823587253], [3823587253, 3823587248], [3823587248, 3823587317], [3823587317, 3823587310], [3823587310, 3823587282], [3823587282, 3823587342], [3823587342, 4576610061], [4576610061, 3823587356], [3823587356, 3823587391], [3823587391, 3823587451], [3823587451, 3823587493], [3823587493, 3823587536], [3823587536, 3823587547], [3823587547, 3823587702], [3823587702, 3823587776], [3823587776, 3823587815], [3823587815, 3823587830], [3823587830, 3823587843], [3823587843, 3823587865], [3823587865, 3823587893], [3823587893, 3823588079], [3823588079, 3823588382], [3823588382, 11296481782], [11296481782, 3823588586]]",56,55,1752.045,0,0,0.0,0,0.0,0,0.0,2,3.816,2,3.816,0.002178
od_540,독바위,6호선,126.933031,37.618456,mobility_facility,굿모닝부동산공인중개사사무소,서울특별시 은평구 통일로 928,126.9203,37.6257,1381.883,3824954278,3823588586,2.93341759236071,23.47017048392268,PASS,od_540_baseline,baseline,"[3824954278, 5281044431, 3819769960, 3824954348, 3279011105, 3824954514, 5281445624, 10682009302, 10682009300, 10682009301, 3823587288, 3823587235, 3823587223, 3823587183, 3823587174, 3823587072, 3823587034, 437007224, 5279886144, 5279886142, 3823587009, 3823587011, 3823587017, 3823587020, 2960308565, 3823587019, 2960308646, 307924211, 2930525549, 3823587185, 3823587210, 3823587220, 3823587253, 3823587248, 3823587317, 3823587310, 3823587282, 3823587342, 4576610061, 3823587356, 3823587391, 3823587451, 3823587493, 3823587536, 3823587547, 3823587702, 3823587776, 3823587815, 3823587830, 3823587843, 3823587865, 3823587893, 3823588079, 3823588382, 11296481782, 3823588586]","[[3824954278, 5281044431], [5281044431, 3819769960], [3819769960, 3824954348], [3824954348, 3279011105], [3279011105, 3824954514], [3824954514, 5281445624], [5281445624, 10682009302], [10682009302, 10682009300], [10682009300, 10682009301], [10682009301, 3823587288], [3823587288, 3823587235], [3823587235, 3823587223], [3823587223, 3823587183], [3823587183, 3823587174], [3823587174, 3823587072], [3823587072, 3823587034], [3823587034, 437007224], [437007224, 5279886144], [5279886144, 5279886142], [5279886142, 3823587009], [3823587009, 3823587011], [3823587011, 3823587017], [3823587017, 3823587020], [3823587020, 2960308565], [2960308565, 3823587019], [3823587019, 2960308646], [2960308646, 307924211], [307924211, 2930525549], [2930525549, 3823587185], [3823587185, 3823587210], [3823587210, 3823587220], [3823587220, 3823587253], [3823587253, 3823587248], [3823587248, 3823587317], [3823587317, 3823587310], [3823587310, 3823587282], [3823587282, 3823587342], [3823587342, 4576610061], [4576610061, 3823587356], [3823587356, 3823587391], [3823587391, 3823587451], [3823587451, 3823587493], [3823587493, 3823587536], [3823587536, 3823587547], [3823587547, 3823587702], [3823587702, 3823587776], [3823587776, 3823587815], [3823587815, 3823587830], [3823587830, 3823587843], [3823587843, 3823587865], [3823587865, 3823587893], [3823587893, 3823588079], [3823588079, 3823588382], [3823588382, 11296481782], [11296481782, 3823588586]]",56,55,1752.045,0,0,0.0,0,0.0,0,0.0,2,3.816,2,3.816,0.002178
od_650,독바위,6호선,126.933031,37.618456,pedestrian_support_point,신한은행갈현지점,서울특별시 은평구 통일로 905,126.9197,37.6238,1317.907,3824954278,11230505656,2.93341759236071,30.0149889970599,PASS,od_650_baseline,baseline,"[3824954278, 5281044431, 3819769960, 3824954348, 3279011105, 3824954514, 5281445624, 10682009302, 10682009300, 10682009301, 3823587288, 3823587235, 3823587223, 3823587183, 3823587174, 3823587072, 3823587034, 437007224, 5279886144, 5279886142, 3823587009, 3823587011, 3823587017, 3823587020, 2960308565, 3823587019, 2960308646, 307924211, 2930525549, 3823587185, 3823587210, 3823587220, 3823587253, 3823587248, 3823587317, 3823587310, 3823587282, 3823587342, 4576610061, 3823587356, 3823587391, 3823587451, 3823587493, 3823587536, 3823587547, 3823587702, 3823587776, 3823587815, 3823587830, 3823587843, 3823587865, 3823587893, 3823588079, 11230505734, 436393823, 11230505656]","[[3824954278, 5281044431], [5281044431, 3819769960], [3819769960, 3824954348], [3824954348, 3279011105], [3279011105, 3824954514], [3824954514, 5281445624], [5281445624, 10682009302], [10682009302, 10682009300], [10682009300, 10682009301], [10682009301, 3823587288], [3823587288, 3823587235], [3823587235, 3823587223], [3823587223, 3823587183], [3823587183, 3823587174], [3823587174, 3823587072], [3823587072, 3823587034], [3823587034, 437007224], [437007224, 5279886144], [5279886144, 5279886142], [5279886142, 3823587009], [3823587009, 3823587011], [3823587011, 3823587017], [3823587017, 3823587020], [3823587020, 2960308565], [2960308565, 3823587019], [3823587019, 2960308646], [2960308646, 307924211], [307924211, 2930525549], [2930525549, 3823587185], [3823587185, 3823587210], [3823587210, 3823587220], [3823587220, 3823587253], [3823587253, 3823587248], [3823587248, 3823587317], [3823587317, 3823587310], [3823587310, 3823587282], [3823587282, 3823587342], [3823587342, 4576610061], [4576610061, 3823587356], [3823587356, 3823587391], [3823587391, 3823587451], [3823587451, 3823587493], [3823587493, 3823587536], [3823587536, 3823587547], [3823587547, 3823587702], [3823587702, 3823587776], [3823587776, 3823587815], [3823587815, 3823587830], [3823587830, 3823587843], [3823587843, 3823587865], [3823587865, 3823587893], [3823587893, 3823588079], [3823588079, 11230505734], [11230505734, 436393823], [436393823, 11230505656]]",56,55,1756.73,0,0,0.0,0,0.0,0,0.0,2,3.816,2,3.816,0.002172
od_721,독바위,6호선,126.933031,37.618456,pedestrian_support_point,갈현중앙시장,서울특별시 은평구 갈현동  389-14,126.919,37.6234,1354.795,3824954278,353193935,2.93341759236071,9.631013197935268,PASS,od_721_baseline,baseline,"[3824954278, 5281044431, 3819769960, 3824954348, 3279011105, 3824954514, 5281445624, 10682009302, 10682009300, 10682009301, 3823587288, 3823587235, 3823587223, 3823587183, 3823587174, 3823587072, 3823587034, 437007224, 5279886144, 5279886142, 3823587009, 3823587011, 3823587017, 3823587020, 2960308565, 3823587019, 2960308646, 307924211, 2930525549, 3823587185, 3823587210, 3823587220, 3823587253, 3823587248, 3823587317, 3823587310, 3823587282, 3823587342, 4576610061, 3823587356, 3823587391, 3823587451, 3823587493, 3823587536, 3823587547, 3823587702, 3823587776, 3823587815, 3823587830, 3823587843, 3823587865, 3823587893, 3823588079, 11230505734, 436393823, 353193935]","[[3824954278, 5281044431], [5281044431, 3819769960], [3819769960, 3824954348], [3824954348, 3279011105], [3279011105, 3824954514], [3824954514, 5281445624], [5281445624, 10682009302], [10682009302, 10682009300], [10682009300, 10682009301], [10682009301, 3823587288], [3823587288, 3823587235], [3823587235, 3823587223], [3823587223, 3823587183], [3823587183, 3823587174], [3823587174, 3823587072], [3823587072, 3823587034], [3823587034, 437007224], [437007224, 5279886144], [5279886144, 5279886142], [5279886142, 3823587009], [3823587009, 3823587011], [3823587011, 3823587017], [3823587017, 3823587020], [3823587020, 2960308565], [2960308565, 3823587019], [3823587019, 2960308646], [2960308646, 307924211], [307924211, 2930525549], [2930525549, 3823587185], [3823587185, 3823587210], [3823587210, 3823587220], [3823587220, 3823587253], [3823587253, 3823587248], [3823587248, 3823587317], [3823587317, 3823587310], [3823587310, 3823587282], [3823587282, 3823587342], [3823587342, 4576610061], [4576610061, 3823587356], [3823587356, 3823587391], [3823587391, 3823587451], [3823587451, 3823587493], [3823587493, 3823587536], [3823587536, 3823587547], [3823587547, 3823587702], [3823587702, 3823587776], [3823587776, 3823587815], [3823587815, 3823587830], [3823587830, 3823587843], [3823587843, 3823587865], [3823587865, 3823587893], [3823587893, 3823588079], [3823588079, 11230505734], [11230505734, 436393823], [436393823, 353193935]]",56,55,1796.46,0,0,0.0,0,0.0,0,0.0,2,3.816,2,3.816,0.002124
od_658,독바위,6호선,126.933031,37.618456,pedestrian_support_point,연갈현공판장후문,서울특별시 은평구 갈현동  420-5,126.9191,37.6232,1337.839,3824954278,353193935,2.93341759236071,19.844007280952493,PASS,od_658_baseline,baseline,"[3824954278, 5281044431, 3819769960, 3824954348, 3279011105, 3824954514, 5281445624, 10682009302, 10682009300, 10682009301, 3823587288, 3823587235, 3823587223, 3823587183, 3823587174, 3823587072, 3823587034, 437007224, 5279886144, 5279886142, 3823587009, 3823587011, 3823587017, 3823587020, 2960308565, 3823587019, 2960308646, 307924211, 2930525549, 3823587185, 3823587210, 3823587220, 3823587253, 3823587248, 3823587317, 3823587310, 3823587282, 3823587342, 4576610061, 3823587356, 3823587391, 3823587451, 3823587493, 3823587536, 3823587547, 3823587702, 3823587776, 3823587815, 3823587830, 3823587843, 3823587865, 3823587893, 3823588079, 11230505734, 436393823, 353193935]","[[3824954278, 5281044431], [5281044431, 3819769960], [3819769960, 3824954348], [3824954348, 3279011105], [3279011105, 3824954514], [3824954514, 5281445624], [5281445624, 10682009302], [10682009302, 10682009300], [10682009300, 10682009301], [10682009301, 3823587288], [3823587288, 3823587235], [3823587235, 3823587223], [3823587223, 3823587183], [3823587183, 3823587174], [3823587174, 3823587072], [3823587072, 3823587034], [3823587034, 437007224], [437007224, 5279886144], [5279886144, 5279886142], [5279886142, 3823587009], [3823587009, 3823587011], [3823587011, 3823587017], [3823587017, 3823587020], [3823587020, 2960308565], [2960308565, 3823587019], [3823587019, 2960308646], [2960308646, 307924211], [307924211, 2930525549], [2930525549, 3823587185], [3823587185, 3823587210], [3823587210, 3823587220], [3823587220, 3823587253], [3823587253, 3823587248], [3823587248, 3823587317], [3823587317, 3823587310], [3823587310, 3823587282], [3823587282, 3823587342], [3823587342, 4576610061], [4576610061, 3823587356], [3823587356, 3823587391], [3823587391, 3823587451], [3823587451, 3823587493], [3823587493, 3823587536], [3823587536, 3823587547], [3823587547, 3823587702], [3823587702, 3823587776], [3823587776, 3823587815], [3823587815, 3823587830], [3823587830, 3823587843], [3823587843, 3823587865], [3823587865, 3823587893], [3823587893, 3823588079], [3823588079, 11230505734], [11230505734, 436393823], [436393823, 353193935]]",56,55,1796.46,0,0,0.0,0,0.0,0,0.0,2,3.816,2,3.816,0.002124
od_595,독바위,6호선,126.933031,37.618456,pedestrian_support_point,빗물받이,서울특별시 은평구 갈현로 294,126.9183,37.6234,1411.519,3824954278,3823587768,2.93341759236071,31.066401690461696,PASS,od_595_baseline,baseline,"[3824954278, 5281044431, 3819769960, 3824954348, 3279011105, 3824954514, 5281445624, 10682009302, 10682009300, 10682009301, 3823587288, 3823587235, 3823587223, 3823587183, 3823587174, 3823587072, 3823587034, 437007224, 5279886144, 5279886142, 3823587009, 3823587011, 3823587017, 3823587020, 2960308565, 3823587019, 2960308646, 307924211, 2930525549, 3823587185, 3823587210, 3823587220, 3823587253, 3823587248, 3823587317, 3823587310, 3823587282, 3823587342, 4576610061, 3823587356, 3823587391, 3823587451, 3823587493, 3823587536, 3823587547, 3823587702, 3823587776, 3823587815, 3823587830, 3823587843, 3823587865, 3823587893, 3823588079, 11230505734, 436393823, 353193935, 3823587768]","[[3824954278, 5281044431], [5281044431, 3819769960], [3819769960, 3824954348], [3824954348, 3279011105], [3279011105, 3824954514], [3824954514, 5281445624], [5281445624, 10682009302], [10682009302, 10682009300], [10682009300, 10682009301], [10682009301, 3823587288], [3823587288, 3823587235], [3823587235, 3823587223], [3823587223, 3823587183], [3823587183, 3823587174], [3823587174, 3823587072], [3823587072, 3823587034], [3823587034, 437007224], [437007224, 5279886144], [5279886144, 5279886142], [5279886142, 3823587009], [3823587009, 3823587011], [3823587011, 3823587017], [3823587017, 3823587020], [3823587020, 2960308565], [2960308565, 3823587019], [3823587019, 2960308646], [2960308646, 307924211], [307924211, 2930525549], [2930525549, 3823587185], [3823587185, 3823587210], [3823587210, 3823587220], [3823587220, 3823587253], [3823587253, 3823587248], [3823587248, 3823587317], [3823587317, 3823587310], [3823587310, 3823587282], [3823587282, 3823587342], [3823587342, 4576610061], [4576610061, 3823587356], [3823587356, 3823587391], [3823587391, 3823587451], [3823587451, 3823587493], [3823587493, 3823587536], [3823587536, 3823587547], [3823587547, 3823587702], [3823587702, 3823587776], [3823587776, 3823587815], [3823587815, 3823587830], [3823587830, 3823587843], [3823587843, 3823587865], [3823587865, 3823587893], [3823587893, 3823588079], [3823588079, 11230505734], [11230505734, 436393823], [436393823, 353193935], [353193935, 3823587768]]",57,56,1836.445,0,0,0.0,0,0.0,0,0.0,2,3.816,2,3.816,0.002078
od_724,독바위,6호선,126.933031,37.618456,pedestrian_support_point,갈현중앙시장,서울특별시 은평구 통일로87길 12,126.9184,37.6235,1407.766,3824954278,3823587768,2.93341759236071,25.848653140261955,PASS,od_724_baseline,baseline,"[3824954278, 5281044431, 3819769960, 3824954348, 3279011105, 3824954514, 5281445624, 10682009302, 10682009300, 10682009301, 3823587288, 3823587235, 3823587223, 3823587183, 3823587174, 3823587072, 3823587034, 437007224, 5279886144, 5279886142, 3823587009, 3823587011, 3823587017, 3823587020, 2960308565, 3823587019, 2960308646, 307924211, 2930525549, 3823587185, 3823587210, 3823587220, 3823587253, 3823587248, 3823587317, 3823587310, 3823587282, 3823587342, 4576610061, 3823587356, 3823587391, 3823587451, 3823587493, 3823587536, 3823587547, 3823587702, 3823587776, 3823587815, 3823587830, 3823587843, 3823587865, 3823587893, 3823588079, 11230505734, 436393823, 353193935, 3823587768]","[[3824954278, 5281044431], [5281044431, 3819769960], [3819769960, 3824954348], [3824954348, 3279011105], [3279011105, 3824954514], [3824954514, 5281445624], [5281445624, 10682009302], [10682009302, 10682009300], [10682009300, 10682009301], [10682009301, 3823587288], [3823587288, 3823587235], [3823587235, 3823587223], [3823587223, 3823587183], [3823587183, 3823587174], [3823587174, 3823587072], [3823587072, 3823587034], [3823587034, 437007224], [437007224, 5279886144], [5279886144, 5279886142], [5279886142, 3823587009], [3823587009, 3823587011], [3823587011, 3823587017], [3823587017, 3823587020], [3823587020, 2960308565], [2960308565, 3823587019], [3823587019, 2960308646], [2960308646, 307924211], [307924211, 2930525549], [2930525549, 3823587185], [3823587185, 3823587210], [3823587210, 3823587220], [3823587220, 3823587253], [3823587253, 3823587248], [3823587248, 3823587317], [3823587317, 3823587310], [3823587310, 3823587282], [3823587282, 3823587342], [3823587342, 4576610061], [4576610061, 3823587356], [3823587356, 3823587391], [3823587391, 3823587451], [3823587451, 3823587493], [3823587493, 3823587536], [3823587536, 3823587547], [3823587547, 3823587702], [3823587702, 3823587776], [3823587776, 3823587815], [3823587815, 3823587830], [3823587830, 3823587843], [3823587843, 3823587865], [3823587865, 3823587893], [3823587893, 3823588079], [3823588079, 11230505734], [11230505734, 436393823], [436393823, 353193935], [353193935, 3823587768]]",57,56,1836.445,0,0,0.0,0,0.0,0,0.0,2,3.816,2,3.816,0.002078
od_572,독바위,6호선,126.933031,37.618456,pedestrian_support_point,빗물받이,서울특별시 은평구 갈현로 294,126.9186,37.6234,1387.156,3824954278,3823587768,2.93341759236071,5.049612704556835,PASS,od_572_baseline,baseline,"[3824954278, 5281044431, 3819769960, 3824954348, 3279011105, 3824954514, 5281445624, 10682009302, 10682009300, 10682009301, 3823587288, 3823587235, 3823587223, 3823587183, 3823587174, 3823587072, 3823587034, 437007224, 5279886144, 5279886142, 3823587009, 3823587011, 3823587017, 3823587020, 2960308565, 3823587019, 2960308646, 307924211, 2930525549, 3823587185, 3823587210, 3823587220, 3823587253, 3823587248, 3823587317, 3823587310, 3823587282, 3823587342, 4576610061, 3823587356, 3823587391, 3823587451, 3823587493, 3823587536, 3823587547, 3823587702, 3823587776, 3823587815, 3823587830, 3823587843, 3823587865, 3823587893, 3823588079, 11230505734, 436393823, 353193935, 3823587768]","[[3824954278, 5281044431], [5281044431, 3819769960], [3819769960, 3824954348], [3824954348, 3279011105], [3279011105, 3824954514], [3824954514, 5281445624], [5281445624, 10682009302], [10682009302, 10682009300], [10682009300, 10682009301], [10682009301, 3823587288], [3823587288, 3823587235], [3823587235, 3823587223], [3823587223, 3823587183], [3823587183, 3823587174], [3823587174, 3823587072], [3823587072, 3823587034], [3823587034, 437007224], [437007224, 5279886144], [5279886144, 5279886142], [5279886142, 3823587009], [3823587009, 3823587011], [3823587011, 3823587017], [3823587017, 3823587020], [3823587020, 2960308565], [2960308565, 3823587019], [3823587019, 2960308646], [2960308646, 307924211], [307924211, 2930525549], [2930525549, 3823587185], [3823587185, 3823587210], [3823587210, 3823587220], [3823587220, 3823587253], [3823587253, 3823587248], [3823587248, 3823587317], [3823587317, 3823587310], [3823587310, 3823587282], [3823587282, 3823587342], [3823587342, 4576610061], [4576610061, 3823587356], [3823587356, 3823587391], [3823587391, 3823587451], [3823587451, 3823587493], [3823587493, 3823587536], [3823587536, 3823587547], [3823587547, 3823587702], [3823587702, 3823587776], [3823587776, 3823587815], [3823587815, 3823587830], [3823587830, 3823587843], [3823587843, 3823587865], [3823587865, 3823587893], [3823587893, 3823588079], [3823588079, 11230505734], [11230505734, 436393823], [436393823, 353193935], [353193935, 3823587768]]",57,56,1836.445,0,0,0.0,0,0.0,0,0.0,2,3.816,2,3.816,0.002078
od_591,독바위,6호선,126.933031,37.618456,pedestrian_support_point,빗물받이,서울특별시 은평구 갈현동  389-14,126.9187,37.6234,1379.052,3824954278,3823587768,2.93341759236071,4.748801686835443,PASS,od_591_baseline,baseline,"[3824954278, 5281044431, 3819769960, 3824954348, 3279011105, 3824954514, 5281445624, 10682009302, 10682009300, 10682009301, 3823587288, 3823587235, 3823587223, 3823587183, 3823587174, 3823587072, 3823587034, 437007224, 5279886144, 5279886142, 3823587009, 3823587011, 3823587017, 3823587020, 2960308565, 3823587019, 2960308646, 307924211, 2930525549, 3823587185, 3823587210, 3823587220, 3823587253, 3823587248, 3823587317, 3823587310, 3823587282, 3823587342, 4576610061, 3823587356, 3823587391, 3823587451, 3823587493, 3823587536, 3823587547, 3823587702, 3823587776, 3823587815, 3823587830, 3823587843, 3823587865, 3823587893, 3823588079, 11230505734, 436393823, 353193935, 3823587768]","[[3824954278, 5281044431], [5281044431, 3819769960], [3819769960, 3824954348], [3824954348, 3279011105], [3279011105, 3824954514], [3824954514, 5281445624], [5281445624, 10682009302], [10682009302, 10682009300], [10682009300, 10682009301], [10682009301, 3823587288], [3823587288, 3823587235], [3823587235, 3823587223], [3823587223, 3823587183], [3823587183, 3823587174], [3823587174, 3823587072], [3823587072, 3823587034], [3823587034, 437007224], [437007224, 5279886144], [5279886144, 5279886142], [5279886142, 3823587009], [3823587009, 3823587011], [3823587011, 3823587017], [3823587017, 3823587020], [3823587020, 2960308565], [2960308565, 3823587019], [3823587019, 2960308646], [2960308646, 307924211], [307924211, 2930525549], [2930525549, 3823587185], [3823587185, 3823587210], [3823587210, 3823587220], [3823587220, 3823587253], [3823587253, 3823587248], [3823587248, 3823587317], [3823587317, 3823587310], [3823587310, 3823587282], [3823587282, 3823587342], [3823587342, 4576610061], [4576610061, 3823587356], [3823587356, 3823587391], [3823587391, 3823587451], [3823587451, 3823587493], [3823587493, 3823587536], [3823587536, 3823587547], [3823587547, 3823587702], [3823587702, 3823587776], [3823587776, 3823587815], [3823587815, 3823587830], [3823587830, 3823587843], [3823587843, 3823587865], [3823587865, 3823587893], [3823587893, 3823588079], [3823588079, 11230505734], [11230505734, 436393823], [436393823, 353193935], [353193935, 3823587768]]",57,56,1836.445,0,0,0.0,0,0.0,0,0.0,2,3.816,2,3.816,0.002078
od_496,독바위,6호선,126.933031,37.618456,mobility_facility,웰빙 누룽지 통닭구이,서울특별시 은평구 통일로 909,126.9197,37.6242,1338.472,3824954278,3823587935,2.93341759236071,14.683174459336284,PASS,od_496_baseline,baseline,"[3824954278, 5281044431, 3819769960, 3824954348, 3279011105, 3824954514, 5281445624, 10682009302, 10682009300, 10682009301, 3823587288, 3823587235, 3823587223, 3823587183, 3823587174, 3823587072, 3823587034, 437007224, 5279886144, 5279886142, 3823587009, 3823587011, 3823587017, 3823587020, 2960308565, 3823587019, 2960308646, 307924211, 2930525549, 3823587185, 3823587210, 3823587220, 3823587253, 3823587248, 3823587317, 3823587310, 3823587282, 3823587342, 4576610061, 3823587356, 3823587391, 3823587451, 3823587493, 3823587536, 3823587547, 3823587702, 3823587776, 3823587815, 3823587830, 3823587843, 3823587865, 3823587893, 3823588079, 11230505734, 436393823, 11230505656, 3823587930, 3823587935]","[[3824954278, 5281044431], [5281044431, 3819769960], [3819769960, 3824954348], [3824954348, 3279011105], [3279011105, 3824954514], [3824954514, 5281445624], [5281445624, 10682009302], [10682009302, 10682009300], [10682009300, 10682009301], [10682009301, 3823587288], [3823587288, 3823587235], [3823587235, 3823587223], [3823587223, 3823587183], [3823587183, 3823587174], [3823587174, 3823587072], [3823587072, 3823587034], [3823587034, 437007224], [437007224, 5279886144], [5279886144, 5279886142], [5279886142, 3823587009], [3823587009, 3823587011], [3823587011, 3823587017], [3823587017, 3823587020], [3823587020, 2960308565], [2960308565, 3823587019], [3823587019, 2960308646], [2960308646, 307924211], [307924211, 2930525549], [2930525549, 3823587185], [3823587185, 3823587210], [3823587210, 3823587220], [3823587220, 3823587253], [3823587253, 3823587248], [3823587248, 3823587317], [3823587317, 3823587310], [3823587310, 3823587282], [3823587282, 3823587342], [3823587342, 4576610061], [4576610061, 3823587356], [3823587356, 3823587391], [3823587391, 3823587451], [3823587451, 3823587493], [3823587493, 3823587536], [3823587536, 3823587547], [3823587547, 3823587702], [3823587702, 3823587776], [3823587776, 3823587815], [3823587815, 3823587830], [3823587830, 3823587843], [3823587843, 3823587865], [3823587865, 3823587893], [3823587893, 3823588079], [3823588079, 11230505734], [11230505734, 436393823], [436393823, 11230505656], [11230505656, 3823587930], [3823587930, 3823587935]]",58,57,1844.95,0,0,0.0,0,0.0,0,0.0,2,3.816,2,3.816,0.002068
od_556,독바위,6호선,126.933031,37.618456,mobility_facility,한마음1호공동생활가정,서울특별시 은평구 통일로89길 5-7,126.9193,37.6243,1374.825,3824954278,3823588091,2.93341759236071,25.3510603626517,PASS,od_556_baseline,baseline,"[3824954278, 5281044431, 3819769960, 3824954348, 3279011105, 3824954514, 5281445624, 10682009302, 10682009300, 10682009301, 3823587288, 3823587235, 3823587223, 3823587183, 3823587174, 3823587072, 3823587034, 437007224, 5279886144, 5279886142, 3823587009, 3823587011, 3823587017, 3823587020, 2960308565, 3823587019, 2960308646, 307924211, 2930525549, 3823587185, 3823587210, 3823587220, 3823587253, 3823587248, 3823587317, 3823587310, 3823587282, 3823587342, 4576610061, 3823587356, 3823587391, 3823587451, 3823587493, 3823587536, 3823587547, 3823587702, 3823587776, 3823587815, 3823587830, 3823587843, 3823587865, 3823587893, 3823588079, 11230505734, 436393823, 11230505656, 3823587930, 3823587935, 3823588091]","[[3824954278, 5281044431], [5281044431, 3819769960], [3819769960, 3824954348], [3824954348, 3279011105], [3279011105, 3824954514], [3824954514, 5281445624], [5281445624, 10682009302], [10682009302, 10682009300], [10682009300, 10682009301], [10682009301, 3823587288], [3823587288, 3823587235], [3823587235, 3823587223], [3823587223, 3823587183], [3823587183, 3823587174], [3823587174, 3823587072], [3823587072, 3823587034], [3823587034, 437007224], [437007224, 5279886144], [5279886144, 5279886142], [5279886142, 3823587009], [3823587009, 3823587011], [3823587011, 3823587017], [3823587017, 3823587020], [3823587020, 2960308565], [2960308565, 3823587019], [3823587019, 2960308646], [2960308646, 307924211], [307924211, 2930525549], [2930525549, 3823587185], [3823587185, 3823587210], [3823587210, 3823587220], [3823587220, 3823587253], [3823587253, 3823587248], [3823587248, 3823587317], [3823587317, 3823587310], [3823587310, 3823587282], [3823587282, 3823587342], [3823587342, 4576610061], [4576610061, 3823587356], [3823587356, 3823587391], [3823587391, 3823587451], [3823587451, 3823587493], [3823587493, 3823587536], [3823587536, 3823587547], [3823587547, 3823587702], [3823587702, 3823587776], [3823587776, 3823587815], [3823587815, 3823587830], [3823587830, 3823587843], [3823587843, 3823587865], [3823587865, 3823587893], [3823587893, 3823588079], [3823588079, 11230505734], [11230505734, 436393823], [436393823, 11230505656], [11230505656, 3823587930], [3823587930, 3823587935], [3823587935, 3823588091]]",59,58,1869.436,0,0,0.0,0,0.0,0,0.0,2,3.816,2,3.816,0.002041
od_523,독바위,6호선,126.933031,37.618456,mobility_facility,일등공인중개사사무소,서울특별시 은평구 통일로 911,126.9196,37.6245,1362.322,3824954278,3823588091,2.93341759236071,18.376380366479797,PASS,od_523_baseline,baseline,"[3824954278, 5281044431, 3819769960, 3824954348, 3279011105, 3824954514, 5281445624, 10682009302, 10682009300, 10682009301, 3823587288, 3823587235, 3823587223, 3823587183, 3823587174, 3823587072, 3823587034, 437007224, 5279886144, 5279886142, 3823587009, 3823587011, 3823587017, 3823587020, 2960308565, 3823587019, 2960308646, 307924211, 2930525549, 3823587185, 3823587210, 3823587220, 3823587253, 3823587248, 3823587317, 3823587310, 3823587282, 3823587342, 4576610061, 3823587356, 3823587391, 3823587451, 3823587493, 3823587536, 3823587547, 3823587702, 3823587776, 3823587815, 3823587830, 3823587843, 3823587865, 3823587893, 3823588079, 11230505734, 436393823, 11230505656, 3823587930, 3823587935, 3823588091]","[[3824954278, 5281044431], [5281044431, 3819769960], [3819769960, 3824954348], [3824954348, 3279011105], [3279011105, 3824954514], [3824954514, 5281445624], [5281445624, 10682009302], [10682009302, 10682009300], [10682009300, 10682009301], [10682009301, 3823587288], [3823587288, 3823587235], [3823587235, 3823587223], [3823587223, 3823587183], [3823587183, 3823587174], [3823587174, 3823587072], [3823587072, 3823587034], [3823587034, 437007224], [437007224, 5279886144], [5279886144, 5279886142], [5279886142, 3823587009], [3823587009, 3823587011], [3823587011, 3823587017], [3823587017, 3823587020], [3823587020, 2960308565], [2960308565, 3823587019], [3823587019, 2960308646], [2960308646, 307924211], [307924211, 2930525549], [2930525549, 3823587185], [3823587185, 3823587210], [3823587210, 3823587220], [3823587220, 3823587253], [3823587253, 3823587248], [3823587248, 3823587317], [3823587317, 3823587310], [3823587310, 3823587282], [3823587282, 3823587342], [3823587342, 4576610061], [4576610061, 3823587356], [3823587356, 3823587391], [3823587391, 3823587451], [3823587451, 3823587493], [3823587493, 3823587536], [3823587536, 3823587547], [3823587547, 3823587702], [3823587702, 3823587776], [3823587776, 3823587815], [3823587815, 3823587830], [3823587830, 3823587843], [3823587843, 3823587865], [3823587865, 3823587893], [3823587893, 3823588079], [3823588079, 11230505734], [11230505734, 436393823], [436393823, 11230505656], [11230505656, 3823587930], [3823587930, 3823587935], [3823587935, 3823588091]]",59,58,1869.436,0,0,0.0,0,0.0,0,0.0,2,3.816,2,3.816,0.002041
od_550,독바위,6호선,126.933031,37.618456,mobility_facility,일등공신중개사사무소,서울특별시 은평구 통일로 911,126.9197,37.6244,1349.184,3824954278,3823588091,2.93341759236071,12.472714117925907,PASS,od_550_baseline,baseline,"[3824954278, 5281044431, 3819769960, 3824954348, 3279011105, 3824954514, 5281445624, 10682009302, 10682009300, 10682009301, 3823587288, 3823587235, 3823587223, 3823587183, 3823587174, 3823587072, 3823587034, 437007224, 5279886144, 5279886142, 3823587009, 3823587011, 3823587017, 3823587020, 2960308565, 3823587019, 2960308646, 307924211, 2930525549, 3823587185, 3823587210, 3823587220, 3823587253, 3823587248, 3823587317, 3823587310, 3823587282, 3823587342, 4576610061, 3823587356, 3823587391, 3823587451, 3823587493, 3823587536, 3823587547, 3823587702, 3823587776, 3823587815, 3823587830, 3823587843, 3823587865, 3823587893, 3823588079, 11230505734, 436393823, 11230505656, 3823587930, 3823587935, 3823588091]","[[3824954278, 5281044431], [5281044431, 3819769960], [3819769960, 3824954348], [3824954348, 3279011105], [3279011105, 3824954514], [3824954514, 5281445624], [5281445624, 10682009302], [10682009302, 10682009300], [10682009300, 10682009301], [10682009301, 3823587288], [3823587288, 3823587235], [3823587235, 3823587223], [3823587223, 3823587183], [3823587183, 3823587174], [3823587174, 3823587072], [3823587072, 3823587034], [3823587034, 437007224], [437007224, 5279886144], [5279886144, 5279886142], [5279886142, 3823587009], [3823587009, 3823587011], [3823587011, 3823587017], [3823587017, 3823587020], [3823587020, 2960308565], [2960308565, 3823587019], [3823587019, 2960308646], [2960308646, 307924211], [307924211, 2930525549], [2930525549, 3823587185], [3823587185, 3823587210], [3823587210, 3823587220], [3823587220, 3823587253], [3823587253, 3823587248], [3823587248, 3823587317], [3823587317, 3823587310], [3823587310, 3823587282], [3823587282, 3823587342], [3823587342, 4576610061], [4576610061, 3823587356], [3823587356, 3823587391], [3823587391, 3823587451], [3823587451, 3823587493], [3823587493, 3823587536], [3823587536, 3823587547], [3823587547, 3823587702], [3823587702, 3823587776], [3823587776, 3823587815], [3823587815, 3823587830], [3823587830, 3823587843], [3823587843, 3823587865], [3823587865, 3823587893], [3823587893, 3823588079], [3823588079, 11230505734], [11230505734, 436393823], [436393823, 11230505656], [11230505656, 3823587930], [3823587930, 3823587935], [3823587935, 3823588091]]",59,58,1869.436,0,0,0.0,0,0.0,0,0.0,2,3.816,2,3.816,0.002041
od_518,독바위,6호선,126.933031,37.618456,mobility_facility,3s인테리어필림,서울특별시 은평구 통일로 911,126.9197,37.6245,1354.645,3824954278,436393825,2.93341759236071,18.430247599889487,PASS,od_518_baseline,baseline,"[3824954278, 5281044431, 3819769960, 3824954348, 3279011105, 3824954514, 5281445624, 10682009302, 10682009300, 10682009301, 3823587288, 3823587235, 3823587223, 3823587183, 3823587174, 3823587072, 3823587034, 437007224, 5279886144, 5279886142, 3823587009, 3823587011, 3823587017, 3823587020, 2960308565, 3823587019, 2960308646, 307924211, 2930525549, 3823587185, 3823587210, 3823587220, 3823587253, 3823587248, 3823587317, 3823587310, 3823587282, 3823587342, 4576610061, 3823587356, 3823587391, 3823587451, 3823587493, 3823587536, 3823587547, 3823587702, 3823587776, 3823587815, 3823587830, 3823587843, 3823587865, 3823587893, 3823588079, 11230505734, 436393823, 11230505656, 3823587930, 11296481778, 436393825]","[[3824954278, 5281044431], [5281044431, 3819769960], [3819769960, 3824954348], [3824954348, 3279011105], [3279011105, 3824954514], [3824954514, 5281445624], [5281445624, 10682009302], [10682009302, 10682009300], [10682009300, 10682009301], [10682009301, 3823587288], [3823587288, 3823587235], [3823587235, 3823587223], [3823587223, 3823587183], [3823587183, 3823587174], [3823587174, 3823587072], [3823587072, 3823587034], [3823587034, 437007224], [437007224, 5279886144], [5279886144, 5279886142], [5279886142, 3823587009], [3823587009, 3823587011], [3823587011, 3823587017], [3823587017, 3823587020], [3823587020, 2960308565], [2960308565, 3823587019], [3823587019, 2960308646], [2960308646, 307924211], [307924211, 2930525549], [2930525549, 3823587185], [3823587185, 3823587210], [3823587210, 3823587220], [3823587220, 3823587253], [3823587253, 3823587248], [3823587248, 3823587317], [3823587317, 3823587310], [3823587310, 3823587282], [3823587282, 3823587342], [3823587342, 4576610061], [4576610061, 3823587356], [3823587356, 3823587391], [3823587391, 3823587451], [3823587451, 3823587493], [3823587493, 3823587536], [3823587536, 3823587547], [3823587547, 3823587702], [3823587702, 3823587776], [3823587776, 3823587815], [3823587815, 3823587830], [3823587830, 3823587843], [3823587843, 3823587865], [3823587865, 3823587893], [3823587893, 3823588079], [3823588079, 11230505734], [11230505734, 436393823], [436393823, 11230505656], [11230505656, 3823587930], [3823587930, 11296481778], [11296481778, 436393825]]",59,58,1872.697,0,0,0.0,0,0.0,0,0.0,2,3.816,2,3.816,0.002038
od_547,독바위,6호선,126.933031,37.618456,mobility_facility,기원주간보호센터,서울특별시 은평구 통일로87길 6-19,126.9188,37.6239,1394.093,3824954278,3823587909,2.93341759236071,13.34688710731676,PASS,od_547_baseline,baseline,"[3824954278, 5281044431, 3819769960, 3824954348, 3279011105, 3824954514, 5281445624, 10682009302, 10682009300, 10682009301, 3823587288, 3823587235, 3823587223, 3823587183, 3823587174, 3823587072, 3823587034, 437007224, 5279886144, 5279886142, 3823587009, 3823587011, 3823587017, 3823587020, 2960308565, 3823587019, 2960308646, 307924211, 2930525549, 3823587185, 3823587210, 3823587220, 3823587253, 3823587248, 3823587317, 3823587310, 3823587282, 3823587342, 4576610061, 3823587356, 3823587391, 3823587451, 3823587493, 3823587536, 3823587547, 3823587702, 3823587776, 3823587815, 3823587830, 3823587843, 3823587865, 3823587893, 3823588079, 11230505734, 436393823, 353193935, 3823587899, 3823587909]","[[3824954278, 5281044431], [5281044431, 3819769960], [3819769960, 3824954348], [3824954348, 3279011105], [3279011105, 3824954514], [3824954514, 5281445624], [5281445624, 10682009302], [10682009302, 10682009300], [10682009300, 10682009301], [10682009301, 3823587288], [3823587288, 3823587235], [3823587235, 3823587223], [3823587223, 3823587183], [3823587183, 3823587174], [3823587174, 3823587072], [3823587072, 3823587034], [3823587034, 437007224], [437007224, 5279886144], [5279886144, 5279886142], [5279886142, 3823587009], [3823587009, 3823587011], [3823587011, 3823587017], [3823587017, 3823587020], [3823587020, 2960308565], [2960308565, 3823587019], [3823587019, 2960308646], [2960308646, 307924211], [307924211, 2930525549], [2930525549, 3823587185], [3823587185, 3823587210], [3823587210, 3823587220], [3823587220, 3823587253], [3823587253, 3823587248], [3823587248, 3823587317], [3823587317, 3823587310], [3823587310, 3823587282], [3823587282, 3823587342], [3823587342, 4576610061], [4576610061, 3823587356], [3823587356, 3823587391], [3823587391, 3823587451], [3823587451, 3823587493], [3823587493, 3823587536], [3823587536, 3823587547], [3823587547, 3823587702], [3823587702, 3823587776], [3823587776, 3823587815], [3823587815, 3823587830], [3823587830, 3823587843], [3823587843, 3823587865], [3823587865, 3823587893], [3823587893, 3823588079], [3823588079, 11230505734], [11230505734, 436393823], [436393823, 353193935], [353193935, 3823587899], [3823587899, 3823587909]]",58,57,1903.178,0,0,0.0,0,0.0,0,0.0,2,3.816,2,3.816,0.002005
od_588,독바위,6호선,126.933031,37.618456,pedestrian_support_point,빗물받이,서울특별시 은평구 갈현로 294,126.9175,37.6235,1481.004,3824954278,353194381,2.93341759236071,27.312011346208195,PASS,od_588_baseline,baseline,"[3824954278, 5281044431, 3819769960, 3824954348, 3279011105, 3824954514, 5281445624, 10682009302, 10682009300, 10682009301, 3823587288, 3823587235, 3823587223, 3823587183, 3823587174, 3823587072, 3823587034, 437007224, 5279886144, 5279886142, 3823587009, 3823587011, 3823587017, 3823587020, 2960308565, 3823587019, 2960308646, 307924211, 2930525549, 3823587185, 3823587210, 3823587220, 3823587253, 3823587248, 3823587317, 3823587310, 3823587282, 3823587342, 4576610061, 3823587356, 3823587391, 3823587451, 3823587493, 3823587536, 3823587547, 3823587702, 3823587776, 3823587815, 3823587830, 3823587843, 3823587865, 3823587893, 3823588079, 11230505734, 436393823, 353193935, 3823587768, 353194381]","[[3824954278, 5281044431], [5281044431, 3819769960], [3819769960, 3824954348], [3824954348, 3279011105], [3279011105, 3824954514], [3824954514, 5281445624], [5281445624, 10682009302], [10682009302, 10682009300], [10682009300, 10682009301], [10682009301, 3823587288], [3823587288, 3823587235], [3823587235, 3823587223], [3823587223, 3823587183], [3823587183, 3823587174], [3823587174, 3823587072], [3823587072, 3823587034], [3823587034, 437007224], [437007224, 5279886144], [5279886144, 5279886142], [5279886142, 3823587009], [3823587009, 3823587011], [3823587011, 3823587017], [3823587017, 3823587020], [3823587020, 2960308565], [2960308565, 3823587019], [3823587019, 2960308646], [2960308646, 307924211], [307924211, 2930525549], [2930525549, 3823587185], [3823587185, 3823587210], [3823587210, 3823587220], [3823587220, 3823587253], [3823587253, 3823587248], [3823587248, 3823587317], [3823587317, 3823587310], [3823587310, 3823587282], [3823587282, 3823587342], [3823587342, 4576610061], [4576610061, 3823587356], [3823587356, 3823587391], [3823587391, 3823587451], [3823587451, 3823587493], [3823587493, 3823587536], [3823587536, 3823587547], [3823587547, 3823587702], [3823587702, 3823587776], [3823587776, 3823587815], [3823587815, 3823587830], [3823587830, 3823587843], [3823587843, 3823587865], [3823587865, 3823587893], [3823587893, 3823588079], [3823588079, 11230505734], [11230505734, 436393823], [436393823, 353193935], [353193935, 3823587768], [3823587768, 353194381]]",58,57,1912.794,0,0,0.0,0,0.0,0,0.0,2,3.816,2,3.816,0.001995
od_433,독바위,6호선,126.933031,37.618456,mobility_facility,유호루하스공인중개사사무소,서울특별시 은평구 갈현로 300,126.9175,37.6235,1481.004,3824954278,353194381,2.93341759236071,27.312011346208195,PASS,od_433_baseline,baseline,"[3824954278, 5281044431, 3819769960, 3824954348, 3279011105, 3824954514, 5281445624, 10682009302, 10682009300, 10682009301, 3823587288, 3823587235, 3823587223, 3823587183, 3823587174, 3823587072, 3823587034, 437007224, 5279886144, 5279886142, 3823587009, 3823587011, 3823587017, 3823587020, 2960308565, 3823587019, 2960308646, 307924211, 2930525549, 3823587185, 3823587210, 3823587220, 3823587253, 3823587248, 3823587317, 3823587310, 3823587282, 3823587342, 4576610061, 3823587356, 3823587391, 3823587451, 3823587493, 3823587536, 3823587547, 3823587702, 3823587776, 3823587815, 3823587830, 3823587843, 3823587865, 3823587893, 3823588079, 11230505734, 436393823, 353193935, 3823587768, 353194381]","[[3824954278, 5281044431], [5281044431, 3819769960], [3819769960, 3824954348], [3824954348, 3279011105], [3279011105, 3824954514], [3824954514, 5281445624], [5281445624, 10682009302], [10682009302, 10682009300], [10682009300, 10682009301], [10682009301, 3823587288], [3823587288, 3823587235], [3823587235, 3823587223], [3823587223, 3823587183], [3823587183, 3823587174], [3823587174, 3823587072], [3823587072, 3823587034], [3823587034, 437007224], [437007224, 5279886144], [5279886144, 5279886142], [5279886142, 3823587009], [3823587009, 3823587011], [3823587011, 3823587017], [3823587017, 3823587020], [3823587020, 2960308565], [2960308565, 3823587019], [3823587019, 2960308646], [2960308646, 307924211], [307924211, 2930525549], [2930525549, 3823587185], [3823587185, 3823587210], [3823587210, 3823587220], [3823587220, 3823587253], [3823587253, 3823587248], [3823587248, 3823587317], [3823587317, 3823587310], [3823587310, 3823587282], [3823587282, 3823587342], [3823587342, 4576610061], [4576610061, 3823587356], [3823587356, 3823587391], [3823587391, 3823587451], [3823587451, 3823587493], [3823587493, 3823587536], [3823587536, 3823587547], [3823587547, 3823587702], [3823587702, 3823587776], [3823587776, 3823587815], [3823587815, 3823587830], [3823587830, 3823587843], [3823587843, 3823587865], [3823587865, 3823587893], [3823587893, 3823588079], [3823588079, 11230505734], [11230505734, 436393823], [436393823, 353193935], [353193935, 3823587768], [3823587768, 353194381]]",58,57,1912.794,0,0,0.0,0,0.0,0,0.0,2,3.816,2,3.816,0.001995
od_581,독바위,6호선,126.933031,37.618456,pedestrian_support_point,빗물받이,서울특별시 은평구 갈현로 294,126.9177,37.6235,1464.673,3824954278,353194381,2.93341759236071,13.054287643648692,PASS,od_581_baseline,baseline,"[3824954278, 5281044431, 3819769960, 3824954348, 3279011105, 3824954514, 5281445624, 10682009302, 10682009300, 10682009301, 3823587288, 3823587235, 3823587223, 3823587183, 3823587174, 3823587072, 3823587034, 437007224, 5279886144, 5279886142, 3823587009, 3823587011, 3823587017, 3823587020, 2960308565, 3823587019, 2960308646, 307924211, 2930525549, 3823587185, 3823587210, 3823587220, 3823587253, 3823587248, 3823587317, 3823587310, 3823587282, 3823587342, 4576610061, 3823587356, 3823587391, 3823587451, 3823587493, 3823587536, 3823587547, 3823587702, 3823587776, 3823587815, 3823587830, 3823587843, 3823587865, 3823587893, 3823588079, 11230505734, 436393823, 353193935, 3823587768, 353194381]","[[3824954278, 5281044431], [5281044431, 3819769960], [3819769960, 3824954348], [3824954348, 3279011105], [3279011105, 3824954514], [3824954514, 5281445624], [5281445624, 10682009302], [10682009302, 10682009300], [10682009300, 10682009301], [10682009301, 3823587288], [3823587288, 3823587235], [3823587235, 3823587223], [3823587223, 3823587183], [3823587183, 3823587174], [3823587174, 3823587072], [3823587072, 3823587034], [3823587034, 437007224], [437007224, 5279886144], [5279886144, 5279886142], [5279886142, 3823587009], [3823587009, 3823587011], [3823587011, 3823587017], [3823587017, 3823587020], [3823587020, 2960308565], [2960308565, 3823587019], [3823587019, 2960308646], [2960308646, 307924211], [307924211, 2930525549], [2930525549, 3823587185], [3823587185, 3823587210], [3823587210, 3823587220], [3823587220, 3823587253], [3823587253, 3823587248], [3823587248, 3823587317], [3823587317, 3823587310], [3823587310, 3823587282], [3823587282, 3823587342], [3823587342, 4576610061], [4576610061, 3823587356], [3823587356, 3823587391], [3823587391, 3823587451], [3823587451, 3823587493], [3823587493, 3823587536], [3823587536, 3823587547], [3823587547, 3823587702], [3823587702, 3823587776], [3823587776, 3823587815], [3823587815, 3823587830], [3823587830, 3823587843], [3823587843, 3823587865], [3823587865, 3823587893], [3823587893, 3823588079], [3823588079, 11230505734], [11230505734, 436393823], [436393823, 353193935], [353193935, 3823587768], [3823587768, 353194381]]",58,57,1912.794,0,0,0.0,0,0.0,0,0.0,2,3.816,2,3.816,0.001995
od_441,독바위,6호선,126.933031,37.618456,mobility_facility,부동산친구공인중개사사무소,서울특별시 은평구 통일로87길 17,126.9177,37.6233,1456.335,3824954278,353194381,2.93341759236071,13.809131288868306,PASS,od_441_baseline,baseline,"[3824954278, 5281044431, 3819769960, 3824954348, 3279011105, 3824954514, 5281445624, 10682009302, 10682009300, 10682009301, 3823587288, 3823587235, 3823587223, 3823587183, 3823587174, 3823587072, 3823587034, 437007224, 5279886144, 5279886142, 3823587009, 3823587011, 3823587017, 3823587020, 2960308565, 3823587019, 2960308646, 307924211, 2930525549, 3823587185, 3823587210, 3823587220, 3823587253, 3823587248, 3823587317, 3823587310, 3823587282, 3823587342, 4576610061, 3823587356, 3823587391, 3823587451, 3823587493, 3823587536, 3823587547, 3823587702, 3823587776, 3823587815, 3823587830, 3823587843, 3823587865, 3823587893, 3823588079, 11230505734, 436393823, 353193935, 3823587768, 353194381]","[[3824954278, 5281044431], [5281044431, 3819769960], [3819769960, 3824954348], [3824954348, 3279011105], [3279011105, 3824954514], [3824954514, 5281445624], [5281445624, 10682009302], [10682009302, 10682009300], [10682009300, 10682009301], [10682009301, 3823587288], [3823587288, 3823587235], [3823587235, 3823587223], [3823587223, 3823587183], [3823587183, 3823587174], [3823587174, 3823587072], [3823587072, 3823587034], [3823587034, 437007224], [437007224, 5279886144], [5279886144, 5279886142], [5279886142, 3823587009], [3823587009, 3823587011], [3823587011, 3823587017], [3823587017, 3823587020], [3823587020, 2960308565], [2960308565, 3823587019], [3823587019, 2960308646], [2960308646, 307924211], [307924211, 2930525549], [2930525549, 3823587185], [3823587185, 3823587210], [3823587210, 3823587220], [3823587220, 3823587253], [3823587253, 3823587248], [3823587248, 3823587317], [3823587317, 3823587310], [3823587310, 3823587282], [3823587282, 3823587342], [3823587342, 4576610061], [4576610061, 3823587356], [3823587356, 3823587391], [3823587391, 3823587451], [3823587451, 3823587493], [3823587493, 3823587536], [3823587536, 3823587547], [3823587547, 3823587702], [3823587702, 3823587776], [3823587776, 3823587815], [3823587815, 3823587830], [3823587830, 3823587843], [3823587843, 3823587865], [3823587865, 3823587893], [3823587893, 3823588079], [3823588079, 11230505734], [11230505734, 436393823], [436393823, 353193935], [353193935, 3823587768], [3823587768, 353194381]]",58,57,1912.794,0,0,0.0,0,0.0,0,0.0,2,3.816,2,3.816,0.001995
od_442,독바위,6호선,126.933031,37.618456,mobility_facility,연리지부동산공인중개사사무소,서울특별시 은평구 통일로87길 17,126.9177,37.6233,1456.335,3824954278,353194381,2.93341759236071,13.809131288868306,PASS,od_442_baseline,baseline,"[3824954278, 5281044431, 3819769960, 3824954348, 3279011105, 3824954514, 5281445624, 10682009302, 10682009300, 10682009301, 3823587288, 3823587235, 3823587223, 3823587183, 3823587174, 3823587072, 3823587034, 437007224, 5279886144, 5279886142, 3823587009, 3823587011, 3823587017, 3823587020, 2960308565, 3823587019, 2960308646, 307924211, 2930525549, 3823587185, 3823587210, 3823587220, 3823587253, 3823587248, 3823587317, 3823587310, 3823587282, 3823587342, 4576610061, 3823587356, 3823587391, 3823587451, 3823587493, 3823587536, 3823587547, 3823587702, 3823587776, 3823587815, 3823587830, 3823587843, 3823587865, 3823587893, 3823588079, 11230505734, 436393823, 353193935, 3823587768, 353194381]","[[3824954278, 5281044431], [5281044431, 3819769960], [3819769960, 3824954348], [3824954348, 3279011105], [3279011105, 3824954514], [3824954514, 5281445624], [5281445624, 10682009302], [10682009302, 10682009300], [10682009300, 10682009301], [10682009301, 3823587288], [3823587288, 3823587235], [3823587235, 3823587223], [3823587223, 3823587183], [3823587183, 3823587174], [3823587174, 3823587072], [3823587072, 3823587034], [3823587034, 437007224], [437007224, 5279886144], [5279886144, 5279886142], [5279886142, 3823587009], [3823587009, 3823587011], [3823587011, 3823587017], [3823587017, 3823587020], [3823587020, 2960308565], [2960308565, 3823587019], [3823587019, 2960308646], [2960308646, 307924211], [307924211, 2930525549], [2930525549, 3823587185], [3823587185, 3823587210], [3823587210, 3823587220], [3823587220, 3823587253], [3823587253, 3823587248], [3823587248, 3823587317], [3823587317, 3823587310], [3823587310, 3823587282], [3823587282, 3823587342], [3823587342, 4576610061], [4576610061, 3823587356], [3823587356, 3823587391], [3823587391, 3823587451], [3823587451, 3823587493], [3823587493, 3823587536], [3823587536, 3823587547], [3823587547, 3823587702], [3823587702, 3823587776], [3823587776, 3823587815], [3823587815, 3823587830], [3823587830, 3823587843], [3823587843, 3823587865], [3823587865, 3823587893], [3823587893, 3823588079], [3823588079, 11230505734], [11230505734, 436393823], [436393823, 353193935], [353193935, 3823587768], [3823587768, 353194381]]",58,57,1912.794,0,0,0.0,0,0.0,0,0.0,2,3.816,2,3.816,0.001995
od_756,독바위,6호선,126.933031,37.618456,pedestrian_support_point,빗물받이,서울특별시 은평구 갈현로 294,126.9179,37.6235,1448.373,3824954278,353194381,2.93341759236071,14.6765822428947,PASS,od_756_baseline,baseline,"[3824954278, 5281044431, 3819769960, 3824954348, 3279011105, 3824954514, 5281445624, 10682009302, 10682009300, 10682009301, 3823587288, 3823587235, 3823587223, 3823587183, 3823587174, 3823587072, 3823587034, 437007224, 5279886144, 5279886142, 3823587009, 3823587011, 3823587017, 3823587020, 2960308565, 3823587019, 2960308646, 307924211, 2930525549, 3823587185, 3823587210, 3823587220, 3823587253, 3823587248, 3823587317, 3823587310, 3823587282, 3823587342, 4576610061, 3823587356, 3823587391, 3823587451, 3823587493, 3823587536, 3823587547, 3823587702, 3823587776, 3823587815, 3823587830, 3823587843, 3823587865, 3823587893, 3823588079, 11230505734, 436393823, 353193935, 3823587768, 353194381]","[[3824954278, 5281044431], [5281044431, 3819769960], [3819769960, 3824954348], [3824954348, 3279011105], [3279011105, 3824954514], [3824954514, 5281445624], [5281445624, 10682009302], [10682009302, 10682009300], [10682009300, 10682009301], [10682009301, 3823587288], [3823587288, 3823587235], [3823587235, 3823587223], [3823587223, 3823587183], [3823587183, 3823587174], [3823587174, 3823587072], [3823587072, 3823587034], [3823587034, 437007224], [437007224, 5279886144], [5279886144, 5279886142], [5279886142, 3823587009], [3823587009, 3823587011], [3823587011, 3823587017], [3823587017, 3823587020], [3823587020, 2960308565], [2960308565, 3823587019], [3823587019, 2960308646], [2960308646, 307924211], [307924211, 2930525549], [2930525549, 3823587185], [3823587185, 3823587210], [3823587210, 3823587220], [3823587220, 3823587253], [3823587253, 3823587248], [3823587248, 3823587317], [3823587317, 3823587310], [3823587310, 3823587282], [3823587282, 3823587342], [3823587342, 4576610061], [4576610061, 3823587356], [3823587356, 3823587391], [3823587391, 3823587451], [3823587451, 3823587493], [3823587493, 3823587536], [3823587536, 3823587547], [3823587547, 3823587702], [3823587702, 3823587776], [3823587776, 3823587815], [3823587815, 3823587830], [3823587830, 3823587843], [3823587843, 3823587865], [3823587865, 3823587893], [3823587893, 3823588079], [3823588079, 11230505734], [11230505734, 436393823], [436393823, 353193935], [353193935, 3823587768], [3823587768, 353194381]]",58,57,1912.794,0,0,0.0,0,0.0,0,0.0,2,3.816,2,3.816,0.001995
od_736,독바위,6호선,126.933031,37.618456,pedestrian_support_point,빗물받이,서울특별시 은평구 갈현로 294,126.918,37.6235,1440.235,3824954278,353194381,2.93341759236071,21.693099787557752,PASS,od_736_baseline,baseline,"[3824954278, 5281044431, 3819769960, 3824954348, 3279011105, 3824954514, 5281445624, 10682009302, 10682009300, 10682009301, 3823587288, 3823587235, 3823587223, 3823587183, 3823587174, 3823587072, 3823587034, 437007224, 5279886144, 5279886142, 3823587009, 3823587011, 3823587017, 3823587020, 2960308565, 3823587019, 2960308646, 307924211, 2930525549, 3823587185, 3823587210, 3823587220, 3823587253, 3823587248, 3823587317, 3823587310, 3823587282, 3823587342, 4576610061, 3823587356, 3823587391, 3823587451, 3823587493, 3823587536, 3823587547, 3823587702, 3823587776, 3823587815, 3823587830, 3823587843, 3823587865, 3823587893, 3823588079, 11230505734, 436393823, 353193935, 3823587768, 353194381]","[[3824954278, 5281044431], [5281044431, 3819769960], [3819769960, 3824954348], [3824954348, 3279011105], [3279011105, 3824954514], [3824954514, 5281445624], [5281445624, 10682009302], [10682009302, 10682009300], [10682009300, 10682009301], [10682009301, 3823587288], [3823587288, 3823587235], [3823587235, 3823587223], [3823587223, 3823587183], [3823587183, 3823587174], [3823587174, 3823587072], [3823587072, 3823587034], [3823587034, 437007224], [437007224, 5279886144], [5279886144, 5279886142], [5279886142, 3823587009], [3823587009, 3823587011], [3823587011, 3823587017], [3823587017, 3823587020], [3823587020, 2960308565], [2960308565, 3823587019], [3823587019, 2960308646], [2960308646, 307924211], [307924211, 2930525549], [2930525549, 3823587185], [3823587185, 3823587210], [3823587210, 3823587220], [3823587220, 3823587253], [3823587253, 3823587248], [3823587248, 3823587317], [3823587317, 3823587310], [3823587310, 3823587282], [3823587282, 3823587342], [3823587342, 4576610061], [4576610061, 3823587356], [3823587356, 3823587391], [3823587391, 3823587451], [3823587451, 3823587493], [3823587493, 3823587536], [3823587536, 3823587547], [3823587547, 3823587702], [3823587702, 3823587776], [3823587776, 3823587815], [3823587815, 3823587830], [3823587830, 3823587843], [3823587843, 3823587865], [3823587865, 3823587893], [3823587893, 3823588079], [3823588079, 11230505734], [11230505734, 436393823], [436393823, 353193935], [353193935, 3823587768], [3823587768, 353194381]]",58,57,1912.794,0,0,0.0,0,0.0,0,0.0,2,3.816,2,3.816,0.001995
od_600,독바위,6호선,126.933031,37.618456,pedestrian_support_point,빗물받이,서울특별시 은평구 갈현로 294,126.9181,37.6234,1427.803,3824954278,353194381,2.93341759236071,27.702079612714964,PASS,od_600_baseline,baseline,"[3824954278, 5281044431, 3819769960, 3824954348, 3279011105, 3824954514, 5281445624, 10682009302, 10682009300, 10682009301, 3823587288, 3823587235, 3823587223, 3823587183, 3823587174, 3823587072, 3823587034, 437007224, 5279886144, 5279886142, 3823587009, 3823587011, 3823587017, 3823587020, 2960308565, 3823587019, 2960308646, 307924211, 2930525549, 3823587185, 3823587210, 3823587220, 3823587253, 3823587248, 3823587317, 3823587310, 3823587282, 3823587342, 4576610061, 3823587356, 3823587391, 3823587451, 3823587493, 3823587536, 3823587547, 3823587702, 3823587776, 3823587815, 3823587830, 3823587843, 3823587865, 3823587893, 3823588079, 11230505734, 436393823, 353193935, 3823587768, 353194381]","[[3824954278, 5281044431], [5281044431, 3819769960], [3819769960, 3824954348], [3824954348, 3279011105], [3279011105, 3824954514], [3824954514, 5281445624], [5281445624, 10682009302], [10682009302, 10682009300], [10682009300, 10682009301], [10682009301, 3823587288], [3823587288, 3823587235], [3823587235, 3823587223], [3823587223, 3823587183], [3823587183, 3823587174], [3823587174, 3823587072], [3823587072, 3823587034], [3823587034, 437007224], [437007224, 5279886144], [5279886144, 5279886142], [5279886142, 3823587009], [3823587009, 3823587011], [3823587011, 3823587017], [3823587017, 3823587020], [3823587020, 2960308565], [2960308565, 3823587019], [3823587019, 2960308646], [2960308646, 307924211], [307924211, 2930525549], [2930525549, 3823587185], [3823587185, 3823587210], [3823587210, 3823587220], [3823587220, 3823587253], [3823587253, 3823587248], [3823587248, 3823587317], [3823587317, 3823587310], [3823587310, 3823587282], [3823587282, 3823587342], [3823587342, 4576610061], [4576610061, 3823587356], [3823587356, 3823587391], [3823587391, 3823587451], [3823587451, 3823587493], [3823587493, 3823587536], [3823587536, 3823587547], [3823587547, 3823587702], [3823587702, 3823587776], [3823587776, 3823587815], [3823587815, 3823587830], [3823587830, 3823587843], [3823587843, 3823587865], [3823587865, 3823587893], [3823587893, 3823588079], [3823588079, 11230505734], [11230505734, 436393823], [436393823, 353193935], [353193935, 3823587768], [3823587768, 353194381]]",58,57,1912.794,0,0,0.0,0,0.0,0,0.0,2,3.816,2,3.816,0.001995
od_381,연신내,6호선,126.920625,37.618636,pedestrian_support_point,갈현1동주민센터,서울특별시 은평구 갈현로 294,126.9172,37.6235,618.762,11230505686,353194408,20.028299588559467,17.47090425350898,PASS,od_381_baseline,baseline,"[11230505686, 5279878735, 10678122487, 4580111223, 449448824, 3823586747, 3823586762, 3823586769, 3823586795, 4580091945, 353194435, 3823586977, 3823586991, 353194384, 3823587260, 3823587274, 3823587518, 3823587699, 353194408]","[[11230505686, 5279878735], [5279878735, 10678122487], [10678122487, 4580111223], [4580111223, 449448824], [449448824, 3823586747], [3823586747, 3823586762], [3823586762, 3823586769], [3823586769, 3823586795], [3823586795, 4580091945], [4580091945, 353194435], [353194435, 3823586977], [3823586977, 3823586991], [3823586991, 353194384], [353194384, 3823587260], [3823587260, 3823587274], [3823587274, 3823587518], [3823587518, 3823587699], [3823587699, 353194408]]",19,18,733.381,0,0,0.0,0,0.0,0,0.0,1,1.617,1,1.617,0.002205
od_209,연신내,6호선,126.920625,37.618636,pedestrian_support_point,빗물받이,서울특별시 은평구 갈현로 294,126.9172,37.6235,618.762,11230505686,353194408,20.028299588559467,17.47090425350898,PASS,od_209_baseline,baseline,"[11230505686, 5279878735, 10678122487, 4580111223, 449448824, 3823586747, 3823586762, 3823586769, 3823586795, 4580091945, 353194435, 3823586977, 3823586991, 353194384, 3823587260, 3823587274, 3823587518, 3823587699, 353194408]","[[11230505686, 5279878735], [5279878735, 10678122487], [10678122487, 4580111223], [4580111223, 449448824], [449448824, 3823586747], [3823586747, 3823586762], [3823586762, 3823586769], [3823586769, 3823586795], [3823586795, 4580091945], [4580091945, 353194435], [353194435, 3823586977], [3823586977, 3823586991], [3823586991, 353194384], [353194384, 3823587260], [3823587260, 3823587274], [3823587274, 3823587518], [3823587518, 3823587699], [3823587699, 353194408]]",19,18,733.381,0,0,0.0,0,0.0,0,0.0,1,1.617,1,1.617,0.002205
od_287,연신내,6호선,126.920625,37.618636,pedestrian_support_point,갈현1동주민센터,서울특별시 은평구 갈현로 305,126.9169,37.624,680.133,11230505686,3823587921,20.028299588559467,12.178067000367728,PASS,od_287_baseline,baseline,"[11230505686, 5279878735, 10678122487, 4580111223, 449448824, 3823586747, 3823586762, 3823586769, 3823586795, 4580091945, 353194435, 3823586977, 3823586991, 353194384, 3823587260, 3823587274, 3823587518, 3823587699, 353194408, 4426769358, 4426769361, 3823587921]","[[11230505686, 5279878735], [5279878735, 10678122487], [10678122487, 4580111223], [4580111223, 449448824], [449448824, 3823586747], [3823586747, 3823586762], [3823586762, 3823586769], [3823586769, 3823586795], [3823586795, 4580091945], [4580091945, 353194435], [353194435, 3823586977], [3823586977, 3823586991], [3823586991, 353194384], [353194384, 3823587260], [3823587260, 3823587274], [3823587274, 3823587518], [3823587518, 3823587699], [3823587699, 353194408], [353194408, 4426769358], [4426769358, 4426769361], [4426769361, 3823587921]]",22,21,799.397,0,0,0.0,0,0.0,0,0.0,1,1.617,1,1.617,0.002023
od_168,연신내,6호선,126.920625,37.618636,mobility_facility,갈현1동주민센터,서울특별시 은평구 갈현로 301,126.9167,37.6237,660.279,11230505686,4426179000,20.028299588559467,17.70160669085935,PASS,od_168_baseline,baseline,"[11230505686, 5279878735, 10678122487, 4580111223, 449448824, 3823586747, 3823586762, 3823586769, 3823586795, 4580091945, 353194435, 3823586977, 3823586991, 353194384, 3823587260, 3823587274, 3823587518, 3823587699, 353194408, 4426178999, 4426179000]","[[11230505686, 5279878735], [5279878735, 10678122487], [10678122487, 4580111223], [4580111223, 449448824], [449448824, 3823586747], [3823586747, 3823586762], [3823586762, 3823586769], [3823586769, 3823586795], [3823586795, 4580091945], [4580091945, 353194435], [353194435, 3823586977], [3823586977, 3823586991], [3823586991, 353194384], [353194384, 3823587260], [3823587260, 3823587274], [3823587274, 3823587518], [3823587518, 3823587699], [3823587699, 353194408], [353194408, 4426178999], [4426178999, 4426179000]]",21,20,799.898,1,0,0.0,0,0.0,0,0.0,1,1.617,1,1.617,0.002021
od_397,연신내,6호선,126.920625,37.618636,pedestrian_support_point,갈현1동주민센터,서울특별시 은평구 갈현로 301,126.9167,37.6237,660.279,11230505686,4426179000,20.028299588559467,17.70160669085935,PASS,od_397_baseline,baseline,"[11230505686, 5279878735, 10678122487, 4580111223, 449448824, 3823586747, 3823586762, 3823586769, 3823586795, 4580091945, 353194435, 3823586977, 3823586991, 353194384, 3823587260, 3823587274, 3823587518, 3823587699, 353194408, 4426178999, 4426179000]","[[11230505686, 5279878735], [5279878735, 10678122487], [10678122487, 4580111223], [4580111223, 449448824], [449448824, 3823586747], [3823586747, 3823586762], [3823586762, 3823586769], [3823586769, 3823586795], [3823586795, 4580091945], [4580091945, 353194435], [353194435, 3823586977], [3823586977, 3823586991], [3823586991, 353194384], [353194384, 3823587260], [3823587260, 3823587274], [3823587274, 3823587518], [3823587518, 3823587699], [3823587699, 353194408], [353194408, 4426178999], [4426178999, 4426179000]]",21,20,799.898,1,0,0.0,0,0.0,0,0.0,1,1.617,1,1.617,0.002021
od_225,연신내,6호선,126.920625,37.618636,pedestrian_support_point,장애인화장실,서울특별시 은평구 갈현로 301,126.9167,37.6237,660.279,11230505686,4426179000,20.028299588559467,17.70160669085935,PASS,od_225_baseline,baseline,"[11230505686, 5279878735, 10678122487, 4580111223, 449448824, 3823586747, 3823586762, 3823586769, 3823586795, 4580091945, 353194435, 3823586977, 3823586991, 353194384, 3823587260, 3823587274, 3823587518, 3823587699, 353194408, 4426178999, 4426179000]","[[11230505686, 5279878735], [5279878735, 10678122487], [10678122487, 4580111223], [4580111223, 449448824], [449448824, 3823586747], [3823586747, 3823586762], [3823586762, 3823586769], [3823586769, 3823586795], [3823586795, 4580091945], [4580091945, 353194435], [353194435, 3823586977], [3823586977, 3823586991], [3823586991, 353194384], [353194384, 3823587260], [3823587260, 3823587274], [3823587274, 3823587518], [3823587518, 3823587699], [3823587699, 353194408], [353194408, 4426178999], [4426178999, 4426179000]]",21,20,799.898,1,0,0.0,0,0.0,0,0.0,1,1.617,1,1.617,0.002021
od_78,연신내,6호선,126.920625,37.618636,mobility_facility,지안부동산공인중개사사무소,서울특별시 은평구 갈현로41길 10,126.9165,37.6244,736.129,11230505686,353194407,20.028299588559467,9.577807640709288,PASS,od_78_baseline,baseline,"[11230505686, 5279878735, 10678122487, 4580111223, 449448824, 3823586747, 3823586762, 3823586769, 3823586795, 4580091945, 353194435, 3823586977, 3823586991, 353194384, 3823587260, 3823587274, 3823587518, 3823587699, 353194408, 4426178999, 353194407]","[[11230505686, 5279878735], [5279878735, 10678122487], [10678122487, 4580111223], [4580111223, 449448824], [449448824, 3823586747], [3823586747, 3823586762], [3823586762, 3823586769], [3823586769, 3823586795], [3823586795, 4580091945], [4580091945, 353194435], [353194435, 3823586977], [3823586977, 3823586991], [3823586991, 353194384], [353194384, 3823587260], [3823587260, 3823587274], [3823587274, 3823587518], [3823587518, 3823587699], [3823587699, 353194408], [353194408, 4426178999], [4426178999, 353194407]]",21,20,845.965,0,0,0.0,0,0.0,0,0.0,1,1.617,1,1.617,0.001911
od_35,연신내,6호선,126.920625,37.618636,mobility_facility,명품공인중개사사무소,서울특별시 은평구 갈현로41길 10,126.9164,37.6244,740.536,11230505686,4580091944,20.028299588559467,5.020957486443512,PASS,od_35_baseline,baseline,"[11230505686, 5279878735, 10678122487, 4580111223, 449448824, 3823586747, 3823586762, 3823586769, 3823586795, 4580091945, 353194435, 3823586977, 3823586991, 353194384, 3823587260, 3823587274, 3823587518, 3823587699, 353194408, 4426178999, 353194407, 4580091944]","[[11230505686, 5279878735], [5279878735, 10678122487], [10678122487, 4580111223], [4580111223, 449448824], [449448824, 3823586747], [3823586747, 3823586762], [3823586762, 3823586769], [3823586769, 3823586795], [3823586795, 4580091945], [4580091945, 353194435], [353194435, 3823586977], [3823586977, 3823586991], [3823586991, 353194384], [353194384, 3823587260], [3823587260, 3823587274], [3823587274, 3823587518], [3823587518, 3823587699], [3823587699, 353194408], [353194408, 4426178999], [4426178999, 353194407], [353194407, 4580091944]]",22,21,847.962,0,0,0.0,0,0.0,0,0.0,1,1.617,1,1.617,0.001907
od_42,연신내,6호선,126.920625,37.618636,mobility_facility,삼성공인중개사사무소,서울특별시 은평구 갈현로41길 10,126.9164,37.6244,740.536,11230505686,4580091944,20.028299588559467,5.020957486443512,PASS,od_42_baseline,baseline,"[11230505686, 5279878735, 10678122487, 4580111223, 449448824, 3823586747, 3823586762, 3823586769, 3823586795, 4580091945, 353194435, 3823586977, 3823586991, 353194384, 3823587260, 3823587274, 3823587518, 3823587699, 353194408, 4426178999, 353194407, 4580091944]","[[11230505686, 5279878735], [5279878735, 10678122487], [10678122487, 4580111223], [4580111223, 449448824], [449448824, 3823586747], [3823586747, 3823586762], [3823586762, 3823586769], [3823586769, 3823586795], [3823586795, 4580091945], [4580091945, 353194435], [353194435, 3823586977], [3823586977, 3823586991], [3823586991, 353194384], [353194384, 3823587260], [3823587260, 3823587274], [3823587274, 3823587518], [3823587518, 3823587699], [3823587699, 353194408], [353194408, 4426178999], [4426178999, 353194407], [353194407, 4580091944]]",22,21,847.962,0,0,0.0,0,0.0,0,0.0,1,1.617,1,1.617,0.001907
od_243,연신내,6호선,126.920625,37.618636,pedestrian_support_point,장애인화장실,서울특별시 은평구 갈현로41길 7,126.9164,37.624,702.539,11230505686,3823587929,20.028299588559467,18.698558281772204,PASS,od_243_baseline,baseline,"[11230505686, 5279878735, 10678122487, 4580111223, 449448824, 3823586747, 3823586762, 3823586769, 3823586795, 4580091945, 353194435, 3823586977, 3823586991, 353194384, 3823587260, 3823587274, 3823587518, 3823587699, 353194408, 4426178999, 353194407, 4580091944, 3823587929]","[[11230505686, 5279878735], [5279878735, 10678122487], [10678122487, 4580111223], [4580111223, 449448824], [449448824, 3823586747], [3823586747, 3823586762], [3823586762, 3823586769], [3823586769, 3823586795], [3823586795, 4580091945], [4580091945, 353194435], [353194435, 3823586977], [3823586977, 3823586991], [3823586991, 353194384], [353194384, 3823587260], [3823587260, 3823587274], [3823587274, 3823587518], [3823587518, 3823587699], [3823587699, 353194408], [353194408, 4426178999], [4426178999, 353194407], [353194407, 4580091944], [4580091944, 3823587929]]",23,22,880.793,0,0,0.0,0,0.0,0,0.0,1,1.617,1,1.617,0.001836
od_244,연신내,6호선,126.920625,37.618636,pedestrian_support_point,장애인화장실,서울특별시 은평구 갈현로41길 7,126.9164,37.624,702.539,11230505686,3823587929,20.028299588559467,18.698558281772204,PASS,od_244_baseline,baseline,"[11230505686, 5279878735, 10678122487, 4580111223, 449448824, 3823586747, 3823586762, 3823586769, 3823586795, 4580091945, 353194435, 3823586977, 3823586991, 353194384, 3823587260, 3823587274, 3823587518, 3823587699, 353194408, 4426178999, 353194407, 4580091944, 3823587929]","[[11230505686, 5279878735], [5279878735, 10678122487], [10678122487, 4580111223], [4580111223, 449448824], [449448824, 3823586747], [3823586747, 3823586762], [3823586762, 3823586769], [3823586769, 3823586795], [3823586795, 4580091945], [4580091945, 353194435], [353194435, 3823586977], [3823586977, 3823586991], [3823586991, 353194384], [353194384, 3823587260], [3823587260, 3823587274], [3823587274, 3823587518], [3823587518, 3823587699], [3823587699, 353194408], [353194408, 4426178999], [4426178999, 353194407], [353194407, 4580091944], [4580091944, 3823587929]]",23,22,880.793,0,0,0.0,0,0.0,0,0.0,1,1.617,1,1.617,0.001836
