od_id,station,station_line,station_lon,station_lat,facility_source,facility_name,facility_address,facility_lon,facility_lat,straight_line_distance_m,station_node,facility_node,station_snap_distance_m,facility_snap_distance_m,snap_status,route_id,route_type,node_sequence,edge_sequence,node_count,edge_count,route_length_m,steps_count,flood_feature_count_2022,flood_overlap_length_m_2022,flood_feature_count_2023,flood_overlap_length_m_2023,flood_feature_count_2024,flood_overlap_length_m_2024,flood_feature_count_2025,flood_overlap_length_m_2025,flood_feature_count_unique_total,flood_overlap_length_m_total,flood_overlap_ratio,excluded_baseline_flood_edge_count,mobility_facility_count_near_route,support_point_count_near_route,existing_safe_route_overlap_or_proximity_count,method,baseline_length_m,alternative_length_m,distance_delta_m,distance_delta_ratio,baseline_flood_overlap_length_m,alternative_flood_overlap_length_m,flood_overlap_reduction_m,flood_overlap_reduction_ratio,baseline_flood_feature_count,alternative_flood_feature_count,historical_flood_trace_avoiding_candidate
od_2838,연신내,3호선,126.921038,37.619229,pedestrian_support_point,빗물받이,서울특별시 은평구 불광동  90-8,126.9284,37.6257,968.623,13357342120,3823588661,32.16422242836125,37.440100324683726,PASS,od_2838_historical_flood_trace_avoidance_route,historical_flood_trace_avoidance_route,"[13357342120, 13357342121, 13357321496, 11178032838, 2960309144, 2960309145, 3819769990, 3823586772, 3819770024, 3823586798, 3823586835, 3823586851, 4576632337, 4576632338, 3823586989, 3823587003, 307924223, 3823587092, 3823587175, 3823587253, 3823587427, 4576617363, 3823587534, 3823587543, 3823587717, 3823587759, 3823587858, 3823587888, 3823587936, 3823588078, 4576650759, 4576620663, 3823588370, 3823588613, 3823588638, 3823588661]","[[13357342120, 13357342121], [13357342121, 13357321496], [13357321496, 11178032838], [11178032838, 2960309144], [2960309144, 2960309145], [2960309145, 3819769990], [3819769990, 3823586772], [3823586772, 3819770024], [3819770024, 3823586798], [3823586798, 3823586835], [3823586835, 3823586851], [3823586851, 4576632337], [4576632337, 4576632338], [4576632338, 3823586989], [3823586989, 3823587003], [3823587003, 307924223], [307924223, 3823587092], [3823587092, 3823587175], [3823587175, 3823587253], [3823587253, 3823587427], [3823587427, 4576617363], [4576617363, 3823587534], [3823587534, 3823587543], [3823587543, 3823587717], [3823587717, 3823587759], [3823587759, 3823587858], [3823587858, 3823587888], [3823587888, 3823587936], [3823587936, 3823588078], [3823588078, 4576650759], [4576650759, 4576620663], [4576620663, 3823588370], [3823588370, 3823588613], [3823588613, 3823588638], [3823588638, 3823588661]]",36,35,1153.657,0,0,0.0,0,0.0,0,0.0,0,0.0,0,0.0,0.0,1,6,12,20,historical_flood_trace_edge_exclusion,1145.926,1153.657,7.731,0.006747,23.346,0.0,23.346,1.0,3,0,True
od_2825,연신내,3호선,126.921038,37.619229,pedestrian_support_point,빗물받이,서울특별시 은평구 불광동  90-8,126.9282,37.6258,965.224,13357342120,3823588661,32.16422242836125,16.64976846622106,PASS,od_2825_historical_flood_trace_avoidance_route,historical_flood_trace_avoidance_route,"[13357342120, 13357342121, 13357321496, 11178032838, 2960309144, 2960309145, 3819769990, 3823586772, 3819770024, 3823586798, 3823586835, 3823586851, 4576632337, 4576632338, 3823586989, 3823587003, 307924223, 3823587092, 3823587175, 3823587253, 3823587427, 4576617363, 3823587534, 3823587543, 3823587717, 3823587759, 3823587858, 3823587888, 3823587936, 3823588078, 4576650759, 4576620663, 3823588370, 3823588613, 3823588638, 3823588661]","[[13357342120, 13357342121], [13357342121, 13357321496], [13357321496, 11178032838], [11178032838, 2960309144], [2960309144, 2960309145], [2960309145, 3819769990], [3819769990, 3823586772], [3823586772, 3819770024], [3819770024, 3823586798], [3823586798, 3823586835], [3823586835, 3823586851], [3823586851, 4576632337], [4576632337, 4576632338], [4576632338, 3823586989], [3823586989, 3823587003], [3823587003, 307924223], [307924223, 3823587092], [3823587092, 3823587175], [3823587175, 3823587253], [3823587253, 3823587427], [3823587427, 4576617363], [4576617363, 3823587534], [3823587534, 3823587543], [3823587543, 3823587717], [3823587717, 3823587759], [3823587759, 3823587858], [3823587858, 3823587888], [3823587888, 3823587936], [3823587936, 3823588078], [3823588078, 4576650759], [4576650759, 4576620663], [4576620663, 3823588370], [3823588370, 3823588613], [3823588613, 3823588638], [3823588638, 3823588661]]",36,35,1153.657,0,0,0.0,0,0.0,0,0.0,0,0.0,0,0.0,0.0,1,6,12,20,historical_flood_trace_edge_exclusion,1145.926,1153.657,7.731,0.006747,23.346,0.0,23.346,1.0,3,0,True
od_2851,연신내,3호선,126.921038,37.619229,pedestrian_support_point,빗물받이,서울특별시 은평구 연서로41길 6,126.9282,37.6258,965.224,13357342120,3823588661,32.16422242836125,16.64976846622106,PASS,od_2851_historical_flood_trace_avoidance_route,historical_flood_trace_avoidance_route,"[13357342120, 13357342121, 13357321496, 11178032838, 2960309144, 2960309145, 3819769990, 3823586772, 3819770024, 3823586798, 3823586835, 3823586851, 4576632337, 4576632338, 3823586989, 3823587003, 307924223, 3823587092, 3823587175, 3823587253, 3823587427, 4576617363, 3823587534, 3823587543, 3823587717, 3823587759, 3823587858, 3823587888, 3823587936, 3823588078, 4576650759, 4576620663, 3823588370, 3823588613, 3823588638, 3823588661]","[[13357342120, 13357342121], [13357342121, 13357321496], [13357321496, 11178032838], [11178032838, 2960309144], [2960309144, 2960309145], [2960309145, 3819769990], [3819769990, 3823586772], [3823586772, 3819770024], [3819770024, 3823586798], [3823586798, 3823586835], [3823586835, 3823586851], [3823586851, 4576632337], [4576632337, 4576632338], [4576632338, 3823586989], [3823586989, 3823587003], [3823587003, 307924223], [307924223, 3823587092], [3823587092, 3823587175], [3823587175, 3823587253], [3823587253, 3823587427], [3823587427, 4576617363], [4576617363, 3823587534], [3823587534, 3823587543], [3823587543, 3823587717], [3823587717, 3823587759], [3823587759, 3823587858], [3823587858, 3823587888], [3823587888, 3823587936], [3823587936, 3823588078], [3823588078, 4576650759], [4576650759, 4576620663], [4576620663, 3823588370], [3823588370, 3823588613], [3823588613, 3823588638], [3823588638, 3823588661]]",36,35,1153.657,0,0,0.0,0,0.0,0,0.0,0,0.0,0,0.0,0.0,1,6,12,20,historical_flood_trace_edge_exclusion,1145.926,1153.657,7.731,0.006747,23.346,0.0,23.346,1.0,3,0,True
od_2822,연신내,3호선,126.921038,37.619229,pedestrian_support_point,빗물받이,서울특별시 은평구 연서로 347,126.928,37.6259,962.265,13357342120,3823588661,32.16422242836125,4.520643736324227,PASS,od_2822_historical_flood_trace_avoidance_route,historical_flood_trace_avoidance_route,"[13357342120, 13357342121, 13357321496, 11178032838, 2960309144, 2960309145, 3819769990, 3823586772, 3819770024, 3823586798, 3823586835, 3823586851, 4576632337, 4576632338, 3823586989, 3823587003, 307924223, 3823587092, 3823587175, 3823587253, 3823587427, 4576617363, 3823587534, 3823587543, 3823587717, 3823587759, 3823587858, 3823587888, 3823587936, 3823588078, 4576650759, 4576620663, 3823588370, 3823588613, 3823588638, 3823588661]","[[13357342120, 13357342121], [13357342121, 13357321496], [13357321496, 11178032838], [11178032838, 2960309144], [2960309144, 2960309145], [2960309145, 3819769990], [3819769990, 3823586772], [3823586772, 3819770024], [3819770024, 3823586798], [3823586798, 3823586835], [3823586835, 3823586851], [3823586851, 4576632337], [4576632337, 4576632338], [4576632338, 3823586989], [3823586989, 3823587003], [3823587003, 307924223], [307924223, 3823587092], [3823587092, 3823587175], [3823587175, 3823587253], [3823587253, 3823587427], [3823587427, 4576617363], [4576617363, 3823587534], [3823587534, 3823587543], [3823587543, 3823587717], [3823587717, 3823587759], [3823587759, 3823587858], [3823587858, 3823587888], [3823587888, 3823587936], [3823587936, 3823588078], [3823588078, 4576650759], [4576650759, 4576620663], [4576620663, 3823588370], [3823588370, 3823588613], [3823588613, 3823588638], [3823588638, 3823588661]]",36,35,1153.657,0,0,0.0,0,0.0,0,0.0,0,0.0,0,0.0,0.0,1,6,12,20,historical_flood_trace_edge_exclusion,1145.926,1153.657,7.731,0.006747,23.346,0.0,23.346,1.0,3,0,True
od_3057,연신내,3호선,126.921038,37.619229,pedestrian_support_point,빗물받이,서울특별시 은평구 불광동  73-8,126.928,37.6259,962.265,13357342120,3823588661,32.16422242836125,4.520643736324227,PASS,od_3057_historical_flood_trace_avoidance_route,historical_flood_trace_avoidance_route,"[13357342120, 13357342121, 13357321496, 11178032838, 2960309144, 2960309145, 3819769990, 3823586772, 3819770024, 3823586798, 3823586835, 3823586851, 4576632337, 4576632338, 3823586989, 3823587003, 307924223, 3823587092, 3823587175, 3823587253, 3823587427, 4576617363, 3823587534, 3823587543, 3823587717, 3823587759, 3823587858, 3823587888, 3823587936, 3823588078, 4576650759, 4576620663, 3823588370, 3823588613, 3823588638, 3823588661]","[[13357342120, 13357342121], [13357342121, 13357321496], [13357321496, 11178032838], [11178032838, 2960309144], [2960309144, 2960309145], [2960309145, 3819769990], [3819769990, 3823586772], [3823586772, 3819770024], [3819770024, 3823586798], [3823586798, 3823586835], [3823586835, 3823586851], [3823586851, 4576632337], [4576632337, 4576632338], [4576632338, 3823586989], [3823586989, 3823587003], [3823587003, 307924223], [307924223, 3823587092], [3823587092, 3823587175], [3823587175, 3823587253], [3823587253, 3823587427], [3823587427, 4576617363], [4576617363, 3823587534], [3823587534, 3823587543], [3823587543, 3823587717], [3823587717, 3823587759], [3823587759, 3823587858], [3823587858, 3823587888], [3823587888, 3823587936], [3823587936, 3823588078], [3823588078, 4576650759], [4576650759, 4576620663], [4576620663, 3823588370], [3823588370, 3823588613], [3823588613, 3823588638], [3823588638, 3823588661]]",36,35,1153.657,0,0,0.0,0,0.0,0,0.0,0,0.0,0,0.0,0.0,1,6,12,20,historical_flood_trace_edge_exclusion,1145.926,1153.657,7.731,0.006747,23.346,0.0,23.346,1.0,3,0,True
od_194,연신내,6호선,126.920625,37.618636,pedestrian_support_point,빗물받이,서울특별시 은평구 불광동  90-8,126.9284,37.6257,1042.031,11230505686,3823588661,20.028299588559467,37.440100324683726,PASS,od_194_historical_flood_trace_avoidance_route,historical_flood_trace_avoidance_route,"[11230505686, 11663495477, 13357321496, 11178032838, 2960309144, 2960309145, 3819769990, 3823586772, 3819770024, 3823586798, 3823586835, 3823586851, 4576632337, 4576632338, 3823586989, 3823587003, 307924223, 3823587092, 3823587175, 3823587253, 3823587427, 4576617363, 3823587534, 3823587543, 3823587717, 3823587759, 3823587858, 3823587888, 3823587936, 3823588078, 4576650759, 4576620663, 3823588370, 3823588613, 3823588638, 3823588661]","[[11230505686, 11663495477], [11663495477, 13357321496], [13357321496, 11178032838], [11178032838, 2960309144], [2960309144, 2960309145], [2960309145, 3819769990], [3819769990, 3823586772], [3823586772, 3819770024], [3819770024, 3823586798], [3823586798, 3823586835], [3823586835, 3823586851], [3823586851, 4576632337], [4576632337, 4576632338], [4576632338, 3823586989], [3823586989, 3823587003], [3823587003, 307924223], [307924223, 3823587092], [3823587092, 3823587175], [3823587175, 3823587253], [3823587253, 3823587427], [3823587427, 4576617363], [4576617363, 3823587534], [3823587534, 3823587543], [3823587543, 3823587717], [3823587717, 3823587759], [3823587759, 3823587858], [3823587858, 3823587888], [3823587888, 3823587936], [3823587936, 3823588078], [3823588078, 4576650759], [4576650759, 4576620663], [4576620663, 3823588370], [3823588370, 3823588613], [3823588613, 3823588638], [3823588638, 3823588661]]",36,35,1167.933,0,0,0.0,0,0.0,0,0.0,0,0.0,0,0.0,0.0,1,6,13,21,historical_flood_trace_edge_exclusion,1160.202,1167.933,7.731,0.006663,23.346,0.0,23.346,1.0,3,0,True
od_181,연신내,6호선,126.920625,37.618636,pedestrian_support_point,빗물받이,서울특별시 은평구 불광동  90-8,126.9282,37.6258,1038.955,11230505686,3823588661,20.028299588559467,16.64976846622106,PASS,od_181_historical_flood_trace_avoidance_route,historical_flood_trace_avoidance_route,"[11230505686, 11663495477, 13357321496, 11178032838, 2960309144, 2960309145, 3819769990, 3823586772, 3819770024, 3823586798, 3823586835, 3823586851, 4576632337, 4576632338, 3823586989, 3823587003, 307924223, 3823587092, 3823587175, 3823587253, 3823587427, 4576617363, 3823587534, 3823587543, 3823587717, 3823587759, 3823587858, 3823587888, 3823587936, 3823588078, 4576650759, 4576620663, 3823588370, 3823588613, 3823588638, 3823588661]","[[11230505686, 11663495477], [11663495477, 13357321496], [13357321496, 11178032838], [11178032838, 2960309144], [2960309144, 2960309145], [2960309145, 3819769990], [3819769990, 3823586772], [3823586772, 3819770024], [3819770024, 3823586798], [3823586798, 3823586835], [3823586835, 3823586851], [3823586851, 4576632337], [4576632337, 4576632338], [4576632338, 3823586989], [3823586989, 3823587003], [3823587003, 307924223], [307924223, 3823587092], [3823587092, 3823587175], [3823587175, 3823587253], [3823587253, 3823587427], [3823587427, 4576617363], [4576617363, 3823587534], [3823587534, 3823587543], [3823587543, 3823587717], [3823587717, 3823587759], [3823587759, 3823587858], [3823587858, 3823587888], [3823587888, 3823587936], [3823587936, 3823588078], [3823588078, 4576650759], [4576650759, 4576620663], [4576620663, 3823588370], [3823588370, 3823588613], [3823588613, 3823588638], [3823588638, 3823588661]]",36,35,1167.933,0,0,0.0,0,0.0,0,0.0,0,0.0,0,0.0,0.0,1,6,13,21,historical_flood_trace_edge_exclusion,1160.202,1167.933,7.731,0.006663,23.346,0.0,23.346,1.0,3,0,True
od_207,연신내,6호선,126.920625,37.618636,pedestrian_support_point,빗물받이,서울특별시 은평구 연서로41길 6,126.9282,37.6258,1038.955,11230505686,3823588661,20.028299588559467,16.64976846622106,PASS,od_207_historical_flood_trace_avoidance_route,historical_flood_trace_avoidance_route,"[11230505686, 11663495477, 13357321496, 11178032838, 2960309144, 2960309145, 3819769990, 3823586772, 3819770024, 3823586798, 3823586835, 3823586851, 4576632337, 4576632338, 3823586989, 3823587003, 307924223, 3823587092, 3823587175, 3823587253, 3823587427, 4576617363, 3823587534, 3823587543, 3823587717, 3823587759, 3823587858, 3823587888, 3823587936, 3823588078, 4576650759, 4576620663, 3823588370, 3823588613, 3823588638, 3823588661]","[[11230505686, 11663495477], [11663495477, 13357321496], [13357321496, 11178032838], [11178032838, 2960309144], [2960309144, 2960309145], [2960309145, 3819769990], [3819769990, 3823586772], [3823586772, 3819770024], [3819770024, 3823586798], [3823586798, 3823586835], [3823586835, 3823586851], [3823586851, 4576632337], [4576632337, 4576632338], [4576632338, 3823586989], [3823586989, 3823587003], [3823587003, 307924223], [307924223, 3823587092], [3823587092, 3823587175], [3823587175, 3823587253], [3823587253, 3823587427], [3823587427, 4576617363], [4576617363, 3823587534], [3823587534, 3823587543], [3823587543, 3823587717], [3823587717, 3823587759], [3823587759, 3823587858], [3823587858, 3823587888], [3823587888, 3823587936], [3823587936, 3823588078], [3823588078, 4576650759], [4576650759, 4576620663], [4576620663, 3823588370], [3823588370, 3823588613], [3823588613, 3823588638], [3823588638, 3823588661]]",36,35,1167.933,0,0,0.0,0,0.0,0,0.0,0,0.0,0,0.0,0.0,1,6,13,21,historical_flood_trace_edge_exclusion,1160.202,1167.933,7.731,0.006663,23.346,0.0,23.346,1.0,3,0,True
od_178,연신내,6호선,126.920625,37.618636,pedestrian_support_point,빗물받이,서울특별시 은평구 연서로 347,126.928,37.6259,1036.291,11230505686,3823588661,20.028299588559467,4.520643736324227,PASS,od_178_historical_flood_trace_avoidance_route,historical_flood_trace_avoidance_route,"[11230505686, 11663495477, 13357321496, 11178032838, 2960309144, 2960309145, 3819769990, 3823586772, 3819770024, 3823586798, 3823586835, 3823586851, 4576632337, 4576632338, 3823586989, 3823587003, 307924223, 3823587092, 3823587175, 3823587253, 3823587427, 4576617363, 3823587534, 3823587543, 3823587717, 3823587759, 3823587858, 3823587888, 3823587936, 3823588078, 4576650759, 4576620663, 3823588370, 3823588613, 3823588638, 3823588661]","[[11230505686, 11663495477], [11663495477, 13357321496], [13357321496, 11178032838], [11178032838, 2960309144], [2960309144, 2960309145], [2960309145, 3819769990], [3819769990, 3823586772], [3823586772, 3819770024], [3819770024, 3823586798], [3823586798, 3823586835], [3823586835, 3823586851], [3823586851, 4576632337], [4576632337, 4576632338], [4576632338, 3823586989], [3823586989, 3823587003], [3823587003, 307924223], [307924223, 3823587092], [3823587092, 3823587175], [3823587175, 3823587253], [3823587253, 3823587427], [3823587427, 4576617363], [4576617363, 3823587534], [3823587534, 3823587543], [3823587543, 3823587717], [3823587717, 3823587759], [3823587759, 3823587858], [3823587858, 3823587888], [3823587888, 3823587936], [3823587936, 3823588078], [3823588078, 4576650759], [4576650759, 4576620663], [4576620663, 3823588370], [3823588370, 3823588613], [3823588613, 3823588638], [3823588638, 3823588661]]",36,35,1167.933,0,0,0.0,0,0.0,0,0.0,0,0.0,0,0.0,0.0,1,6,13,21,historical_flood_trace_edge_exclusion,1160.202,1167.933,7.731,0.006663,23.346,0.0,23.346,1.0,3,0,True
od_426,연신내,6호선,126.920625,37.618636,pedestrian_support_point,빗물받이,서울특별시 은평구 불광동  73-8,126.928,37.6259,1036.291,11230505686,3823588661,20.028299588559467,4.520643736324227,PASS,od_426_historical_flood_trace_avoidance_route,historical_flood_trace_avoidance_route,"[11230505686, 11663495477, 13357321496, 11178032838, 2960309144, 2960309145, 3819769990, 3823586772, 3819770024, 3823586798, 3823586835, 3823586851, 4576632337, 4576632338, 3823586989, 3823587003, 307924223, 3823587092, 3823587175, 3823587253, 3823587427, 4576617363, 3823587534, 3823587543, 3823587717, 3823587759, 3823587858, 3823587888, 3823587936, 3823588078, 4576650759, 4576620663, 3823588370, 3823588613, 3823588638, 3823588661]","[[11230505686, 11663495477], [11663495477, 13357321496], [13357321496, 11178032838], [11178032838, 2960309144], [2960309144, 2960309145], [2960309145, 3819769990], [3819769990, 3823586772], [3823586772, 3819770024], [3819770024, 3823586798], [3823586798, 3823586835], [3823586835, 3823586851], [3823586851, 4576632337], [4576632337, 4576632338], [4576632338, 3823586989], [3823586989, 3823587003], [3823587003, 307924223], [307924223, 3823587092], [3823587092, 3823587175], [3823587175, 3823587253], [3823587253, 3823587427], [3823587427, 4576617363], [4576617363, 3823587534], [3823587534, 3823587543], [3823587543, 3823587717], [3823587717, 3823587759], [3823587759, 3823587858], [3823587858, 3823587888], [3823587888, 3823587936], [3823587936, 3823588078], [3823588078, 4576650759], [4576650759, 4576620663], [4576620663, 3823588370], [3823588370, 3823588613], [3823588613, 3823588638], [3823588638, 3823588661]]",36,35,1167.933,0,0,0.0,0,0.0,0,0.0,0,0.0,0,0.0,0.0,1,6,13,21,historical_flood_trace_edge_exclusion,1160.202,1167.933,7.731,0.006663,23.346,0.0,23.346,1.0,3,0,True
od_2849,연신내,3호선,126.921038,37.619229,pedestrian_support_point,빗물받이,서울특별시 은평구 연서로 347,126.9277,37.626,954.284,13357342120,3823588710,32.16422242836125,7.768118519763533,PASS,od_2849_historical_flood_trace_avoidance_route,historical_flood_trace_avoidance_route,"[13357342120, 13357342121, 13357321496, 11178032838, 2960309144, 2960309145, 3819769990, 3823586772, 3819770024, 3823586798, 3823586835, 3823586851, 4576632337, 4576632338, 3823586989, 3823587003, 307924223, 3823587092, 3823587175, 3823587253, 3823587427, 4576617363, 3823587534, 3823587785, 3823587817, 3823587854, 3823587917, 3823587939, 3823588072, 3823588195, 3823588211, 3823588386, 3823588456, 3823588424, 3823588672, 3823588710]","[[13357342120, 13357342121], [13357342121, 13357321496], [13357321496, 11178032838], [11178032838, 2960309144], [2960309144, 2960309145], [2960309145, 3819769990], [3819769990, 3823586772], [3823586772, 3819770024], [3819770024, 3823586798], [3823586798, 3823586835], [3823586835, 3823586851], [3823586851, 4576632337], [4576632337, 4576632338], [4576632338, 3823586989], [3823586989, 3823587003], [3823587003, 307924223], [307924223, 3823587092], [3823587092, 3823587175], [3823587175, 3823587253], [3823587253, 3823587427], [3823587427, 4576617363], [4576617363, 3823587534], [3823587534, 3823587785], [3823587785, 3823587817], [3823587817, 3823587854], [3823587854, 3823587917], [3823587917, 3823587939], [3823587939, 3823588072], [3823588072, 3823588195], [3823588195, 3823588211], [3823588211, 3823588386], [3823588386, 3823588456], [3823588456, 3823588424], [3823588424, 3823588672], [3823588672, 3823588710]]",36,35,1190.068,0,0,0.0,0,0.0,0,0.0,1,3.272,1,3.272,0.00275,1,6,10,21,historical_flood_trace_edge_exclusion,1186.425,1190.068,3.643,0.003071,23.346,3.272,20.074,0.859848,3,1,True
od_205,연신내,6호선,126.920625,37.618636,pedestrian_support_point,빗물받이,서울특별시 은평구 연서로 347,126.9277,37.626,1028.656,11230505686,3823588710,20.028299588559467,7.768118519763533,PASS,od_205_historical_flood_trace_avoidance_route,historical_flood_trace_avoidance_route,"[11230505686, 11663495477, 13357321496, 11178032838, 2960309144, 2960309145, 3819769990, 3823586772, 3819770024, 3823586798, 3823586835, 3823586851, 4576632337, 4576632338, 3823586989, 3823587003, 307924223, 3823587092, 3823587175, 3823587253, 3823587427, 4576617363, 3823587534, 3823587785, 3823587817, 3823587854, 3823587917, 3823587939, 3823588072, 3823588195, 3823588211, 3823588386, 3823588456, 3823588424, 3823588672, 3823588710]","[[11230505686, 11663495477], [11663495477, 13357321496], [13357321496, 11178032838], [11178032838, 2960309144], [2960309144, 2960309145], [2960309145, 3819769990], [3819769990, 3823586772], [3823586772, 3819770024], [3819770024, 3823586798], [3823586798, 3823586835], [3823586835, 3823586851], [3823586851, 4576632337], [4576632337, 4576632338], [4576632338, 3823586989], [3823586989, 3823587003], [3823587003, 307924223], [307924223, 3823587092], [3823587092, 3823587175], [3823587175, 3823587253], [3823587253, 3823587427], [3823587427, 4576617363], [4576617363, 3823587534], [3823587534, 3823587785], [3823587785, 3823587817], [3823587817, 3823587854], [3823587854, 3823587917], [3823587917, 3823587939], [3823587939, 3823588072], [3823588072, 3823588195], [3823588195, 3823588211], [3823588211, 3823588386], [3823588386, 3823588456], [3823588456, 3823588424], [3823588424, 3823588672], [3823588672, 3823588710]]",36,35,1204.344,0,0,0.0,0,0.0,0,0.0,1,3.272,1,3.272,0.002717,1,6,11,22,historical_flood_trace_edge_exclusion,1200.701,1204.344,3.643,0.003034,23.346,3.272,20.074,0.859848,3,1,True
od_2882,연신내,3호선,126.921038,37.619229,pedestrian_support_point,장애인화장실,서울특별시 은평구 연서로 347,126.9284,37.6263,1018.979,13357342120,3823588804,32.16422242836125,50.98264538999231,PASS,od_2882_historical_flood_trace_avoidance_route,historical_flood_trace_avoidance_route,"[13357342120, 13357342121, 13357321496, 11178032838, 2960309144, 2960309145, 3819769990, 3823586772, 3819770024, 3823586798, 3823586835, 3823586851, 4576632337, 4576632338, 3823586989, 3823587003, 307924223, 3823587092, 3823587175, 3823587253, 3823587427, 4576617363, 3823587534, 3823587785, 3823587817, 3823587854, 3823587917, 3823587939, 3823588072, 3823588195, 3823588211, 3823588386, 3823588456, 3823588424, 3823588672, 3823588710, 3823588804]","[[13357342120, 13357342121], [13357342121, 13357321496], [13357321496, 11178032838], [11178032838, 2960309144], [2960309144, 2960309145], [2960309145, 3819769990], [3819769990, 3823586772], [3823586772, 3819770024], [3819770024, 3823586798], [3823586798, 3823586835], [3823586835, 3823586851], [3823586851, 4576632337], [4576632337, 4576632338], [4576632338, 3823586989], [3823586989, 3823587003], [3823587003, 307924223], [307924223, 3823587092], [3823587092, 3823587175], [3823587175, 3823587253], [3823587253, 3823587427], [3823587427, 4576617363], [4576617363, 3823587534], [3823587534, 3823587785], [3823587785, 3823587817], [3823587817, 3823587854], [3823587854, 3823587917], [3823587917, 3823587939], [3823587939, 3823588072], [3823588072, 3823588195], [3823588195, 3823588211], [3823588211, 3823588386], [3823588386, 3823588456], [3823588456, 3823588424], [3823588424, 3823588672], [3823588672, 3823588710], [3823588710, 3823588804]]",37,36,1254.08,0,0,0.0,0,0.0,0,0.0,1,3.272,1,3.272,0.002609,1,6,10,21,historical_flood_trace_edge_exclusion,1250.437,1254.08,3.643,0.002913,23.346,3.272,20.074,0.859848,3,1,True
od_240,연신내,6호선,126.920625,37.618636,pedestrian_support_point,장애인화장실,서울특별시 은평구 연서로 347,126.9284,37.6263,1093.015,11230505686,3823588804,20.028299588559467,50.98264538999231,PASS,od_240_historical_flood_trace_avoidance_route,historical_flood_trace_avoidance_route,"[11230505686, 11663495477, 13357321496, 11178032838, 2960309144, 2960309145, 3819769990, 3823586772, 3819770024, 3823586798, 3823586835, 3823586851, 4576632337, 4576632338, 3823586989, 3823587003, 307924223, 3823587092, 3823587175, 3823587253, 3823587427, 4576617363, 3823587534, 3823587785, 3823587817, 3823587854, 3823587917, 3823587939, 3823588072, 3823588195, 3823588211, 3823588386, 3823588456, 3823588424, 3823588672, 3823588710, 3823588804]","[[11230505686, 11663495477], [11663495477, 13357321496], [13357321496, 11178032838], [11178032838, 2960309144], [2960309144, 2960309145], [2960309145, 3819769990], [3819769990, 3823586772], [3823586772, 3819770024], [3819770024, 3823586798], [3823586798, 3823586835], [3823586835, 3823586851], [3823586851, 4576632337], [4576632337, 4576632338], [4576632338, 3823586989], [3823586989, 3823587003], [3823587003, 307924223], [307924223, 3823587092], [3823587092, 3823587175], [3823587175, 3823587253], [3823587253, 3823587427], [3823587427, 4576617363], [4576617363, 3823587534], [3823587534, 3823587785], [3823587785, 3823587817], [3823587817, 3823587854], [3823587854, 3823587917], [3823587917, 3823587939], [3823587939, 3823588072], [3823588072, 3823588195], [3823588195, 3823588211], [3823588211, 3823588386], [3823588386, 3823588456], [3823588456, 3823588424], [3823588424, 3823588672], [3823588672, 3823588710], [3823588710, 3823588804]]",37,36,1268.356,0,0,0.0,0,0.0,0,0.0,1,3.272,1,3.272,0.00258,1,6,11,22,historical_flood_trace_edge_exclusion,1264.712,1268.356,3.644,0.002881,23.346,3.272,20.074,0.859848,3,1,True
od_2243,불광,3호선,126.92982,37.610553,mobility_facility,불광작은예수의집,서울특별시 은평구 연서로37길 21-5,126.9262,37.6234,1461.259,5930698997,3823587789,50.20980174135544,17.424348942416625,PASS,od_2243_historical_flood_trace_avoidance_route,historical_flood_trace_avoidance_route,"[5930698997, 11228575654, 11296481755, 3819768907, 3819768989, 11228574116, 11296481757, 11228575667, 11228575756, 2960309741, 11228574120, 11228574122, 11228574126, 8370552938, 3819769667, 3819769789, 3819769829, 3819769886, 8479080812, 3819768748, 3819769951, 356265927, 3819769971, 3819770000, 3819770031, 3819770052, 3819770060, 3823586968, 307924224, 3823587102, 3823587175, 3823587253, 3823587427, 4576617363, 3823587534, 3823587785, 3823587817, 3823587789]","[[5930698997, 11228575654], [11228575654, 11296481755], [11296481755, 3819768907], [3819768907, 3819768989], [3819768989, 11228574116], [11228574116, 11296481757], [11296481757, 11228575667], [11228575667, 11228575756], [11228575756, 2960309741], [2960309741, 11228574120], [11228574120, 11228574122], [11228574122, 11228574126], [11228574126, 8370552938], [8370552938, 3819769667], [3819769667, 3819769789], [3819769789, 3819769829], [3819769829, 3819769886], [3819769886, 8479080812], [8479080812, 3819768748], [3819768748, 3819769951], [3819769951, 356265927], [356265927, 3819769971], [3819769971, 3819770000], [3819770000, 3819770031], [3819770031, 3819770052], [3819770052, 3819770060], [3819770060, 3823586968], [3823586968, 307924224], [307924224, 3823587102], [3823587102, 3823587175], [3823587175, 3823587253], [3823587253, 3823587427], [3823587427, 4576617363], [4576617363, 3823587534], [3823587534, 3823587785], [3823587785, 3823587817], [3823587817, 3823587789]]",38,37,1752.665,0,0,0.0,0,0.0,0,0.0,0,0.0,0,0.0,0.0,1,9,6,7,historical_flood_trace_edge_exclusion,1727.634,1752.665,25.031,0.014489,23.346,0.0,23.346,1.0,3,0,True
od_853,불광,6호선,126.92939,37.610873,mobility_facility,불광작은예수의집,서울특별시 은평구 연서로37길 21-5,126.9262,37.6234,1418.601,5930698997,3823587789,11.603222454866666,17.424348942416625,PASS,od_853_historical_flood_trace_avoidance_route,historical_flood_trace_avoidance_route,"[5930698997, 11228575654, 11296481755, 3819768907, 3819768989, 11228574116, 11296481757, 11228575667, 11228575756, 2960309741, 11228574120, 11228574122, 11228574126, 8370552938, 3819769667, 3819769789, 3819769829, 3819769886, 8479080812, 3819768748, 3819769951, 356265927, 3819769971, 3819770000, 3819770031, 3819770052, 3819770060, 3823586968, 307924224, 3823587102, 3823587175, 3823587253, 3823587427, 4576617363, 3823587534, 3823587785, 3823587817, 3823587789]","[[5930698997, 11228575654], [11228575654, 11296481755], [11296481755, 3819768907], [3819768907, 3819768989], [3819768989, 11228574116], [11228574116, 11296481757], [11296481757, 11228575667], [11228575667, 11228575756], [11228575756, 2960309741], [2960309741, 11228574120], [11228574120, 11228574122], [11228574122, 11228574126], [11228574126, 8370552938], [8370552938, 3819769667], [3819769667, 3819769789], [3819769789, 3819769829], [3819769829, 3819769886], [3819769886, 8479080812], [8479080812, 3819768748], [3819768748, 3819769951], [3819769951, 356265927], [356265927, 3819769971], [3819769971, 3819770000], [3819770000, 3819770031], [3819770031, 3819770052], [3819770052, 3819770060], [3819770060, 3823586968], [3823586968, 307924224], [307924224, 3823587102], [3823587102, 3823587175], [3823587175, 3823587253], [3823587253, 3823587427], [3823587427, 4576617363], [4576617363, 3823587534], [3823587534, 3823587785], [3823587785, 3823587817], [3823587817, 3823587789]]",38,37,1752.665,0,0,0.0,0,0.0,0,0.0,0,0.0,0,0.0,0.0,1,9,6,7,historical_flood_trace_edge_exclusion,1727.634,1752.665,25.031,0.014489,23.346,0.0,23.346,1.0,3,0,True
od_2303,불광,3호선,126.92982,37.610553,mobility_facility,사랑의집,서울특별시 은평구 역말로10길 30-1,126.9238,37.6092,552.346,5930698997,10968647958,50.20980174135544,25.219799857210795,PASS,od_2303_historical_flood_trace_avoidance_route,historical_flood_trace_avoidance_route,"[5930698997, 5281048352, 11229115806, 12364765013, 12364765021, 12364765017, 436873827, 3819768516, 3819768533, 3819768549, 3819768560, 3819768571, 4580511489, 3819768548, 3819768539, 3819768522, 10968647958]","[[5930698997, 5281048352], [5281048352, 11229115806], [11229115806, 12364765013], [12364765013, 12364765021], [12364765021, 12364765017], [12364765017, 436873827], [436873827, 3819768516], [3819768516, 3819768533], [3819768533, 3819768549], [3819768549, 3819768560], [3819768560, 3819768571], [3819768571, 4580511489], [4580511489, 3819768548], [3819768548, 3819768539], [3819768539, 3819768522], [3819768522, 10968647958]]",17,16,643.792,0,0,0.0,0,0.0,0,0.0,0,0.0,0,0.0,0.0,1,5,7,10,historical_flood_trace_edge_exclusion,627.642,643.792,16.15,0.025731,22.641,0.0,22.641,1.0,2,0,True
od_2217,불광,3호선,126.92982,37.610553,mobility_facility,리치공인중개사사무소,서울특별시 은평구 역말로10길 32,126.9239,37.6091,547.023,5930698997,10968647958,50.20980174135544,12.23768373696107,PASS,od_2217_historical_flood_trace_avoidance_route,historical_flood_trace_avoidance_route,"[5930698997, 5281048352, 11229115806, 12364765013, 12364765021, 12364765017, 436873827, 3819768516, 3819768533, 3819768549, 3819768560, 3819768571, 4580511489, 3819768548, 3819768539, 3819768522, 10968647958]","[[5930698997, 5281048352], [5281048352, 11229115806], [11229115806, 12364765013], [12364765013, 12364765021], [12364765021, 12364765017], [12364765017, 436873827], [436873827, 3819768516], [3819768516, 3819768533], [3819768533, 3819768549], [3819768549, 3819768560], [3819768560, 3819768571], [3819768571, 4580511489], [4580511489, 3819768548], [3819768548, 3819768539], [3819768539, 3819768522], [3819768522, 10968647958]]",17,16,643.792,0,0,0.0,0,0.0,0,0.0,0,0.0,0,0.0,0.0,1,5,7,10,historical_flood_trace_edge_exclusion,627.642,643.792,16.15,0.025731,22.641,0.0,22.641,1.0,2,0,True
od_915,불광,6호선,126.92939,37.610873,mobility_facility,사랑의집,서울특별시 은평구 역말로10길 30-1,126.9238,37.6092,527.345,5930698997,10968647958,11.603222454866666,25.219799857210795,PASS,od_915_historical_flood_trace_avoidance_route,historical_flood_trace_avoidance_route,"[5930698997, 5281048352, 11229115806, 12364765013, 12364765021, 12364765017, 436873827, 3819768516, 3819768533, 3819768549, 3819768560, 3819768571, 4580511489, 3819768548, 3819768539, 3819768522, 10968647958]","[[5930698997, 5281048352], [5281048352, 11229115806], [11229115806, 12364765013], [12364765013, 12364765021], [12364765021, 12364765017], [12364765017, 436873827], [436873827, 3819768516], [3819768516, 3819768533], [3819768533, 3819768549], [3819768549, 3819768560], [3819768560, 3819768571], [3819768571, 4580511489], [4580511489, 3819768548], [3819768548, 3819768539], [3819768539, 3819768522], [3819768522, 10968647958]]",17,16,643.792,0,0,0.0,0,0.0,0,0.0,0,0.0,0,0.0,0.0,1,5,7,10,historical_flood_trace_edge_exclusion,627.642,643.792,16.15,0.025731,22.641,0.0,22.641,1.0,2,0,True
od_826,불광,6호선,126.92939,37.610873,mobility_facility,리치공인중개사사무소,서울특별시 은평구 역말로10길 32,126.9239,37.6091,523.163,5930698997,10968647958,11.603222454866666,12.23768373696107,PASS,od_826_historical_flood_trace_avoidance_route,historical_flood_trace_avoidance_route,"[5930698997, 5281048352, 11229115806, 12364765013, 12364765021, 12364765017, 436873827, 3819768516, 3819768533, 3819768549, 3819768560, 3819768571, 4580511489, 3819768548, 3819768539, 3819768522, 10968647958]","[[5930698997, 5281048352], [5281048352, 11229115806], [11229115806, 12364765013], [12364765013, 12364765021], [12364765021, 12364765017], [12364765017, 436873827], [436873827, 3819768516], [3819768516, 3819768533], [3819768533, 3819768549], [3819768549, 3819768560], [3819768560, 3819768571], [3819768571, 4580511489], [4580511489, 3819768548], [3819768548, 3819768539], [3819768539, 3819768522], [3819768522, 10968647958]]",17,16,643.792,0,0,0.0,0,0.0,0,0.0,0,0.0,0,0.0,0.0,1,5,7,10,historical_flood_trace_edge_exclusion,627.642,643.792,16.15,0.025731,22.641,0.0,22.641,1.0,2,0,True
od_2182,불광,3호선,126.92982,37.610553,mobility_facility,경희부동산공인중개사사무소,서울특별시 은평구 서오릉로8길 22,126.9238,37.6088,566.032,5930698997,3004846056,50.20980174135544,12.14487729615712,PASS,od_2182_historical_flood_trace_avoidance_route,historical_flood_trace_avoidance_route,"[5930698997, 5281048352, 11229115806, 12364765013, 12364765021, 12364765017, 436873827, 3819768516, 3819768484, 3819768233, 3819768471, 3004846056]","[[5930698997, 5281048352], [5281048352, 11229115806], [11229115806, 12364765013], [12364765013, 12364765021], [12364765021, 12364765017], [12364765017, 436873827], [436873827, 3819768516], [3819768516, 3819768484], [3819768484, 3819768233], [3819768233, 3819768471], [3819768471, 3004846056]]",12,11,654.424,0,0,0.0,0,0.0,0,0.0,0,0.0,0,0.0,0.0,1,3,7,10,historical_flood_trace_edge_exclusion,652.162,654.424,2.262,0.003468,22.641,0.0,22.641,1.0,2,0,True
od_2345,불광,3호선,126.92982,37.610553,mobility_facility,메디알레소망공인중개사사무소,서울특별시 은평구 서오릉로8길 23,126.9238,37.609,558.79,5930698997,3004846056,50.20980174135544,12.20580599543036,PASS,od_2345_historical_flood_trace_avoidance_route,historical_flood_trace_avoidance_route,"[5930698997, 5281048352, 11229115806, 12364765013, 12364765021, 12364765017, 436873827, 3819768516, 3819768484, 3819768233, 3819768471, 3004846056]","[[5930698997, 5281048352], [5281048352, 11229115806], [11229115806, 12364765013], [12364765013, 12364765021], [12364765021, 12364765017], [12364765017, 436873827], [436873827, 3819768516], [3819768516, 3819768484], [3819768484, 3819768233], [3819768233, 3819768471], [3819768471, 3004846056]]",12,11,654.424,0,0,0.0,0,0.0,0,0.0,0,0.0,0,0.0,0.0,1,3,7,10,historical_flood_trace_edge_exclusion,652.162,654.424,2.262,0.003468,22.641,0.0,22.641,1.0,2,0,True
od_791,불광,6호선,126.92939,37.610873,mobility_facility,경희부동산공인중개사사무소,서울특별시 은평구 서오릉로8길 22,126.9238,37.6088,544.566,5930698997,3004846056,11.603222454866666,12.14487729615712,PASS,od_791_historical_flood_trace_avoidance_route,historical_flood_trace_avoidance_route,"[5930698997, 5281048352, 11229115806, 12364765013, 12364765021, 12364765017, 436873827, 3819768516, 3819768484, 3819768233, 3819768471, 3004846056]","[[5930698997, 5281048352], [5281048352, 11229115806], [11229115806, 12364765013], [12364765013, 12364765021], [12364765021, 12364765017], [12364765017, 436873827], [436873827, 3819768516], [3819768516, 3819768484], [3819768484, 3819768233], [3819768233, 3819768471], [3819768471, 3004846056]]",12,11,654.424,0,0,0.0,0,0.0,0,0.0,0,0.0,0,0.0,0.0,1,3,7,10,historical_flood_trace_edge_exclusion,652.162,654.424,2.262,0.003468,22.641,0.0,22.641,1.0,2,0,True
od_956,불광,6호선,126.92939,37.610873,mobility_facility,메디알레소망공인중개사사무소,서울특별시 은평구 서오릉로8길 23,126.9238,37.609,535.565,5930698997,3004846056,11.603222454866666,12.20580599543036,PASS,od_956_historical_flood_trace_avoidance_route,historical_flood_trace_avoidance_route,"[5930698997, 5281048352, 11229115806, 12364765013, 12364765021, 12364765017, 436873827, 3819768516, 3819768484, 3819768233, 3819768471, 3004846056]","[[5930698997, 5281048352], [5281048352, 11229115806], [11229115806, 12364765013], [12364765013, 12364765021], [12364765021, 12364765017], [12364765017, 436873827], [436873827, 3819768516], [3819768516, 3819768484], [3819768484, 3819768233], [3819768233, 3819768471], [3819768471, 3004846056]]",12,11,654.424,0,0,0.0,0,0.0,0,0.0,0,0.0,0,0.0,0.0,1,3,7,10,historical_flood_trace_edge_exclusion,652.162,654.424,2.262,0.003468,22.641,0.0,22.641,1.0,2,0,True
od_470,독바위,6호선,126.933031,37.618456,mobility_facility,대한공인중개사사무소,서울특별시 은평구 진흥로13길 13,126.925,37.6095,1221.003,3824954278,3819768571,2.93341759236071,16.26069717571956,PASS,od_470_historical_flood_trace_avoidance_route,historical_flood_trace_avoidance_route,"[3824954278, 436849320, 307924229, 3824954088, 3819769661, 3824954063, 445329900, 436849314, 5281044434, 5281044436, 5281044435, 3819769307, 3279011087, 4580205446, 3819769163, 353195249, 436849310, 3279011082, 5281045189, 5281045187, 5281045188, 5281045186, 457819071, 11228575654, 5930698997, 5281048352, 11229115806, 12364765013, 12364765021, 12364765017, 436873827, 3819768516, 3819768533, 3819768549, 3819768560, 3819768571]","[[3824954278, 436849320], [436849320, 307924229], [307924229, 3824954088], [3824954088, 3819769661], [3819769661, 3824954063], [3824954063, 445329900], [445329900, 436849314], [436849314, 5281044434], [5281044434, 5281044436], [5281044436, 5281044435], [5281044435, 3819769307], [3819769307, 3279011087], [3279011087, 4580205446], [4580205446, 3819769163], [3819769163, 353195249], [353195249, 436849310], [436849310, 3279011082], [3279011082, 5281045189], [5281045189, 5281045187], [5281045187, 5281045188], [5281045188, 5281045186], [5281045186, 457819071], [457819071, 11228575654], [11228575654, 5930698997], [5930698997, 5281048352], [5281048352, 11229115806], [11229115806, 12364765013], [12364765013, 12364765021], [12364765021, 12364765017], [12364765017, 436873827], [436873827, 3819768516], [3819768516, 3819768533], [3819768533, 3819768549], [3819768549, 3819768560], [3819768560, 3819768571]]",36,35,1495.824,0,0,0.0,0,0.0,0,0.0,0,0.0,0,0.0,0.0,1,21,20,16,historical_flood_trace_edge_exclusion,1479.675,1495.824,16.149,0.010914,22.641,0.0,22.641,1.0,2,0,True
od_486,독바위,6호선,126.933031,37.618456,mobility_facility,리치공인중개사사무소,서울특별시 은평구 역말로10길 32,126.9239,37.6091,1314.627,3824954278,10968647958,2.93341759236071,12.23768373696107,PASS,od_486_historical_flood_trace_avoidance_route,historical_flood_trace_avoidance_route,"[3824954278, 436849320, 307924229, 3824954088, 3819769661, 3824954063, 445329900, 436849314, 5281044434, 5281044436, 5281044435, 3819769307, 3279011087, 4580205446, 3819769163, 353195249, 436849310, 3279011082, 5281045189, 5281045187, 5281045188, 5281045186, 457819071, 11228575654, 5930698997, 5281048352, 11229115806, 12364765013, 12364765021, 12364765017, 436873827, 3819768516, 3819768533, 3819768549, 3819768560, 3819768571, 4580511489, 3819768548, 3819768539, 3819768522, 10968647958]","[[3824954278, 436849320], [436849320, 307924229], [307924229, 3824954088], [3824954088, 3819769661], [3819769661, 3824954063], [3824954063, 445329900], [445329900, 436849314], [436849314, 5281044434], [5281044434, 5281044436], [5281044436, 5281044435], [5281044435, 3819769307], [3819769307, 3279011087], [3279011087, 4580205446], [4580205446, 3819769163], [3819769163, 353195249], [353195249, 436849310], [436849310, 3279011082], [3279011082, 5281045189], [5281045189, 5281045187], [5281045187, 5281045188], [5281045188, 5281045186], [5281045186, 457819071], [457819071, 11228575654], [11228575654, 5930698997], [5930698997, 5281048352], [5281048352, 11229115806], [11229115806, 12364765013], [12364765013, 12364765021], [12364765021, 12364765017], [12364765017, 436873827], [436873827, 3819768516], [3819768516, 3819768533], [3819768533, 3819768549], [3819768549, 3819768560], [3819768560, 3819768571], [3819768571, 4580511489], [4580511489, 3819768548], [3819768548, 3819768539], [3819768539, 3819768522], [3819768522, 10968647958]]",41,40,1631.497,0,0,0.0,0,0.0,0,0.0,0,0.0,0,0.0,0.0,1,24,20,16,historical_flood_trace_edge_exclusion,1615.347,1631.497,16.15,0.009998,22.641,0.0,22.641,1.0,2,0,True
od_546,독바위,6호선,126.933031,37.618456,mobility_facility,사랑의집,서울특별시 은평구 역말로10길 30-1,126.9238,37.6092,1311.346,3824954278,10968647958,2.93341759236071,25.219799857210795,PASS,od_546_historical_flood_trace_avoidance_route,historical_flood_trace_avoidance_route,"[3824954278, 436849320, 307924229, 3824954088, 3819769661, 3824954063, 445329900, 436849314, 5281044434, 5281044436, 5281044435, 3819769307, 3279011087, 4580205446, 3819769163, 353195249, 436849310, 3279011082, 5281045189, 5281045187, 5281045188, 5281045186, 457819071, 11228575654, 5930698997, 5281048352, 11229115806, 12364765013, 12364765021, 12364765017, 436873827, 3819768516, 3819768533, 3819768549, 3819768560, 3819768571, 4580511489, 3819768548, 3819768539, 3819768522, 10968647958]","[[3824954278, 436849320], [436849320, 307924229], [307924229, 3824954088], [3824954088, 3819769661], [3819769661, 3824954063], [3824954063, 445329900], [445329900, 436849314], [436849314, 5281044434], [5281044434, 5281044436], [5281044436, 5281044435], [5281044435, 3819769307], [3819769307, 3279011087], [3279011087, 4580205446], [4580205446, 3819769163], [3819769163, 353195249], [353195249, 436849310], [436849310, 3279011082], [3279011082, 5281045189], [5281045189, 5281045187], [5281045187, 5281045188], [5281045188, 5281045186], [5281045186, 457819071], [457819071, 11228575654], [11228575654, 5930698997], [5930698997, 5281048352], [5281048352, 11229115806], [11229115806, 12364765013], [12364765013, 12364765021], [12364765021, 12364765017], [12364765017, 436873827], [436873827, 3819768516], [3819768516, 3819768533], [3819768533, 3819768549], [3819768549, 3819768560], [3819768560, 3819768571], [3819768571, 4580511489], [4580511489, 3819768548], [3819768548, 3819768539], [3819768539, 3819768522], [3819768522, 10968647958]]",41,40,1631.497,0,0,0.0,0,0.0,0,0.0,0,0.0,0,0.0,0.0,1,24,20,16,historical_flood_trace_edge_exclusion,1615.347,1631.497,16.15,0.009998,22.641,0.0,22.641,1.0,2,0,True
od_461,독바위,6호선,126.933031,37.618456,mobility_facility,경희부동산공인중개사사무소,서울특별시 은평구 서오릉로8길 22,126.9238,37.6088,1346.41,3824954278,3004846056,2.93341759236071,12.14487729615712,PASS,od_461_historical_flood_trace_avoidance_route,historical_flood_trace_avoidance_route,"[3824954278, 436849320, 307924229, 3824954088, 3819769661, 3824954063, 445329900, 436849314, 5281044434, 5281044436, 5281044435, 3819769307, 3279011087, 4580205446, 3819769163, 353195249, 436849310, 3279011082, 5281045189, 5281045187, 5281045188, 5281045186, 457819071, 11228575654, 5930698997, 5281048352, 11229115806, 12364765013, 12364765021, 12364765017, 436873827, 3819768516, 3819768484, 3819768233, 3819768471, 3004846056]","[[3824954278, 436849320], [436849320, 307924229], [307924229, 3824954088], [3824954088, 3819769661], [3819769661, 3824954063], [3824954063, 445329900], [445329900, 436849314], [436849314, 5281044434], [5281044434, 5281044436], [5281044436, 5281044435], [5281044435, 3819769307], [3819769307, 3279011087], [3279011087, 4580205446], [4580205446, 3819769163], [3819769163, 353195249], [353195249, 436849310], [436849310, 3279011082], [3279011082, 5281045189], [5281045189, 5281045187], [5281045187, 5281045188], [5281045188, 5281045186], [5281045186, 457819071], [457819071, 11228575654], [11228575654, 5930698997], [5930698997, 5281048352], [5281048352, 11229115806], [11229115806, 12364765013], [12364765013, 12364765021], [12364765021, 12364765017], [12364765017, 436873827], [436873827, 3819768516], [3819768516, 3819768484], [3819768484, 3819768233], [3819768233, 3819768471], [3819768471, 3004846056]]",36,35,1642.129,0,0,0.0,0,0.0,0,0.0,0,0.0,0,0.0,0.0,1,22,20,16,historical_flood_trace_edge_exclusion,1639.867,1642.129,2.262,0.001379,22.641,0.0,22.641,1.0,2,0,True
od_564,독바위,6호선,126.933031,37.618456,mobility_facility,메디알레소망공인중개사사무소,서울특별시 은평구 서오릉로8길 23,126.9238,37.609,1328.808,3824954278,3004846056,2.93341759236071,12.20580599543036,PASS,od_564_historical_flood_trace_avoidance_route,historical_flood_trace_avoidance_route,"[3824954278, 436849320, 307924229, 3824954088, 3819769661, 3824954063, 445329900, 436849314, 5281044434, 5281044436, 5281044435, 3819769307, 3279011087, 4580205446, 3819769163, 353195249, 436849310, 3279011082, 5281045189, 5281045187, 5281045188, 5281045186, 457819071, 11228575654, 5930698997, 5281048352, 11229115806, 12364765013, 12364765021, 12364765017, 436873827, 3819768516, 3819768484, 3819768233, 3819768471, 3004846056]","[[3824954278, 436849320], [436849320, 307924229], [307924229, 3824954088], [3824954088, 3819769661], [3819769661, 3824954063], [3824954063, 445329900], [445329900, 436849314], [436849314, 5281044434], [5281044434, 5281044436], [5281044436, 5281044435], [5281044435, 3819769307], [3819769307, 3279011087], [3279011087, 4580205446], [4580205446, 3819769163], [3819769163, 353195249], [353195249, 436849310], [436849310, 3279011082], [3279011082, 5281045189], [5281045189, 5281045187], [5281045187, 5281045188], [5281045188, 5281045186], [5281045186, 457819071], [457819071, 11228575654], [11228575654, 5930698997], [5930698997, 5281048352], [5281048352, 11229115806], [11229115806, 12364765013], [12364765013, 12364765021], [12364765021, 12364765017], [12364765017, 436873827], [436873827, 3819768516], [3819768516, 3819768484], [3819768484, 3819768233], [3819768233, 3819768471], [3819768471, 3004846056]]",36,35,1642.129,0,0,0.0,0,0.0,0,0.0,0,0.0,0,0.0,0.0,1,22,20,16,historical_flood_trace_edge_exclusion,1639.867,1642.129,2.262,0.001379,22.641,0.0,22.641,1.0,2,0,True
od_2675,연신내,3호선,126.921038,37.619229,mobility_facility,냉삼집,"서울특별시 은평구 불광로 90, 102동 (불광동, 대호프라자아파트)",126.9329,37.6152,1138.737,13357342120,5281044436,32.16422242836125,12.28200980646982,PASS,od_2675_historical_flood_trace_avoidance_route,historical_flood_trace_avoidance_route,"[13357342120, 13357342121, 13357321496, 11178032838, 2960309144, 3819769883, 3819769902, 3819769898, 3819769860, 3819769843, 3819769828, 4580162913, 3819769809, 3819769789, 10682009303, 10682086042, 10682086137, 10682086212, 10682086342, 10682086075, 10682086215, 10682009304, 353195079, 3819769520, 3819769514, 3819769496, 3819769490, 445329900, 436849314, 5281044434, 5281044436]","[[13357342120, 13357342121], [13357342121, 13357321496], [13357321496, 11178032838], [11178032838, 2960309144], [2960309144, 3819769883], [3819769883, 3819769902], [3819769902, 3819769898], [3819769898, 3819769860], [3819769860, 3819769843], [3819769843, 3819769828], [3819769828, 4580162913], [4580162913, 3819769809], [3819769809, 3819769789], [3819769789, 10682009303], [10682009303, 10682086042], [10682086042, 10682086137], [10682086137, 10682086212], [10682086212, 10682086342], [10682086342, 10682086075], [10682086075, 10682086215], [10682086215, 10682009304], [10682009304, 353195079], [353195079, 3819769520], [3819769520, 3819769514], [3819769514, 3819769496], [3819769496, 3819769490], [3819769490, 445329900], [445329900, 436849314], [436849314, 5281044434], [5281044434, 5281044436]]",31,30,1462.993,0,0,0.0,0,0.0,0,0.0,0,0.0,0,0.0,0.0,3,6,8,11,historical_flood_trace_edge_exclusion,1439.974,1462.993,23.019,0.015986,21.486,0.0,21.486,1.0,2,0,True
od_23,연신내,6호선,126.920625,37.618636,mobility_facility,냉삼집,"서울특별시 은평구 불광로 90, 102동 (불광동, 대호프라자아파트)",126.9329,37.6152,1148.87,11230505686,5281044436,20.028299588559467,12.28200980646982,PASS,od_23_historical_flood_trace_avoidance_route,historical_flood_trace_avoidance_route,"[11230505686, 11663495477, 13357321496, 11178032838, 2960309144, 3819769883, 3819769902, 3819769898, 3819769860, 3819769843, 3819769828, 4580162913, 3819769809, 3819769789, 10682009303, 10682086042, 10682086137, 10682086212, 10682086342, 10682086075, 10682086215, 10682009304, 353195079, 3819769520, 3819769514, 3819769496, 3819769490, 445329900, 436849314, 5281044434, 5281044436]","[[11230505686, 11663495477], [11663495477, 13357321496], [13357321496, 11178032838], [11178032838, 2960309144], [2960309144, 3819769883], [3819769883, 3819769902], [3819769902, 3819769898], [3819769898, 3819769860], [3819769860, 3819769843], [3819769843, 3819769828], [3819769828, 4580162913], [4580162913, 3819769809], [3819769809, 3819769789], [3819769789, 10682009303], [10682009303, 10682086042], [10682086042, 10682086137], [10682086137, 10682086212], [10682086212, 10682086342], [10682086342, 10682086075], [10682086075, 10682086215], [10682086215, 10682009304], [10682009304, 353195079], [353195079, 3819769520], [3819769520, 3819769514], [3819769514, 3819769496], [3819769496, 3819769490], [3819769490, 445329900], [445329900, 436849314], [436849314, 5281044434], [5281044434, 5281044436]]",31,30,1477.269,0,0,0.0,0,0.0,0,0.0,0,0.0,0,0.0,0.0,3,6,9,12,historical_flood_trace_edge_exclusion,1454.25,1477.269,23.019,0.015829,21.486,0.0,21.486,1.0,2,0,True
od_2674,연신내,3호선,126.921038,37.619229,mobility_facility,서울면옥,"서울특별시 은평구 불광로 90, 102동 (불광동, 대호프라자아파트)",126.9327,37.6148,1140.935,13357342120,5281044435,32.16422242836125,17.118518526960106,PASS,od_2674_historical_flood_trace_avoidance_route,historical_flood_trace_avoidance_route,"[13357342120, 13357342121, 13357321496, 11178032838, 2960309144, 3819769883, 11296481771, 3819769766, 11228575652, 3819769749, 11228575779, 11228574068, 11228575767, 11228574126, 11228574122, 8370552973, 8370552942, 8370552943, 8370552950, 8370553057, 8370552966, 10682085912, 10682086049, 3819769504, 3819769423, 3819769377, 3819769352, 3819769384, 3819769373, 3819769369, 5281044435]","[[13357342120, 13357342121], [13357342121, 13357321496], [13357321496, 11178032838], [11178032838, 2960309144], [2960309144, 3819769883], [3819769883, 11296481771], [11296481771, 3819769766], [3819769766, 11228575652], [11228575652, 3819769749], [3819769749, 11228575779], [11228575779, 11228574068], [11228574068, 11228575767], [11228575767, 11228574126], [11228574126, 11228574122], [11228574122, 8370552973], [8370552973, 8370552942], [8370552942, 8370552943], [8370552943, 8370552950], [8370552950, 8370553057], [8370553057, 8370552966], [8370552966, 10682085912], [10682085912, 10682086049], [10682086049, 3819769504], [3819769504, 3819769423], [3819769423, 3819769377], [3819769377, 3819769352], [3819769352, 3819769384], [3819769384, 3819769373], [3819769373, 3819769369], [3819769369, 5281044435]]",31,30,1479.424,0,0,0.0,0,0.0,0,0.0,0,0.0,0,0.0,0.0,3,6,8,11,historical_flood_trace_edge_exclusion,1478.4,1479.424,1.024,0.000693,21.486,0.0,21.486,1.0,2,0,True
od_2673,연신내,3호선,126.921038,37.619229,mobility_facility,호우동,"서울특별시 은평구 불광로 90, 102동 (불광동, 대호프라자아파트)",126.9327,37.6148,1140.935,13357342120,5281044435,32.16422242836125,17.118518526960106,PASS,od_2673_historical_flood_trace_avoidance_route,historical_flood_trace_avoidance_route,"[13357342120, 13357342121, 13357321496, 11178032838, 2960309144, 3819769883, 11296481771, 3819769766, 11228575652, 3819769749, 11228575779, 11228574068, 11228575767, 11228574126, 11228574122, 8370552973, 8370552942, 8370552943, 8370552950, 8370553057, 8370552966, 10682085912, 10682086049, 3819769504, 3819769423, 3819769377, 3819769352, 3819769384, 3819769373, 3819769369, 5281044435]","[[13357342120, 13357342121], [13357342121, 13357321496], [13357321496, 11178032838], [11178032838, 2960309144], [2960309144, 3819769883], [3819769883, 11296481771], [11296481771, 3819769766], [3819769766, 11228575652], [11228575652, 3819769749], [3819769749, 11228575779], [11228575779, 11228574068], [11228574068, 11228575767], [11228575767, 11228574126], [11228574126, 11228574122], [11228574122, 8370552973], [8370552973, 8370552942], [8370552942, 8370552943], [8370552943, 8370552950], [8370552950, 8370553057], [8370553057, 8370552966], [8370552966, 10682085912], [10682085912, 10682086049], [10682086049, 3819769504], [3819769504, 3819769423], [3819769423, 3819769377], [3819769377, 3819769352], [3819769352, 3819769384], [3819769384, 3819769373], [3819769373, 3819769369], [3819769369, 5281044435]]",31,30,1479.424,0,0,0.0,0,0.0,0,0.0,0,0.0,0,0.0,0.0,3,6,8,11,historical_flood_trace_edge_exclusion,1478.4,1479.424,1.024,0.000693,21.486,0.0,21.486,1.0,2,0,True
od_22,연신내,6호선,126.920625,37.618636,mobility_facility,서울면옥,"서울특별시 은평구 불광로 90, 102동 (불광동, 대호프라자아파트)",126.9327,37.6148,1147.946,11230505686,5281044435,20.028299588559467,17.118518526960106,PASS,od_22_historical_flood_trace_avoidance_route,historical_flood_trace_avoidance_route,"[11230505686, 11663495477, 13357321496, 11178032838, 2960309144, 3819769883, 11296481771, 3819769766, 11228575652, 3819769749, 11228575779, 11228574068, 11228575767, 11228574126, 11228574122, 8370552973, 8370552942, 8370552943, 8370552950, 8370553057, 8370552966, 10682085912, 10682086049, 3819769504, 3819769423, 3819769377, 3819769352, 3819769384, 3819769373, 3819769369, 5281044435]","[[11230505686, 11663495477], [11663495477, 13357321496], [13357321496, 11178032838], [11178032838, 2960309144], [2960309144, 3819769883], [3819769883, 11296481771], [11296481771, 3819769766], [3819769766, 11228575652], [11228575652, 3819769749], [3819769749, 11228575779], [11228575779, 11228574068], [11228574068, 11228575767], [11228575767, 11228574126], [11228574126, 11228574122], [11228574122, 8370552973], [8370552973, 8370552942], [8370552942, 8370552943], [8370552943, 8370552950], [8370552950, 8370553057], [8370553057, 8370552966], [8370552966, 10682085912], [10682085912, 10682086049], [10682086049, 3819769504], [3819769504, 3819769423], [3819769423, 3819769377], [3819769377, 3819769352], [3819769352, 3819769384], [3819769384, 3819769373], [3819769373, 3819769369], [3819769369, 5281044435]]",31,30,1493.7,0,0,0.0,0,0.0,0,0.0,0,0.0,0,0.0,0.0,3,6,9,12,historical_flood_trace_edge_exclusion,1492.676,1493.7,1.024,0.000686,21.486,0.0,21.486,1.0,2,0,True
od_21,연신내,6호선,126.920625,37.618636,mobility_facility,호우동,"서울특별시 은평구 불광로 90, 102동 (불광동, 대호프라자아파트)",126.9327,37.6148,1147.946,11230505686,5281044435,20.028299588559467,17.118518526960106,PASS,od_21_historical_flood_trace_avoidance_route,historical_flood_trace_avoidance_route,"[11230505686, 11663495477, 13357321496, 11178032838, 2960309144, 3819769883, 11296481771, 3819769766, 11228575652, 3819769749, 11228575779, 11228574068, 11228575767, 11228574126, 11228574122, 8370552973, 8370552942, 8370552943, 8370552950, 8370553057, 8370552966, 10682085912, 10682086049, 3819769504, 3819769423, 3819769377, 3819769352, 3819769384, 3819769373, 3819769369, 5281044435]","[[11230505686, 11663495477], [11663495477, 13357321496], [13357321496, 11178032838], [11178032838, 2960309144], [2960309144, 3819769883], [3819769883, 11296481771], [11296481771, 3819769766], [3819769766, 11228575652], [11228575652, 3819769749], [3819769749, 11228575779], [11228575779, 11228574068], [11228574068, 11228575767], [11228575767, 11228574126], [11228574126, 11228574122], [11228574122, 8370552973], [8370552973, 8370552942], [8370552942, 8370552943], [8370552943, 8370552950], [8370552950, 8370553057], [8370553057, 8370552966], [8370552966, 10682085912], [10682085912, 10682086049], [10682086049, 3819769504], [3819769504, 3819769423], [3819769423, 3819769377], [3819769377, 3819769352], [3819769352, 3819769384], [3819769384, 3819769373], [3819769373, 3819769369], [3819769369, 5281044435]]",31,30,1493.7,0,0,0.0,0,0.0,0,0.0,0,0.0,0,0.0,0.0,3,6,9,12,historical_flood_trace_edge_exclusion,1492.676,1493.7,1.024,0.000686,21.486,0.0,21.486,1.0,2,0,True
od_2795,연신내,3호선,126.921038,37.619229,mobility_facility,색연필,"서울특별시 은평구 불광로 90, 102동 (불광동, 대호프라자아파트)",126.9326,37.6145,1147.815,13357342120,3819769307,32.16422242836125,20.741324332783933,PASS,od_2795_historical_flood_trace_avoidance_route,historical_flood_trace_avoidance_route,"[13357342120, 13357342121, 13357321496, 11178032838, 2960309144, 3819769883, 11296481771, 3819769766, 11228575652, 3819769749, 11228575779, 11228574068, 11228575767, 11228574126, 11228574122, 8370552973, 8370552942, 8370552943, 8370552950, 8370553057, 8370552966, 10682085912, 10682086049, 3819769504, 3819769423, 3819769377, 3819769352, 3819769384, 3819769373, 3819769369, 5281044435, 3819769307]","[[13357342120, 13357342121], [13357342121, 13357321496], [13357321496, 11178032838], [11178032838, 2960309144], [2960309144, 3819769883], [3819769883, 11296481771], [11296481771, 3819769766], [3819769766, 11228575652], [11228575652, 3819769749], [3819769749, 11228575779], [11228575779, 11228574068], [11228574068, 11228575767], [11228575767, 11228574126], [11228574126, 11228574122], [11228574122, 8370552973], [8370552973, 8370552942], [8370552942, 8370552943], [8370552943, 8370552950], [8370552950, 8370553057], [8370553057, 8370552966], [8370552966, 10682085912], [10682085912, 10682086049], [10682086049, 3819769504], [3819769504, 3819769423], [3819769423, 3819769377], [3819769377, 3819769352], [3819769352, 3819769384], [3819769384, 3819769373], [3819769373, 3819769369], [3819769369, 5281044435], [5281044435, 3819769307]]",32,31,1512.185,0,0,0.0,0,0.0,0,0.0,0,0.0,0,0.0,0.0,3,10,8,11,historical_flood_trace_edge_exclusion,1511.161,1512.185,1.024,0.000678,21.486,0.0,21.486,1.0,2,0,True
od_2704,연신내,3호선,126.921038,37.619229,mobility_facility,드림공인중개사사무소,서울특별시 은평구 불광로 90,126.9327,37.6147,1145.761,13357342120,3819769307,32.16422242836125,16.38372581697322,PASS,od_2704_historical_flood_trace_avoidance_route,historical_flood_trace_avoidance_route,"[13357342120, 13357342121, 13357321496, 11178032838, 2960309144, 3819769883, 11296481771, 3819769766, 11228575652, 3819769749, 11228575779, 11228574068, 11228575767, 11228574126, 11228574122, 8370552973, 8370552942, 8370552943, 8370552950, 8370553057, 8370552966, 10682085912, 10682086049, 3819769504, 3819769423, 3819769377, 3819769352, 3819769384, 3819769373, 3819769369, 5281044435, 3819769307]","[[13357342120, 13357342121], [13357342121, 13357321496], [13357321496, 11178032838], [11178032838, 2960309144], [2960309144, 3819769883], [3819769883, 11296481771], [11296481771, 3819769766], [3819769766, 11228575652], [11228575652, 3819769749], [3819769749, 11228575779], [11228575779, 11228574068], [11228574068, 11228575767], [11228575767, 11228574126], [11228574126, 11228574122], [11228574122, 8370552973], [8370552973, 8370552942], [8370552942, 8370552943], [8370552943, 8370552950], [8370552950, 8370553057], [8370553057, 8370552966], [8370552966, 10682085912], [10682085912, 10682086049], [10682086049, 3819769504], [3819769504, 3819769423], [3819769423, 3819769377], [3819769377, 3819769352], [3819769352, 3819769384], [3819769384, 3819769373], [3819769373, 3819769369], [3819769369, 5281044435], [5281044435, 3819769307]]",32,31,1512.185,0,0,0.0,0,0.0,0,0.0,0,0.0,0,0.0,0.0,3,10,8,11,historical_flood_trace_edge_exclusion,1511.161,1512.185,1.024,0.000678,21.486,0.0,21.486,1.0,2,0,True
od_2672,연신내,3호선,126.921038,37.619229,mobility_facility,대호크리닝세탁,"서울특별시 은평구 불광로 90, 102동 (불광동, 대호프라자아파트)",126.9326,37.6146,1142.781,13357342120,3819769307,32.16422242836125,11.060299788695614,PASS,od_2672_historical_flood_trace_avoidance_route,historical_flood_trace_avoidance_route,"[13357342120, 13357342121, 13357321496, 11178032838, 2960309144, 3819769883, 11296481771, 3819769766, 11228575652, 3819769749, 11228575779, 11228574068, 11228575767, 11228574126, 11228574122, 8370552973, 8370552942, 8370552943, 8370552950, 8370553057, 8370552966, 10682085912, 10682086049, 3819769504, 3819769423, 3819769377, 3819769352, 3819769384, 3819769373, 3819769369, 5281044435, 3819769307]","[[13357342120, 13357342121], [13357342121, 13357321496], [13357321496, 11178032838], [11178032838, 2960309144], [2960309144, 3819769883], [3819769883, 11296481771], [11296481771, 3819769766], [3819769766, 11228575652], [11228575652, 3819769749], [3819769749, 11228575779], [11228575779, 11228574068], [11228574068, 11228575767], [11228575767, 11228574126], [11228574126, 11228574122], [11228574122, 8370552973], [8370552973, 8370552942], [8370552942, 8370552943], [8370552943, 8370552950], [8370552950, 8370553057], [8370553057, 8370552966], [8370552966, 10682085912], [10682085912, 10682086049], [10682086049, 3819769504], [3819769504, 3819769423], [3819769423, 3819769377], [3819769377, 3819769352], [3819769352, 3819769384], [3819769384, 3819769373], [3819769373, 3819769369], [3819769369, 5281044435], [5281044435, 3819769307]]",32,31,1512.185,0,0,0.0,0,0.0,0,0.0,0,0.0,0,0.0,0.0,3,10,8,11,historical_flood_trace_edge_exclusion,1511.161,1512.185,1.024,0.000678,21.486,0.0,21.486,1.0,2,0,True
od_2671,연신내,3호선,126.921038,37.619229,mobility_facility,월드공인중개사사무소,"서울특별시 은평구 불광로 90, 102동 (불광동, 대호프라자아파트)",126.9326,37.6146,1142.781,13357342120,3819769307,32.16422242836125,11.060299788695614,PASS,od_2671_historical_flood_trace_avoidance_route,historical_flood_trace_avoidance_route,"[13357342120, 13357342121, 13357321496, 11178032838, 2960309144, 3819769883, 11296481771, 3819769766, 11228575652, 3819769749, 11228575779, 11228574068, 11228575767, 11228574126, 11228574122, 8370552973, 8370552942, 8370552943, 8370552950, 8370553057, 8370552966, 10682085912, 10682086049, 3819769504, 3819769423, 3819769377, 3819769352, 3819769384, 3819769373, 3819769369, 5281044435, 3819769307]","[[13357342120, 13357342121], [13357342121, 13357321496], [13357321496, 11178032838], [11178032838, 2960309144], [2960309144, 3819769883], [3819769883, 11296481771], [11296481771, 3819769766], [3819769766, 11228575652], [11228575652, 3819769749], [3819769749, 11228575779], [11228575779, 11228574068], [11228574068, 11228575767], [11228575767, 11228574126], [11228574126, 11228574122], [11228574122, 8370552973], [8370552973, 8370552942], [8370552942, 8370552943], [8370552943, 8370552950], [8370552950, 8370553057], [8370553057, 8370552966], [8370552966, 10682085912], [10682085912, 10682086049], [10682086049, 3819769504], [3819769504, 3819769423], [3819769423, 3819769377], [3819769377, 3819769352], [3819769352, 3819769384], [3819769384, 3819769373], [3819769373, 3819769369], [3819769369, 5281044435], [5281044435, 3819769307]]",32,31,1512.185,0,0,0.0,0,0.0,0,0.0,0,0.0,0,0.0,0.0,3,10,8,11,historical_flood_trace_edge_exclusion,1511.161,1512.185,1.024,0.000678,21.486,0.0,21.486,1.0,2,0,True
od_2712,연신내,3호선,126.921038,37.619229,mobility_facility,05.  대호아파트,서울특별시 은평구 불광로 82,126.9324,37.6145,1132.14,13357342120,3819769307,32.16422242836125,21.96220793077043,PASS,od_2712_historical_flood_trace_avoidance_route,historical_flood_trace_avoidance_route,"[13357342120, 13357342121, 13357321496, 11178032838, 2960309144, 3819769883, 11296481771, 3819769766, 11228575652, 3819769749, 11228575779, 11228574068, 11228575767, 11228574126, 11228574122, 8370552973, 8370552942, 8370552943, 8370552950, 8370553057, 8370552966, 10682085912, 10682086049, 3819769504, 3819769423, 3819769377, 3819769352, 3819769384, 3819769373, 3819769369, 5281044435, 3819769307]","[[13357342120, 13357342121], [13357342121, 13357321496], [13357321496, 11178032838], [11178032838, 2960309144], [2960309144, 3819769883], [3819769883, 11296481771], [11296481771, 3819769766], [3819769766, 11228575652], [11228575652, 3819769749], [3819769749, 11228575779], [11228575779, 11228574068], [11228574068, 11228575767], [11228575767, 11228574126], [11228574126, 11228574122], [11228574122, 8370552973], [8370552973, 8370552942], [8370552942, 8370552943], [8370552943, 8370552950], [8370552950, 8370553057], [8370553057, 8370552966], [8370552966, 10682085912], [10682085912, 10682086049], [10682086049, 3819769504], [3819769504, 3819769423], [3819769423, 3819769377], [3819769377, 3819769352], [3819769352, 3819769384], [3819769384, 3819769373], [3819769373, 3819769369], [3819769369, 5281044435], [5281044435, 3819769307]]",32,31,1512.185,0,0,0.0,0,0.0,0,0.0,0,0.0,0,0.0,0.0,3,10,8,11,historical_flood_trace_edge_exclusion,1511.161,1512.185,1.024,0.000678,21.486,0.0,21.486,1.0,2,0,True
od_149,연신내,6호선,126.920625,37.618636,mobility_facility,색연필,"서울특별시 은평구 불광로 90, 102동 (불광동, 대호프라자아파트)",126.9326,37.6145,1152.606,11230505686,3819769307,20.028299588559467,20.741324332783933,PASS,od_149_historical_flood_trace_avoidance_route,historical_flood_trace_avoidance_route,"[11230505686, 11663495477, 13357321496, 11178032838, 2960309144, 3819769883, 11296481771, 3819769766, 11228575652, 3819769749, 11228575779, 11228574068, 11228575767, 11228574126, 11228574122, 8370552973, 8370552942, 8370552943, 8370552950, 8370553057, 8370552966, 10682085912, 10682086049, 3819769504, 3819769423, 3819769377, 3819769352, 3819769384, 3819769373, 3819769369, 5281044435, 3819769307]","[[11230505686, 11663495477], [11663495477, 13357321496], [13357321496, 11178032838], [11178032838, 2960309144], [2960309144, 3819769883], [3819769883, 11296481771], [11296481771, 3819769766], [3819769766, 11228575652], [11228575652, 3819769749], [3819769749, 11228575779], [11228575779, 11228574068], [11228574068, 11228575767], [11228575767, 11228574126], [11228574126, 11228574122], [11228574122, 8370552973], [8370552973, 8370552942], [8370552942, 8370552943], [8370552943, 8370552950], [8370552950, 8370553057], [8370553057, 8370552966], [8370552966, 10682085912], [10682085912, 10682086049], [10682086049, 3819769504], [3819769504, 3819769423], [3819769423, 3819769377], [3819769377, 3819769352], [3819769352, 3819769384], [3819769384, 3819769373], [3819769373, 3819769369], [3819769369, 5281044435], [5281044435, 3819769307]]",32,31,1526.461,0,0,0.0,0,0.0,0,0.0,0,0.0,0,0.0,0.0,3,10,9,12,historical_flood_trace_edge_exclusion,1525.437,1526.461,1.024,0.000671,21.486,0.0,21.486,1.0,2,0,True
od_52,연신내,6호선,126.920625,37.618636,mobility_facility,드림공인중개사사무소,서울특별시 은평구 불광로 90,126.9327,37.6147,1152.109,11230505686,3819769307,20.028299588559467,16.38372581697322,PASS,od_52_historical_flood_trace_avoidance_route,historical_flood_trace_avoidance_route,"[11230505686, 11663495477, 13357321496, 11178032838, 2960309144, 3819769883, 11296481771, 3819769766, 11228575652, 3819769749, 11228575779, 11228574068, 11228575767, 11228574126, 11228574122, 8370552973, 8370552942, 8370552943, 8370552950, 8370553057, 8370552966, 10682085912, 10682086049, 3819769504, 3819769423, 3819769377, 3819769352, 3819769384, 3819769373, 3819769369, 5281044435, 3819769307]","[[11230505686, 11663495477], [11663495477, 13357321496], [13357321496, 11178032838], [11178032838, 2960309144], [2960309144, 3819769883], [3819769883, 11296481771], [11296481771, 3819769766], [3819769766, 11228575652], [11228575652, 3819769749], [3819769749, 11228575779], [11228575779, 11228574068], [11228574068, 11228575767], [11228575767, 11228574126], [11228574126, 11228574122], [11228574122, 8370552973], [8370552973, 8370552942], [8370552942, 8370552943], [8370552943, 8370552950], [8370552950, 8370553057], [8370553057, 8370552966], [8370552966, 10682085912], [10682085912, 10682086049], [10682086049, 3819769504], [3819769504, 3819769423], [3819769423, 3819769377], [3819769377, 3819769352], [3819769352, 3819769384], [3819769384, 3819769373], [3819769373, 3819769369], [3819769369, 5281044435], [5281044435, 3819769307]]",32,31,1526.461,0,0,0.0,0,0.0,0,0.0,0,0.0,0,0.0,0.0,3,10,9,12,historical_flood_trace_edge_exclusion,1525.437,1526.461,1.024,0.000671,21.486,0.0,21.486,1.0,2,0,True
od_20,연신내,6호선,126.920625,37.618636,mobility_facility,대호크리닝세탁,"서울특별시 은평구 불광로 90, 102동 (불광동, 대호프라자아파트)",126.9326,37.6146,1148.23,11230505686,3819769307,20.028299588559467,11.060299788695614,PASS,od_20_historical_flood_trace_avoidance_route,historical_flood_trace_avoidance_route,"[11230505686, 11663495477, 13357321496, 11178032838, 2960309144, 3819769883, 11296481771, 3819769766, 11228575652, 3819769749, 11228575779, 11228574068, 11228575767, 11228574126, 11228574122, 8370552973, 8370552942, 8370552943, 8370552950, 8370553057, 8370552966, 10682085912, 10682086049, 3819769504, 3819769423, 3819769377, 3819769352, 3819769384, 3819769373, 3819769369, 5281044435, 3819769307]","[[11230505686, 11663495477], [11663495477, 13357321496], [13357321496, 11178032838], [11178032838, 2960309144], [2960309144, 3819769883], [3819769883, 11296481771], [11296481771, 3819769766], [3819769766, 11228575652], [11228575652, 3819769749], [3819769749, 11228575779], [11228575779, 11228574068], [11228574068, 11228575767], [11228575767, 11228574126], [11228574126, 11228574122], [11228574122, 8370552973], [8370552973, 8370552942], [8370552942, 8370552943], [8370552943, 8370552950], [8370552950, 8370553057], [8370553057, 8370552966], [8370552966, 10682085912], [10682085912, 10682086049], [10682086049, 3819769504], [3819769504, 3819769423], [3819769423, 3819769377], [3819769377, 3819769352], [3819769352, 3819769384], [3819769384, 3819769373], [3819769373, 3819769369], [3819769369, 5281044435], [5281044435, 3819769307]]",32,31,1526.461,0,0,0.0,0,0.0,0,0.0,0,0.0,0,0.0,0.0,3,10,9,12,historical_flood_trace_edge_exclusion,1525.437,1526.461,1.024,0.000671,21.486,0.0,21.486,1.0,2,0,True
od_19,연신내,6호선,126.920625,37.618636,mobility_facility,월드공인중개사사무소,"서울특별시 은평구 불광로 90, 102동 (불광동, 대호프라자아파트)",126.9326,37.6146,1148.23,11230505686,3819769307,20.028299588559467,11.060299788695614,PASS,od_19_historical_flood_trace_avoidance_route,historical_flood_trace_avoidance_route,"[11230505686, 11663495477, 13357321496, 11178032838, 2960309144, 3819769883, 11296481771, 3819769766, 11228575652, 3819769749, 11228575779, 11228574068, 11228575767, 11228574126, 11228574122, 8370552973, 8370552942, 8370552943, 8370552950, 8370553057, 8370552966, 10682085912, 10682086049, 3819769504, 3819769423, 3819769377, 3819769352, 3819769384, 3819769373, 3819769369, 5281044435, 3819769307]","[[11230505686, 11663495477], [11663495477, 13357321496], [13357321496, 11178032838], [11178032838, 2960309144], [2960309144, 3819769883], [3819769883, 11296481771], [11296481771, 3819769766], [3819769766, 11228575652], [11228575652, 3819769749], [3819769749, 11228575779], [11228575779, 11228574068], [11228574068, 11228575767], [11228575767, 11228574126], [11228574126, 11228574122], [11228574122, 8370552973], [8370552973, 8370552942], [8370552942, 8370552943], [8370552943, 8370552950], [8370552950, 8370553057], [8370553057, 8370552966], [8370552966, 10682085912], [10682085912, 10682086049], [10682086049, 3819769504], [3819769504, 3819769423], [3819769423, 3819769377], [3819769377, 3819769352], [3819769352, 3819769384], [3819769384, 3819769373], [3819769373, 3819769369], [3819769369, 5281044435], [5281044435, 3819769307]]",32,31,1526.461,0,0,0.0,0,0.0,0,0.0,0,0.0,0,0.0,0.0,3,10,9,12,historical_flood_trace_edge_exclusion,1525.437,1526.461,1.024,0.000671,21.486,0.0,21.486,1.0,2,0,True
od_61,연신내,6호선,126.920625,37.618636,mobility_facility,05.  대호아파트,서울특별시 은평구 불광로 82,126.9324,37.6145,1136.431,11230505686,3819769307,20.028299588559467,21.96220793077043,PASS,od_61_historical_flood_trace_avoidance_route,historical_flood_trace_avoidance_route,"[11230505686, 11663495477, 13357321496, 11178032838, 2960309144, 3819769883, 11296481771, 3819769766, 11228575652, 3819769749, 11228575779, 11228574068, 11228575767, 11228574126, 11228574122, 8370552973, 8370552942, 8370552943, 8370552950, 8370553057, 8370552966, 10682085912, 10682086049, 3819769504, 3819769423, 3819769377, 3819769352, 3819769384, 3819769373, 3819769369, 5281044435, 3819769307]","[[11230505686, 11663495477], [11663495477, 13357321496], [13357321496, 11178032838], [11178032838, 2960309144], [2960309144, 3819769883], [3819769883, 11296481771], [11296481771, 3819769766], [3819769766, 11228575652], [11228575652, 3819769749], [3819769749, 11228575779], [11228575779, 11228574068], [11228574068, 11228575767], [11228575767, 11228574126], [11228574126, 11228574122], [11228574122, 8370552973], [8370552973, 8370552942], [8370552942, 8370552943], [8370552943, 8370552950], [8370552950, 8370553057], [8370553057, 8370552966], [8370552966, 10682085912], [10682085912, 10682086049], [10682086049, 3819769504], [3819769504, 3819769423], [3819769423, 3819769377], [3819769377, 3819769352], [3819769352, 3819769384], [3819769384, 3819769373], [3819769373, 3819769369], [3819769369, 5281044435], [5281044435, 3819769307]]",32,31,1526.461,0,0,0.0,0,0.0,0,0.0,0,0.0,0,0.0,0.0,3,10,9,12,historical_flood_trace_edge_exclusion,1525.437,1526.461,1.024,0.000671,21.486,0.0,21.486,1.0,2,0,True
od_2722,연신내,3호선,126.921038,37.619229,mobility_facility,35. 대호아파트,서울특별시 은평구 불광로 76,126.9324,37.6144,1137.329,13357342120,3279011087,32.16422242836125,22.604664389091035,PASS,od_2722_historical_flood_trace_avoidance_route,historical_flood_trace_avoidance_route,"[13357342120, 13357342121, 13357321496, 11178032838, 2960309144, 3819769883, 11296481771, 3819769766, 11228575652, 3819769749, 11228575779, 11228574068, 11228575767, 11228574126, 11228574122, 8370552973, 8370552942, 8370552943, 8370552950, 8370553057, 8370552966, 10682085912, 10682086049, 3819769504, 3819769423, 3819769438, 3819769436, 3819769416, 3819769405, 3819769396, 5281044436, 5281044435, 3819769307, 3279011087]","[[13357342120, 13357342121], [13357342121, 13357321496], [13357321496, 11178032838], [11178032838, 2960309144], [2960309144, 3819769883], [3819769883, 11296481771], [11296481771, 3819769766], [3819769766, 11228575652], [11228575652, 3819769749], [3819769749, 11228575779], [11228575779, 11228574068], [11228574068, 11228575767], [11228575767, 11228574126], [11228574126, 11228574122], [11228574122, 8370552973], [8370552973, 8370552942], [8370552942, 8370552943], [8370552943, 8370552950], [8370552950, 8370553057], [8370553057, 8370552966], [8370552966, 10682085912], [10682085912, 10682086049], [10682086049, 3819769504], [3819769504, 3819769423], [3819769423, 3819769438], [3819769438, 3819769436], [3819769436, 3819769416], [3819769416, 3819769405], [3819769405, 3819769396], [3819769396, 5281044436], [5281044436, 5281044435], [5281044435, 3819769307], [3819769307, 3279011087]]",34,33,1565.895,0,0,0.0,0,0.0,0,0.0,2,21.486,2,21.486,0.013721,2,12,8,11,historical_flood_trace_edge_exclusion,1486.306,1565.895,79.589,0.053548,12.919,21.486,-8.567,-0.663132,1,2,False
od_72,연신내,6호선,126.920625,37.618636,mobility_facility,35. 대호아파트,서울특별시 은평구 불광로 76,126.9324,37.6144,1140.96,11230505686,3279011087,20.028299588559467,22.604664389091035,PASS,od_72_historical_flood_trace_avoidance_route,historical_flood_trace_avoidance_route,"[11230505686, 11663495477, 13357321496, 11178032838, 2960309144, 3819769883, 11296481771, 3819769766, 11228575652, 3819769749, 11228575779, 11228574068, 11228575767, 11228574126, 11228574122, 8370552973, 8370552942, 8370552943, 8370552950, 8370553057, 8370552966, 10682085912, 10682086049, 3819769504, 3819769423, 3819769438, 3819769436, 3819769416, 3819769405, 3819769396, 5281044436, 5281044435, 3819769307, 3279011087]","[[11230505686, 11663495477], [11663495477, 13357321496], [13357321496, 11178032838], [11178032838, 2960309144], [2960309144, 3819769883], [3819769883, 11296481771], [11296481771, 3819769766], [3819769766, 11228575652], [11228575652, 3819769749], [3819769749, 11228575779], [11228575779, 11228574068], [11228574068, 11228575767], [11228575767, 11228574126], [11228574126, 11228574122], [11228574122, 8370552973], [8370552973, 8370552942], [8370552942, 8370552943], [8370552943, 8370552950], [8370552950, 8370553057], [8370553057, 8370552966], [8370552966, 10682085912], [10682085912, 10682086049], [10682086049, 3819769504], [3819769504, 3819769423], [3819769423, 3819769438], [3819769438, 3819769436], [3819769436, 3819769416], [3819769416, 3819769405], [3819769405, 3819769396], [3819769396, 5281044436], [5281044436, 5281044435], [5281044435, 3819769307], [3819769307, 3279011087]]",34,33,1580.171,0,0,0.0,0,0.0,0,0.0,2,21.486,2,21.486,0.013597,2,12,9,12,historical_flood_trace_edge_exclusion,1500.582,1580.171,79.589,0.053039,12.919,21.486,-8.567,-0.663132,1,2,False
od_2055,녹번,3호선,126.935756,37.600927,pedestrian_support_point,불광역9번출구.불광초등학교,서울특별시 은평구 통일로 712-2,126.9305,37.6113,1241.315,436867704,5281045186,5.477178362551235,18.148614078073688,PASS,od_2055_historical_flood_trace_avoidance_route,historical_flood_trace_avoidance_route,"[436867704, 3811678438, 8374239436, 3811155132, 11296481727, 11204976870, 436877321, 11296481729, 11204976850, 3811156597, 11296481738, 4185389890, 3811156609, 3811156624, 436877328, 11296481748, 11204976861, 11204976908, 11228574102, 11296481752, 7916217192, 11178013536, 11271900019, 11204976844, 5281059752, 11178032837, 5273692793, 11228574128, 457819074, 457819073, 457819071, 5281045186]","[[436867704, 3811678438], [3811678438, 8374239436], [8374239436, 3811155132], [3811155132, 11296481727], [11296481727, 11204976870], [11204976870, 436877321], [436877321, 11296481729], [11296481729, 11204976850], [11204976850, 3811156597], [3811156597, 11296481738], [11296481738, 4185389890], [4185389890, 3811156609], [3811156609, 3811156624], [3811156624, 436877328], [436877328, 11296481748], [11296481748, 11204976861], [11204976861, 11204976908], [11204976908, 11228574102], [11228574102, 11296481752], [11296481752, 7916217192], [7916217192, 11178013536], [11178013536, 11271900019], [11271900019, 11204976844], [11204976844, 5281059752], [5281059752, 11178032837], [11178032837, 5273692793], [5273692793, 11228574128], [11228574128, 457819074], [457819074, 457819073], [457819073, 457819071], [457819071, 5281045186]]",32,31,1345.365,0,0,0.0,0,0.0,0,0.0,0,0.0,0,0.0,0.0,1,7,31,36,historical_flood_trace_edge_exclusion,1342.013,1345.365,3.352,0.002498,9.985,0.0,9.985,1.0,1,0,True
od_1589,응암,6호선,126.915577,37.598605,pedestrian_support_point,빗물받이,서울특별시 은평구 응암동  225-146,126.9231,37.5944,811.912,8735757178,3811326361,11.20363638320314,21.67160849415193,PASS,od_1589_historical_flood_trace_avoidance_route,historical_flood_trace_avoidance_route,"[8735757178, 3822999249, 8749379963, 3822999252, 8754918410, 13404480427, 10211968074, 8200398784, 3811554355, 3811554353, 3811554351, 3811554350, 3811554352, 3811554348, 3811554346, 3811554345, 3811554344, 3811554341, 3811554338, 436867902, 3811067137, 3811067136, 3811067134, 4583451432, 4583451431, 3811067131, 3811067130, 3811067128, 4583451433, 8476757767, 3811325354, 8476757763, 8476757759, 3811067127, 3811326361]","[[8735757178, 3822999249], [3822999249, 8749379963], [8749379963, 3822999252], [3822999252, 8754918410], [8754918410, 13404480427], [13404480427, 10211968074], [10211968074, 8200398784], [8200398784, 3811554355], [3811554355, 3811554353], [3811554353, 3811554351], [3811554351, 3811554350], [3811554350, 3811554352], [3811554352, 3811554348], [3811554348, 3811554346], [3811554346, 3811554345], [3811554345, 3811554344], [3811554344, 3811554341], [3811554341, 3811554338], [3811554338, 436867902], [436867902, 3811067137], [3811067137, 3811067136], [3811067136, 3811067134], [3811067134, 4583451432], [4583451432, 4583451431], [4583451431, 3811067131], [3811067131, 3811067130], [3811067130, 3811067128], [3811067128, 4583451433], [4583451433, 8476757767], [8476757767, 3811325354], [3811325354, 8476757763], [8476757763, 8476757759], [8476757759, 3811067127], [3811067127, 3811326361]]",35,34,1114.372,0,0,0.0,0,0.0,0,0.0,0,0.0,0,0.0,0.0,1,1,24,32,historical_flood_trace_edge_exclusion,1111.41,1114.372,2.962,0.002665,4.913,0.0,4.913,1.0,1,0,True
od_1843,응암,6호선,126.915577,37.598605,pedestrian_support_point,응암제2동주민센터,서울특별시 은평구 백련산로 100,126.9231,37.5945,805.583,8735757178,3811326390,11.20363638320314,17.43421801609877,PASS,od_1843_historical_flood_trace_avoidance_route,historical_flood_trace_avoidance_route,"[8735757178, 3822999249, 8749379963, 3822999252, 8754918410, 13404480427, 10211968074, 8200398784, 3811554355, 3811554353, 3811554351, 3811554350, 3811554352, 3811554348, 3811554346, 3811554345, 3811554344, 3811554341, 3811554338, 436867902, 3811067137, 3811067136, 3811067134, 4583451432, 4583451431, 3811067131, 3811067130, 3811067128, 4583451433, 8476757767, 3811325354, 8476757763, 8476757759, 3811067127, 3811326361, 3811326390]","[[8735757178, 3822999249], [3822999249, 8749379963], [8749379963, 3822999252], [3822999252, 8754918410], [8754918410, 13404480427], [13404480427, 10211968074], [10211968074, 8200398784], [8200398784, 3811554355], [3811554355, 3811554353], [3811554353, 3811554351], [3811554351, 3811554350], [3811554350, 3811554352], [3811554352, 3811554348], [3811554348, 3811554346], [3811554346, 3811554345], [3811554345, 3811554344], [3811554344, 3811554341], [3811554341, 3811554338], [3811554338, 436867902], [436867902, 3811067137], [3811067137, 3811067136], [3811067136, 3811067134], [3811067134, 4583451432], [4583451432, 4583451431], [4583451431, 3811067131], [3811067131, 3811067130], [3811067130, 3811067128], [3811067128, 4583451433], [4583451433, 8476757767], [8476757767, 3811325354], [3811325354, 8476757763], [8476757763, 8476757759], [8476757759, 3811067127], [3811067127, 3811326361], [3811326361, 3811326390]]",36,35,1160.531,0,0,0.0,0,0.0,0,0.0,0,0.0,0,0.0,0.0,1,2,27,32,historical_flood_trace_edge_exclusion,1157.569,1160.531,2.962,0.002559,4.913,0.0,4.913,1.0,1,0,True
od_1616,응암,6호선,126.915577,37.598605,pedestrian_support_point,장애인화장실,서울특별시 은평구 백련산로 100,126.9231,37.5945,805.583,8735757178,3811326390,11.20363638320314,17.43421801609877,PASS,od_1616_historical_flood_trace_avoidance_route,historical_flood_trace_avoidance_route,"[8735757178, 3822999249, 8749379963, 3822999252, 8754918410, 13404480427, 10211968074, 8200398784, 3811554355, 3811554353, 3811554351, 3811554350, 3811554352, 3811554348, 3811554346, 3811554345, 3811554344, 3811554341, 3811554338, 436867902, 3811067137, 3811067136, 3811067134, 4583451432, 4583451431, 3811067131, 3811067130, 3811067128, 4583451433, 8476757767, 3811325354, 8476757763, 8476757759, 3811067127, 3811326361, 3811326390]","[[8735757178, 3822999249], [3822999249, 8749379963], [8749379963, 3822999252], [3822999252, 8754918410], [8754918410, 13404480427], [13404480427, 10211968074], [10211968074, 8200398784], [8200398784, 3811554355], [3811554355, 3811554353], [3811554353, 3811554351], [3811554351, 3811554350], [3811554350, 3811554352], [3811554352, 3811554348], [3811554348, 3811554346], [3811554346, 3811554345], [3811554345, 3811554344], [3811554344, 3811554341], [3811554341, 3811554338], [3811554338, 436867902], [436867902, 3811067137], [3811067137, 3811067136], [3811067136, 3811067134], [3811067134, 4583451432], [4583451432, 4583451431], [4583451431, 3811067131], [3811067131, 3811067130], [3811067130, 3811067128], [3811067128, 4583451433], [4583451433, 8476757767], [8476757767, 3811325354], [3811325354, 8476757763], [8476757763, 8476757759], [8476757759, 3811067127], [3811067127, 3811326361], [3811326361, 3811326390]]",36,35,1160.531,0,0,0.0,0,0.0,0,0.0,0,0.0,0,0.0,0.0,1,2,27,32,historical_flood_trace_edge_exclusion,1157.569,1160.531,2.962,0.002559,4.913,0.0,4.913,1.0,1,0,True
od_1535,응암,6호선,126.915577,37.598605,mobility_facility,응암2동주민센터,서울특별시 은평구 백련산로 100,126.9231,37.5946,799.358,8735757178,3811326390,11.20363638320314,12.212704042990971,PASS,od_1535_historical_flood_trace_avoidance_route,historical_flood_trace_avoidance_route,"[8735757178, 3822999249, 8749379963, 3822999252, 8754918410, 13404480427, 10211968074, 8200398784, 3811554355, 3811554353, 3811554351, 3811554350, 3811554352, 3811554348, 3811554346, 3811554345, 3811554344, 3811554341, 3811554338, 436867902, 3811067137, 3811067136, 3811067134, 4583451432, 4583451431, 3811067131, 3811067130, 3811067128, 4583451433, 8476757767, 3811325354, 8476757763, 8476757759, 3811067127, 3811326361, 3811326390]","[[8735757178, 3822999249], [3822999249, 8749379963], [8749379963, 3822999252], [3822999252, 8754918410], [8754918410, 13404480427], [13404480427, 10211968074], [10211968074, 8200398784], [8200398784, 3811554355], [3811554355, 3811554353], [3811554353, 3811554351], [3811554351, 3811554350], [3811554350, 3811554352], [3811554352, 3811554348], [3811554348, 3811554346], [3811554346, 3811554345], [3811554345, 3811554344], [3811554344, 3811554341], [3811554341, 3811554338], [3811554338, 436867902], [436867902, 3811067137], [3811067137, 3811067136], [3811067136, 3811067134], [3811067134, 4583451432], [4583451432, 4583451431], [4583451431, 3811067131], [3811067131, 3811067130], [3811067130, 3811067128], [3811067128, 4583451433], [4583451433, 8476757767], [8476757767, 3811325354], [3811325354, 8476757763], [8476757763, 8476757759], [8476757759, 3811067127], [3811067127, 3811326361], [3811326361, 3811326390]]",36,35,1160.531,0,0,0.0,0,0.0,0,0.0,0,0.0,0,0.0,0.0,1,2,27,32,historical_flood_trace_edge_exclusion,1157.569,1160.531,2.962,0.002559,4.913,0.0,4.913,1.0,1,0,True
od_1817,응암,6호선,126.915577,37.598605,pedestrian_support_point,응암2동주민센터,서울특별시 은평구 백련산로 100,126.9231,37.5946,799.358,8735757178,3811326390,11.20363638320314,12.212704042990971,PASS,od_1817_historical_flood_trace_avoidance_route,historical_flood_trace_avoidance_route,"[8735757178, 3822999249, 8749379963, 3822999252, 8754918410, 13404480427, 10211968074, 8200398784, 3811554355, 3811554353, 3811554351, 3811554350, 3811554352, 3811554348, 3811554346, 3811554345, 3811554344, 3811554341, 3811554338, 436867902, 3811067137, 3811067136, 3811067134, 4583451432, 4583451431, 3811067131, 3811067130, 3811067128, 4583451433, 8476757767, 3811325354, 8476757763, 8476757759, 3811067127, 3811326361, 3811326390]","[[8735757178, 3822999249], [3822999249, 8749379963], [8749379963, 3822999252], [3822999252, 8754918410], [8754918410, 13404480427], [13404480427, 10211968074], [10211968074, 8200398784], [8200398784, 3811554355], [3811554355, 3811554353], [3811554353, 3811554351], [3811554351, 3811554350], [3811554350, 3811554352], [3811554352, 3811554348], [3811554348, 3811554346], [3811554346, 3811554345], [3811554345, 3811554344], [3811554344, 3811554341], [3811554341, 3811554338], [3811554338, 436867902], [436867902, 3811067137], [3811067137, 3811067136], [3811067136, 3811067134], [3811067134, 4583451432], [4583451432, 4583451431], [4583451431, 3811067131], [3811067131, 3811067130], [3811067130, 3811067128], [3811067128, 4583451433], [4583451433, 8476757767], [8476757767, 3811325354], [3811325354, 8476757763], [8476757763, 8476757759], [8476757759, 3811067127], [3811067127, 3811326361], [3811326361, 3811326390]]",36,35,1160.531,0,0,0.0,0,0.0,0,0.0,0,0.0,0,0.0,0.0,1,2,27,32,historical_flood_trace_edge_exclusion,1157.569,1160.531,2.962,0.002559,4.913,0.0,4.913,1.0,1,0,True
od_2770,연신내,3호선,126.921038,37.619229,mobility_facility,퍼스트공인중개사사무소,서울특별시 은평구 연서로35길 6,126.926,37.6219,528.944,13357342120,2930525549,32.16422242836125,22.83437686271451,PASS,od_2770_historical_flood_trace_avoidance_route,historical_flood_trace_avoidance_route,"[13357342120, 13357342121, 13357321496, 11178032838, 2960309144, 2960309145, 3819769990, 3823586772, 3819770024, 3823586821, 5279886140, 3823586890, 3819770060, 3819770062, 3819770064, 3819770067, 5279886141, 3823586999, 2960308646, 307924211, 2930525549]","[[13357342120, 13357342121], [13357342121, 13357321496], [13357321496, 11178032838], [11178032838, 2960309144], [2960309144, 2960309145], [2960309145, 3819769990], [3819769990, 3823586772], [3823586772, 3819770024], [3819770024, 3823586821], [3823586821, 5279886140], [5279886140, 3823586890], [3823586890, 3819770060], [3819770060, 3819770062], [3819770062, 3819770064], [3819770064, 3819770067], [3819770067, 5279886141], [5279886141, 3823586999], [3823586999, 2960308646], [2960308646, 307924211], [307924211, 2930525549]]",21,20,682.071,0,0,0.0,0,0.0,0,0.0,0,0.0,0,0.0,0.0,1,10,8,11,historical_flood_trace_edge_exclusion,657.755,682.071,24.316,0.036968,3.816,0.0,3.816,1.0,2,0,True
od_124,연신내,6호선,126.920625,37.618636,mobility_facility,퍼스트공인중개사사무소,서울특별시 은평구 연서로35길 6,126.926,37.6219,597.002,11230505686,2930525549,20.028299588559467,22.83437686271451,PASS,od_124_historical_flood_trace_avoidance_route,historical_flood_trace_avoidance_route,"[11230505686, 11663495477, 13357321496, 11178032838, 2960309144, 2960309145, 3819769990, 3823586772, 3819770024, 3823586821, 5279886140, 3823586890, 3819770060, 3819770062, 3819770064, 3819770067, 5279886141, 3823586999, 2960308646, 307924211, 2930525549]","[[11230505686, 11663495477], [11663495477, 13357321496], [13357321496, 11178032838], [11178032838, 2960309144], [2960309144, 2960309145], [2960309145, 3819769990], [3819769990, 3823586772], [3823586772, 3819770024], [3819770024, 3823586821], [3823586821, 5279886140], [5279886140, 3823586890], [3823586890, 3819770060], [3819770060, 3819770062], [3819770062, 3819770064], [3819770064, 3819770067], [3819770067, 5279886141], [5279886141, 3823586999], [3823586999, 2960308646], [2960308646, 307924211], [307924211, 2930525549]]",21,20,696.347,0,0,0.0,0,0.0,0,0.0,0,0.0,0,0.0,0.0,1,10,9,12,historical_flood_trace_edge_exclusion,672.031,696.347,24.316,0.036183,3.816,0.0,3.816,1.0,2,0,True
od_2279,불광,3호선,126.92982,37.610553,mobility_facility,퍼스트공인중개사사무소,서울특별시 은평구 연서로35길 6,126.926,37.6219,1303.772,5930698997,2930525549,50.20980174135544,22.83437686271451,PASS,od_2279_historical_flood_trace_avoidance_route,historical_flood_trace_avoidance_route,"[5930698997, 11228575654, 11296481755, 3819768907, 3819768989, 11228574116, 11296481757, 11228575667, 11228575756, 2960309741, 11228574120, 11228574122, 11228574126, 8370552938, 3819769667, 3819769789, 3819769829, 3819769886, 8479080812, 3819768748, 3819769951, 356265927, 3819769971, 3819770000, 3819770031, 3819770052, 3819770060, 3819770062, 3819770064, 3819770067, 5279886141, 3823586999, 2960308646, 307924211, 2930525549]","[[5930698997, 11228575654], [11228575654, 11296481755], [11296481755, 3819768907], [3819768907, 3819768989], [3819768989, 11228574116], [11228574116, 11296481757], [11296481757, 11228575667], [11228575667, 11228575756], [11228575756, 2960309741], [2960309741, 11228574120], [11228574120, 11228574122], [11228574122, 11228574126], [11228574126, 8370552938], [8370552938, 3819769667], [3819769667, 3819769789], [3819769789, 3819769829], [3819769829, 3819769886], [3819769886, 8479080812], [8479080812, 3819768748], [3819768748, 3819769951], [3819769951, 356265927], [356265927, 3819769971], [3819769971, 3819770000], [3819770000, 3819770031], [3819770031, 3819770052], [3819770052, 3819770060], [3819770060, 3819770062], [3819770062, 3819770064], [3819770064, 3819770067], [3819770067, 5279886141], [5279886141, 3823586999], [3823586999, 2960308646], [2960308646, 307924211], [307924211, 2930525549]]",35,34,1538.016,0,0,0.0,0,0.0,0,0.0,0,0.0,0,0.0,0.0,1,8,6,7,historical_flood_trace_edge_exclusion,1513.7,1538.016,24.316,0.016064,3.816,0.0,3.816,1.0,2,0,True
od_891,불광,6호선,126.92939,37.610873,mobility_facility,퍼스트공인중개사사무소,서울특별시 은평구 연서로35길 6,126.926,37.6219,1259.944,5930698997,2930525549,11.603222454866666,22.83437686271451,PASS,od_891_historical_flood_trace_avoidance_route,historical_flood_trace_avoidance_route,"[5930698997, 11228575654, 11296481755, 3819768907, 3819768989, 11228574116, 11296481757, 11228575667, 11228575756, 2960309741, 11228574120, 11228574122, 11228574126, 8370552938, 3819769667, 3819769789, 3819769829, 3819769886, 8479080812, 3819768748, 3819769951, 356265927, 3819769971, 3819770000, 3819770031, 3819770052, 3819770060, 3819770062, 3819770064, 3819770067, 5279886141, 3823586999, 2960308646, 307924211, 2930525549]","[[5930698997, 11228575654], [11228575654, 11296481755], [11296481755, 3819768907], [3819768907, 3819768989], [3819768989, 11228574116], [11228574116, 11296481757], [11296481757, 11228575667], [11228575667, 11228575756], [11228575756, 2960309741], [2960309741, 11228574120], [11228574120, 11228574122], [11228574122, 11228574126], [11228574126, 8370552938], [8370552938, 3819769667], [3819769667, 3819769789], [3819769789, 3819769829], [3819769829, 3819769886], [3819769886, 8479080812], [8479080812, 3819768748], [3819768748, 3819769951], [3819769951, 356265927], [356265927, 3819769971], [3819769971, 3819770000], [3819770000, 3819770031], [3819770031, 3819770052], [3819770052, 3819770060], [3819770060, 3819770062], [3819770062, 3819770064], [3819770064, 3819770067], [3819770067, 5279886141], [5279886141, 3823586999], [3823586999, 2960308646], [2960308646, 307924211], [307924211, 2930525549]]",35,34,1538.016,0,0,0.0,0,0.0,0,0.0,0,0.0,0,0.0,0.0,1,8,6,7,historical_flood_trace_edge_exclusion,1513.7,1538.016,24.316,0.016064,3.816,0.0,3.816,1.0,2,0,True
od_725,독바위,6호선,126.933031,37.618456,pedestrian_support_point,세명컴퓨터고등학교,서울특별시 은평구 통일로 902,126.92,37.6242,1315.245,3824954278,3823588079,2.93341759236071,11.925373905442942,PASS,od_725_historical_flood_trace_avoidance_route,historical_flood_trace_avoidance_route,"[3824954278, 436849320, 3819769881, 4580238966, 353195149, 10682086096, 10682086107, 10682086216, 10682086202, 10682086191, 10682085906, 3819770034, 3819770041, 3819770020, 3819770036, 3819770044, 5279886141, 3819770067, 3819770064, 3819770062, 3823586968, 307924224, 307924223, 3823587092, 3823587177, 3823587193, 3823587282, 3823587342, 4576610061, 3823587356, 3823587391, 3823587451, 3823587493, 3823587536, 3823587547, 3823587702, 3823587776, 3823587815, 3823587830, 3823587843, 3823587865, 3823587893, 3823588079]","[[3824954278, 436849320], [436849320, 3819769881], [3819769881, 4580238966], [4580238966, 353195149], [353195149, 10682086096], [10682086096, 10682086107], [10682086107, 10682086216], [10682086216, 10682086202], [10682086202, 10682086191], [10682086191, 10682085906], [10682085906, 3819770034], [3819770034, 3819770041], [3819770041, 3819770020], [3819770020, 3819770036], [3819770036, 3819770044], [3819770044, 5279886141], [5279886141, 3819770067], [3819770067, 3819770064], [3819770064, 3819770062], [3819770062, 3823586968], [3823586968, 307924224], [307924224, 307924223], [307924223, 3823587092], [3823587092, 3823587177], [3823587177, 3823587193], [3823587193, 3823587282], [3823587282, 3823587342], [3823587342, 4576610061], [4576610061, 3823587356], [3823587356, 3823587391], [3823587391, 3823587451], [3823587451, 3823587493], [3823587493, 3823587536], [3823587536, 3823587547], [3823587547, 3823587702], [3823587702, 3823587776], [3823587776, 3823587815], [3823587815, 3823587830], [3823587830, 3823587843], [3823587843, 3823587865], [3823587865, 3823587893], [3823587893, 3823588079]]",43,42,1632.178,0,0,0.0,0,0.0,0,0.0,0,0.0,0,0.0,0.0,1,7,5,5,historical_flood_trace_edge_exclusion,1615.608,1632.178,16.57,0.010256,3.816,0.0,3.816,1.0,2,0,True
od_633,독바위,6호선,126.933031,37.618456,pedestrian_support_point,지하철환기구,서울특별시 은평구 통일로 895-2,126.9197,37.6229,1276.079,3824954278,3823587723,2.93341759236071,48.843255213078415,PASS,od_633_historical_flood_trace_avoidance_route,historical_flood_trace_avoidance_route,"[3824954278, 436849320, 3819769881, 4580238966, 353195149, 10682086096, 10682086107, 10682086216, 10682086202, 10682086191, 10682085906, 3819770034, 3819770041, 3819770020, 3819770036, 3819770044, 5279886141, 3819770067, 3819770064, 3819770062, 3823586968, 307924224, 307924223, 3823587092, 3823587177, 3823587193, 3823587282, 3823587342, 4576610061, 3823587356, 3823587391, 3823587451, 3823587493, 3823587536, 3823587547, 3823587702, 3823587776, 3823587815, 3823587830, 3823587843, 3823587865, 3823587893, 3823587746, 3823587723]","[[3824954278, 436849320], [436849320, 3819769881], [3819769881, 4580238966], [4580238966, 353195149], [353195149, 10682086096], [10682086096, 10682086107], [10682086107, 10682086216], [10682086216, 10682086202], [10682086202, 10682086191], [10682086191, 10682085906], [10682085906, 3819770034], [3819770034, 3819770041], [3819770041, 3819770020], [3819770020, 3819770036], [3819770036, 3819770044], [3819770044, 5279886141], [5279886141, 3819770067], [3819770067, 3819770064], [3819770064, 3819770062], [3819770062, 3823586968], [3823586968, 307924224], [307924224, 307924223], [307924223, 3823587092], [3823587092, 3823587177], [3823587177, 3823587193], [3823587193, 3823587282], [3823587282, 3823587342], [3823587342, 4576610061], [4576610061, 3823587356], [3823587356, 3823587391], [3823587391, 3823587451], [3823587451, 3823587493], [3823587493, 3823587536], [3823587536, 3823587547], [3823587547, 3823587702], [3823587702, 3823587776], [3823587776, 3823587815], [3823587815, 3823587830], [3823587830, 3823587843], [3823587843, 3823587865], [3823587865, 3823587893], [3823587893, 3823587746], [3823587746, 3823587723]]",44,43,1663.19,0,0,0.0,0,0.0,0,0.0,0,0.0,0,0.0,0.0,1,7,4,5,historical_flood_trace_edge_exclusion,1646.62,1663.19,16.57,0.010063,3.816,0.0,3.816,1.0,2,0,True
od_498,독바위,6호선,126.933031,37.618456,mobility_facility,금광모터샵,서울특별시 은평구 통일로 920,126.9203,37.625,1338.177,3824954278,3823588382,2.93341759236071,19.16200122304098,PASS,od_498_historical_flood_trace_avoidance_route,historical_flood_trace_avoidance_route,"[3824954278, 436849320, 3819769881, 4580238966, 353195149, 10682086096, 10682086107, 10682086216, 10682086202, 10682086191, 10682085906, 3819770034, 3819770041, 3819770020, 3819770036, 3819770044, 5279886141, 3819770067, 3819770064, 3819770062, 3823586968, 307924224, 307924223, 3823587092, 3823587177, 3823587193, 3823587282, 3823587342, 4576610061, 3823587356, 3823587391, 3823587451, 3823587493, 3823587536, 3823587547, 3823587702, 3823587776, 3823587815, 3823587830, 3823587843, 3823587865, 3823587893, 3823588079, 3823588382]","[[3824954278, 436849320], [436849320, 3819769881], [3819769881, 4580238966], [4580238966, 353195149], [353195149, 10682086096], [10682086096, 10682086107], [10682086107, 10682086216], [10682086216, 10682086202], [10682086202, 10682086191], [10682086191, 10682085906], [10682085906, 3819770034], [3819770034, 3819770041], [3819770041, 3819770020], [3819770020, 3819770036], [3819770036, 3819770044], [3819770044, 5279886141], [5279886141, 3819770067], [3819770067, 3819770064], [3819770064, 3819770062], [3819770062, 3823586968], [3823586968, 307924224], [307924224, 307924223], [307924223, 3823587092], [3823587092, 3823587177], [3823587177, 3823587193], [3823587193, 3823587282], [3823587282, 3823587342], [3823587342, 4576610061], [4576610061, 3823587356], [3823587356, 3823587391], [3823587391, 3823587451], [3823587451, 3823587493], [3823587493, 3823587536], [3823587536, 3823587547], [3823587547, 3823587702], [3823587702, 3823587776], [3823587776, 3823587815], [3823587815, 3823587830], [3823587830, 3823587843], [3823587843, 3823587865], [3823587865, 3823587893], [3823587893, 3823588079], [3823588079, 3823588382]]",44,43,1726.767,0,0,0.0,0,0.0,0,0.0,0,0.0,0,0.0,0.0,1,8,5,5,historical_flood_trace_edge_exclusion,1710.197,1726.767,16.57,0.009689,3.816,0.0,3.816,1.0,2,0,True
od_701,독바위,6호선,126.933031,37.618456,pedestrian_support_point,맨홀,서울특별시 은평구 통일로 895-2,126.9197,37.6231,1284.821,3824954278,436393823,2.93341759236071,29.14105443196905,PASS,od_701_historical_flood_trace_avoidance_route,historical_flood_trace_avoidance_route,"[3824954278, 436849320, 3819769881, 4580238966, 353195149, 10682086096, 10682086107, 10682086216, 10682086202, 10682086191, 10682085906, 3819770034, 3819770041, 3819770020, 3819770036, 3819770044, 5279886141, 3819770067, 3819770064, 3819770062, 3823586968, 307924224, 307924223, 3823587092, 3823587177, 3823587193, 3823587282, 3823587342, 4576610061, 3823587356, 3823587391, 3823587451, 3823587493, 3823587536, 3823587547, 3823587702, 3823587776, 3823587815, 3823587830, 3823587843, 3823587865, 3823587893, 3823588079, 11230505734, 436393823]","[[3824954278, 436849320], [436849320, 3819769881], [3819769881, 4580238966], [4580238966, 353195149], [353195149, 10682086096], [10682086096, 10682086107], [10682086107, 10682086216], [10682086216, 10682086202], [10682086202, 10682086191], [10682086191, 10682085906], [10682085906, 3819770034], [3819770034, 3819770041], [3819770041, 3819770020], [3819770020, 3819770036], [3819770036, 3819770044], [3819770044, 5279886141], [5279886141, 3819770067], [3819770067, 3819770064], [3819770064, 3819770062], [3819770062, 3823586968], [3823586968, 307924224], [307924224, 307924223], [307924223, 3823587092], [3823587092, 3823587177], [3823587177, 3823587193], [3823587193, 3823587282], [3823587282, 3823587342], [3823587342, 4576610061], [4576610061, 3823587356], [3823587356, 3823587391], [3823587391, 3823587451], [3823587451, 3823587493], [3823587493, 3823587536], [3823587536, 3823587547], [3823587547, 3823587702], [3823587702, 3823587776], [3823587776, 3823587815], [3823587815, 3823587830], [3823587830, 3823587843], [3823587843, 3823587865], [3823587865, 3823587893], [3823587893, 3823588079], [3823588079, 11230505734], [11230505734, 436393823]]",45,44,1751.128,0,0,0.0,0,0.0,0,0.0,0,0.0,0,0.0,0.0,1,7,7,11,historical_flood_trace_edge_exclusion,1734.558,1751.128,16.57,0.009553,3.816,0.0,3.816,1.0,2,0,True
od_481,독바위,6호선,126.933031,37.618456,mobility_facility,30.  세명컴퓨터고등학교,서울특별시 은평구 통일로 928,126.9203,37.6257,1381.883,3824954278,3823588586,2.93341759236071,23.47017048392268,PASS,od_481_historical_flood_trace_avoidance_route,historical_flood_trace_avoidance_route,"[3824954278, 5281044431, 3819769960, 3824954348, 3279011105, 3824954514, 5281445624, 10682009302, 10682009300, 10682009301, 3823587288, 3823587322, 3823587334, 3823587302, 3823587283, 3823587296, 3823587305, 3823587394, 3823587449, 3823587478, 3823587660, 3823587686, 3823587698, 3823587552, 3823587694, 3823587703, 3823587717, 3823587759, 3823587789, 3823587817, 3823587785, 3823587895, 3823587945, 3823588182, 3823588385, 3823588412, 3823588561, 3823588575, 3823588608, 3823588646, 3823588600, 3823588565, 3823588604, 3823588634, 3823588669, 3823588696, 3823588691, 3823588586]","[[3824954278, 5281044431], [5281044431, 3819769960], [3819769960, 3824954348], [3824954348, 3279011105], [3279011105, 3824954514], [3824954514, 5281445624], [5281445624, 10682009302], [10682009302, 10682009300], [10682009300, 10682009301], [10682009301, 3823587288], [3823587288, 3823587322], [3823587322, 3823587334], [3823587334, 3823587302], [3823587302, 3823587283], [3823587283, 3823587296], [3823587296, 3823587305], [3823587305, 3823587394], [3823587394, 3823587449], [3823587449, 3823587478], [3823587478, 3823587660], [3823587660, 3823587686], [3823587686, 3823587698], [3823587698, 3823587552], [3823587552, 3823587694], [3823587694, 3823587703], [3823587703, 3823587717], [3823587717, 3823587759], [3823587759, 3823587789], [3823587789, 3823587817], [3823587817, 3823587785], [3823587785, 3823587895], [3823587895, 3823587945], [3823587945, 3823588182], [3823588182, 3823588385], [3823588385, 3823588412], [3823588412, 3823588561], [3823588561, 3823588575], [3823588575, 3823588608], [3823588608, 3823588646], [3823588646, 3823588600], [3823588600, 3823588565], [3823588565, 3823588604], [3823588604, 3823588634], [3823588634, 3823588669], [3823588669, 3823588696], [3823588696, 3823588691], [3823588691, 3823588586]]",48,47,1762.54,0,0,0.0,0,0.0,0,0.0,0,0.0,0,0.0,0.0,1,8,24,21,historical_flood_trace_edge_exclusion,1752.045,1762.54,10.495,0.00599,3.816,0.0,3.816,1.0,2,0,True
od_540,독바위,6호선,126.933031,37.618456,mobility_facility,굿모닝부동산공인중개사사무소,서울특별시 은평구 통일로 928,126.9203,37.6257,1381.883,3824954278,3823588586,2.93341759236071,23.47017048392268,PASS,od_540_historical_flood_trace_avoidance_route,historical_flood_trace_avoidance_route,"[3824954278, 5281044431, 3819769960, 3824954348, 3279011105, 3824954514, 5281445624, 10682009302, 10682009300, 10682009301, 3823587288, 3823587322, 3823587334, 3823587302, 3823587283, 3823587296, 3823587305, 3823587394, 3823587449, 3823587478, 3823587660, 3823587686, 3823587698, 3823587552, 3823587694, 3823587703, 3823587717, 3823587759, 3823587789, 3823587817, 3823587785, 3823587895, 3823587945, 3823588182, 3823588385, 3823588412, 3823588561, 3823588575, 3823588608, 3823588646, 3823588600, 3823588565, 3823588604, 3823588634, 3823588669, 3823588696, 3823588691, 3823588586]","[[3824954278, 5281044431], [5281044431, 3819769960], [3819769960, 3824954348], [3824954348, 3279011105], [3279011105, 3824954514], [3824954514, 5281445624], [5281445624, 10682009302], [10682009302, 10682009300], [10682009300, 10682009301], [10682009301, 3823587288], [3823587288, 3823587322], [3823587322, 3823587334], [3823587334, 3823587302], [3823587302, 3823587283], [3823587283, 3823587296], [3823587296, 3823587305], [3823587305, 3823587394], [3823587394, 3823587449], [3823587449, 3823587478], [3823587478, 3823587660], [3823587660, 3823587686], [3823587686, 3823587698], [3823587698, 3823587552], [3823587552, 3823587694], [3823587694, 3823587703], [3823587703, 3823587717], [3823587717, 3823587759], [3823587759, 3823587789], [3823587789, 3823587817], [3823587817, 3823587785], [3823587785, 3823587895], [3823587895, 3823587945], [3823587945, 3823588182], [3823588182, 3823588385], [3823588385, 3823588412], [3823588412, 3823588561], [3823588561, 3823588575], [3823588575, 3823588608], [3823588608, 3823588646], [3823588646, 3823588600], [3823588600, 3823588565], [3823588565, 3823588604], [3823588604, 3823588634], [3823588634, 3823588669], [3823588669, 3823588696], [3823588696, 3823588691], [3823588691, 3823588586]]",48,47,1762.54,0,0,0.0,0,0.0,0,0.0,0,0.0,0,0.0,0.0,1,8,24,21,historical_flood_trace_edge_exclusion,1752.045,1762.54,10.495,0.00599,3.816,0.0,3.816,1.0,2,0,True
od_650,독바위,6호선,126.933031,37.618456,pedestrian_support_point,신한은행갈현지점,서울특별시 은평구 통일로 905,126.9197,37.6238,1317.907,3824954278,11230505656,2.93341759236071,30.0149889970599,PASS,od_650_historical_flood_trace_avoidance_route,historical_flood_trace_avoidance_route,"[3824954278, 436849320, 3819769881, 4580238966, 353195149, 10682086096, 10682086107, 10682086216, 10682086202, 10682086191, 10682085906, 3819770034, 3819770041, 3819770020, 3819770036, 3819770044, 5279886141, 3819770067, 3819770064, 3819770062, 3823586968, 307924224, 307924223, 3823587092, 3823587177, 3823587193, 3823587282, 3823587342, 4576610061, 3823587356, 3823587391, 3823587451, 3823587493, 3823587536, 3823587547, 3823587702, 3823587776, 3823587815, 3823587830, 3823587843, 3823587865, 3823587893, 3823588079, 11230505734, 436393823, 11230505656]","[[3824954278, 436849320], [436849320, 3819769881], [3819769881, 4580238966], [4580238966, 353195149], [353195149, 10682086096], [10682086096, 10682086107], [10682086107, 10682086216], [10682086216, 10682086202], [10682086202, 10682086191], [10682086191, 10682085906], [10682085906, 3819770034], [3819770034, 3819770041], [3819770041, 3819770020], [3819770020, 3819770036], [3819770036, 3819770044], [3819770044, 5279886141], [5279886141, 3819770067], [3819770067, 3819770064], [3819770064, 3819770062], [3819770062, 3823586968], [3823586968, 307924224], [307924224, 307924223], [307924223, 3823587092], [3823587092, 3823587177], [3823587177, 3823587193], [3823587193, 3823587282], [3823587282, 3823587342], [3823587342, 4576610061], [4576610061, 3823587356], [3823587356, 3823587391], [3823587391, 3823587451], [3823587451, 3823587493], [3823587493, 3823587536], [3823587536, 3823587547], [3823587547, 3823587702], [3823587702, 3823587776], [3823587776, 3823587815], [3823587815, 3823587830], [3823587830, 3823587843], [3823587843, 3823587865], [3823587865, 3823587893], [3823587893, 3823588079], [3823588079, 11230505734], [11230505734, 436393823], [436393823, 11230505656]]",46,45,1773.3,0,0,0.0,0,0.0,0,0.0,0,0.0,0,0.0,0.0,1,7,7,11,historical_flood_trace_edge_exclusion,1756.73,1773.3,16.57,0.009432,3.816,0.0,3.816,1.0,2,0,True
od_721,독바위,6호선,126.933031,37.618456,pedestrian_support_point,갈현중앙시장,서울특별시 은평구 갈현동  389-14,126.919,37.6234,1354.795,3824954278,353193935,2.93341759236071,9.631013197935268,PASS,od_721_historical_flood_trace_avoidance_route,historical_flood_trace_avoidance_route,"[3824954278, 436849320, 3819769881, 4580238966, 353195149, 10682086096, 10682086107, 10682086216, 10682086202, 10682086191, 10682085906, 3819770034, 3819770041, 3819770020, 3819770036, 3819770044, 5279886141, 3819770067, 3819770064, 3819770062, 3823586968, 307924224, 307924223, 3823587092, 3823587177, 3823587193, 3823587282, 3823587342, 4576610061, 3823587356, 3823587391, 3823587451, 3823587493, 3823587536, 3823587547, 3823587702, 3823587776, 3823587815, 3823587830, 3823587843, 3823587865, 3823587893, 3823588079, 11230505734, 436393823, 353193935]","[[3824954278, 436849320], [436849320, 3819769881], [3819769881, 4580238966], [4580238966, 353195149], [353195149, 10682086096], [10682086096, 10682086107], [10682086107, 10682086216], [10682086216, 10682086202], [10682086202, 10682086191], [10682086191, 10682085906], [10682085906, 3819770034], [3819770034, 3819770041], [3819770041, 3819770020], [3819770020, 3819770036], [3819770036, 3819770044], [3819770044, 5279886141], [5279886141, 3819770067], [3819770067, 3819770064], [3819770064, 3819770062], [3819770062, 3823586968], [3823586968, 307924224], [307924224, 307924223], [307924223, 3823587092], [3823587092, 3823587177], [3823587177, 3823587193], [3823587193, 3823587282], [3823587282, 3823587342], [3823587342, 4576610061], [4576610061, 3823587356], [3823587356, 3823587391], [3823587391, 3823587451], [3823587451, 3823587493], [3823587493, 3823587536], [3823587536, 3823587547], [3823587547, 3823587702], [3823587702, 3823587776], [3823587776, 3823587815], [3823587815, 3823587830], [3823587830, 3823587843], [3823587843, 3823587865], [3823587865, 3823587893], [3823587893, 3823588079], [3823588079, 11230505734], [11230505734, 436393823], [436393823, 353193935]]",46,45,1813.03,0,0,0.0,0,0.0,0,0.0,0,0.0,0,0.0,0.0,1,7,9,11,historical_flood_trace_edge_exclusion,1796.46,1813.03,16.57,0.009224,3.816,0.0,3.816,1.0,2,0,True
od_658,독바위,6호선,126.933031,37.618456,pedestrian_support_point,연갈현공판장후문,서울특별시 은평구 갈현동  420-5,126.9191,37.6232,1337.839,3824954278,353193935,2.93341759236071,19.844007280952493,PASS,od_658_historical_flood_trace_avoidance_route,historical_flood_trace_avoidance_route,"[3824954278, 436849320, 3819769881, 4580238966, 353195149, 10682086096, 10682086107, 10682086216, 10682086202, 10682086191, 10682085906, 3819770034, 3819770041, 3819770020, 3819770036, 3819770044, 5279886141, 3819770067, 3819770064, 3819770062, 3823586968, 307924224, 307924223, 3823587092, 3823587177, 3823587193, 3823587282, 3823587342, 4576610061, 3823587356, 3823587391, 3823587451, 3823587493, 3823587536, 3823587547, 3823587702, 3823587776, 3823587815, 3823587830, 3823587843, 3823587865, 3823587893, 3823588079, 11230505734, 436393823, 353193935]","[[3824954278, 436849320], [436849320, 3819769881], [3819769881, 4580238966], [4580238966, 353195149], [353195149, 10682086096], [10682086096, 10682086107], [10682086107, 10682086216], [10682086216, 10682086202], [10682086202, 10682086191], [10682086191, 10682085906], [10682085906, 3819770034], [3819770034, 3819770041], [3819770041, 3819770020], [3819770020, 3819770036], [3819770036, 3819770044], [3819770044, 5279886141], [5279886141, 3819770067], [3819770067, 3819770064], [3819770064, 3819770062], [3819770062, 3823586968], [3823586968, 307924224], [307924224, 307924223], [307924223, 3823587092], [3823587092, 3823587177], [3823587177, 3823587193], [3823587193, 3823587282], [3823587282, 3823587342], [3823587342, 4576610061], [4576610061, 3823587356], [3823587356, 3823587391], [3823587391, 3823587451], [3823587451, 3823587493], [3823587493, 3823587536], [3823587536, 3823587547], [3823587547, 3823587702], [3823587702, 3823587776], [3823587776, 3823587815], [3823587815, 3823587830], [3823587830, 3823587843], [3823587843, 3823587865], [3823587865, 3823587893], [3823587893, 3823588079], [3823588079, 11230505734], [11230505734, 436393823], [436393823, 353193935]]",46,45,1813.03,0,0,0.0,0,0.0,0,0.0,0,0.0,0,0.0,0.0,1,7,9,11,historical_flood_trace_edge_exclusion,1796.46,1813.03,16.57,0.009224,3.816,0.0,3.816,1.0,2,0,True
od_595,독바위,6호선,126.933031,37.618456,pedestrian_support_point,빗물받이,서울특별시 은평구 갈현로 294,126.9183,37.6234,1411.519,3824954278,3823587768,2.93341759236071,31.066401690461696,PASS,od_595_historical_flood_trace_avoidance_route,historical_flood_trace_avoidance_route,"[3824954278, 436849320, 3819769881, 4580238966, 353195149, 10682086096, 10682086107, 10682086216, 10682086202, 10682086191, 10682085906, 3819770034, 3819770041, 3819770020, 3819770036, 3819770044, 5279886141, 3819770067, 3819770064, 3819770062, 3823586968, 307924224, 307924223, 3823587092, 3823587177, 3823587193, 3823587282, 3823587342, 4576610061, 3823587356, 3823587391, 3823587451, 3823587493, 3823587536, 3823587547, 3823587702, 3823587776, 3823587815, 3823587830, 3823587843, 3823587865, 3823587893, 3823588079, 11230505734, 436393823, 353193935, 3823587768]","[[3824954278, 436849320], [436849320, 3819769881], [3819769881, 4580238966], [4580238966, 353195149], [353195149, 10682086096], [10682086096, 10682086107], [10682086107, 10682086216], [10682086216, 10682086202], [10682086202, 10682086191], [10682086191, 10682085906], [10682085906, 3819770034], [3819770034, 3819770041], [3819770041, 3819770020], [3819770020, 3819770036], [3819770036, 3819770044], [3819770044, 5279886141], [5279886141, 3819770067], [3819770067, 3819770064], [3819770064, 3819770062], [3819770062, 3823586968], [3823586968, 307924224], [307924224, 307924223], [307924223, 3823587092], [3823587092, 3823587177], [3823587177, 3823587193], [3823587193, 3823587282], [3823587282, 3823587342], [3823587342, 4576610061], [4576610061, 3823587356], [3823587356, 3823587391], [3823587391, 3823587451], [3823587451, 3823587493], [3823587493, 3823587536], [3823587536, 3823587547], [3823587547, 3823587702], [3823587702, 3823587776], [3823587776, 3823587815], [3823587815, 3823587830], [3823587830, 3823587843], [3823587843, 3823587865], [3823587865, 3823587893], [3823587893, 3823588079], [3823588079, 11230505734], [11230505734, 436393823], [436393823, 353193935], [353193935, 3823587768]]",47,46,1853.015,0,0,0.0,0,0.0,0,0.0,0,0.0,0,0.0,0.0,1,7,12,11,historical_flood_trace_edge_exclusion,1836.445,1853.015,16.57,0.009023,3.816,0.0,3.816,1.0,2,0,True
od_724,독바위,6호선,126.933031,37.618456,pedestrian_support_point,갈현중앙시장,서울특별시 은평구 통일로87길 12,126.9184,37.6235,1407.766,3824954278,3823587768,2.93341759236071,25.848653140261955,PASS,od_724_historical_flood_trace_avoidance_route,historical_flood_trace_avoidance_route,"[3824954278, 436849320, 3819769881, 4580238966, 353195149, 10682086096, 10682086107, 10682086216, 10682086202, 10682086191, 10682085906, 3819770034, 3819770041, 3819770020, 3819770036, 3819770044, 5279886141, 3819770067, 3819770064, 3819770062, 3823586968, 307924224, 307924223, 3823587092, 3823587177, 3823587193, 3823587282, 3823587342, 4576610061, 3823587356, 3823587391, 3823587451, 3823587493, 3823587536, 3823587547, 3823587702, 3823587776, 3823587815, 3823587830, 3823587843, 3823587865, 3823587893, 3823588079, 11230505734, 436393823, 353193935, 3823587768]","[[3824954278, 436849320], [436849320, 3819769881], [3819769881, 4580238966], [4580238966, 353195149], [353195149, 10682086096], [10682086096, 10682086107], [10682086107, 10682086216], [10682086216, 10682086202], [10682086202, 10682086191], [10682086191, 10682085906], [10682085906, 3819770034], [3819770034, 3819770041], [3819770041, 3819770020], [3819770020, 3819770036], [3819770036, 3819770044], [3819770044, 5279886141], [5279886141, 3819770067], [3819770067, 3819770064], [3819770064, 3819770062], [3819770062, 3823586968], [3823586968, 307924224], [307924224, 307924223], [307924223, 3823587092], [3823587092, 3823587177], [3823587177, 3823587193], [3823587193, 3823587282], [3823587282, 3823587342], [3823587342, 4576610061], [4576610061, 3823587356], [3823587356, 3823587391], [3823587391, 3823587451], [3823587451, 3823587493], [3823587493, 3823587536], [3823587536, 3823587547], [3823587547, 3823587702], [3823587702, 3823587776], [3823587776, 3823587815], [3823587815, 3823587830], [3823587830, 3823587843], [3823587843, 3823587865], [3823587865, 3823587893], [3823587893, 3823588079], [3823588079, 11230505734], [11230505734, 436393823], [436393823, 353193935], [353193935, 3823587768]]",47,46,1853.015,0,0,0.0,0,0.0,0,0.0,0,0.0,0,0.0,0.0,1,7,12,11,historical_flood_trace_edge_exclusion,1836.445,1853.015,16.57,0.009023,3.816,0.0,3.816,1.0,2,0,True
od_572,독바위,6호선,126.933031,37.618456,pedestrian_support_point,빗물받이,서울특별시 은평구 갈현로 294,126.9186,37.6234,1387.156,3824954278,3823587768,2.93341759236071,5.049612704556835,PASS,od_572_historical_flood_trace_avoidance_route,historical_flood_trace_avoidance_route,"[3824954278, 436849320, 3819769881, 4580238966, 353195149, 10682086096, 10682086107, 10682086216, 10682086202, 10682086191, 10682085906, 3819770034, 3819770041, 3819770020, 3819770036, 3819770044, 5279886141, 3819770067, 3819770064, 3819770062, 3823586968, 307924224, 307924223, 3823587092, 3823587177, 3823587193, 3823587282, 3823587342, 4576610061, 3823587356, 3823587391, 3823587451, 3823587493, 3823587536, 3823587547, 3823587702, 3823587776, 3823587815, 3823587830, 3823587843, 3823587865, 3823587893, 3823588079, 11230505734, 436393823, 353193935, 3823587768]","[[3824954278, 436849320], [436849320, 3819769881], [3819769881, 4580238966], [4580238966, 353195149], [353195149, 10682086096], [10682086096, 10682086107], [10682086107, 10682086216], [10682086216, 10682086202], [10682086202, 10682086191], [10682086191, 10682085906], [10682085906, 3819770034], [3819770034, 3819770041], [3819770041, 3819770020], [3819770020, 3819770036], [3819770036, 3819770044], [3819770044, 5279886141], [5279886141, 3819770067], [3819770067, 3819770064], [3819770064, 3819770062], [3819770062, 3823586968], [3823586968, 307924224], [307924224, 307924223], [307924223, 3823587092], [3823587092, 3823587177], [3823587177, 3823587193], [3823587193, 3823587282], [3823587282, 3823587342], [3823587342, 4576610061], [4576610061, 3823587356], [3823587356, 3823587391], [3823587391, 3823587451], [3823587451, 3823587493], [3823587493, 3823587536], [3823587536, 3823587547], [3823587547, 3823587702], [3823587702, 3823587776], [3823587776, 3823587815], [3823587815, 3823587830], [3823587830, 3823587843], [3823587843, 3823587865], [3823587865, 3823587893], [3823587893, 3823588079], [3823588079, 11230505734], [11230505734, 436393823], [436393823, 353193935], [353193935, 3823587768]]",47,46,1853.015,0,0,0.0,0,0.0,0,0.0,0,0.0,0,0.0,0.0,1,7,12,11,historical_flood_trace_edge_exclusion,1836.445,1853.015,16.57,0.009023,3.816,0.0,3.816,1.0,2,0,True
od_591,독바위,6호선,126.933031,37.618456,pedestrian_support_point,빗물받이,서울특별시 은평구 갈현동  389-14,126.9187,37.6234,1379.052,3824954278,3823587768,2.93341759236071,4.748801686835443,PASS,od_591_historical_flood_trace_avoidance_route,historical_flood_trace_avoidance_route,"[3824954278, 436849320, 3819769881, 4580238966, 353195149, 10682086096, 10682086107, 10682086216, 10682086202, 10682086191, 10682085906, 3819770034, 3819770041, 3819770020, 3819770036, 3819770044, 5279886141, 3819770067, 3819770064, 3819770062, 3823586968, 307924224, 307924223, 3823587092, 3823587177, 3823587193, 3823587282, 3823587342, 4576610061, 3823587356, 3823587391, 3823587451, 3823587493, 3823587536, 3823587547, 3823587702, 3823587776, 3823587815, 3823587830, 3823587843, 3823587865, 3823587893, 3823588079, 11230505734, 436393823, 353193935, 3823587768]","[[3824954278, 436849320], [436849320, 3819769881], [3819769881, 4580238966], [4580238966, 353195149], [353195149, 10682086096], [10682086096, 10682086107], [10682086107, 10682086216], [10682086216, 10682086202], [10682086202, 10682086191], [10682086191, 10682085906], [10682085906, 3819770034], [3819770034, 3819770041], [3819770041, 3819770020], [3819770020, 3819770036], [3819770036, 3819770044], [3819770044, 5279886141], [5279886141, 3819770067], [3819770067, 3819770064], [3819770064, 3819770062], [3819770062, 3823586968], [3823586968, 307924224], [307924224, 307924223], [307924223, 3823587092], [3823587092, 3823587177], [3823587177, 3823587193], [3823587193, 3823587282], [3823587282, 3823587342], [3823587342, 4576610061], [4576610061, 3823587356], [3823587356, 3823587391], [3823587391, 3823587451], [3823587451, 3823587493], [3823587493, 3823587536], [3823587536, 3823587547], [3823587547, 3823587702], [3823587702, 3823587776], [3823587776, 3823587815], [3823587815, 3823587830], [3823587830, 3823587843], [3823587843, 3823587865], [3823587865, 3823587893], [3823587893, 3823588079], [3823588079, 11230505734], [11230505734, 436393823], [436393823, 353193935], [353193935, 3823587768]]",47,46,1853.015,0,0,0.0,0,0.0,0,0.0,0,0.0,0,0.0,0.0,1,7,12,11,historical_flood_trace_edge_exclusion,1836.445,1853.015,16.57,0.009023,3.816,0.0,3.816,1.0,2,0,True
od_496,독바위,6호선,126.933031,37.618456,mobility_facility,웰빙 누룽지 통닭구이,서울특별시 은평구 통일로 909,126.9197,37.6242,1338.472,3824954278,3823587935,2.93341759236071,14.683174459336284,PASS,od_496_historical_flood_trace_avoidance_route,historical_flood_trace_avoidance_route,"[3824954278, 436849320, 3819769881, 4580238966, 353195149, 10682086096, 10682086107, 10682086216, 10682086202, 10682086191, 10682085906, 3819770034, 3819770041, 3819770020, 3819770036, 3819770044, 5279886141, 3819770067, 3819770064, 3819770062, 3823586968, 307924224, 307924223, 3823587092, 3823587177, 3823587193, 3823587282, 3823587342, 4576610061, 3823587356, 3823587391, 3823587451, 3823587493, 3823587536, 3823587547, 3823587702, 3823587776, 3823587815, 3823587830, 3823587843, 3823587865, 3823587893, 3823588079, 11230505734, 436393823, 11230505656, 3823587930, 3823587935]","[[3824954278, 436849320], [436849320, 3819769881], [3819769881, 4580238966], [4580238966, 353195149], [353195149, 10682086096], [10682086096, 10682086107], [10682086107, 10682086216], [10682086216, 10682086202], [10682086202, 10682086191], [10682086191, 10682085906], [10682085906, 3819770034], [3819770034, 3819770041], [3819770041, 3819770020], [3819770020, 3819770036], [3819770036, 3819770044], [3819770044, 5279886141], [5279886141, 3819770067], [3819770067, 3819770064], [3819770064, 3819770062], [3819770062, 3823586968], [3823586968, 307924224], [307924224, 307924223], [307924223, 3823587092], [3823587092, 3823587177], [3823587177, 3823587193], [3823587193, 3823587282], [3823587282, 3823587342], [3823587342, 4576610061], [4576610061, 3823587356], [3823587356, 3823587391], [3823587391, 3823587451], [3823587451, 3823587493], [3823587493, 3823587536], [3823587536, 3823587547], [3823587547, 3823587702], [3823587702, 3823587776], [3823587776, 3823587815], [3823587815, 3823587830], [3823587830, 3823587843], [3823587843, 3823587865], [3823587865, 3823587893], [3823587893, 3823588079], [3823588079, 11230505734], [11230505734, 436393823], [436393823, 11230505656], [11230505656, 3823587930], [3823587930, 3823587935]]",48,47,1861.52,0,0,0.0,0,0.0,0,0.0,0,0.0,0,0.0,0.0,1,8,7,11,historical_flood_trace_edge_exclusion,1844.95,1861.52,16.57,0.008981,3.816,0.0,3.816,1.0,2,0,True
od_556,독바위,6호선,126.933031,37.618456,mobility_facility,한마음1호공동생활가정,서울특별시 은평구 통일로89길 5-7,126.9193,37.6243,1374.825,3824954278,3823588091,2.93341759236071,25.3510603626517,PASS,od_556_historical_flood_trace_avoidance_route,historical_flood_trace_avoidance_route,"[3824954278, 436849320, 3819769881, 4580238966, 353195149, 10682086096, 10682086107, 10682086216, 10682086202, 10682086191, 10682085906, 3819770034, 3819770041, 3819770020, 3819770036, 3819770044, 5279886141, 3819770067, 3819770064, 3819770062, 3823586968, 307924224, 307924223, 3823587092, 3823587177, 3823587193, 3823587282, 3823587342, 4576610061, 3823587356, 3823587391, 3823587451, 3823587493, 3823587536, 3823587547, 3823587702, 3823587776, 3823587815, 3823587830, 3823587843, 3823587865, 3823587893, 3823588079, 11230505734, 436393823, 11230505656, 3823587930, 3823587935, 3823588091]","[[3824954278, 436849320], [436849320, 3819769881], [3819769881, 4580238966], [4580238966, 353195149], [353195149, 10682086096], [10682086096, 10682086107], [10682086107, 10682086216], [10682086216, 10682086202], [10682086202, 10682086191], [10682086191, 10682085906], [10682085906, 3819770034], [3819770034, 3819770041], [3819770041, 3819770020], [3819770020, 3819770036], [3819770036, 3819770044], [3819770044, 5279886141], [5279886141, 3819770067], [3819770067, 3819770064], [3819770064, 3819770062], [3819770062, 3823586968], [3823586968, 307924224], [307924224, 307924223], [307924223, 3823587092], [3823587092, 3823587177], [3823587177, 3823587193], [3823587193, 3823587282], [3823587282, 3823587342], [3823587342, 4576610061], [4576610061, 3823587356], [3823587356, 3823587391], [3823587391, 3823587451], [3823587451, 3823587493], [3823587493, 3823587536], [3823587536, 3823587547], [3823587547, 3823587702], [3823587702, 3823587776], [3823587776, 3823587815], [3823587815, 3823587830], [3823587830, 3823587843], [3823587843, 3823587865], [3823587865, 3823587893], [3823587893, 3823588079], [3823588079, 11230505734], [11230505734, 436393823], [436393823, 11230505656], [11230505656, 3823587930], [3823587930, 3823587935], [3823587935, 3823588091]]",49,48,1886.006,0,0,0.0,0,0.0,0,0.0,0,0.0,0,0.0,0.0,1,12,7,11,historical_flood_trace_edge_exclusion,1869.436,1886.006,16.57,0.008864,3.816,0.0,3.816,1.0,2,0,True
od_523,독바위,6호선,126.933031,37.618456,mobility_facility,일등공인중개사사무소,서울특별시 은평구 통일로 911,126.9196,37.6245,1362.322,3824954278,3823588091,2.93341759236071,18.376380366479797,PASS,od_523_historical_flood_trace_avoidance_route,historical_flood_trace_avoidance_route,"[3824954278, 436849320, 3819769881, 4580238966, 353195149, 10682086096, 10682086107, 10682086216, 10682086202, 10682086191, 10682085906, 3819770034, 3819770041, 3819770020, 3819770036, 3819770044, 5279886141, 3819770067, 3819770064, 3819770062, 3823586968, 307924224, 307924223, 3823587092, 3823587177, 3823587193, 3823587282, 3823587342, 4576610061, 3823587356, 3823587391, 3823587451, 3823587493, 3823587536, 3823587547, 3823587702, 3823587776, 3823587815, 3823587830, 3823587843, 3823587865, 3823587893, 3823588079, 11230505734, 436393823, 11230505656, 3823587930, 3823587935, 3823588091]","[[3824954278, 436849320], [436849320, 3819769881], [3819769881, 4580238966], [4580238966, 353195149], [353195149, 10682086096], [10682086096, 10682086107], [10682086107, 10682086216], [10682086216, 10682086202], [10682086202, 10682086191], [10682086191, 10682085906], [10682085906, 3819770034], [3819770034, 3819770041], [3819770041, 3819770020], [3819770020, 3819770036], [3819770036, 3819770044], [3819770044, 5279886141], [5279886141, 3819770067], [3819770067, 3819770064], [3819770064, 3819770062], [3819770062, 3823586968], [3823586968, 307924224], [307924224, 307924223], [307924223, 3823587092], [3823587092, 3823587177], [3823587177, 3823587193], [3823587193, 3823587282], [3823587282, 3823587342], [3823587342, 4576610061], [4576610061, 3823587356], [3823587356, 3823587391], [3823587391, 3823587451], [3823587451, 3823587493], [3823587493, 3823587536], [3823587536, 3823587547], [3823587547, 3823587702], [3823587702, 3823587776], [3823587776, 3823587815], [3823587815, 3823587830], [3823587830, 3823587843], [3823587843, 3823587865], [3823587865, 3823587893], [3823587893, 3823588079], [3823588079, 11230505734], [11230505734, 436393823], [436393823, 11230505656], [11230505656, 3823587930], [3823587930, 3823587935], [3823587935, 3823588091]]",49,48,1886.006,0,0,0.0,0,0.0,0,0.0,0,0.0,0,0.0,0.0,1,12,7,11,historical_flood_trace_edge_exclusion,1869.436,1886.006,16.57,0.008864,3.816,0.0,3.816,1.0,2,0,True
od_550,독바위,6호선,126.933031,37.618456,mobility_facility,일등공신중개사사무소,서울특별시 은평구 통일로 911,126.9197,37.6244,1349.184,3824954278,3823588091,2.93341759236071,12.472714117925907,PASS,od_550_historical_flood_trace_avoidance_route,historical_flood_trace_avoidance_route,"[3824954278, 436849320, 3819769881, 4580238966, 353195149, 10682086096, 10682086107, 10682086216, 10682086202, 10682086191, 10682085906, 3819770034, 3819770041, 3819770020, 3819770036, 3819770044, 5279886141, 3819770067, 3819770064, 3819770062, 3823586968, 307924224, 307924223, 3823587092, 3823587177, 3823587193, 3823587282, 3823587342, 4576610061, 3823587356, 3823587391, 3823587451, 3823587493, 3823587536, 3823587547, 3823587702, 3823587776, 3823587815, 3823587830, 3823587843, 3823587865, 3823587893, 3823588079, 11230505734, 436393823, 11230505656, 3823587930, 3823587935, 3823588091]","[[3824954278, 436849320], [436849320, 3819769881], [3819769881, 4580238966], [4580238966, 353195149], [353195149, 10682086096], [10682086096, 10682086107], [10682086107, 10682086216], [10682086216, 10682086202], [10682086202, 10682086191], [10682086191, 10682085906], [10682085906, 3819770034], [3819770034, 3819770041], [3819770041, 3819770020], [3819770020, 3819770036], [3819770036, 3819770044], [3819770044, 5279886141], [5279886141, 3819770067], [3819770067, 3819770064], [3819770064, 3819770062], [3819770062, 3823586968], [3823586968, 307924224], [307924224, 307924223], [307924223, 3823587092], [3823587092, 3823587177], [3823587177, 3823587193], [3823587193, 3823587282], [3823587282, 3823587342], [3823587342, 4576610061], [4576610061, 3823587356], [3823587356, 3823587391], [3823587391, 3823587451], [3823587451, 3823587493], [3823587493, 3823587536], [3823587536, 3823587547], [3823587547, 3823587702], [3823587702, 3823587776], [3823587776, 3823587815], [3823587815, 3823587830], [3823587830, 3823587843], [3823587843, 3823587865], [3823587865, 3823587893], [3823587893, 3823588079], [3823588079, 11230505734], [11230505734, 436393823], [436393823, 11230505656], [11230505656, 3823587930], [3823587930, 3823587935], [3823587935, 3823588091]]",49,48,1886.006,0,0,0.0,0,0.0,0,0.0,0,0.0,0,0.0,0.0,1,12,7,11,historical_flood_trace_edge_exclusion,1869.436,1886.006,16.57,0.008864,3.816,0.0,3.816,1.0,2,0,True
od_518,독바위,6호선,126.933031,37.618456,mobility_facility,3s인테리어필림,서울특별시 은평구 통일로 911,126.9197,37.6245,1354.645,3824954278,436393825,2.93341759236071,18.430247599889487,PASS,od_518_historical_flood_trace_avoidance_route,historical_flood_trace_avoidance_route,"[3824954278, 5281044431, 3819769960, 3824954348, 3279011105, 3824954514, 5281445624, 10682009302, 10682009300, 10682009301, 3823587288, 3823587322, 3823587334, 3823587302, 3823587283, 3823587296, 3823587305, 3823587394, 3823587449, 3823587478, 3823587660, 3823587686, 3823587698, 3823587552, 3823587694, 3823587703, 3823587717, 3823587759, 3823587789, 3823587817, 3823587785, 3823587895, 3823587945, 3823588182, 3823588385, 3823588412, 3823588561, 3823588575, 3823588608, 3823588646, 3823588600, 3823588565, 3823588604, 3823588634, 3823588669, 3823588696, 3823588691, 11230505732, 11230505704, 436393825]","[[3824954278, 5281044431], [5281044431, 3819769960], [3819769960, 3824954348], [3824954348, 3279011105], [3279011105, 3824954514], [3824954514, 5281445624], [5281445624, 10682009302], [10682009302, 10682009300], [10682009300, 10682009301], [10682009301, 3823587288], [3823587288, 3823587322], [3823587322, 3823587334], [3823587334, 3823587302], [3823587302, 3823587283], [3823587283, 3823587296], [3823587296, 3823587305], [3823587305, 3823587394], [3823587394, 3823587449], [3823587449, 3823587478], [3823587478, 3823587660], [3823587660, 3823587686], [3823587686, 3823587698], [3823587698, 3823587552], [3823587552, 3823587694], [3823587694, 3823587703], [3823587703, 3823587717], [3823587717, 3823587759], [3823587759, 3823587789], [3823587789, 3823587817], [3823587817, 3823587785], [3823587785, 3823587895], [3823587895, 3823587945], [3823587945, 3823588182], [3823588182, 3823588385], [3823588385, 3823588412], [3823588412, 3823588561], [3823588561, 3823588575], [3823588575, 3823588608], [3823588608, 3823588646], [3823588646, 3823588600], [3823588600, 3823588565], [3823588565, 3823588604], [3823588604, 3823588634], [3823588634, 3823588669], [3823588669, 3823588696], [3823588696, 3823588691], [3823588691, 11230505732], [11230505732, 11230505704], [11230505704, 436393825]]",50,49,1880.759,0,0,0.0,0,0.0,0,0.0,0,0.0,0,0.0,0.0,1,12,24,21,historical_flood_trace_edge_exclusion,1872.697,1880.759,8.062,0.004305,3.816,0.0,3.816,1.0,2,0,True
od_547,독바위,6호선,126.933031,37.618456,mobility_facility,기원주간보호센터,서울특별시 은평구 통일로87길 6-19,126.9188,37.6239,1394.093,3824954278,3823587909,2.93341759236071,13.34688710731676,PASS,od_547_historical_flood_trace_avoidance_route,historical_flood_trace_avoidance_route,"[3824954278, 436849320, 3819769881, 4580238966, 353195149, 10682086096, 10682086107, 10682086216, 10682086202, 10682086191, 10682085906, 3819770034, 3819770041, 3819770020, 3819770036, 3819770044, 5279886141, 3819770067, 3819770064, 3819770062, 3823586968, 307924224, 307924223, 3823587092, 3823587177, 3823587193, 3823587282, 3823587342, 4576610061, 3823587356, 3823587391, 3823587451, 3823587493, 3823587536, 3823587547, 3823587702, 3823587776, 3823587815, 3823587830, 3823587843, 3823587865, 3823587893, 3823588079, 11230505734, 436393823, 353193935, 3823587899, 3823587909]","[[3824954278, 436849320], [436849320, 3819769881], [3819769881, 4580238966], [4580238966, 353195149], [353195149, 10682086096], [10682086096, 10682086107], [10682086107, 10682086216], [10682086216, 10682086202], [10682086202, 10682086191], [10682086191, 10682085906], [10682085906, 3819770034], [3819770034, 3819770041], [3819770041, 3819770020], [3819770020, 3819770036], [3819770036, 3819770044], [3819770044, 5279886141], [5279886141, 3819770067], [3819770067, 3819770064], [3819770064, 3819770062], [3819770062, 3823586968], [3823586968, 307924224], [307924224, 307924223], [307924223, 3823587092], [3823587092, 3823587177], [3823587177, 3823587193], [3823587193, 3823587282], [3823587282, 3823587342], [3823587342, 4576610061], [4576610061, 3823587356], [3823587356, 3823587391], [3823587391, 3823587451], [3823587451, 3823587493], [3823587493, 3823587536], [3823587536, 3823587547], [3823587547, 3823587702], [3823587702, 3823587776], [3823587776, 3823587815], [3823587815, 3823587830], [3823587830, 3823587843], [3823587843, 3823587865], [3823587865, 3823587893], [3823587893, 3823588079], [3823588079, 11230505734], [11230505734, 436393823], [436393823, 353193935], [353193935, 3823587899], [3823587899, 3823587909]]",48,47,1919.748,0,0,0.0,0,0.0,0,0.0,0,0.0,0,0.0,0.0,1,8,9,11,historical_flood_trace_edge_exclusion,1903.178,1919.748,16.57,0.008706,3.816,0.0,3.816,1.0,2,0,True
od_588,독바위,6호선,126.933031,37.618456,pedestrian_support_point,빗물받이,서울특별시 은평구 갈현로 294,126.9175,37.6235,1481.004,3824954278,353194381,2.93341759236071,27.312011346208195,PASS,od_588_historical_flood_trace_avoidance_route,historical_flood_trace_avoidance_route,"[3824954278, 436849320, 3819769881, 4580238966, 353195149, 10682086096, 10682086107, 10682086216, 10682086202, 10682086191, 10682085906, 3819770034, 3819770041, 3819770020, 3819770036, 3819770044, 5279886141, 3819770067, 3819770064, 3819770062, 3823586968, 307924224, 307924223, 3823587092, 3823587177, 3823587193, 3823587282, 3823587342, 4576610061, 3823587356, 3823587391, 3823587451, 3823587493, 3823587536, 3823587547, 3823587702, 3823587776, 3823587815, 3823587830, 3823587843, 3823587865, 3823587893, 3823588079, 11230505734, 436393823, 353193935, 3823587768, 353194381]","[[3824954278, 436849320], [436849320, 3819769881], [3819769881, 4580238966], [4580238966, 353195149], [353195149, 10682086096], [10682086096, 10682086107], [10682086107, 10682086216], [10682086216, 10682086202], [10682086202, 10682086191], [10682086191, 10682085906], [10682085906, 3819770034], [3819770034, 3819770041], [3819770041, 3819770020], [3819770020, 3819770036], [3819770036, 3819770044], [3819770044, 5279886141], [5279886141, 3819770067], [3819770067, 3819770064], [3819770064, 3819770062], [3819770062, 3823586968], [3823586968, 307924224], [307924224, 307924223], [307924223, 3823587092], [3823587092, 3823587177], [3823587177, 3823587193], [3823587193, 3823587282], [3823587282, 3823587342], [3823587342, 4576610061], [4576610061, 3823587356], [3823587356, 3823587391], [3823587391, 3823587451], [3823587451, 3823587493], [3823587493, 3823587536], [3823587536, 3823587547], [3823587547, 3823587702], [3823587702, 3823587776], [3823587776, 3823587815], [3823587815, 3823587830], [3823587830, 3823587843], [3823587843, 3823587865], [3823587865, 3823587893], [3823587893, 3823588079], [3823588079, 11230505734], [11230505734, 436393823], [436393823, 353193935], [353193935, 3823587768], [3823587768, 353194381]]",48,47,1929.364,0,0,0.0,0,0.0,0,0.0,0,0.0,0,0.0,0.0,1,10,18,14,historical_flood_trace_edge_exclusion,1912.794,1929.364,16.57,0.008663,3.816,0.0,3.816,1.0,2,0,True
od_433,독바위,6호선,126.933031,37.618456,mobility_facility,유호루하스공인중개사사무소,서울특별시 은평구 갈현로 300,126.9175,37.6235,1481.004,3824954278,353194381,2.93341759236071,27.312011346208195,PASS,od_433_historical_flood_trace_avoidance_route,historical_flood_trace_avoidance_route,"[3824954278, 436849320, 3819769881, 4580238966, 353195149, 10682086096, 10682086107, 10682086216, 10682086202, 10682086191, 10682085906, 3819770034, 3819770041, 3819770020, 3819770036, 3819770044, 5279886141, 3819770067, 3819770064, 3819770062, 3823586968, 307924224, 307924223, 3823587092, 3823587177, 3823587193, 3823587282, 3823587342, 4576610061, 3823587356, 3823587391, 3823587451, 3823587493, 3823587536, 3823587547, 3823587702, 3823587776, 3823587815, 3823587830, 3823587843, 3823587865, 3823587893, 3823588079, 11230505734, 436393823, 353193935, 3823587768, 353194381]","[[3824954278, 436849320], [436849320, 3819769881], [3819769881, 4580238966], [4580238966, 353195149], [353195149, 10682086096], [10682086096, 10682086107], [10682086107, 10682086216], [10682086216, 10682086202], [10682086202, 10682086191], [10682086191, 10682085906], [10682085906, 3819770034], [3819770034, 3819770041], [3819770041, 3819770020], [3819770020, 3819770036], [3819770036, 3819770044], [3819770044, 5279886141], [5279886141, 3819770067], [3819770067, 3819770064], [3819770064, 3819770062], [3819770062, 3823586968], [3823586968, 307924224], [307924224, 307924223], [307924223, 3823587092], [3823587092, 3823587177], [3823587177, 3823587193], [3823587193, 3823587282], [3823587282, 3823587342], [3823587342, 4576610061], [4576610061, 3823587356], [3823587356, 3823587391], [3823587391, 3823587451], [3823587451, 3823587493], [3823587493, 3823587536], [3823587536, 3823587547], [3823587547, 3823587702], [3823587702, 3823587776], [3823587776, 3823587815], [3823587815, 3823587830], [3823587830, 3823587843], [3823587843, 3823587865], [3823587865, 3823587893], [3823587893, 3823588079], [3823588079, 11230505734], [11230505734, 436393823], [436393823, 353193935], [353193935, 3823587768], [3823587768, 353194381]]",48,47,1929.364,0,0,0.0,0,0.0,0,0.0,0,0.0,0,0.0,0.0,1,10,18,14,historical_flood_trace_edge_exclusion,1912.794,1929.364,16.57,0.008663,3.816,0.0,3.816,1.0,2,0,True
od_581,독바위,6호선,126.933031,37.618456,pedestrian_support_point,빗물받이,서울특별시 은평구 갈현로 294,126.9177,37.6235,1464.673,3824954278,353194381,2.93341759236071,13.054287643648692,PASS,od_581_historical_flood_trace_avoidance_route,historical_flood_trace_avoidance_route,"[3824954278, 436849320, 3819769881, 4580238966, 353195149, 10682086096, 10682086107, 10682086216, 10682086202, 10682086191, 10682085906, 3819770034, 3819770041, 3819770020, 3819770036, 3819770044, 5279886141, 3819770067, 3819770064, 3819770062, 3823586968, 307924224, 307924223, 3823587092, 3823587177, 3823587193, 3823587282, 3823587342, 4576610061, 3823587356, 3823587391, 3823587451, 3823587493, 3823587536, 3823587547, 3823587702, 3823587776, 3823587815, 3823587830, 3823587843, 3823587865, 3823587893, 3823588079, 11230505734, 436393823, 353193935, 3823587768, 353194381]","[[3824954278, 436849320], [436849320, 3819769881], [3819769881, 4580238966], [4580238966, 353195149], [353195149, 10682086096], [10682086096, 10682086107], [10682086107, 10682086216], [10682086216, 10682086202], [10682086202, 10682086191], [10682086191, 10682085906], [10682085906, 3819770034], [3819770034, 3819770041], [3819770041, 3819770020], [3819770020, 3819770036], [3819770036, 3819770044], [3819770044, 5279886141], [5279886141, 3819770067], [3819770067, 3819770064], [3819770064, 3819770062], [3819770062, 3823586968], [3823586968, 307924224], [307924224, 307924223], [307924223, 3823587092], [3823587092, 3823587177], [3823587177, 3823587193], [3823587193, 3823587282], [3823587282, 3823587342], [3823587342, 4576610061], [4576610061, 3823587356], [3823587356, 3823587391], [3823587391, 3823587451], [3823587451, 3823587493], [3823587493, 3823587536], [3823587536, 3823587547], [3823587547, 3823587702], [3823587702, 3823587776], [3823587776, 3823587815], [3823587815, 3823587830], [3823587830, 3823587843], [3823587843, 3823587865], [3823587865, 3823587893], [3823587893, 3823588079], [3823588079, 11230505734], [11230505734, 436393823], [436393823, 353193935], [353193935, 3823587768], [3823587768, 353194381]]",48,47,1929.364,0,0,0.0,0,0.0,0,0.0,0,0.0,0,0.0,0.0,1,10,18,14,historical_flood_trace_edge_exclusion,1912.794,1929.364,16.57,0.008663,3.816,0.0,3.816,1.0,2,0,True
od_441,독바위,6호선,126.933031,37.618456,mobility_facility,부동산친구공인중개사사무소,서울특별시 은평구 통일로87길 17,126.9177,37.6233,1456.335,3824954278,353194381,2.93341759236071,13.809131288868306,PASS,od_441_historical_flood_trace_avoidance_route,historical_flood_trace_avoidance_route,"[3824954278, 436849320, 3819769881, 4580238966, 353195149, 10682086096, 10682086107, 10682086216, 10682086202, 10682086191, 10682085906, 3819770034, 3819770041, 3819770020, 3819770036, 3819770044, 5279886141, 3819770067, 3819770064, 3819770062, 3823586968, 307924224, 307924223, 3823587092, 3823587177, 3823587193, 3823587282, 3823587342, 4576610061, 3823587356, 3823587391, 3823587451, 3823587493, 3823587536, 3823587547, 3823587702, 3823587776, 3823587815, 3823587830, 3823587843, 3823587865, 3823587893, 3823588079, 11230505734, 436393823, 353193935, 3823587768, 353194381]","[[3824954278, 436849320], [436849320, 3819769881], [3819769881, 4580238966], [4580238966, 353195149], [353195149, 10682086096], [10682086096, 10682086107], [10682086107, 10682086216], [10682086216, 10682086202], [10682086202, 10682086191], [10682086191, 10682085906], [10682085906, 3819770034], [3819770034, 3819770041], [3819770041, 3819770020], [3819770020, 3819770036], [3819770036, 3819770044], [3819770044, 5279886141], [5279886141, 3819770067], [3819770067, 3819770064], [3819770064, 3819770062], [3819770062, 3823586968], [3823586968, 307924224], [307924224, 307924223], [307924223, 3823587092], [3823587092, 3823587177], [3823587177, 3823587193], [3823587193, 3823587282], [3823587282, 3823587342], [3823587342, 4576610061], [4576610061, 3823587356], [3823587356, 3823587391], [3823587391, 3823587451], [3823587451, 3823587493], [3823587493, 3823587536], [3823587536, 3823587547], [3823587547, 3823587702], [3823587702, 3823587776], [3823587776, 3823587815], [3823587815, 3823587830], [3823587830, 3823587843], [3823587843, 3823587865], [3823587865, 3823587893], [3823587893, 3823588079], [3823588079, 11230505734], [11230505734, 436393823], [436393823, 353193935], [353193935, 3823587768], [3823587768, 353194381]]",48,47,1929.364,0,0,0.0,0,0.0,0,0.0,0,0.0,0,0.0,0.0,1,10,18,14,historical_flood_trace_edge_exclusion,1912.794,1929.364,16.57,0.008663,3.816,0.0,3.816,1.0,2,0,True
