od_id,station,station_line,station_lon,station_lat,facility_source,facility_name,facility_address,facility_lon,facility_lat,straight_line_distance_m,station_node,facility_node,station_snap_distance_m,facility_snap_distance_m,snap_status,route_id,route_type,node_sequence,edge_sequence,node_count,edge_count,route_length_m,steps_count,flood_feature_count_2022,flood_overlap_length_m_2022,flood_feature_count_2023,flood_overlap_length_m_2023,flood_feature_count_2024,flood_overlap_length_m_2024,flood_feature_count_2025,flood_overlap_length_m_2025,flood_feature_count_unique_total,flood_overlap_length_m_total,flood_overlap_ratio,mobility_facility_count_near_route,support_point_count_near_route,existing_safe_route_overlap_or_proximity_count,method,baseline_length_m,alternative_length_m,distance_delta_m,distance_delta_ratio,baseline_flood_overlap_length_m,alternative_flood_overlap_length_m,flood_overlap_reduction_m,flood_overlap_reduction_ratio,baseline_flood_feature_count,alternative_flood_feature_count,historical_flood_trace_avoiding_candidate
od_2326,불광,3호선,126.92982,37.610553,mobility_facility,바르티매오공동생활가정,서울특별시 은평구 불광로9가길 4,126.9315,37.6166,687.347,5930698997,3819769687,50.20980174135544,12.83310201982499,PASS,od_2326_k_shortest_alternative_1,k_shortest_alternative_1,"[5930698997, 11228575654, 457819071, 5281045186, 5281045188, 5281045187, 5281045189, 3279011082, 436849310, 353195249, 3819769163, 4580205446, 3279011087, 3819769307, 5281044435, 5281044436, 3819769396, 3819769490, 445329900, 3824954063, 3819769661, 3819769668, 3819769719, 3819769703, 3819769687]","[[5930698997, 11228575654], [11228575654, 457819071], [457819071, 5281045186], [5281045186, 5281045188], [5281045188, 5281045187], [5281045187, 5281045189], [5281045189, 3279011082], [3279011082, 436849310], [436849310, 353195249], [353195249, 3819769163], [3819769163, 4580205446], [4580205446, 3279011087], [3279011087, 3819769307], [3819769307, 5281044435], [5281044435, 5281044436], [5281044436, 3819769396], [3819769396, 3819769490], [3819769490, 445329900], [445329900, 3824954063], [3824954063, 3819769661], [3819769661, 3819769668], [3819769668, 3819769719], [3819769719, 3819769703], [3819769703, 3819769687]]",25,24,927.874,0,4,44.346,0,0.0,0,0.0,2,21.552,6,65.898,0.07102,15,10,7,k_shortest,853.368,927.874,74.506,0.087308,74.769,65.898,8.871,0.118645,5,6,True
od_2326,불광,3호선,126.92982,37.610553,mobility_facility,바르티매오공동생활가정,서울특별시 은평구 불광로9가길 4,126.9315,37.6166,687.347,5930698997,3819769687,50.20980174135544,12.83310201982499,PASS,od_2326_k_shortest_alternative_2,k_shortest_alternative_2,"[5930698997, 11228575654, 457819071, 5281045186, 5281045188, 5281045187, 5281045189, 3279011082, 436849310, 353195249, 3819769163, 4580205446, 3279011087, 3824954033, 3824954047, 3824954051, 5281044434, 436849314, 445329900, 3824954063, 3819769661, 3819769668, 3819769672, 3819769687]","[[5930698997, 11228575654], [11228575654, 457819071], [457819071, 5281045186], [5281045186, 5281045188], [5281045188, 5281045187], [5281045187, 5281045189], [5281045189, 3279011082], [3279011082, 436849310], [436849310, 353195249], [353195249, 3819769163], [3819769163, 4580205446], [4580205446, 3279011087], [3279011087, 3824954033], [3824954033, 3824954047], [3824954047, 3824954051], [3824954051, 5281044434], [5281044434, 436849314], [436849314, 445329900], [445329900, 3824954063], [3824954063, 3819769661], [3819769661, 3819769668], [3819769668, 3819769672], [3819769672, 3819769687]]",24,23,951.381,0,2,27.266,0,0.0,0,0.0,3,47.503,5,74.769,0.07859,8,10,7,k_shortest,853.368,951.381,98.013,0.114854,74.769,74.769,0.0,0.0,5,5,False
od_2326,불광,3호선,126.92982,37.610553,mobility_facility,바르티매오공동생활가정,서울특별시 은평구 불광로9가길 4,126.9315,37.6166,687.347,5930698997,3819769687,50.20980174135544,12.83310201982499,PASS,od_2326_k_shortest_alternative_3,k_shortest_alternative_3,"[5930698997, 11228575654, 11296481755, 3819768907, 13378638850, 3819768960, 5281045187, 5281045189, 3279011082, 436849310, 353195249, 3819769163, 4580205446, 3279011087, 3819769307, 5281044435, 5281044436, 5281044434, 436849314, 445329900, 3824954063, 3819769661, 3819769668, 3819769672, 3819769687]","[[5930698997, 11228575654], [11228575654, 11296481755], [11296481755, 3819768907], [3819768907, 13378638850], [13378638850, 3819768960], [3819768960, 5281045187], [5281045187, 5281045189], [5281045189, 3279011082], [3279011082, 436849310], [436849310, 353195249], [353195249, 3819769163], [3819769163, 4580205446], [4580205446, 3279011087], [3279011087, 3819769307], [3819769307, 5281044435], [5281044435, 5281044436], [5281044436, 5281044434], [5281044434, 436849314], [436849314, 445329900], [445329900, 3824954063], [3824954063, 3819769661], [3819769661, 3819769668], [3819769668, 3819769672], [3819769672, 3819769687]]",25,24,953.832,0,2,27.266,0,0.0,0,0.0,3,47.503,5,74.769,0.078388,16,6,7,k_shortest,853.368,953.832,100.464,0.117726,74.769,74.769,0.0,0.0,5,5,False
od_2326,불광,3호선,126.92982,37.610553,mobility_facility,바르티매오공동생활가정,서울특별시 은평구 불광로9가길 4,126.9315,37.6166,687.347,5930698997,3819769687,50.20980174135544,12.83310201982499,PASS,od_2326_k_shortest_alternative_4,k_shortest_alternative_4,"[5930698997, 11228575654, 457819071, 5281045186, 5281045188, 5281045187, 5281045189, 3279011082, 436849310, 353195249, 3819769163, 4580205446, 3279011087, 3819769307, 5281044435, 3819769369, 3819769373, 3819769405, 3819769396, 3819769490, 445329900, 3824954063, 3819769661, 3819769668, 3819769672, 3819769687]","[[5930698997, 11228575654], [11228575654, 457819071], [457819071, 5281045186], [5281045186, 5281045188], [5281045188, 5281045187], [5281045187, 5281045189], [5281045189, 3279011082], [3279011082, 436849310], [436849310, 353195249], [353195249, 3819769163], [3819769163, 4580205446], [4580205446, 3279011087], [3279011087, 3819769307], [3819769307, 5281044435], [5281044435, 3819769369], [3819769369, 3819769373], [3819769373, 3819769405], [3819769405, 3819769396], [3819769396, 3819769490], [3819769490, 445329900], [445329900, 3824954063], [3824954063, 3819769661], [3819769661, 3819769668], [3819769668, 3819769672], [3819769672, 3819769687]]",26,25,971.775,0,2,27.266,0,0.0,0,0.0,3,47.503,5,74.769,0.076941,14,10,7,k_shortest,853.368,971.775,118.407,0.138753,74.769,74.769,0.0,0.0,5,5,False
od_937,불광,6호선,126.92939,37.610873,mobility_facility,바르티매오공동생활가정,서울특별시 은평구 불광로9가길 4,126.9315,37.6166,662.373,5930698997,3819769687,11.603222454866666,12.83310201982499,PASS,od_937_k_shortest_alternative_1,k_shortest_alternative_1,"[5930698997, 11228575654, 457819071, 5281045186, 5281045188, 5281045187, 5281045189, 3279011082, 436849310, 353195249, 3819769163, 4580205446, 3279011087, 3819769307, 5281044435, 5281044436, 3819769396, 3819769490, 445329900, 3824954063, 3819769661, 3819769668, 3819769719, 3819769703, 3819769687]","[[5930698997, 11228575654], [11228575654, 457819071], [457819071, 5281045186], [5281045186, 5281045188], [5281045188, 5281045187], [5281045187, 5281045189], [5281045189, 3279011082], [3279011082, 436849310], [436849310, 353195249], [353195249, 3819769163], [3819769163, 4580205446], [4580205446, 3279011087], [3279011087, 3819769307], [3819769307, 5281044435], [5281044435, 5281044436], [5281044436, 3819769396], [3819769396, 3819769490], [3819769490, 445329900], [445329900, 3824954063], [3824954063, 3819769661], [3819769661, 3819769668], [3819769668, 3819769719], [3819769719, 3819769703], [3819769703, 3819769687]]",25,24,927.874,0,4,44.346,0,0.0,0,0.0,2,21.552,6,65.898,0.07102,15,10,7,k_shortest,853.368,927.874,74.506,0.087308,74.769,65.898,8.871,0.118645,5,6,True
od_937,불광,6호선,126.92939,37.610873,mobility_facility,바르티매오공동생활가정,서울특별시 은평구 불광로9가길 4,126.9315,37.6166,662.373,5930698997,3819769687,11.603222454866666,12.83310201982499,PASS,od_937_k_shortest_alternative_2,k_shortest_alternative_2,"[5930698997, 11228575654, 457819071, 5281045186, 5281045188, 5281045187, 5281045189, 3279011082, 436849310, 353195249, 3819769163, 4580205446, 3279011087, 3824954033, 3824954047, 3824954051, 5281044434, 436849314, 445329900, 3824954063, 3819769661, 3819769668, 3819769672, 3819769687]","[[5930698997, 11228575654], [11228575654, 457819071], [457819071, 5281045186], [5281045186, 5281045188], [5281045188, 5281045187], [5281045187, 5281045189], [5281045189, 3279011082], [3279011082, 436849310], [436849310, 353195249], [353195249, 3819769163], [3819769163, 4580205446], [4580205446, 3279011087], [3279011087, 3824954033], [3824954033, 3824954047], [3824954047, 3824954051], [3824954051, 5281044434], [5281044434, 436849314], [436849314, 445329900], [445329900, 3824954063], [3824954063, 3819769661], [3819769661, 3819769668], [3819769668, 3819769672], [3819769672, 3819769687]]",24,23,951.381,0,2,27.266,0,0.0,0,0.0,3,47.503,5,74.769,0.07859,8,10,7,k_shortest,853.368,951.381,98.013,0.114854,74.769,74.769,0.0,0.0,5,5,False
od_937,불광,6호선,126.92939,37.610873,mobility_facility,바르티매오공동생활가정,서울특별시 은평구 불광로9가길 4,126.9315,37.6166,662.373,5930698997,3819769687,11.603222454866666,12.83310201982499,PASS,od_937_k_shortest_alternative_3,k_shortest_alternative_3,"[5930698997, 11228575654, 11296481755, 3819768907, 13378638850, 3819768960, 5281045187, 5281045189, 3279011082, 436849310, 353195249, 3819769163, 4580205446, 3279011087, 3819769307, 5281044435, 5281044436, 5281044434, 436849314, 445329900, 3824954063, 3819769661, 3819769668, 3819769672, 3819769687]","[[5930698997, 11228575654], [11228575654, 11296481755], [11296481755, 3819768907], [3819768907, 13378638850], [13378638850, 3819768960], [3819768960, 5281045187], [5281045187, 5281045189], [5281045189, 3279011082], [3279011082, 436849310], [436849310, 353195249], [353195249, 3819769163], [3819769163, 4580205446], [4580205446, 3279011087], [3279011087, 3819769307], [3819769307, 5281044435], [5281044435, 5281044436], [5281044436, 5281044434], [5281044434, 436849314], [436849314, 445329900], [445329900, 3824954063], [3824954063, 3819769661], [3819769661, 3819769668], [3819769668, 3819769672], [3819769672, 3819769687]]",25,24,953.832,0,2,27.266,0,0.0,0,0.0,3,47.503,5,74.769,0.078388,16,6,7,k_shortest,853.368,953.832,100.464,0.117726,74.769,74.769,0.0,0.0,5,5,False
od_937,불광,6호선,126.92939,37.610873,mobility_facility,바르티매오공동생활가정,서울특별시 은평구 불광로9가길 4,126.9315,37.6166,662.373,5930698997,3819769687,11.603222454866666,12.83310201982499,PASS,od_937_k_shortest_alternative_4,k_shortest_alternative_4,"[5930698997, 11228575654, 457819071, 5281045186, 5281045188, 5281045187, 5281045189, 3279011082, 436849310, 353195249, 3819769163, 4580205446, 3279011087, 3819769307, 5281044435, 3819769369, 3819769373, 3819769405, 3819769396, 3819769490, 445329900, 3824954063, 3819769661, 3819769668, 3819769672, 3819769687]","[[5930698997, 11228575654], [11228575654, 457819071], [457819071, 5281045186], [5281045186, 5281045188], [5281045188, 5281045187], [5281045187, 5281045189], [5281045189, 3279011082], [3279011082, 436849310], [436849310, 353195249], [353195249, 3819769163], [3819769163, 4580205446], [4580205446, 3279011087], [3279011087, 3819769307], [3819769307, 5281044435], [5281044435, 3819769369], [3819769369, 3819769373], [3819769373, 3819769405], [3819769405, 3819769396], [3819769396, 3819769490], [3819769490, 445329900], [445329900, 3824954063], [3824954063, 3819769661], [3819769661, 3819769668], [3819769668, 3819769672], [3819769672, 3819769687]]",26,25,971.775,0,2,27.266,0,0.0,0,0.0,3,47.503,5,74.769,0.076941,14,10,7,k_shortest,853.368,971.775,118.407,0.138753,74.769,74.769,0.0,0.0,5,5,False
od_2803,연신내,3호선,126.921038,37.619229,mobility_facility,바르티매오공동생활가정,서울특별시 은평구 불광로9가길 4,126.9315,37.6166,968.645,13357342120,3819769687,32.16422242836125,12.83310201982499,PASS,od_2803_k_shortest_alternative_1,k_shortest_alternative_1,"[13357342120, 13357342121, 13357321496, 11178032838, 2960309144, 3819769883, 11296481771, 3819769766, 11228575652, 3819769749, 11228575779, 11228574068, 11228575767, 11228574126, 11228574122, 8370552973, 8370552942, 8370552943, 8370552950, 8370553057, 8370552966, 10682085912, 10682086049, 10682085987, 10682086342, 10682086075, 10682086215, 10682009304, 353195079, 3819769520, 3819769514, 3819769496, 3819769490, 445329900, 3824954063, 3819769661, 3819769668, 3819769672, 3819769687]","[[13357342120, 13357342121], [13357342121, 13357321496], [13357321496, 11178032838], [11178032838, 2960309144], [2960309144, 3819769883], [3819769883, 11296481771], [11296481771, 3819769766], [3819769766, 11228575652], [11228575652, 3819769749], [3819769749, 11228575779], [11228575779, 11228574068], [11228574068, 11228575767], [11228575767, 11228574126], [11228574126, 11228574122], [11228574122, 8370552973], [8370552973, 8370552942], [8370552942, 8370552943], [8370552943, 8370552950], [8370552950, 8370553057], [8370553057, 8370552966], [8370552966, 10682085912], [10682085912, 10682086049], [10682086049, 10682085987], [10682085987, 10682086342], [10682086342, 10682086075], [10682086075, 10682086215], [10682086215, 10682009304], [10682009304, 353195079], [353195079, 3819769520], [3819769520, 3819769514], [3819769514, 3819769496], [3819769496, 3819769490], [3819769490, 445329900], [445329900, 3824954063], [3824954063, 3819769661], [3819769661, 3819769668], [3819769668, 3819769672], [3819769672, 3819769687]]",39,38,1604.479,0,2,27.266,0,0.0,0,0.0,3,47.503,5,74.769,0.0466,6,8,11,k_shortest,1543.385,1604.479,61.094,0.039584,74.769,74.769,0.0,0.0,5,5,False
od_2838,연신내,3호선,126.921038,37.619229,pedestrian_support_point,빗물받이,서울특별시 은평구 불광동  90-8,126.9284,37.6257,968.623,13357342120,3823588661,32.16422242836125,37.440100324683726,PASS,od_2838_k_shortest_alternative_1,k_shortest_alternative_1,"[13357342120, 13357342121, 13357321496, 11178032838, 2960309144, 2960309145, 3819769990, 3823586772, 3819770024, 3823586798, 3823586835, 3823586851, 4576632337, 4576632338, 3823586989, 3823587003, 307924223, 3823587092, 3823587175, 3823587253, 3823587427, 4576617363, 3823587534, 3823587543, 3823587717, 3823587759, 3823587858, 3823587888, 3823587936, 3823588078, 4576650759, 4576620663, 3823588370, 3823588613, 3823588638, 3823588661]","[[13357342120, 13357342121], [13357342121, 13357321496], [13357321496, 11178032838], [11178032838, 2960309144], [2960309144, 2960309145], [2960309145, 3819769990], [3819769990, 3823586772], [3823586772, 3819770024], [3819770024, 3823586798], [3823586798, 3823586835], [3823586835, 3823586851], [3823586851, 4576632337], [4576632337, 4576632338], [4576632338, 3823586989], [3823586989, 3823587003], [3823587003, 307924223], [307924223, 3823587092], [3823587092, 3823587175], [3823587175, 3823587253], [3823587253, 3823587427], [3823587427, 4576617363], [4576617363, 3823587534], [3823587534, 3823587543], [3823587543, 3823587717], [3823587717, 3823587759], [3823587759, 3823587858], [3823587858, 3823587888], [3823587888, 3823587936], [3823587936, 3823588078], [3823588078, 4576650759], [4576650759, 4576620663], [4576620663, 3823588370], [3823588370, 3823588613], [3823588613, 3823588638], [3823588638, 3823588661]]",36,35,1153.657,0,0,0.0,0,0.0,0,0.0,0,0.0,0,0.0,0.0,6,12,20,k_shortest,1145.926,1153.657,7.731,0.006747,23.346,0.0,23.346,1.0,3,0,True
od_2838,연신내,3호선,126.921038,37.619229,pedestrian_support_point,빗물받이,서울특별시 은평구 불광동  90-8,126.9284,37.6257,968.623,13357342120,3823588661,32.16422242836125,37.440100324683726,PASS,od_2838_k_shortest_alternative_2,k_shortest_alternative_2,"[13357342120, 13357342121, 13357321496, 11178032838, 2960309144, 2960309145, 3819769990, 3823586772, 3819770024, 3823586821, 5279886140, 3823586890, 3819770060, 3823586968, 307924224, 3823587102, 3823587185, 2930525549, 3823587261, 3823587543, 3823587717, 3823587759, 3823587858, 3823587888, 3823587936, 3823588078, 4576650759, 4576620663, 3823588370, 3823588613, 3823588638, 3823588661]","[[13357342120, 13357342121], [13357342121, 13357321496], [13357321496, 11178032838], [11178032838, 2960309144], [2960309144, 2960309145], [2960309145, 3819769990], [3819769990, 3823586772], [3823586772, 3819770024], [3819770024, 3823586821], [3823586821, 5279886140], [5279886140, 3823586890], [3823586890, 3819770060], [3819770060, 3823586968], [3823586968, 307924224], [307924224, 3823587102], [3823587102, 3823587185], [3823587185, 2930525549], [2930525549, 3823587261], [3823587261, 3823587543], [3823587543, 3823587717], [3823587717, 3823587759], [3823587759, 3823587858], [3823587858, 3823587888], [3823587888, 3823587936], [3823587936, 3823588078], [3823588078, 4576650759], [4576650759, 4576620663], [4576620663, 3823588370], [3823588370, 3823588613], [3823588613, 3823588638], [3823588638, 3823588661]]",32,31,1160.815,0,2,15.544,0,0.0,0,0.0,3,11.618,5,27.161,0.023399,12,12,20,k_shortest,1145.926,1160.815,14.889,0.012993,23.346,27.161,-3.815,-0.163411,3,5,False
od_2838,연신내,3호선,126.921038,37.619229,pedestrian_support_point,빗물받이,서울특별시 은평구 불광동  90-8,126.9284,37.6257,968.623,13357342120,3823588661,32.16422242836125,37.440100324683726,PASS,od_2838_k_shortest_alternative_3,k_shortest_alternative_3,"[13357342120, 13357342121, 13357321496, 11178032838, 2960309144, 2960309145, 3819769990, 3823586772, 3819770024, 3823586798, 3823586835, 3823586851, 4576632337, 4576632338, 3823586989, 3823587003, 307924223, 307924224, 3823587102, 3823587185, 2930525549, 3823587261, 3823587543, 3823587717, 3823587759, 3823587858, 3823587888, 3823587936, 3823588078, 4576650759, 4576620663, 3823588370, 3823588613, 3823588638, 3823588661]","[[13357342120, 13357342121], [13357342121, 13357321496], [13357321496, 11178032838], [11178032838, 2960309144], [2960309144, 2960309145], [2960309145, 3819769990], [3819769990, 3823586772], [3823586772, 3819770024], [3819770024, 3823586798], [3823586798, 3823586835], [3823586835, 3823586851], [3823586851, 4576632337], [4576632337, 4576632338], [4576632338, 3823586989], [3823586989, 3823587003], [3823587003, 307924223], [307924223, 307924224], [307924224, 3823587102], [3823587102, 3823587185], [3823587185, 2930525549], [2930525549, 3823587261], [3823587261, 3823587543], [3823587543, 3823587717], [3823587717, 3823587759], [3823587759, 3823587858], [3823587858, 3823587888], [3823587888, 3823587936], [3823587936, 3823588078], [3823588078, 4576650759], [4576650759, 4576620663], [4576620663, 3823588370], [3823588370, 3823588613], [3823588613, 3823588638], [3823588638, 3823588661]]",35,34,1167.895,0,2,15.544,0,0.0,0,0.0,3,11.618,5,27.161,0.023257,8,12,20,k_shortest,1145.926,1167.895,21.969,0.019171,23.346,27.161,-3.815,-0.163411,3,5,False
od_2838,연신내,3호선,126.921038,37.619229,pedestrian_support_point,빗물받이,서울특별시 은평구 불광동  90-8,126.9284,37.6257,968.623,13357342120,3823588661,32.16422242836125,37.440100324683726,PASS,od_2838_k_shortest_alternative_4,k_shortest_alternative_4,"[13357342120, 13357342121, 13357321496, 11178032838, 2960309144, 2960309145, 3819769990, 3823586772, 3819770024, 3823586798, 3823586835, 3823586851, 4576632337, 4576632338, 3823587101, 3823587112, 3823587173, 3823587193, 3823587317, 3823587427, 4576617363, 3823587534, 3823587543, 3823587717, 3823587759, 3823587858, 3823587888, 3823587936, 3823588078, 4576650759, 4576620663, 3823588370, 3823588613, 3823588638, 3823588661]","[[13357342120, 13357342121], [13357342121, 13357321496], [13357321496, 11178032838], [11178032838, 2960309144], [2960309144, 2960309145], [2960309145, 3819769990], [3819769990, 3823586772], [3823586772, 3819770024], [3819770024, 3823586798], [3823586798, 3823586835], [3823586835, 3823586851], [3823586851, 4576632337], [4576632337, 4576632338], [4576632338, 3823587101], [3823587101, 3823587112], [3823587112, 3823587173], [3823587173, 3823587193], [3823587193, 3823587317], [3823587317, 3823587427], [3823587427, 4576617363], [4576617363, 3823587534], [3823587534, 3823587543], [3823587543, 3823587717], [3823587717, 3823587759], [3823587759, 3823587858], [3823587858, 3823587888], [3823587888, 3823587936], [3823587936, 3823588078], [3823588078, 4576650759], [4576650759, 4576620663], [4576620663, 3823588370], [3823588370, 3823588613], [3823588613, 3823588638], [3823588638, 3823588661]]",35,34,1172.478,0,0,0.0,0,0.0,0,0.0,0,0.0,0,0.0,0.0,5,12,20,k_shortest,1145.926,1172.478,26.552,0.023171,23.346,0.0,23.346,1.0,3,0,True
od_2825,연신내,3호선,126.921038,37.619229,pedestrian_support_point,빗물받이,서울특별시 은평구 불광동  90-8,126.9282,37.6258,965.224,13357342120,3823588661,32.16422242836125,16.64976846622106,PASS,od_2825_k_shortest_alternative_1,k_shortest_alternative_1,"[13357342120, 13357342121, 13357321496, 11178032838, 2960309144, 2960309145, 3819769990, 3823586772, 3819770024, 3823586798, 3823586835, 3823586851, 4576632337, 4576632338, 3823586989, 3823587003, 307924223, 3823587092, 3823587175, 3823587253, 3823587427, 4576617363, 3823587534, 3823587543, 3823587717, 3823587759, 3823587858, 3823587888, 3823587936, 3823588078, 4576650759, 4576620663, 3823588370, 3823588613, 3823588638, 3823588661]","[[13357342120, 13357342121], [13357342121, 13357321496], [13357321496, 11178032838], [11178032838, 2960309144], [2960309144, 2960309145], [2960309145, 3819769990], [3819769990, 3823586772], [3823586772, 3819770024], [3819770024, 3823586798], [3823586798, 3823586835], [3823586835, 3823586851], [3823586851, 4576632337], [4576632337, 4576632338], [4576632338, 3823586989], [3823586989, 3823587003], [3823587003, 307924223], [307924223, 3823587092], [3823587092, 3823587175], [3823587175, 3823587253], [3823587253, 3823587427], [3823587427, 4576617363], [4576617363, 3823587534], [3823587534, 3823587543], [3823587543, 3823587717], [3823587717, 3823587759], [3823587759, 3823587858], [3823587858, 3823587888], [3823587888, 3823587936], [3823587936, 3823588078], [3823588078, 4576650759], [4576650759, 4576620663], [4576620663, 3823588370], [3823588370, 3823588613], [3823588613, 3823588638], [3823588638, 3823588661]]",36,35,1153.657,0,0,0.0,0,0.0,0,0.0,0,0.0,0,0.0,0.0,6,12,20,k_shortest,1145.926,1153.657,7.731,0.006747,23.346,0.0,23.346,1.0,3,0,True
od_2825,연신내,3호선,126.921038,37.619229,pedestrian_support_point,빗물받이,서울특별시 은평구 불광동  90-8,126.9282,37.6258,965.224,13357342120,3823588661,32.16422242836125,16.64976846622106,PASS,od_2825_k_shortest_alternative_2,k_shortest_alternative_2,"[13357342120, 13357342121, 13357321496, 11178032838, 2960309144, 2960309145, 3819769990, 3823586772, 3819770024, 3823586821, 5279886140, 3823586890, 3819770060, 3823586968, 307924224, 3823587102, 3823587185, 2930525549, 3823587261, 3823587543, 3823587717, 3823587759, 3823587858, 3823587888, 3823587936, 3823588078, 4576650759, 4576620663, 3823588370, 3823588613, 3823588638, 3823588661]","[[13357342120, 13357342121], [13357342121, 13357321496], [13357321496, 11178032838], [11178032838, 2960309144], [2960309144, 2960309145], [2960309145, 3819769990], [3819769990, 3823586772], [3823586772, 3819770024], [3819770024, 3823586821], [3823586821, 5279886140], [5279886140, 3823586890], [3823586890, 3819770060], [3819770060, 3823586968], [3823586968, 307924224], [307924224, 3823587102], [3823587102, 3823587185], [3823587185, 2930525549], [2930525549, 3823587261], [3823587261, 3823587543], [3823587543, 3823587717], [3823587717, 3823587759], [3823587759, 3823587858], [3823587858, 3823587888], [3823587888, 3823587936], [3823587936, 3823588078], [3823588078, 4576650759], [4576650759, 4576620663], [4576620663, 3823588370], [3823588370, 3823588613], [3823588613, 3823588638], [3823588638, 3823588661]]",32,31,1160.815,0,2,15.544,0,0.0,0,0.0,3,11.618,5,27.161,0.023399,12,12,20,k_shortest,1145.926,1160.815,14.889,0.012993,23.346,27.161,-3.815,-0.163411,3,5,False
od_2825,연신내,3호선,126.921038,37.619229,pedestrian_support_point,빗물받이,서울특별시 은평구 불광동  90-8,126.9282,37.6258,965.224,13357342120,3823588661,32.16422242836125,16.64976846622106,PASS,od_2825_k_shortest_alternative_3,k_shortest_alternative_3,"[13357342120, 13357342121, 13357321496, 11178032838, 2960309144, 2960309145, 3819769990, 3823586772, 3819770024, 3823586798, 3823586835, 3823586851, 4576632337, 4576632338, 3823586989, 3823587003, 307924223, 307924224, 3823587102, 3823587185, 2930525549, 3823587261, 3823587543, 3823587717, 3823587759, 3823587858, 3823587888, 3823587936, 3823588078, 4576650759, 4576620663, 3823588370, 3823588613, 3823588638, 3823588661]","[[13357342120, 13357342121], [13357342121, 13357321496], [13357321496, 11178032838], [11178032838, 2960309144], [2960309144, 2960309145], [2960309145, 3819769990], [3819769990, 3823586772], [3823586772, 3819770024], [3819770024, 3823586798], [3823586798, 3823586835], [3823586835, 3823586851], [3823586851, 4576632337], [4576632337, 4576632338], [4576632338, 3823586989], [3823586989, 3823587003], [3823587003, 307924223], [307924223, 307924224], [307924224, 3823587102], [3823587102, 3823587185], [3823587185, 2930525549], [2930525549, 3823587261], [3823587261, 3823587543], [3823587543, 3823587717], [3823587717, 3823587759], [3823587759, 3823587858], [3823587858, 3823587888], [3823587888, 3823587936], [3823587936, 3823588078], [3823588078, 4576650759], [4576650759, 4576620663], [4576620663, 3823588370], [3823588370, 3823588613], [3823588613, 3823588638], [3823588638, 3823588661]]",35,34,1167.895,0,2,15.544,0,0.0,0,0.0,3,11.618,5,27.161,0.023257,8,12,20,k_shortest,1145.926,1167.895,21.969,0.019171,23.346,27.161,-3.815,-0.163411,3,5,False
od_2825,연신내,3호선,126.921038,37.619229,pedestrian_support_point,빗물받이,서울특별시 은평구 불광동  90-8,126.9282,37.6258,965.224,13357342120,3823588661,32.16422242836125,16.64976846622106,PASS,od_2825_k_shortest_alternative_4,k_shortest_alternative_4,"[13357342120, 13357342121, 13357321496, 11178032838, 2960309144, 2960309145, 3819769990, 3823586772, 3819770024, 3823586798, 3823586835, 3823586851, 4576632337, 4576632338, 3823587101, 3823587112, 3823587173, 3823587193, 3823587317, 3823587427, 4576617363, 3823587534, 3823587543, 3823587717, 3823587759, 3823587858, 3823587888, 3823587936, 3823588078, 4576650759, 4576620663, 3823588370, 3823588613, 3823588638, 3823588661]","[[13357342120, 13357342121], [13357342121, 13357321496], [13357321496, 11178032838], [11178032838, 2960309144], [2960309144, 2960309145], [2960309145, 3819769990], [3819769990, 3823586772], [3823586772, 3819770024], [3819770024, 3823586798], [3823586798, 3823586835], [3823586835, 3823586851], [3823586851, 4576632337], [4576632337, 4576632338], [4576632338, 3823587101], [3823587101, 3823587112], [3823587112, 3823587173], [3823587173, 3823587193], [3823587193, 3823587317], [3823587317, 3823587427], [3823587427, 4576617363], [4576617363, 3823587534], [3823587534, 3823587543], [3823587543, 3823587717], [3823587717, 3823587759], [3823587759, 3823587858], [3823587858, 3823587888], [3823587888, 3823587936], [3823587936, 3823588078], [3823588078, 4576650759], [4576650759, 4576620663], [4576620663, 3823588370], [3823588370, 3823588613], [3823588613, 3823588638], [3823588638, 3823588661]]",35,34,1172.478,0,0,0.0,0,0.0,0,0.0,0,0.0,0,0.0,0.0,5,12,20,k_shortest,1145.926,1172.478,26.552,0.023171,23.346,0.0,23.346,1.0,3,0,True
od_2851,연신내,3호선,126.921038,37.619229,pedestrian_support_point,빗물받이,서울특별시 은평구 연서로41길 6,126.9282,37.6258,965.224,13357342120,3823588661,32.16422242836125,16.64976846622106,PASS,od_2851_k_shortest_alternative_1,k_shortest_alternative_1,"[13357342120, 13357342121, 13357321496, 11178032838, 2960309144, 2960309145, 3819769990, 3823586772, 3819770024, 3823586798, 3823586835, 3823586851, 4576632337, 4576632338, 3823586989, 3823587003, 307924223, 3823587092, 3823587175, 3823587253, 3823587427, 4576617363, 3823587534, 3823587543, 3823587717, 3823587759, 3823587858, 3823587888, 3823587936, 3823588078, 4576650759, 4576620663, 3823588370, 3823588613, 3823588638, 3823588661]","[[13357342120, 13357342121], [13357342121, 13357321496], [13357321496, 11178032838], [11178032838, 2960309144], [2960309144, 2960309145], [2960309145, 3819769990], [3819769990, 3823586772], [3823586772, 3819770024], [3819770024, 3823586798], [3823586798, 3823586835], [3823586835, 3823586851], [3823586851, 4576632337], [4576632337, 4576632338], [4576632338, 3823586989], [3823586989, 3823587003], [3823587003, 307924223], [307924223, 3823587092], [3823587092, 3823587175], [3823587175, 3823587253], [3823587253, 3823587427], [3823587427, 4576617363], [4576617363, 3823587534], [3823587534, 3823587543], [3823587543, 3823587717], [3823587717, 3823587759], [3823587759, 3823587858], [3823587858, 3823587888], [3823587888, 3823587936], [3823587936, 3823588078], [3823588078, 4576650759], [4576650759, 4576620663], [4576620663, 3823588370], [3823588370, 3823588613], [3823588613, 3823588638], [3823588638, 3823588661]]",36,35,1153.657,0,0,0.0,0,0.0,0,0.0,0,0.0,0,0.0,0.0,6,12,20,k_shortest,1145.926,1153.657,7.731,0.006747,23.346,0.0,23.346,1.0,3,0,True
od_2851,연신내,3호선,126.921038,37.619229,pedestrian_support_point,빗물받이,서울특별시 은평구 연서로41길 6,126.9282,37.6258,965.224,13357342120,3823588661,32.16422242836125,16.64976846622106,PASS,od_2851_k_shortest_alternative_2,k_shortest_alternative_2,"[13357342120, 13357342121, 13357321496, 11178032838, 2960309144, 2960309145, 3819769990, 3823586772, 3819770024, 3823586821, 5279886140, 3823586890, 3819770060, 3823586968, 307924224, 3823587102, 3823587185, 2930525549, 3823587261, 3823587543, 3823587717, 3823587759, 3823587858, 3823587888, 3823587936, 3823588078, 4576650759, 4576620663, 3823588370, 3823588613, 3823588638, 3823588661]","[[13357342120, 13357342121], [13357342121, 13357321496], [13357321496, 11178032838], [11178032838, 2960309144], [2960309144, 2960309145], [2960309145, 3819769990], [3819769990, 3823586772], [3823586772, 3819770024], [3819770024, 3823586821], [3823586821, 5279886140], [5279886140, 3823586890], [3823586890, 3819770060], [3819770060, 3823586968], [3823586968, 307924224], [307924224, 3823587102], [3823587102, 3823587185], [3823587185, 2930525549], [2930525549, 3823587261], [3823587261, 3823587543], [3823587543, 3823587717], [3823587717, 3823587759], [3823587759, 3823587858], [3823587858, 3823587888], [3823587888, 3823587936], [3823587936, 3823588078], [3823588078, 4576650759], [4576650759, 4576620663], [4576620663, 3823588370], [3823588370, 3823588613], [3823588613, 3823588638], [3823588638, 3823588661]]",32,31,1160.815,0,2,15.544,0,0.0,0,0.0,3,11.618,5,27.161,0.023399,12,12,20,k_shortest,1145.926,1160.815,14.889,0.012993,23.346,27.161,-3.815,-0.163411,3,5,False
od_2851,연신내,3호선,126.921038,37.619229,pedestrian_support_point,빗물받이,서울특별시 은평구 연서로41길 6,126.9282,37.6258,965.224,13357342120,3823588661,32.16422242836125,16.64976846622106,PASS,od_2851_k_shortest_alternative_3,k_shortest_alternative_3,"[13357342120, 13357342121, 13357321496, 11178032838, 2960309144, 2960309145, 3819769990, 3823586772, 3819770024, 3823586798, 3823586835, 3823586851, 4576632337, 4576632338, 3823586989, 3823587003, 307924223, 307924224, 3823587102, 3823587185, 2930525549, 3823587261, 3823587543, 3823587717, 3823587759, 3823587858, 3823587888, 3823587936, 3823588078, 4576650759, 4576620663, 3823588370, 3823588613, 3823588638, 3823588661]","[[13357342120, 13357342121], [13357342121, 13357321496], [13357321496, 11178032838], [11178032838, 2960309144], [2960309144, 2960309145], [2960309145, 3819769990], [3819769990, 3823586772], [3823586772, 3819770024], [3819770024, 3823586798], [3823586798, 3823586835], [3823586835, 3823586851], [3823586851, 4576632337], [4576632337, 4576632338], [4576632338, 3823586989], [3823586989, 3823587003], [3823587003, 307924223], [307924223, 307924224], [307924224, 3823587102], [3823587102, 3823587185], [3823587185, 2930525549], [2930525549, 3823587261], [3823587261, 3823587543], [3823587543, 3823587717], [3823587717, 3823587759], [3823587759, 3823587858], [3823587858, 3823587888], [3823587888, 3823587936], [3823587936, 3823588078], [3823588078, 4576650759], [4576650759, 4576620663], [4576620663, 3823588370], [3823588370, 3823588613], [3823588613, 3823588638], [3823588638, 3823588661]]",35,34,1167.895,0,2,15.544,0,0.0,0,0.0,3,11.618,5,27.161,0.023257,8,12,20,k_shortest,1145.926,1167.895,21.969,0.019171,23.346,27.161,-3.815,-0.163411,3,5,False
od_2851,연신내,3호선,126.921038,37.619229,pedestrian_support_point,빗물받이,서울특별시 은평구 연서로41길 6,126.9282,37.6258,965.224,13357342120,3823588661,32.16422242836125,16.64976846622106,PASS,od_2851_k_shortest_alternative_4,k_shortest_alternative_4,"[13357342120, 13357342121, 13357321496, 11178032838, 2960309144, 2960309145, 3819769990, 3823586772, 3819770024, 3823586798, 3823586835, 3823586851, 4576632337, 4576632338, 3823587101, 3823587112, 3823587173, 3823587193, 3823587317, 3823587427, 4576617363, 3823587534, 3823587543, 3823587717, 3823587759, 3823587858, 3823587888, 3823587936, 3823588078, 4576650759, 4576620663, 3823588370, 3823588613, 3823588638, 3823588661]","[[13357342120, 13357342121], [13357342121, 13357321496], [13357321496, 11178032838], [11178032838, 2960309144], [2960309144, 2960309145], [2960309145, 3819769990], [3819769990, 3823586772], [3823586772, 3819770024], [3819770024, 3823586798], [3823586798, 3823586835], [3823586835, 3823586851], [3823586851, 4576632337], [4576632337, 4576632338], [4576632338, 3823587101], [3823587101, 3823587112], [3823587112, 3823587173], [3823587173, 3823587193], [3823587193, 3823587317], [3823587317, 3823587427], [3823587427, 4576617363], [4576617363, 3823587534], [3823587534, 3823587543], [3823587543, 3823587717], [3823587717, 3823587759], [3823587759, 3823587858], [3823587858, 3823587888], [3823587888, 3823587936], [3823587936, 3823588078], [3823588078, 4576650759], [4576650759, 4576620663], [4576620663, 3823588370], [3823588370, 3823588613], [3823588613, 3823588638], [3823588638, 3823588661]]",35,34,1172.478,0,0,0.0,0,0.0,0,0.0,0,0.0,0,0.0,0.0,5,12,20,k_shortest,1145.926,1172.478,26.552,0.023171,23.346,0.0,23.346,1.0,3,0,True
od_2822,연신내,3호선,126.921038,37.619229,pedestrian_support_point,빗물받이,서울특별시 은평구 연서로 347,126.928,37.6259,962.265,13357342120,3823588661,32.16422242836125,4.520643736324227,PASS,od_2822_k_shortest_alternative_1,k_shortest_alternative_1,"[13357342120, 13357342121, 13357321496, 11178032838, 2960309144, 2960309145, 3819769990, 3823586772, 3819770024, 3823586798, 3823586835, 3823586851, 4576632337, 4576632338, 3823586989, 3823587003, 307924223, 3823587092, 3823587175, 3823587253, 3823587427, 4576617363, 3823587534, 3823587543, 3823587717, 3823587759, 3823587858, 3823587888, 3823587936, 3823588078, 4576650759, 4576620663, 3823588370, 3823588613, 3823588638, 3823588661]","[[13357342120, 13357342121], [13357342121, 13357321496], [13357321496, 11178032838], [11178032838, 2960309144], [2960309144, 2960309145], [2960309145, 3819769990], [3819769990, 3823586772], [3823586772, 3819770024], [3819770024, 3823586798], [3823586798, 3823586835], [3823586835, 3823586851], [3823586851, 4576632337], [4576632337, 4576632338], [4576632338, 3823586989], [3823586989, 3823587003], [3823587003, 307924223], [307924223, 3823587092], [3823587092, 3823587175], [3823587175, 3823587253], [3823587253, 3823587427], [3823587427, 4576617363], [4576617363, 3823587534], [3823587534, 3823587543], [3823587543, 3823587717], [3823587717, 3823587759], [3823587759, 3823587858], [3823587858, 3823587888], [3823587888, 3823587936], [3823587936, 3823588078], [3823588078, 4576650759], [4576650759, 4576620663], [4576620663, 3823588370], [3823588370, 3823588613], [3823588613, 3823588638], [3823588638, 3823588661]]",36,35,1153.657,0,0,0.0,0,0.0,0,0.0,0,0.0,0,0.0,0.0,6,12,20,k_shortest,1145.926,1153.657,7.731,0.006747,23.346,0.0,23.346,1.0,3,0,True
od_2822,연신내,3호선,126.921038,37.619229,pedestrian_support_point,빗물받이,서울특별시 은평구 연서로 347,126.928,37.6259,962.265,13357342120,3823588661,32.16422242836125,4.520643736324227,PASS,od_2822_k_shortest_alternative_2,k_shortest_alternative_2,"[13357342120, 13357342121, 13357321496, 11178032838, 2960309144, 2960309145, 3819769990, 3823586772, 3819770024, 3823586821, 5279886140, 3823586890, 3819770060, 3823586968, 307924224, 3823587102, 3823587185, 2930525549, 3823587261, 3823587543, 3823587717, 3823587759, 3823587858, 3823587888, 3823587936, 3823588078, 4576650759, 4576620663, 3823588370, 3823588613, 3823588638, 3823588661]","[[13357342120, 13357342121], [13357342121, 13357321496], [13357321496, 11178032838], [11178032838, 2960309144], [2960309144, 2960309145], [2960309145, 3819769990], [3819769990, 3823586772], [3823586772, 3819770024], [3819770024, 3823586821], [3823586821, 5279886140], [5279886140, 3823586890], [3823586890, 3819770060], [3819770060, 3823586968], [3823586968, 307924224], [307924224, 3823587102], [3823587102, 3823587185], [3823587185, 2930525549], [2930525549, 3823587261], [3823587261, 3823587543], [3823587543, 3823587717], [3823587717, 3823587759], [3823587759, 3823587858], [3823587858, 3823587888], [3823587888, 3823587936], [3823587936, 3823588078], [3823588078, 4576650759], [4576650759, 4576620663], [4576620663, 3823588370], [3823588370, 3823588613], [3823588613, 3823588638], [3823588638, 3823588661]]",32,31,1160.815,0,2,15.544,0,0.0,0,0.0,3,11.618,5,27.161,0.023399,12,12,20,k_shortest,1145.926,1160.815,14.889,0.012993,23.346,27.161,-3.815,-0.163411,3,5,False
od_2822,연신내,3호선,126.921038,37.619229,pedestrian_support_point,빗물받이,서울특별시 은평구 연서로 347,126.928,37.6259,962.265,13357342120,3823588661,32.16422242836125,4.520643736324227,PASS,od_2822_k_shortest_alternative_3,k_shortest_alternative_3,"[13357342120, 13357342121, 13357321496, 11178032838, 2960309144, 2960309145, 3819769990, 3823586772, 3819770024, 3823586798, 3823586835, 3823586851, 4576632337, 4576632338, 3823586989, 3823587003, 307924223, 307924224, 3823587102, 3823587185, 2930525549, 3823587261, 3823587543, 3823587717, 3823587759, 3823587858, 3823587888, 3823587936, 3823588078, 4576650759, 4576620663, 3823588370, 3823588613, 3823588638, 3823588661]","[[13357342120, 13357342121], [13357342121, 13357321496], [13357321496, 11178032838], [11178032838, 2960309144], [2960309144, 2960309145], [2960309145, 3819769990], [3819769990, 3823586772], [3823586772, 3819770024], [3819770024, 3823586798], [3823586798, 3823586835], [3823586835, 3823586851], [3823586851, 4576632337], [4576632337, 4576632338], [4576632338, 3823586989], [3823586989, 3823587003], [3823587003, 307924223], [307924223, 307924224], [307924224, 3823587102], [3823587102, 3823587185], [3823587185, 2930525549], [2930525549, 3823587261], [3823587261, 3823587543], [3823587543, 3823587717], [3823587717, 3823587759], [3823587759, 3823587858], [3823587858, 3823587888], [3823587888, 3823587936], [3823587936, 3823588078], [3823588078, 4576650759], [4576650759, 4576620663], [4576620663, 3823588370], [3823588370, 3823588613], [3823588613, 3823588638], [3823588638, 3823588661]]",35,34,1167.895,0,2,15.544,0,0.0,0,0.0,3,11.618,5,27.161,0.023257,8,12,20,k_shortest,1145.926,1167.895,21.969,0.019171,23.346,27.161,-3.815,-0.163411,3,5,False
od_2822,연신내,3호선,126.921038,37.619229,pedestrian_support_point,빗물받이,서울특별시 은평구 연서로 347,126.928,37.6259,962.265,13357342120,3823588661,32.16422242836125,4.520643736324227,PASS,od_2822_k_shortest_alternative_4,k_shortest_alternative_4,"[13357342120, 13357342121, 13357321496, 11178032838, 2960309144, 2960309145, 3819769990, 3823586772, 3819770024, 3823586798, 3823586835, 3823586851, 4576632337, 4576632338, 3823587101, 3823587112, 3823587173, 3823587193, 3823587317, 3823587427, 4576617363, 3823587534, 3823587543, 3823587717, 3823587759, 3823587858, 3823587888, 3823587936, 3823588078, 4576650759, 4576620663, 3823588370, 3823588613, 3823588638, 3823588661]","[[13357342120, 13357342121], [13357342121, 13357321496], [13357321496, 11178032838], [11178032838, 2960309144], [2960309144, 2960309145], [2960309145, 3819769990], [3819769990, 3823586772], [3823586772, 3819770024], [3819770024, 3823586798], [3823586798, 3823586835], [3823586835, 3823586851], [3823586851, 4576632337], [4576632337, 4576632338], [4576632338, 3823587101], [3823587101, 3823587112], [3823587112, 3823587173], [3823587173, 3823587193], [3823587193, 3823587317], [3823587317, 3823587427], [3823587427, 4576617363], [4576617363, 3823587534], [3823587534, 3823587543], [3823587543, 3823587717], [3823587717, 3823587759], [3823587759, 3823587858], [3823587858, 3823587888], [3823587888, 3823587936], [3823587936, 3823588078], [3823588078, 4576650759], [4576650759, 4576620663], [4576620663, 3823588370], [3823588370, 3823588613], [3823588613, 3823588638], [3823588638, 3823588661]]",35,34,1172.478,0,0,0.0,0,0.0,0,0.0,0,0.0,0,0.0,0.0,5,12,20,k_shortest,1145.926,1172.478,26.552,0.023171,23.346,0.0,23.346,1.0,3,0,True
od_3057,연신내,3호선,126.921038,37.619229,pedestrian_support_point,빗물받이,서울특별시 은평구 불광동  73-8,126.928,37.6259,962.265,13357342120,3823588661,32.16422242836125,4.520643736324227,PASS,od_3057_k_shortest_alternative_1,k_shortest_alternative_1,"[13357342120, 13357342121, 13357321496, 11178032838, 2960309144, 2960309145, 3819769990, 3823586772, 3819770024, 3823586798, 3823586835, 3823586851, 4576632337, 4576632338, 3823586989, 3823587003, 307924223, 3823587092, 3823587175, 3823587253, 3823587427, 4576617363, 3823587534, 3823587543, 3823587717, 3823587759, 3823587858, 3823587888, 3823587936, 3823588078, 4576650759, 4576620663, 3823588370, 3823588613, 3823588638, 3823588661]","[[13357342120, 13357342121], [13357342121, 13357321496], [13357321496, 11178032838], [11178032838, 2960309144], [2960309144, 2960309145], [2960309145, 3819769990], [3819769990, 3823586772], [3823586772, 3819770024], [3819770024, 3823586798], [3823586798, 3823586835], [3823586835, 3823586851], [3823586851, 4576632337], [4576632337, 4576632338], [4576632338, 3823586989], [3823586989, 3823587003], [3823587003, 307924223], [307924223, 3823587092], [3823587092, 3823587175], [3823587175, 3823587253], [3823587253, 3823587427], [3823587427, 4576617363], [4576617363, 3823587534], [3823587534, 3823587543], [3823587543, 3823587717], [3823587717, 3823587759], [3823587759, 3823587858], [3823587858, 3823587888], [3823587888, 3823587936], [3823587936, 3823588078], [3823588078, 4576650759], [4576650759, 4576620663], [4576620663, 3823588370], [3823588370, 3823588613], [3823588613, 3823588638], [3823588638, 3823588661]]",36,35,1153.657,0,0,0.0,0,0.0,0,0.0,0,0.0,0,0.0,0.0,6,12,20,k_shortest,1145.926,1153.657,7.731,0.006747,23.346,0.0,23.346,1.0,3,0,True
od_3057,연신내,3호선,126.921038,37.619229,pedestrian_support_point,빗물받이,서울특별시 은평구 불광동  73-8,126.928,37.6259,962.265,13357342120,3823588661,32.16422242836125,4.520643736324227,PASS,od_3057_k_shortest_alternative_2,k_shortest_alternative_2,"[13357342120, 13357342121, 13357321496, 11178032838, 2960309144, 2960309145, 3819769990, 3823586772, 3819770024, 3823586821, 5279886140, 3823586890, 3819770060, 3823586968, 307924224, 3823587102, 3823587185, 2930525549, 3823587261, 3823587543, 3823587717, 3823587759, 3823587858, 3823587888, 3823587936, 3823588078, 4576650759, 4576620663, 3823588370, 3823588613, 3823588638, 3823588661]","[[13357342120, 13357342121], [13357342121, 13357321496], [13357321496, 11178032838], [11178032838, 2960309144], [2960309144, 2960309145], [2960309145, 3819769990], [3819769990, 3823586772], [3823586772, 3819770024], [3819770024, 3823586821], [3823586821, 5279886140], [5279886140, 3823586890], [3823586890, 3819770060], [3819770060, 3823586968], [3823586968, 307924224], [307924224, 3823587102], [3823587102, 3823587185], [3823587185, 2930525549], [2930525549, 3823587261], [3823587261, 3823587543], [3823587543, 3823587717], [3823587717, 3823587759], [3823587759, 3823587858], [3823587858, 3823587888], [3823587888, 3823587936], [3823587936, 3823588078], [3823588078, 4576650759], [4576650759, 4576620663], [4576620663, 3823588370], [3823588370, 3823588613], [3823588613, 3823588638], [3823588638, 3823588661]]",32,31,1160.815,0,2,15.544,0,0.0,0,0.0,3,11.618,5,27.161,0.023399,12,12,20,k_shortest,1145.926,1160.815,14.889,0.012993,23.346,27.161,-3.815,-0.163411,3,5,False
od_3057,연신내,3호선,126.921038,37.619229,pedestrian_support_point,빗물받이,서울특별시 은평구 불광동  73-8,126.928,37.6259,962.265,13357342120,3823588661,32.16422242836125,4.520643736324227,PASS,od_3057_k_shortest_alternative_3,k_shortest_alternative_3,"[13357342120, 13357342121, 13357321496, 11178032838, 2960309144, 2960309145, 3819769990, 3823586772, 3819770024, 3823586798, 3823586835, 3823586851, 4576632337, 4576632338, 3823586989, 3823587003, 307924223, 307924224, 3823587102, 3823587185, 2930525549, 3823587261, 3823587543, 3823587717, 3823587759, 3823587858, 3823587888, 3823587936, 3823588078, 4576650759, 4576620663, 3823588370, 3823588613, 3823588638, 3823588661]","[[13357342120, 13357342121], [13357342121, 13357321496], [13357321496, 11178032838], [11178032838, 2960309144], [2960309144, 2960309145], [2960309145, 3819769990], [3819769990, 3823586772], [3823586772, 3819770024], [3819770024, 3823586798], [3823586798, 3823586835], [3823586835, 3823586851], [3823586851, 4576632337], [4576632337, 4576632338], [4576632338, 3823586989], [3823586989, 3823587003], [3823587003, 307924223], [307924223, 307924224], [307924224, 3823587102], [3823587102, 3823587185], [3823587185, 2930525549], [2930525549, 3823587261], [3823587261, 3823587543], [3823587543, 3823587717], [3823587717, 3823587759], [3823587759, 3823587858], [3823587858, 3823587888], [3823587888, 3823587936], [3823587936, 3823588078], [3823588078, 4576650759], [4576650759, 4576620663], [4576620663, 3823588370], [3823588370, 3823588613], [3823588613, 3823588638], [3823588638, 3823588661]]",35,34,1167.895,0,2,15.544,0,0.0,0,0.0,3,11.618,5,27.161,0.023257,8,12,20,k_shortest,1145.926,1167.895,21.969,0.019171,23.346,27.161,-3.815,-0.163411,3,5,False
od_3057,연신내,3호선,126.921038,37.619229,pedestrian_support_point,빗물받이,서울특별시 은평구 불광동  73-8,126.928,37.6259,962.265,13357342120,3823588661,32.16422242836125,4.520643736324227,PASS,od_3057_k_shortest_alternative_4,k_shortest_alternative_4,"[13357342120, 13357342121, 13357321496, 11178032838, 2960309144, 2960309145, 3819769990, 3823586772, 3819770024, 3823586798, 3823586835, 3823586851, 4576632337, 4576632338, 3823587101, 3823587112, 3823587173, 3823587193, 3823587317, 3823587427, 4576617363, 3823587534, 3823587543, 3823587717, 3823587759, 3823587858, 3823587888, 3823587936, 3823588078, 4576650759, 4576620663, 3823588370, 3823588613, 3823588638, 3823588661]","[[13357342120, 13357342121], [13357342121, 13357321496], [13357321496, 11178032838], [11178032838, 2960309144], [2960309144, 2960309145], [2960309145, 3819769990], [3819769990, 3823586772], [3823586772, 3819770024], [3819770024, 3823586798], [3823586798, 3823586835], [3823586835, 3823586851], [3823586851, 4576632337], [4576632337, 4576632338], [4576632338, 3823587101], [3823587101, 3823587112], [3823587112, 3823587173], [3823587173, 3823587193], [3823587193, 3823587317], [3823587317, 3823587427], [3823587427, 4576617363], [4576617363, 3823587534], [3823587534, 3823587543], [3823587543, 3823587717], [3823587717, 3823587759], [3823587759, 3823587858], [3823587858, 3823587888], [3823587888, 3823587936], [3823587936, 3823588078], [3823588078, 4576650759], [4576650759, 4576620663], [4576620663, 3823588370], [3823588370, 3823588613], [3823588613, 3823588638], [3823588638, 3823588661]]",35,34,1172.478,0,0,0.0,0,0.0,0,0.0,0,0.0,0,0.0,0.0,5,12,20,k_shortest,1145.926,1172.478,26.552,0.023171,23.346,0.0,23.346,1.0,3,0,True
od_194,연신내,6호선,126.920625,37.618636,pedestrian_support_point,빗물받이,서울특별시 은평구 불광동  90-8,126.9284,37.6257,1042.031,11230505686,3823588661,20.028299588559467,37.440100324683726,PASS,od_194_k_shortest_alternative_1,k_shortest_alternative_1,"[11230505686, 11663495477, 13357321496, 11178032838, 2960309144, 2960309145, 3819769990, 3823586772, 3819770024, 3823586798, 3823586835, 3823586851, 4576632337, 4576632338, 3823586989, 3823587003, 307924223, 3823587092, 3823587175, 3823587253, 3823587427, 4576617363, 3823587534, 3823587543, 3823587717, 3823587759, 3823587858, 3823587888, 3823587936, 3823588078, 4576650759, 4576620663, 3823588370, 3823588613, 3823588638, 3823588661]","[[11230505686, 11663495477], [11663495477, 13357321496], [13357321496, 11178032838], [11178032838, 2960309144], [2960309144, 2960309145], [2960309145, 3819769990], [3819769990, 3823586772], [3823586772, 3819770024], [3819770024, 3823586798], [3823586798, 3823586835], [3823586835, 3823586851], [3823586851, 4576632337], [4576632337, 4576632338], [4576632338, 3823586989], [3823586989, 3823587003], [3823587003, 307924223], [307924223, 3823587092], [3823587092, 3823587175], [3823587175, 3823587253], [3823587253, 3823587427], [3823587427, 4576617363], [4576617363, 3823587534], [3823587534, 3823587543], [3823587543, 3823587717], [3823587717, 3823587759], [3823587759, 3823587858], [3823587858, 3823587888], [3823587888, 3823587936], [3823587936, 3823588078], [3823588078, 4576650759], [4576650759, 4576620663], [4576620663, 3823588370], [3823588370, 3823588613], [3823588613, 3823588638], [3823588638, 3823588661]]",36,35,1167.933,0,0,0.0,0,0.0,0,0.0,0,0.0,0,0.0,0.0,6,13,21,k_shortest,1160.202,1167.933,7.731,0.006663,23.346,0.0,23.346,1.0,3,0,True
od_194,연신내,6호선,126.920625,37.618636,pedestrian_support_point,빗물받이,서울특별시 은평구 불광동  90-8,126.9284,37.6257,1042.031,11230505686,3823588661,20.028299588559467,37.440100324683726,PASS,od_194_k_shortest_alternative_2,k_shortest_alternative_2,"[11230505686, 11663495477, 13357321496, 11178032838, 2960309144, 2960309145, 3819769990, 3823586772, 3819770024, 3823586821, 5279886140, 3823586890, 3819770060, 3823586968, 307924224, 3823587102, 3823587185, 2930525549, 3823587261, 3823587543, 3823587717, 3823587759, 3823587858, 3823587888, 3823587936, 3823588078, 4576650759, 4576620663, 3823588370, 3823588613, 3823588638, 3823588661]","[[11230505686, 11663495477], [11663495477, 13357321496], [13357321496, 11178032838], [11178032838, 2960309144], [2960309144, 2960309145], [2960309145, 3819769990], [3819769990, 3823586772], [3823586772, 3819770024], [3819770024, 3823586821], [3823586821, 5279886140], [5279886140, 3823586890], [3823586890, 3819770060], [3819770060, 3823586968], [3823586968, 307924224], [307924224, 3823587102], [3823587102, 3823587185], [3823587185, 2930525549], [2930525549, 3823587261], [3823587261, 3823587543], [3823587543, 3823587717], [3823587717, 3823587759], [3823587759, 3823587858], [3823587858, 3823587888], [3823587888, 3823587936], [3823587936, 3823588078], [3823588078, 4576650759], [4576650759, 4576620663], [4576620663, 3823588370], [3823588370, 3823588613], [3823588613, 3823588638], [3823588638, 3823588661]]",32,31,1175.091,0,2,15.544,0,0.0,0,0.0,3,11.618,5,27.161,0.023114,12,13,21,k_shortest,1160.202,1175.091,14.889,0.012833,23.346,27.161,-3.815,-0.163411,3,5,False
od_194,연신내,6호선,126.920625,37.618636,pedestrian_support_point,빗물받이,서울특별시 은평구 불광동  90-8,126.9284,37.6257,1042.031,11230505686,3823588661,20.028299588559467,37.440100324683726,PASS,od_194_k_shortest_alternative_3,k_shortest_alternative_3,"[11230505686, 11663495477, 13357321496, 11178032838, 2960309144, 2960309145, 3819769990, 3823586772, 3819770024, 3823586798, 3823586835, 3823586851, 4576632337, 4576632338, 3823586989, 3823587003, 307924223, 307924224, 3823587102, 3823587185, 2930525549, 3823587261, 3823587543, 3823587717, 3823587759, 3823587858, 3823587888, 3823587936, 3823588078, 4576650759, 4576620663, 3823588370, 3823588613, 3823588638, 3823588661]","[[11230505686, 11663495477], [11663495477, 13357321496], [13357321496, 11178032838], [11178032838, 2960309144], [2960309144, 2960309145], [2960309145, 3819769990], [3819769990, 3823586772], [3823586772, 3819770024], [3819770024, 3823586798], [3823586798, 3823586835], [3823586835, 3823586851], [3823586851, 4576632337], [4576632337, 4576632338], [4576632338, 3823586989], [3823586989, 3823587003], [3823587003, 307924223], [307924223, 307924224], [307924224, 3823587102], [3823587102, 3823587185], [3823587185, 2930525549], [2930525549, 3823587261], [3823587261, 3823587543], [3823587543, 3823587717], [3823587717, 3823587759], [3823587759, 3823587858], [3823587858, 3823587888], [3823587888, 3823587936], [3823587936, 3823588078], [3823588078, 4576650759], [4576650759, 4576620663], [4576620663, 3823588370], [3823588370, 3823588613], [3823588613, 3823588638], [3823588638, 3823588661]]",35,34,1182.171,0,2,15.544,0,0.0,0,0.0,3,11.618,5,27.161,0.022976,8,13,21,k_shortest,1160.202,1182.171,21.969,0.018935,23.346,27.161,-3.815,-0.163411,3,5,False
od_194,연신내,6호선,126.920625,37.618636,pedestrian_support_point,빗물받이,서울특별시 은평구 불광동  90-8,126.9284,37.6257,1042.031,11230505686,3823588661,20.028299588559467,37.440100324683726,PASS,od_194_k_shortest_alternative_4,k_shortest_alternative_4,"[11230505686, 11663495477, 13357321496, 11178032838, 2960309144, 2960309145, 3819769990, 3823586772, 3819770024, 3823586798, 3823586835, 3823586851, 4576632337, 4576632338, 3823587101, 3823587112, 3823587173, 3823587193, 3823587317, 3823587427, 4576617363, 3823587534, 3823587543, 3823587717, 3823587759, 3823587858, 3823587888, 3823587936, 3823588078, 4576650759, 4576620663, 3823588370, 3823588613, 3823588638, 3823588661]","[[11230505686, 11663495477], [11663495477, 13357321496], [13357321496, 11178032838], [11178032838, 2960309144], [2960309144, 2960309145], [2960309145, 3819769990], [3819769990, 3823586772], [3823586772, 3819770024], [3819770024, 3823586798], [3823586798, 3823586835], [3823586835, 3823586851], [3823586851, 4576632337], [4576632337, 4576632338], [4576632338, 3823587101], [3823587101, 3823587112], [3823587112, 3823587173], [3823587173, 3823587193], [3823587193, 3823587317], [3823587317, 3823587427], [3823587427, 4576617363], [4576617363, 3823587534], [3823587534, 3823587543], [3823587543, 3823587717], [3823587717, 3823587759], [3823587759, 3823587858], [3823587858, 3823587888], [3823587888, 3823587936], [3823587936, 3823588078], [3823588078, 4576650759], [4576650759, 4576620663], [4576620663, 3823588370], [3823588370, 3823588613], [3823588613, 3823588638], [3823588638, 3823588661]]",35,34,1186.754,0,0,0.0,0,0.0,0,0.0,0,0.0,0,0.0,0.0,5,13,21,k_shortest,1160.202,1186.754,26.552,0.022886,23.346,0.0,23.346,1.0,3,0,True
od_181,연신내,6호선,126.920625,37.618636,pedestrian_support_point,빗물받이,서울특별시 은평구 불광동  90-8,126.9282,37.6258,1038.955,11230505686,3823588661,20.028299588559467,16.64976846622106,PASS,od_181_k_shortest_alternative_1,k_shortest_alternative_1,"[11230505686, 11663495477, 13357321496, 11178032838, 2960309144, 2960309145, 3819769990, 3823586772, 3819770024, 3823586798, 3823586835, 3823586851, 4576632337, 4576632338, 3823586989, 3823587003, 307924223, 3823587092, 3823587175, 3823587253, 3823587427, 4576617363, 3823587534, 3823587543, 3823587717, 3823587759, 3823587858, 3823587888, 3823587936, 3823588078, 4576650759, 4576620663, 3823588370, 3823588613, 3823588638, 3823588661]","[[11230505686, 11663495477], [11663495477, 13357321496], [13357321496, 11178032838], [11178032838, 2960309144], [2960309144, 2960309145], [2960309145, 3819769990], [3819769990, 3823586772], [3823586772, 3819770024], [3819770024, 3823586798], [3823586798, 3823586835], [3823586835, 3823586851], [3823586851, 4576632337], [4576632337, 4576632338], [4576632338, 3823586989], [3823586989, 3823587003], [3823587003, 307924223], [307924223, 3823587092], [3823587092, 3823587175], [3823587175, 3823587253], [3823587253, 3823587427], [3823587427, 4576617363], [4576617363, 3823587534], [3823587534, 3823587543], [3823587543, 3823587717], [3823587717, 3823587759], [3823587759, 3823587858], [3823587858, 3823587888], [3823587888, 3823587936], [3823587936, 3823588078], [3823588078, 4576650759], [4576650759, 4576620663], [4576620663, 3823588370], [3823588370, 3823588613], [3823588613, 3823588638], [3823588638, 3823588661]]",36,35,1167.933,0,0,0.0,0,0.0,0,0.0,0,0.0,0,0.0,0.0,6,13,21,k_shortest,1160.202,1167.933,7.731,0.006663,23.346,0.0,23.346,1.0,3,0,True
od_181,연신내,6호선,126.920625,37.618636,pedestrian_support_point,빗물받이,서울특별시 은평구 불광동  90-8,126.9282,37.6258,1038.955,11230505686,3823588661,20.028299588559467,16.64976846622106,PASS,od_181_k_shortest_alternative_2,k_shortest_alternative_2,"[11230505686, 11663495477, 13357321496, 11178032838, 2960309144, 2960309145, 3819769990, 3823586772, 3819770024, 3823586821, 5279886140, 3823586890, 3819770060, 3823586968, 307924224, 3823587102, 3823587185, 2930525549, 3823587261, 3823587543, 3823587717, 3823587759, 3823587858, 3823587888, 3823587936, 3823588078, 4576650759, 4576620663, 3823588370, 3823588613, 3823588638, 3823588661]","[[11230505686, 11663495477], [11663495477, 13357321496], [13357321496, 11178032838], [11178032838, 2960309144], [2960309144, 2960309145], [2960309145, 3819769990], [3819769990, 3823586772], [3823586772, 3819770024], [3819770024, 3823586821], [3823586821, 5279886140], [5279886140, 3823586890], [3823586890, 3819770060], [3819770060, 3823586968], [3823586968, 307924224], [307924224, 3823587102], [3823587102, 3823587185], [3823587185, 2930525549], [2930525549, 3823587261], [3823587261, 3823587543], [3823587543, 3823587717], [3823587717, 3823587759], [3823587759, 3823587858], [3823587858, 3823587888], [3823587888, 3823587936], [3823587936, 3823588078], [3823588078, 4576650759], [4576650759, 4576620663], [4576620663, 3823588370], [3823588370, 3823588613], [3823588613, 3823588638], [3823588638, 3823588661]]",32,31,1175.091,0,2,15.544,0,0.0,0,0.0,3,11.618,5,27.161,0.023114,12,13,21,k_shortest,1160.202,1175.091,14.889,0.012833,23.346,27.161,-3.815,-0.163411,3,5,False
od_181,연신내,6호선,126.920625,37.618636,pedestrian_support_point,빗물받이,서울특별시 은평구 불광동  90-8,126.9282,37.6258,1038.955,11230505686,3823588661,20.028299588559467,16.64976846622106,PASS,od_181_k_shortest_alternative_3,k_shortest_alternative_3,"[11230505686, 11663495477, 13357321496, 11178032838, 2960309144, 2960309145, 3819769990, 3823586772, 3819770024, 3823586798, 3823586835, 3823586851, 4576632337, 4576632338, 3823586989, 3823587003, 307924223, 307924224, 3823587102, 3823587185, 2930525549, 3823587261, 3823587543, 3823587717, 3823587759, 3823587858, 3823587888, 3823587936, 3823588078, 4576650759, 4576620663, 3823588370, 3823588613, 3823588638, 3823588661]","[[11230505686, 11663495477], [11663495477, 13357321496], [13357321496, 11178032838], [11178032838, 2960309144], [2960309144, 2960309145], [2960309145, 3819769990], [3819769990, 3823586772], [3823586772, 3819770024], [3819770024, 3823586798], [3823586798, 3823586835], [3823586835, 3823586851], [3823586851, 4576632337], [4576632337, 4576632338], [4576632338, 3823586989], [3823586989, 3823587003], [3823587003, 307924223], [307924223, 307924224], [307924224, 3823587102], [3823587102, 3823587185], [3823587185, 2930525549], [2930525549, 3823587261], [3823587261, 3823587543], [3823587543, 3823587717], [3823587717, 3823587759], [3823587759, 3823587858], [3823587858, 3823587888], [3823587888, 3823587936], [3823587936, 3823588078], [3823588078, 4576650759], [4576650759, 4576620663], [4576620663, 3823588370], [3823588370, 3823588613], [3823588613, 3823588638], [3823588638, 3823588661]]",35,34,1182.171,0,2,15.544,0,0.0,0,0.0,3,11.618,5,27.161,0.022976,8,13,21,k_shortest,1160.202,1182.171,21.969,0.018935,23.346,27.161,-3.815,-0.163411,3,5,False
od_181,연신내,6호선,126.920625,37.618636,pedestrian_support_point,빗물받이,서울특별시 은평구 불광동  90-8,126.9282,37.6258,1038.955,11230505686,3823588661,20.028299588559467,16.64976846622106,PASS,od_181_k_shortest_alternative_4,k_shortest_alternative_4,"[11230505686, 11663495477, 13357321496, 11178032838, 2960309144, 2960309145, 3819769990, 3823586772, 3819770024, 3823586798, 3823586835, 3823586851, 4576632337, 4576632338, 3823587101, 3823587112, 3823587173, 3823587193, 3823587317, 3823587427, 4576617363, 3823587534, 3823587543, 3823587717, 3823587759, 3823587858, 3823587888, 3823587936, 3823588078, 4576650759, 4576620663, 3823588370, 3823588613, 3823588638, 3823588661]","[[11230505686, 11663495477], [11663495477, 13357321496], [13357321496, 11178032838], [11178032838, 2960309144], [2960309144, 2960309145], [2960309145, 3819769990], [3819769990, 3823586772], [3823586772, 3819770024], [3819770024, 3823586798], [3823586798, 3823586835], [3823586835, 3823586851], [3823586851, 4576632337], [4576632337, 4576632338], [4576632338, 3823587101], [3823587101, 3823587112], [3823587112, 3823587173], [3823587173, 3823587193], [3823587193, 3823587317], [3823587317, 3823587427], [3823587427, 4576617363], [4576617363, 3823587534], [3823587534, 3823587543], [3823587543, 3823587717], [3823587717, 3823587759], [3823587759, 3823587858], [3823587858, 3823587888], [3823587888, 3823587936], [3823587936, 3823588078], [3823588078, 4576650759], [4576650759, 4576620663], [4576620663, 3823588370], [3823588370, 3823588613], [3823588613, 3823588638], [3823588638, 3823588661]]",35,34,1186.754,0,0,0.0,0,0.0,0,0.0,0,0.0,0,0.0,0.0,5,13,21,k_shortest,1160.202,1186.754,26.552,0.022886,23.346,0.0,23.346,1.0,3,0,True
od_207,연신내,6호선,126.920625,37.618636,pedestrian_support_point,빗물받이,서울특별시 은평구 연서로41길 6,126.9282,37.6258,1038.955,11230505686,3823588661,20.028299588559467,16.64976846622106,PASS,od_207_k_shortest_alternative_1,k_shortest_alternative_1,"[11230505686, 11663495477, 13357321496, 11178032838, 2960309144, 2960309145, 3819769990, 3823586772, 3819770024, 3823586798, 3823586835, 3823586851, 4576632337, 4576632338, 3823586989, 3823587003, 307924223, 3823587092, 3823587175, 3823587253, 3823587427, 4576617363, 3823587534, 3823587543, 3823587717, 3823587759, 3823587858, 3823587888, 3823587936, 3823588078, 4576650759, 4576620663, 3823588370, 3823588613, 3823588638, 3823588661]","[[11230505686, 11663495477], [11663495477, 13357321496], [13357321496, 11178032838], [11178032838, 2960309144], [2960309144, 2960309145], [2960309145, 3819769990], [3819769990, 3823586772], [3823586772, 3819770024], [3819770024, 3823586798], [3823586798, 3823586835], [3823586835, 3823586851], [3823586851, 4576632337], [4576632337, 4576632338], [4576632338, 3823586989], [3823586989, 3823587003], [3823587003, 307924223], [307924223, 3823587092], [3823587092, 3823587175], [3823587175, 3823587253], [3823587253, 3823587427], [3823587427, 4576617363], [4576617363, 3823587534], [3823587534, 3823587543], [3823587543, 3823587717], [3823587717, 3823587759], [3823587759, 3823587858], [3823587858, 3823587888], [3823587888, 3823587936], [3823587936, 3823588078], [3823588078, 4576650759], [4576650759, 4576620663], [4576620663, 3823588370], [3823588370, 3823588613], [3823588613, 3823588638], [3823588638, 3823588661]]",36,35,1167.933,0,0,0.0,0,0.0,0,0.0,0,0.0,0,0.0,0.0,6,13,21,k_shortest,1160.202,1167.933,7.731,0.006663,23.346,0.0,23.346,1.0,3,0,True
od_207,연신내,6호선,126.920625,37.618636,pedestrian_support_point,빗물받이,서울특별시 은평구 연서로41길 6,126.9282,37.6258,1038.955,11230505686,3823588661,20.028299588559467,16.64976846622106,PASS,od_207_k_shortest_alternative_2,k_shortest_alternative_2,"[11230505686, 11663495477, 13357321496, 11178032838, 2960309144, 2960309145, 3819769990, 3823586772, 3819770024, 3823586821, 5279886140, 3823586890, 3819770060, 3823586968, 307924224, 3823587102, 3823587185, 2930525549, 3823587261, 3823587543, 3823587717, 3823587759, 3823587858, 3823587888, 3823587936, 3823588078, 4576650759, 4576620663, 3823588370, 3823588613, 3823588638, 3823588661]","[[11230505686, 11663495477], [11663495477, 13357321496], [13357321496, 11178032838], [11178032838, 2960309144], [2960309144, 2960309145], [2960309145, 3819769990], [3819769990, 3823586772], [3823586772, 3819770024], [3819770024, 3823586821], [3823586821, 5279886140], [5279886140, 3823586890], [3823586890, 3819770060], [3819770060, 3823586968], [3823586968, 307924224], [307924224, 3823587102], [3823587102, 3823587185], [3823587185, 2930525549], [2930525549, 3823587261], [3823587261, 3823587543], [3823587543, 3823587717], [3823587717, 3823587759], [3823587759, 3823587858], [3823587858, 3823587888], [3823587888, 3823587936], [3823587936, 3823588078], [3823588078, 4576650759], [4576650759, 4576620663], [4576620663, 3823588370], [3823588370, 3823588613], [3823588613, 3823588638], [3823588638, 3823588661]]",32,31,1175.091,0,2,15.544,0,0.0,0,0.0,3,11.618,5,27.161,0.023114,12,13,21,k_shortest,1160.202,1175.091,14.889,0.012833,23.346,27.161,-3.815,-0.163411,3,5,False
od_207,연신내,6호선,126.920625,37.618636,pedestrian_support_point,빗물받이,서울특별시 은평구 연서로41길 6,126.9282,37.6258,1038.955,11230505686,3823588661,20.028299588559467,16.64976846622106,PASS,od_207_k_shortest_alternative_3,k_shortest_alternative_3,"[11230505686, 11663495477, 13357321496, 11178032838, 2960309144, 2960309145, 3819769990, 3823586772, 3819770024, 3823586798, 3823586835, 3823586851, 4576632337, 4576632338, 3823586989, 3823587003, 307924223, 307924224, 3823587102, 3823587185, 2930525549, 3823587261, 3823587543, 3823587717, 3823587759, 3823587858, 3823587888, 3823587936, 3823588078, 4576650759, 4576620663, 3823588370, 3823588613, 3823588638, 3823588661]","[[11230505686, 11663495477], [11663495477, 13357321496], [13357321496, 11178032838], [11178032838, 2960309144], [2960309144, 2960309145], [2960309145, 3819769990], [3819769990, 3823586772], [3823586772, 3819770024], [3819770024, 3823586798], [3823586798, 3823586835], [3823586835, 3823586851], [3823586851, 4576632337], [4576632337, 4576632338], [4576632338, 3823586989], [3823586989, 3823587003], [3823587003, 307924223], [307924223, 307924224], [307924224, 3823587102], [3823587102, 3823587185], [3823587185, 2930525549], [2930525549, 3823587261], [3823587261, 3823587543], [3823587543, 3823587717], [3823587717, 3823587759], [3823587759, 3823587858], [3823587858, 3823587888], [3823587888, 3823587936], [3823587936, 3823588078], [3823588078, 4576650759], [4576650759, 4576620663], [4576620663, 3823588370], [3823588370, 3823588613], [3823588613, 3823588638], [3823588638, 3823588661]]",35,34,1182.171,0,2,15.544,0,0.0,0,0.0,3,11.618,5,27.161,0.022976,8,13,21,k_shortest,1160.202,1182.171,21.969,0.018935,23.346,27.161,-3.815,-0.163411,3,5,False
od_207,연신내,6호선,126.920625,37.618636,pedestrian_support_point,빗물받이,서울특별시 은평구 연서로41길 6,126.9282,37.6258,1038.955,11230505686,3823588661,20.028299588559467,16.64976846622106,PASS,od_207_k_shortest_alternative_4,k_shortest_alternative_4,"[11230505686, 11663495477, 13357321496, 11178032838, 2960309144, 2960309145, 3819769990, 3823586772, 3819770024, 3823586798, 3823586835, 3823586851, 4576632337, 4576632338, 3823587101, 3823587112, 3823587173, 3823587193, 3823587317, 3823587427, 4576617363, 3823587534, 3823587543, 3823587717, 3823587759, 3823587858, 3823587888, 3823587936, 3823588078, 4576650759, 4576620663, 3823588370, 3823588613, 3823588638, 3823588661]","[[11230505686, 11663495477], [11663495477, 13357321496], [13357321496, 11178032838], [11178032838, 2960309144], [2960309144, 2960309145], [2960309145, 3819769990], [3819769990, 3823586772], [3823586772, 3819770024], [3819770024, 3823586798], [3823586798, 3823586835], [3823586835, 3823586851], [3823586851, 4576632337], [4576632337, 4576632338], [4576632338, 3823587101], [3823587101, 3823587112], [3823587112, 3823587173], [3823587173, 3823587193], [3823587193, 3823587317], [3823587317, 3823587427], [3823587427, 4576617363], [4576617363, 3823587534], [3823587534, 3823587543], [3823587543, 3823587717], [3823587717, 3823587759], [3823587759, 3823587858], [3823587858, 3823587888], [3823587888, 3823587936], [3823587936, 3823588078], [3823588078, 4576650759], [4576650759, 4576620663], [4576620663, 3823588370], [3823588370, 3823588613], [3823588613, 3823588638], [3823588638, 3823588661]]",35,34,1186.754,0,0,0.0,0,0.0,0,0.0,0,0.0,0,0.0,0.0,5,13,21,k_shortest,1160.202,1186.754,26.552,0.022886,23.346,0.0,23.346,1.0,3,0,True
od_178,연신내,6호선,126.920625,37.618636,pedestrian_support_point,빗물받이,서울특별시 은평구 연서로 347,126.928,37.6259,1036.291,11230505686,3823588661,20.028299588559467,4.520643736324227,PASS,od_178_k_shortest_alternative_1,k_shortest_alternative_1,"[11230505686, 11663495477, 13357321496, 11178032838, 2960309144, 2960309145, 3819769990, 3823586772, 3819770024, 3823586798, 3823586835, 3823586851, 4576632337, 4576632338, 3823586989, 3823587003, 307924223, 3823587092, 3823587175, 3823587253, 3823587427, 4576617363, 3823587534, 3823587543, 3823587717, 3823587759, 3823587858, 3823587888, 3823587936, 3823588078, 4576650759, 4576620663, 3823588370, 3823588613, 3823588638, 3823588661]","[[11230505686, 11663495477], [11663495477, 13357321496], [13357321496, 11178032838], [11178032838, 2960309144], [2960309144, 2960309145], [2960309145, 3819769990], [3819769990, 3823586772], [3823586772, 3819770024], [3819770024, 3823586798], [3823586798, 3823586835], [3823586835, 3823586851], [3823586851, 4576632337], [4576632337, 4576632338], [4576632338, 3823586989], [3823586989, 3823587003], [3823587003, 307924223], [307924223, 3823587092], [3823587092, 3823587175], [3823587175, 3823587253], [3823587253, 3823587427], [3823587427, 4576617363], [4576617363, 3823587534], [3823587534, 3823587543], [3823587543, 3823587717], [3823587717, 3823587759], [3823587759, 3823587858], [3823587858, 3823587888], [3823587888, 3823587936], [3823587936, 3823588078], [3823588078, 4576650759], [4576650759, 4576620663], [4576620663, 3823588370], [3823588370, 3823588613], [3823588613, 3823588638], [3823588638, 3823588661]]",36,35,1167.933,0,0,0.0,0,0.0,0,0.0,0,0.0,0,0.0,0.0,6,13,21,k_shortest,1160.202,1167.933,7.731,0.006663,23.346,0.0,23.346,1.0,3,0,True
od_178,연신내,6호선,126.920625,37.618636,pedestrian_support_point,빗물받이,서울특별시 은평구 연서로 347,126.928,37.6259,1036.291,11230505686,3823588661,20.028299588559467,4.520643736324227,PASS,od_178_k_shortest_alternative_2,k_shortest_alternative_2,"[11230505686, 11663495477, 13357321496, 11178032838, 2960309144, 2960309145, 3819769990, 3823586772, 3819770024, 3823586821, 5279886140, 3823586890, 3819770060, 3823586968, 307924224, 3823587102, 3823587185, 2930525549, 3823587261, 3823587543, 3823587717, 3823587759, 3823587858, 3823587888, 3823587936, 3823588078, 4576650759, 4576620663, 3823588370, 3823588613, 3823588638, 3823588661]","[[11230505686, 11663495477], [11663495477, 13357321496], [13357321496, 11178032838], [11178032838, 2960309144], [2960309144, 2960309145], [2960309145, 3819769990], [3819769990, 3823586772], [3823586772, 3819770024], [3819770024, 3823586821], [3823586821, 5279886140], [5279886140, 3823586890], [3823586890, 3819770060], [3819770060, 3823586968], [3823586968, 307924224], [307924224, 3823587102], [3823587102, 3823587185], [3823587185, 2930525549], [2930525549, 3823587261], [3823587261, 3823587543], [3823587543, 3823587717], [3823587717, 3823587759], [3823587759, 3823587858], [3823587858, 3823587888], [3823587888, 3823587936], [3823587936, 3823588078], [3823588078, 4576650759], [4576650759, 4576620663], [4576620663, 3823588370], [3823588370, 3823588613], [3823588613, 3823588638], [3823588638, 3823588661]]",32,31,1175.091,0,2,15.544,0,0.0,0,0.0,3,11.618,5,27.161,0.023114,12,13,21,k_shortest,1160.202,1175.091,14.889,0.012833,23.346,27.161,-3.815,-0.163411,3,5,False
od_178,연신내,6호선,126.920625,37.618636,pedestrian_support_point,빗물받이,서울특별시 은평구 연서로 347,126.928,37.6259,1036.291,11230505686,3823588661,20.028299588559467,4.520643736324227,PASS,od_178_k_shortest_alternative_3,k_shortest_alternative_3,"[11230505686, 11663495477, 13357321496, 11178032838, 2960309144, 2960309145, 3819769990, 3823586772, 3819770024, 3823586798, 3823586835, 3823586851, 4576632337, 4576632338, 3823586989, 3823587003, 307924223, 307924224, 3823587102, 3823587185, 2930525549, 3823587261, 3823587543, 3823587717, 3823587759, 3823587858, 3823587888, 3823587936, 3823588078, 4576650759, 4576620663, 3823588370, 3823588613, 3823588638, 3823588661]","[[11230505686, 11663495477], [11663495477, 13357321496], [13357321496, 11178032838], [11178032838, 2960309144], [2960309144, 2960309145], [2960309145, 3819769990], [3819769990, 3823586772], [3823586772, 3819770024], [3819770024, 3823586798], [3823586798, 3823586835], [3823586835, 3823586851], [3823586851, 4576632337], [4576632337, 4576632338], [4576632338, 3823586989], [3823586989, 3823587003], [3823587003, 307924223], [307924223, 307924224], [307924224, 3823587102], [3823587102, 3823587185], [3823587185, 2930525549], [2930525549, 3823587261], [3823587261, 3823587543], [3823587543, 3823587717], [3823587717, 3823587759], [3823587759, 3823587858], [3823587858, 3823587888], [3823587888, 3823587936], [3823587936, 3823588078], [3823588078, 4576650759], [4576650759, 4576620663], [4576620663, 3823588370], [3823588370, 3823588613], [3823588613, 3823588638], [3823588638, 3823588661]]",35,34,1182.171,0,2,15.544,0,0.0,0,0.0,3,11.618,5,27.161,0.022976,8,13,21,k_shortest,1160.202,1182.171,21.969,0.018935,23.346,27.161,-3.815,-0.163411,3,5,False
od_178,연신내,6호선,126.920625,37.618636,pedestrian_support_point,빗물받이,서울특별시 은평구 연서로 347,126.928,37.6259,1036.291,11230505686,3823588661,20.028299588559467,4.520643736324227,PASS,od_178_k_shortest_alternative_4,k_shortest_alternative_4,"[11230505686, 11663495477, 13357321496, 11178032838, 2960309144, 2960309145, 3819769990, 3823586772, 3819770024, 3823586798, 3823586835, 3823586851, 4576632337, 4576632338, 3823587101, 3823587112, 3823587173, 3823587193, 3823587317, 3823587427, 4576617363, 3823587534, 3823587543, 3823587717, 3823587759, 3823587858, 3823587888, 3823587936, 3823588078, 4576650759, 4576620663, 3823588370, 3823588613, 3823588638, 3823588661]","[[11230505686, 11663495477], [11663495477, 13357321496], [13357321496, 11178032838], [11178032838, 2960309144], [2960309144, 2960309145], [2960309145, 3819769990], [3819769990, 3823586772], [3823586772, 3819770024], [3819770024, 3823586798], [3823586798, 3823586835], [3823586835, 3823586851], [3823586851, 4576632337], [4576632337, 4576632338], [4576632338, 3823587101], [3823587101, 3823587112], [3823587112, 3823587173], [3823587173, 3823587193], [3823587193, 3823587317], [3823587317, 3823587427], [3823587427, 4576617363], [4576617363, 3823587534], [3823587534, 3823587543], [3823587543, 3823587717], [3823587717, 3823587759], [3823587759, 3823587858], [3823587858, 3823587888], [3823587888, 3823587936], [3823587936, 3823588078], [3823588078, 4576650759], [4576650759, 4576620663], [4576620663, 3823588370], [3823588370, 3823588613], [3823588613, 3823588638], [3823588638, 3823588661]]",35,34,1186.754,0,0,0.0,0,0.0,0,0.0,0,0.0,0,0.0,0.0,5,13,21,k_shortest,1160.202,1186.754,26.552,0.022886,23.346,0.0,23.346,1.0,3,0,True
od_426,연신내,6호선,126.920625,37.618636,pedestrian_support_point,빗물받이,서울특별시 은평구 불광동  73-8,126.928,37.6259,1036.291,11230505686,3823588661,20.028299588559467,4.520643736324227,PASS,od_426_k_shortest_alternative_1,k_shortest_alternative_1,"[11230505686, 11663495477, 13357321496, 11178032838, 2960309144, 2960309145, 3819769990, 3823586772, 3819770024, 3823586798, 3823586835, 3823586851, 4576632337, 4576632338, 3823586989, 3823587003, 307924223, 3823587092, 3823587175, 3823587253, 3823587427, 4576617363, 3823587534, 3823587543, 3823587717, 3823587759, 3823587858, 3823587888, 3823587936, 3823588078, 4576650759, 4576620663, 3823588370, 3823588613, 3823588638, 3823588661]","[[11230505686, 11663495477], [11663495477, 13357321496], [13357321496, 11178032838], [11178032838, 2960309144], [2960309144, 2960309145], [2960309145, 3819769990], [3819769990, 3823586772], [3823586772, 3819770024], [3819770024, 3823586798], [3823586798, 3823586835], [3823586835, 3823586851], [3823586851, 4576632337], [4576632337, 4576632338], [4576632338, 3823586989], [3823586989, 3823587003], [3823587003, 307924223], [307924223, 3823587092], [3823587092, 3823587175], [3823587175, 3823587253], [3823587253, 3823587427], [3823587427, 4576617363], [4576617363, 3823587534], [3823587534, 3823587543], [3823587543, 3823587717], [3823587717, 3823587759], [3823587759, 3823587858], [3823587858, 3823587888], [3823587888, 3823587936], [3823587936, 3823588078], [3823588078, 4576650759], [4576650759, 4576620663], [4576620663, 3823588370], [3823588370, 3823588613], [3823588613, 3823588638], [3823588638, 3823588661]]",36,35,1167.933,0,0,0.0,0,0.0,0,0.0,0,0.0,0,0.0,0.0,6,13,21,k_shortest,1160.202,1167.933,7.731,0.006663,23.346,0.0,23.346,1.0,3,0,True
od_426,연신내,6호선,126.920625,37.618636,pedestrian_support_point,빗물받이,서울특별시 은평구 불광동  73-8,126.928,37.6259,1036.291,11230505686,3823588661,20.028299588559467,4.520643736324227,PASS,od_426_k_shortest_alternative_2,k_shortest_alternative_2,"[11230505686, 11663495477, 13357321496, 11178032838, 2960309144, 2960309145, 3819769990, 3823586772, 3819770024, 3823586821, 5279886140, 3823586890, 3819770060, 3823586968, 307924224, 3823587102, 3823587185, 2930525549, 3823587261, 3823587543, 3823587717, 3823587759, 3823587858, 3823587888, 3823587936, 3823588078, 4576650759, 4576620663, 3823588370, 3823588613, 3823588638, 3823588661]","[[11230505686, 11663495477], [11663495477, 13357321496], [13357321496, 11178032838], [11178032838, 2960309144], [2960309144, 2960309145], [2960309145, 3819769990], [3819769990, 3823586772], [3823586772, 3819770024], [3819770024, 3823586821], [3823586821, 5279886140], [5279886140, 3823586890], [3823586890, 3819770060], [3819770060, 3823586968], [3823586968, 307924224], [307924224, 3823587102], [3823587102, 3823587185], [3823587185, 2930525549], [2930525549, 3823587261], [3823587261, 3823587543], [3823587543, 3823587717], [3823587717, 3823587759], [3823587759, 3823587858], [3823587858, 3823587888], [3823587888, 3823587936], [3823587936, 3823588078], [3823588078, 4576650759], [4576650759, 4576620663], [4576620663, 3823588370], [3823588370, 3823588613], [3823588613, 3823588638], [3823588638, 3823588661]]",32,31,1175.091,0,2,15.544,0,0.0,0,0.0,3,11.618,5,27.161,0.023114,12,13,21,k_shortest,1160.202,1175.091,14.889,0.012833,23.346,27.161,-3.815,-0.163411,3,5,False
od_426,연신내,6호선,126.920625,37.618636,pedestrian_support_point,빗물받이,서울특별시 은평구 불광동  73-8,126.928,37.6259,1036.291,11230505686,3823588661,20.028299588559467,4.520643736324227,PASS,od_426_k_shortest_alternative_3,k_shortest_alternative_3,"[11230505686, 11663495477, 13357321496, 11178032838, 2960309144, 2960309145, 3819769990, 3823586772, 3819770024, 3823586798, 3823586835, 3823586851, 4576632337, 4576632338, 3823586989, 3823587003, 307924223, 307924224, 3823587102, 3823587185, 2930525549, 3823587261, 3823587543, 3823587717, 3823587759, 3823587858, 3823587888, 3823587936, 3823588078, 4576650759, 4576620663, 3823588370, 3823588613, 3823588638, 3823588661]","[[11230505686, 11663495477], [11663495477, 13357321496], [13357321496, 11178032838], [11178032838, 2960309144], [2960309144, 2960309145], [2960309145, 3819769990], [3819769990, 3823586772], [3823586772, 3819770024], [3819770024, 3823586798], [3823586798, 3823586835], [3823586835, 3823586851], [3823586851, 4576632337], [4576632337, 4576632338], [4576632338, 3823586989], [3823586989, 3823587003], [3823587003, 307924223], [307924223, 307924224], [307924224, 3823587102], [3823587102, 3823587185], [3823587185, 2930525549], [2930525549, 3823587261], [3823587261, 3823587543], [3823587543, 3823587717], [3823587717, 3823587759], [3823587759, 3823587858], [3823587858, 3823587888], [3823587888, 3823587936], [3823587936, 3823588078], [3823588078, 4576650759], [4576650759, 4576620663], [4576620663, 3823588370], [3823588370, 3823588613], [3823588613, 3823588638], [3823588638, 3823588661]]",35,34,1182.171,0,2,15.544,0,0.0,0,0.0,3,11.618,5,27.161,0.022976,8,13,21,k_shortest,1160.202,1182.171,21.969,0.018935,23.346,27.161,-3.815,-0.163411,3,5,False
od_426,연신내,6호선,126.920625,37.618636,pedestrian_support_point,빗물받이,서울특별시 은평구 불광동  73-8,126.928,37.6259,1036.291,11230505686,3823588661,20.028299588559467,4.520643736324227,PASS,od_426_k_shortest_alternative_4,k_shortest_alternative_4,"[11230505686, 11663495477, 13357321496, 11178032838, 2960309144, 2960309145, 3819769990, 3823586772, 3819770024, 3823586798, 3823586835, 3823586851, 4576632337, 4576632338, 3823587101, 3823587112, 3823587173, 3823587193, 3823587317, 3823587427, 4576617363, 3823587534, 3823587543, 3823587717, 3823587759, 3823587858, 3823587888, 3823587936, 3823588078, 4576650759, 4576620663, 3823588370, 3823588613, 3823588638, 3823588661]","[[11230505686, 11663495477], [11663495477, 13357321496], [13357321496, 11178032838], [11178032838, 2960309144], [2960309144, 2960309145], [2960309145, 3819769990], [3819769990, 3823586772], [3823586772, 3819770024], [3819770024, 3823586798], [3823586798, 3823586835], [3823586835, 3823586851], [3823586851, 4576632337], [4576632337, 4576632338], [4576632338, 3823587101], [3823587101, 3823587112], [3823587112, 3823587173], [3823587173, 3823587193], [3823587193, 3823587317], [3823587317, 3823587427], [3823587427, 4576617363], [4576617363, 3823587534], [3823587534, 3823587543], [3823587543, 3823587717], [3823587717, 3823587759], [3823587759, 3823587858], [3823587858, 3823587888], [3823587888, 3823587936], [3823587936, 3823588078], [3823588078, 4576650759], [4576650759, 4576620663], [4576620663, 3823588370], [3823588370, 3823588613], [3823588613, 3823588638], [3823588638, 3823588661]]",35,34,1186.754,0,0,0.0,0,0.0,0,0.0,0,0.0,0,0.0,0.0,5,13,21,k_shortest,1160.202,1186.754,26.552,0.022886,23.346,0.0,23.346,1.0,3,0,True
od_2849,연신내,3호선,126.921038,37.619229,pedestrian_support_point,빗물받이,서울특별시 은평구 연서로 347,126.9277,37.626,954.284,13357342120,3823588710,32.16422242836125,7.768118519763533,PASS,od_2849_k_shortest_alternative_1,k_shortest_alternative_1,"[13357342120, 13357342121, 13357321496, 11178032838, 2960309144, 2960309145, 3819769990, 3823586772, 3819770024, 3823586798, 3823586835, 3823586851, 4576632337, 4576632338, 3823586989, 3823587003, 307924223, 3823587092, 3823587175, 3823587253, 3823587427, 4576617363, 3823587534, 3823587785, 3823587817, 3823587854, 3823587917, 3823587939, 3823588072, 3823588195, 3823588211, 3823588386, 3823588456, 3823588424, 3823588672, 3823588710]","[[13357342120, 13357342121], [13357342121, 13357321496], [13357321496, 11178032838], [11178032838, 2960309144], [2960309144, 2960309145], [2960309145, 3819769990], [3819769990, 3823586772], [3823586772, 3819770024], [3819770024, 3823586798], [3823586798, 3823586835], [3823586835, 3823586851], [3823586851, 4576632337], [4576632337, 4576632338], [4576632338, 3823586989], [3823586989, 3823587003], [3823587003, 307924223], [307924223, 3823587092], [3823587092, 3823587175], [3823587175, 3823587253], [3823587253, 3823587427], [3823587427, 4576617363], [4576617363, 3823587534], [3823587534, 3823587785], [3823587785, 3823587817], [3823587817, 3823587854], [3823587854, 3823587917], [3823587917, 3823587939], [3823587939, 3823588072], [3823588072, 3823588195], [3823588195, 3823588211], [3823588211, 3823588386], [3823588386, 3823588456], [3823588456, 3823588424], [3823588424, 3823588672], [3823588672, 3823588710]]",36,35,1190.068,0,0,0.0,0,0.0,0,0.0,1,3.272,1,3.272,0.00275,6,10,21,k_shortest,1186.425,1190.068,3.643,0.003071,23.346,3.272,20.074,0.859848,3,1,True
od_2849,연신내,3호선,126.921038,37.619229,pedestrian_support_point,빗물받이,서울특별시 은평구 연서로 347,126.9277,37.626,954.284,13357342120,3823588710,32.16422242836125,7.768118519763533,PASS,od_2849_k_shortest_alternative_2,k_shortest_alternative_2,"[13357342120, 13357342121, 13357321496, 11178032838, 2960309144, 2960309145, 3819769990, 3823586772, 3819770024, 3823586798, 3823586835, 3823586851, 4576632337, 4576632338, 3823586989, 3823587003, 307924223, 3823587092, 3823587175, 3823587253, 3823587427, 4576617363, 3823587534, 3823587543, 3823587717, 3823587759, 3823587858, 3823587888, 3823587936, 3823588078, 4576650759, 4576620663, 3823588370, 3823588613, 3823588638, 3823588661, 3823588710]","[[13357342120, 13357342121], [13357342121, 13357321496], [13357321496, 11178032838], [11178032838, 2960309144], [2960309144, 2960309145], [2960309145, 3819769990], [3819769990, 3823586772], [3823586772, 3819770024], [3819770024, 3823586798], [3823586798, 3823586835], [3823586835, 3823586851], [3823586851, 4576632337], [4576632337, 4576632338], [4576632338, 3823586989], [3823586989, 3823587003], [3823587003, 307924223], [307924223, 3823587092], [3823587092, 3823587175], [3823587175, 3823587253], [3823587253, 3823587427], [3823587427, 4576617363], [4576617363, 3823587534], [3823587534, 3823587543], [3823587543, 3823587717], [3823587717, 3823587759], [3823587759, 3823587858], [3823587858, 3823587888], [3823587888, 3823587936], [3823587936, 3823588078], [3823588078, 4576650759], [4576650759, 4576620663], [4576620663, 3823588370], [3823588370, 3823588613], [3823588613, 3823588638], [3823588638, 3823588661], [3823588661, 3823588710]]",37,36,1194.156,0,0,0.0,0,0.0,0,0.0,0,0.0,0,0.0,0.0,6,14,23,k_shortest,1186.425,1194.156,7.731,0.006516,23.346,0.0,23.346,1.0,3,0,True
od_2849,연신내,3호선,126.921038,37.619229,pedestrian_support_point,빗물받이,서울특별시 은평구 연서로 347,126.9277,37.626,954.284,13357342120,3823588710,32.16422242836125,7.768118519763533,PASS,od_2849_k_shortest_alternative_3,k_shortest_alternative_3,"[13357342120, 13357342121, 13357321496, 11178032838, 2960309144, 2960309145, 3819769990, 3823586772, 3819770024, 3823586821, 5279886140, 3823586890, 3819770060, 3823586968, 307924224, 3823587102, 3823587185, 2930525549, 3823587261, 3823587543, 3823587717, 3823587759, 3823587858, 3823587888, 3823587936, 3823588078, 4576650759, 4576620663, 3823588370, 3823588613, 3823588638, 3823588661, 3823588710]","[[13357342120, 13357342121], [13357342121, 13357321496], [13357321496, 11178032838], [11178032838, 2960309144], [2960309144, 2960309145], [2960309145, 3819769990], [3819769990, 3823586772], [3823586772, 3819770024], [3819770024, 3823586821], [3823586821, 5279886140], [5279886140, 3823586890], [3823586890, 3819770060], [3819770060, 3823586968], [3823586968, 307924224], [307924224, 3823587102], [3823587102, 3823587185], [3823587185, 2930525549], [2930525549, 3823587261], [3823587261, 3823587543], [3823587543, 3823587717], [3823587717, 3823587759], [3823587759, 3823587858], [3823587858, 3823587888], [3823587888, 3823587936], [3823587936, 3823588078], [3823588078, 4576650759], [4576650759, 4576620663], [4576620663, 3823588370], [3823588370, 3823588613], [3823588613, 3823588638], [3823588638, 3823588661], [3823588661, 3823588710]]",33,32,1201.314,0,2,15.544,0,0.0,0,0.0,3,11.618,5,27.161,0.02261,12,14,23,k_shortest,1186.425,1201.314,14.889,0.012549,23.346,27.161,-3.815,-0.163411,3,5,False
od_205,연신내,6호선,126.920625,37.618636,pedestrian_support_point,빗물받이,서울특별시 은평구 연서로 347,126.9277,37.626,1028.656,11230505686,3823588710,20.028299588559467,7.768118519763533,PASS,od_205_k_shortest_alternative_1,k_shortest_alternative_1,"[11230505686, 11663495477, 13357321496, 11178032838, 2960309144, 2960309145, 3819769990, 3823586772, 3819770024, 3823586798, 3823586835, 3823586851, 4576632337, 4576632338, 3823586989, 3823587003, 307924223, 3823587092, 3823587175, 3823587253, 3823587427, 4576617363, 3823587534, 3823587785, 3823587817, 3823587854, 3823587917, 3823587939, 3823588072, 3823588195, 3823588211, 3823588386, 3823588456, 3823588424, 3823588672, 3823588710]","[[11230505686, 11663495477], [11663495477, 13357321496], [13357321496, 11178032838], [11178032838, 2960309144], [2960309144, 2960309145], [2960309145, 3819769990], [3819769990, 3823586772], [3823586772, 3819770024], [3819770024, 3823586798], [3823586798, 3823586835], [3823586835, 3823586851], [3823586851, 4576632337], [4576632337, 4576632338], [4576632338, 3823586989], [3823586989, 3823587003], [3823587003, 307924223], [307924223, 3823587092], [3823587092, 3823587175], [3823587175, 3823587253], [3823587253, 3823587427], [3823587427, 4576617363], [4576617363, 3823587534], [3823587534, 3823587785], [3823587785, 3823587817], [3823587817, 3823587854], [3823587854, 3823587917], [3823587917, 3823587939], [3823587939, 3823588072], [3823588072, 3823588195], [3823588195, 3823588211], [3823588211, 3823588386], [3823588386, 3823588456], [3823588456, 3823588424], [3823588424, 3823588672], [3823588672, 3823588710]]",36,35,1204.344,0,0,0.0,0,0.0,0,0.0,1,3.272,1,3.272,0.002717,6,11,22,k_shortest,1200.701,1204.344,3.643,0.003034,23.346,3.272,20.074,0.859848,3,1,True
od_205,연신내,6호선,126.920625,37.618636,pedestrian_support_point,빗물받이,서울특별시 은평구 연서로 347,126.9277,37.626,1028.656,11230505686,3823588710,20.028299588559467,7.768118519763533,PASS,od_205_k_shortest_alternative_2,k_shortest_alternative_2,"[11230505686, 11663495477, 13357321496, 11178032838, 2960309144, 2960309145, 3819769990, 3823586772, 3819770024, 3823586798, 3823586835, 3823586851, 4576632337, 4576632338, 3823586989, 3823587003, 307924223, 3823587092, 3823587175, 3823587253, 3823587427, 4576617363, 3823587534, 3823587543, 3823587717, 3823587759, 3823587858, 3823587888, 3823587936, 3823588078, 4576650759, 4576620663, 3823588370, 3823588613, 3823588638, 3823588661, 3823588710]","[[11230505686, 11663495477], [11663495477, 13357321496], [13357321496, 11178032838], [11178032838, 2960309144], [2960309144, 2960309145], [2960309145, 3819769990], [3819769990, 3823586772], [3823586772, 3819770024], [3819770024, 3823586798], [3823586798, 3823586835], [3823586835, 3823586851], [3823586851, 4576632337], [4576632337, 4576632338], [4576632338, 3823586989], [3823586989, 3823587003], [3823587003, 307924223], [307924223, 3823587092], [3823587092, 3823587175], [3823587175, 3823587253], [3823587253, 3823587427], [3823587427, 4576617363], [4576617363, 3823587534], [3823587534, 3823587543], [3823587543, 3823587717], [3823587717, 3823587759], [3823587759, 3823587858], [3823587858, 3823587888], [3823587888, 3823587936], [3823587936, 3823588078], [3823588078, 4576650759], [4576650759, 4576620663], [4576620663, 3823588370], [3823588370, 3823588613], [3823588613, 3823588638], [3823588638, 3823588661], [3823588661, 3823588710]]",37,36,1208.432,0,0,0.0,0,0.0,0,0.0,0,0.0,0,0.0,0.0,6,15,24,k_shortest,1200.701,1208.432,7.731,0.006439,23.346,0.0,23.346,1.0,3,0,True
od_205,연신내,6호선,126.920625,37.618636,pedestrian_support_point,빗물받이,서울특별시 은평구 연서로 347,126.9277,37.626,1028.656,11230505686,3823588710,20.028299588559467,7.768118519763533,PASS,od_205_k_shortest_alternative_3,k_shortest_alternative_3,"[11230505686, 11663495477, 13357321496, 11178032838, 2960309144, 2960309145, 3819769990, 3823586772, 3819770024, 3823586821, 5279886140, 3823586890, 3819770060, 3823586968, 307924224, 3823587102, 3823587185, 2930525549, 3823587261, 3823587543, 3823587717, 3823587759, 3823587858, 3823587888, 3823587936, 3823588078, 4576650759, 4576620663, 3823588370, 3823588613, 3823588638, 3823588661, 3823588710]","[[11230505686, 11663495477], [11663495477, 13357321496], [13357321496, 11178032838], [11178032838, 2960309144], [2960309144, 2960309145], [2960309145, 3819769990], [3819769990, 3823586772], [3823586772, 3819770024], [3819770024, 3823586821], [3823586821, 5279886140], [5279886140, 3823586890], [3823586890, 3819770060], [3819770060, 3823586968], [3823586968, 307924224], [307924224, 3823587102], [3823587102, 3823587185], [3823587185, 2930525549], [2930525549, 3823587261], [3823587261, 3823587543], [3823587543, 3823587717], [3823587717, 3823587759], [3823587759, 3823587858], [3823587858, 3823587888], [3823587888, 3823587936], [3823587936, 3823588078], [3823588078, 4576650759], [4576650759, 4576620663], [4576620663, 3823588370], [3823588370, 3823588613], [3823588613, 3823588638], [3823588638, 3823588661], [3823588661, 3823588710]]",33,32,1215.59,0,2,15.544,0,0.0,0,0.0,3,11.618,5,27.161,0.022344,12,15,24,k_shortest,1200.701,1215.59,14.889,0.0124,23.346,27.161,-3.815,-0.163411,3,5,False
od_2882,연신내,3호선,126.921038,37.619229,pedestrian_support_point,장애인화장실,서울특별시 은평구 연서로 347,126.9284,37.6263,1018.979,13357342120,3823588804,32.16422242836125,50.98264538999231,PASS,od_2882_k_shortest_alternative_1,k_shortest_alternative_1,"[13357342120, 13357342121, 13357321496, 11178032838, 2960309144, 2960309145, 3819769990, 3823586772, 3819770024, 3823586798, 3823586835, 3823586851, 4576632337, 4576632338, 3823586989, 3823587003, 307924223, 3823587092, 3823587175, 3823587253, 3823587427, 4576617363, 3823587534, 3823587785, 3823587817, 3823587854, 3823587917, 3823587939, 3823588072, 3823588195, 3823588211, 3823588386, 3823588456, 3823588424, 3823588672, 3823588710, 3823588804]","[[13357342120, 13357342121], [13357342121, 13357321496], [13357321496, 11178032838], [11178032838, 2960309144], [2960309144, 2960309145], [2960309145, 3819769990], [3819769990, 3823586772], [3823586772, 3819770024], [3819770024, 3823586798], [3823586798, 3823586835], [3823586835, 3823586851], [3823586851, 4576632337], [4576632337, 4576632338], [4576632338, 3823586989], [3823586989, 3823587003], [3823587003, 307924223], [307924223, 3823587092], [3823587092, 3823587175], [3823587175, 3823587253], [3823587253, 3823587427], [3823587427, 4576617363], [4576617363, 3823587534], [3823587534, 3823587785], [3823587785, 3823587817], [3823587817, 3823587854], [3823587854, 3823587917], [3823587917, 3823587939], [3823587939, 3823588072], [3823588072, 3823588195], [3823588195, 3823588211], [3823588211, 3823588386], [3823588386, 3823588456], [3823588456, 3823588424], [3823588424, 3823588672], [3823588672, 3823588710], [3823588710, 3823588804]]",37,36,1254.08,0,0,0.0,0,0.0,0,0.0,1,3.272,1,3.272,0.002609,6,10,21,k_shortest,1250.437,1254.08,3.643,0.002913,23.346,3.272,20.074,0.859848,3,1,True
od_2882,연신내,3호선,126.921038,37.619229,pedestrian_support_point,장애인화장실,서울특별시 은평구 연서로 347,126.9284,37.6263,1018.979,13357342120,3823588804,32.16422242836125,50.98264538999231,PASS,od_2882_k_shortest_alternative_2,k_shortest_alternative_2,"[13357342120, 13357342121, 13357321496, 11178032838, 2960309144, 2960309145, 3819769990, 3823586772, 3819770024, 3823586798, 3823586835, 3823586851, 4576632337, 4576632338, 3823586989, 3823587003, 307924223, 3823587092, 3823587175, 3823587253, 3823587427, 4576617363, 3823587534, 3823587543, 3823587717, 3823587759, 3823587858, 3823587888, 3823587936, 3823588078, 4576650759, 4576620663, 3823588370, 3823588613, 3823588638, 3823588661, 3823588710, 3823588804]","[[13357342120, 13357342121], [13357342121, 13357321496], [13357321496, 11178032838], [11178032838, 2960309144], [2960309144, 2960309145], [2960309145, 3819769990], [3819769990, 3823586772], [3823586772, 3819770024], [3819770024, 3823586798], [3823586798, 3823586835], [3823586835, 3823586851], [3823586851, 4576632337], [4576632337, 4576632338], [4576632338, 3823586989], [3823586989, 3823587003], [3823587003, 307924223], [307924223, 3823587092], [3823587092, 3823587175], [3823587175, 3823587253], [3823587253, 3823587427], [3823587427, 4576617363], [4576617363, 3823587534], [3823587534, 3823587543], [3823587543, 3823587717], [3823587717, 3823587759], [3823587759, 3823587858], [3823587858, 3823587888], [3823587888, 3823587936], [3823587936, 3823588078], [3823588078, 4576650759], [4576650759, 4576620663], [4576620663, 3823588370], [3823588370, 3823588613], [3823588613, 3823588638], [3823588638, 3823588661], [3823588661, 3823588710], [3823588710, 3823588804]]",38,37,1258.168,0,0,0.0,0,0.0,0,0.0,0,0.0,0,0.0,0.0,6,14,23,k_shortest,1250.437,1258.168,7.731,0.006183,23.346,0.0,23.346,1.0,3,0,True
od_2882,연신내,3호선,126.921038,37.619229,pedestrian_support_point,장애인화장실,서울특별시 은평구 연서로 347,126.9284,37.6263,1018.979,13357342120,3823588804,32.16422242836125,50.98264538999231,PASS,od_2882_k_shortest_alternative_3,k_shortest_alternative_3,"[13357342120, 13357342121, 13357321496, 11178032838, 2960309144, 2960309145, 3819769990, 3823586772, 3819770024, 3823586821, 5279886140, 3823586890, 3819770060, 3823586968, 307924224, 3823587102, 3823587185, 2930525549, 3823587261, 3823587543, 3823587717, 3823587759, 3823587858, 3823587888, 3823587936, 3823588078, 4576650759, 4576620663, 3823588370, 3823588613, 3823588638, 3823588661, 3823588710, 3823588804]","[[13357342120, 13357342121], [13357342121, 13357321496], [13357321496, 11178032838], [11178032838, 2960309144], [2960309144, 2960309145], [2960309145, 3819769990], [3819769990, 3823586772], [3823586772, 3819770024], [3819770024, 3823586821], [3823586821, 5279886140], [5279886140, 3823586890], [3823586890, 3819770060], [3819770060, 3823586968], [3823586968, 307924224], [307924224, 3823587102], [3823587102, 3823587185], [3823587185, 2930525549], [2930525549, 3823587261], [3823587261, 3823587543], [3823587543, 3823587717], [3823587717, 3823587759], [3823587759, 3823587858], [3823587858, 3823587888], [3823587888, 3823587936], [3823587936, 3823588078], [3823588078, 4576650759], [4576650759, 4576620663], [4576620663, 3823588370], [3823588370, 3823588613], [3823588613, 3823588638], [3823588638, 3823588661], [3823588661, 3823588710], [3823588710, 3823588804]]",34,33,1265.326,0,2,15.544,0,0.0,0,0.0,3,11.618,5,27.161,0.021466,12,14,23,k_shortest,1250.437,1265.326,14.889,0.011907,23.346,27.161,-3.815,-0.163411,3,5,False
od_240,연신내,6호선,126.920625,37.618636,pedestrian_support_point,장애인화장실,서울특별시 은평구 연서로 347,126.9284,37.6263,1093.015,11230505686,3823588804,20.028299588559467,50.98264538999231,PASS,od_240_k_shortest_alternative_1,k_shortest_alternative_1,"[11230505686, 11663495477, 13357321496, 11178032838, 2960309144, 2960309145, 3819769990, 3823586772, 3819770024, 3823586798, 3823586835, 3823586851, 4576632337, 4576632338, 3823586989, 3823587003, 307924223, 3823587092, 3823587175, 3823587253, 3823587427, 4576617363, 3823587534, 3823587785, 3823587817, 3823587854, 3823587917, 3823587939, 3823588072, 3823588195, 3823588211, 3823588386, 3823588456, 3823588424, 3823588672, 3823588710, 3823588804]","[[11230505686, 11663495477], [11663495477, 13357321496], [13357321496, 11178032838], [11178032838, 2960309144], [2960309144, 2960309145], [2960309145, 3819769990], [3819769990, 3823586772], [3823586772, 3819770024], [3819770024, 3823586798], [3823586798, 3823586835], [3823586835, 3823586851], [3823586851, 4576632337], [4576632337, 4576632338], [4576632338, 3823586989], [3823586989, 3823587003], [3823587003, 307924223], [307924223, 3823587092], [3823587092, 3823587175], [3823587175, 3823587253], [3823587253, 3823587427], [3823587427, 4576617363], [4576617363, 3823587534], [3823587534, 3823587785], [3823587785, 3823587817], [3823587817, 3823587854], [3823587854, 3823587917], [3823587917, 3823587939], [3823587939, 3823588072], [3823588072, 3823588195], [3823588195, 3823588211], [3823588211, 3823588386], [3823588386, 3823588456], [3823588456, 3823588424], [3823588424, 3823588672], [3823588672, 3823588710], [3823588710, 3823588804]]",37,36,1268.356,0,0,0.0,0,0.0,0,0.0,1,3.272,1,3.272,0.00258,6,11,22,k_shortest,1264.712,1268.356,3.644,0.002881,23.346,3.272,20.074,0.859848,3,1,True
od_240,연신내,6호선,126.920625,37.618636,pedestrian_support_point,장애인화장실,서울특별시 은평구 연서로 347,126.9284,37.6263,1093.015,11230505686,3823588804,20.028299588559467,50.98264538999231,PASS,od_240_k_shortest_alternative_2,k_shortest_alternative_2,"[11230505686, 11663495477, 13357321496, 11178032838, 2960309144, 2960309145, 3819769990, 3823586772, 3819770024, 3823586798, 3823586835, 3823586851, 4576632337, 4576632338, 3823586989, 3823587003, 307924223, 3823587092, 3823587175, 3823587253, 3823587427, 4576617363, 3823587534, 3823587543, 3823587717, 3823587759, 3823587858, 3823587888, 3823587936, 3823588078, 4576650759, 4576620663, 3823588370, 3823588613, 3823588638, 3823588661, 3823588710, 3823588804]","[[11230505686, 11663495477], [11663495477, 13357321496], [13357321496, 11178032838], [11178032838, 2960309144], [2960309144, 2960309145], [2960309145, 3819769990], [3819769990, 3823586772], [3823586772, 3819770024], [3819770024, 3823586798], [3823586798, 3823586835], [3823586835, 3823586851], [3823586851, 4576632337], [4576632337, 4576632338], [4576632338, 3823586989], [3823586989, 3823587003], [3823587003, 307924223], [307924223, 3823587092], [3823587092, 3823587175], [3823587175, 3823587253], [3823587253, 3823587427], [3823587427, 4576617363], [4576617363, 3823587534], [3823587534, 3823587543], [3823587543, 3823587717], [3823587717, 3823587759], [3823587759, 3823587858], [3823587858, 3823587888], [3823587888, 3823587936], [3823587936, 3823588078], [3823588078, 4576650759], [4576650759, 4576620663], [4576620663, 3823588370], [3823588370, 3823588613], [3823588613, 3823588638], [3823588638, 3823588661], [3823588661, 3823588710], [3823588710, 3823588804]]",38,37,1272.444,0,0,0.0,0,0.0,0,0.0,0,0.0,0,0.0,0.0,6,15,24,k_shortest,1264.712,1272.444,7.732,0.006114,23.346,0.0,23.346,1.0,3,0,True
od_240,연신내,6호선,126.920625,37.618636,pedestrian_support_point,장애인화장실,서울특별시 은평구 연서로 347,126.9284,37.6263,1093.015,11230505686,3823588804,20.028299588559467,50.98264538999231,PASS,od_240_k_shortest_alternative_3,k_shortest_alternative_3,"[11230505686, 11663495477, 13357321496, 11178032838, 2960309144, 2960309145, 3819769990, 3823586772, 3819770024, 3823586821, 5279886140, 3823586890, 3819770060, 3823586968, 307924224, 3823587102, 3823587185, 2930525549, 3823587261, 3823587543, 3823587717, 3823587759, 3823587858, 3823587888, 3823587936, 3823588078, 4576650759, 4576620663, 3823588370, 3823588613, 3823588638, 3823588661, 3823588710, 3823588804]","[[11230505686, 11663495477], [11663495477, 13357321496], [13357321496, 11178032838], [11178032838, 2960309144], [2960309144, 2960309145], [2960309145, 3819769990], [3819769990, 3823586772], [3823586772, 3819770024], [3819770024, 3823586821], [3823586821, 5279886140], [5279886140, 3823586890], [3823586890, 3819770060], [3819770060, 3823586968], [3823586968, 307924224], [307924224, 3823587102], [3823587102, 3823587185], [3823587185, 2930525549], [2930525549, 3823587261], [3823587261, 3823587543], [3823587543, 3823587717], [3823587717, 3823587759], [3823587759, 3823587858], [3823587858, 3823587888], [3823587888, 3823587936], [3823587936, 3823588078], [3823588078, 4576650759], [4576650759, 4576620663], [4576620663, 3823588370], [3823588370, 3823588613], [3823588613, 3823588638], [3823588638, 3823588661], [3823588661, 3823588710], [3823588710, 3823588804]]",34,33,1279.602,0,2,15.544,0,0.0,0,0.0,3,11.618,5,27.161,0.021226,12,15,24,k_shortest,1264.712,1279.602,14.89,0.011773,23.346,27.161,-3.815,-0.163411,3,5,False
od_2243,불광,3호선,126.92982,37.610553,mobility_facility,불광작은예수의집,서울특별시 은평구 연서로37길 21-5,126.9262,37.6234,1461.259,5930698997,3823587789,50.20980174135544,17.424348942416625,PASS,od_2243_k_shortest_alternative_1,k_shortest_alternative_1,"[5930698997, 3819768872, 11296481763, 3819768985, 11296481764, 11228574118, 11228575754, 436862068, 2960309741, 11228574120, 11228574122, 11228574126, 8370552938, 3819769667, 3819769789, 3819769829, 3819769886, 8479080812, 3819768748, 3819769951, 356265927, 3819769971, 3819770000, 3819770031, 3819770052, 3819770060, 3819770062, 3819770064, 3819770067, 5279886141, 3823586999, 2960308646, 307924211, 3823587261, 3823587543, 3823587717, 3823587759, 3823587789]","[[5930698997, 3819768872], [3819768872, 11296481763], [11296481763, 3819768985], [3819768985, 11296481764], [11296481764, 11228574118], [11228574118, 11228575754], [11228575754, 436862068], [436862068, 2960309741], [2960309741, 11228574120], [11228574120, 11228574122], [11228574122, 11228574126], [11228574126, 8370552938], [8370552938, 3819769667], [3819769667, 3819769789], [3819769789, 3819769829], [3819769829, 3819769886], [3819769886, 8479080812], [8479080812, 3819768748], [3819768748, 3819769951], [3819769951, 356265927], [356265927, 3819769971], [3819769971, 3819770000], [3819770000, 3819770031], [3819770031, 3819770052], [3819770052, 3819770060], [3819770060, 3819770062], [3819770062, 3819770064], [3819770064, 3819770067], [3819770067, 5279886141], [5279886141, 3823586999], [3823586999, 2960308646], [2960308646, 307924211], [307924211, 3823587261], [3823587261, 3823587543], [3823587543, 3823587717], [3823587717, 3823587759], [3823587759, 3823587789]]",38,37,1731.034,0,2,15.544,0,0.0,0,0.0,1,7.802,3,23.346,0.013487,9,5,6,k_shortest,1727.634,1731.034,3.4,0.001968,23.346,23.346,0.0,0.0,3,3,False
od_853,불광,6호선,126.92939,37.610873,mobility_facility,불광작은예수의집,서울특별시 은평구 연서로37길 21-5,126.9262,37.6234,1418.601,5930698997,3823587789,11.603222454866666,17.424348942416625,PASS,od_853_k_shortest_alternative_1,k_shortest_alternative_1,"[5930698997, 3819768872, 11296481763, 3819768985, 11296481764, 11228574118, 11228575754, 436862068, 2960309741, 11228574120, 11228574122, 11228574126, 8370552938, 3819769667, 3819769789, 3819769829, 3819769886, 8479080812, 3819768748, 3819769951, 356265927, 3819769971, 3819770000, 3819770031, 3819770052, 3819770060, 3819770062, 3819770064, 3819770067, 5279886141, 3823586999, 2960308646, 307924211, 3823587261, 3823587543, 3823587717, 3823587759, 3823587789]","[[5930698997, 3819768872], [3819768872, 11296481763], [11296481763, 3819768985], [3819768985, 11296481764], [11296481764, 11228574118], [11228574118, 11228575754], [11228575754, 436862068], [436862068, 2960309741], [2960309741, 11228574120], [11228574120, 11228574122], [11228574122, 11228574126], [11228574126, 8370552938], [8370552938, 3819769667], [3819769667, 3819769789], [3819769789, 3819769829], [3819769829, 3819769886], [3819769886, 8479080812], [8479080812, 3819768748], [3819768748, 3819769951], [3819769951, 356265927], [356265927, 3819769971], [3819769971, 3819770000], [3819770000, 3819770031], [3819770031, 3819770052], [3819770052, 3819770060], [3819770060, 3819770062], [3819770062, 3819770064], [3819770064, 3819770067], [3819770067, 5279886141], [5279886141, 3823586999], [3823586999, 2960308646], [2960308646, 307924211], [307924211, 3823587261], [3823587261, 3823587543], [3823587543, 3823587717], [3823587717, 3823587759], [3823587759, 3823587789]]",38,37,1731.034,0,2,15.544,0,0.0,0,0.0,1,7.802,3,23.346,0.013487,9,5,6,k_shortest,1727.634,1731.034,3.4,0.001968,23.346,23.346,0.0,0.0,3,3,False
od_1037,불광,6호선,126.92939,37.610873,pedestrian_support_point,장애인화장실,"서울특별시 은평구 은평로 204-4, 102동 (응암동, 거성리젠시)",126.9305,37.6006,1144.396,5930698997,11955692541,11.603222454866666,14.197521689613636,PASS,od_1037_k_shortest_alternative_1,k_shortest_alternative_1,"[5930698997, 11228574113, 11228575803, 11228574127, 10678122712, 10678122761, 11204976886, 3811140064, 3811140059, 11204976949, 3811140018, 3811139986, 3811139983, 3811139978, 3811139920, 3811139919, 3811139747, 3811139741, 3811139724, 3811139707, 3811139688, 3811139686, 3811139673, 3811139668, 3811139659, 2309932438, 4580557573, 2309932442, 3811155098, 13734265011, 436867698, 3811678452, 3811678443, 11955692541]","[[5930698997, 11228574113], [11228574113, 11228575803], [11228575803, 11228574127], [11228574127, 10678122712], [10678122712, 10678122761], [10678122761, 11204976886], [11204976886, 3811140064], [3811140064, 3811140059], [3811140059, 11204976949], [11204976949, 3811140018], [3811140018, 3811139986], [3811139986, 3811139983], [3811139983, 3811139978], [3811139978, 3811139920], [3811139920, 3811139919], [3811139919, 3811139747], [3811139747, 3811139741], [3811139741, 3811139724], [3811139724, 3811139707], [3811139707, 3811139688], [3811139688, 3811139686], [3811139686, 3811139673], [3811139673, 3811139668], [3811139668, 3811139659], [3811139659, 2309932438], [2309932438, 4580557573], [4580557573, 2309932442], [2309932442, 3811155098], [3811155098, 13734265011], [13734265011, 436867698], [436867698, 3811678452], [3811678452, 3811678443], [3811678443, 11955692541]]",34,33,1530.772,0,0,0.0,0,0.0,0,0.0,1,23.011,1,23.011,0.015032,7,27,30,k_shortest,1528.888,1530.772,1.884,0.001232,23.011,23.011,0.0,0.0,1,1,False
od_1037,불광,6호선,126.92939,37.610873,pedestrian_support_point,장애인화장실,"서울특별시 은평구 은평로 204-4, 102동 (응암동, 거성리젠시)",126.9305,37.6006,1144.396,5930698997,11955692541,11.603222454866666,14.197521689613636,PASS,od_1037_k_shortest_alternative_2,k_shortest_alternative_2,"[5930698997, 5281048352, 11984487711, 3811140119, 3811140083, 3811140074, 11984487712, 11984487713, 3811140057, 10678122669, 4580539387, 3811140001, 3811139993, 3811139917, 3811139918, 3811139919, 3811139747, 3811139741, 3811139724, 3811139707, 3811139688, 3811139686, 3811139673, 3811139668, 3811139659, 2309932438, 4580557573, 2309932442, 3811155098, 13734265011, 436867698, 3811678452, 3811678443, 11955692541]","[[5930698997, 5281048352], [5281048352, 11984487711], [11984487711, 3811140119], [3811140119, 3811140083], [3811140083, 3811140074], [3811140074, 11984487712], [11984487712, 11984487713], [11984487713, 3811140057], [3811140057, 10678122669], [10678122669, 4580539387], [4580539387, 3811140001], [3811140001, 3811139993], [3811139993, 3811139917], [3811139917, 3811139918], [3811139918, 3811139919], [3811139919, 3811139747], [3811139747, 3811139741], [3811139741, 3811139724], [3811139724, 3811139707], [3811139707, 3811139688], [3811139688, 3811139686], [3811139686, 3811139673], [3811139673, 3811139668], [3811139668, 3811139659], [3811139659, 2309932438], [2309932438, 4580557573], [4580557573, 2309932442], [2309932442, 3811155098], [3811155098, 13734265011], [13734265011, 436867698], [436867698, 3811678452], [3811678452, 3811678443], [3811678443, 11955692541]]",34,33,1531.888,0,0,0.0,0,0.0,0,0.0,1,23.011,1,23.011,0.015021,4,14,20,k_shortest,1528.888,1531.888,3.0,0.001962,23.011,23.011,0.0,0.0,1,1,False
od_2420,불광,3호선,126.92982,37.610553,pedestrian_support_point,장애인화장실,"서울특별시 은평구 은평로 204-4, 102동 (응암동, 거성리젠시)",126.9305,37.6006,1106.305,5930698997,11955692541,50.20980174135544,14.197521689613636,PASS,od_2420_k_shortest_alternative_1,k_shortest_alternative_1,"[5930698997, 11228574113, 11228575803, 11228574127, 10678122712, 10678122761, 11204976886, 3811140064, 3811140059, 11204976949, 3811140018, 3811139986, 3811139983, 3811139978, 3811139920, 3811139919, 3811139747, 3811139741, 3811139724, 3811139707, 3811139688, 3811139686, 3811139673, 3811139668, 3811139659, 2309932438, 4580557573, 2309932442, 3811155098, 13734265011, 436867698, 3811678452, 3811678443, 11955692541]","[[5930698997, 11228574113], [11228574113, 11228575803], [11228575803, 11228574127], [11228574127, 10678122712], [10678122712, 10678122761], [10678122761, 11204976886], [11204976886, 3811140064], [3811140064, 3811140059], [3811140059, 11204976949], [11204976949, 3811140018], [3811140018, 3811139986], [3811139986, 3811139983], [3811139983, 3811139978], [3811139978, 3811139920], [3811139920, 3811139919], [3811139919, 3811139747], [3811139747, 3811139741], [3811139741, 3811139724], [3811139724, 3811139707], [3811139707, 3811139688], [3811139688, 3811139686], [3811139686, 3811139673], [3811139673, 3811139668], [3811139668, 3811139659], [3811139659, 2309932438], [2309932438, 4580557573], [4580557573, 2309932442], [2309932442, 3811155098], [3811155098, 13734265011], [13734265011, 436867698], [436867698, 3811678452], [3811678452, 3811678443], [3811678443, 11955692541]]",34,33,1530.772,0,0,0.0,0,0.0,0,0.0,1,23.011,1,23.011,0.015032,7,27,30,k_shortest,1528.888,1530.772,1.884,0.001232,23.011,23.011,0.0,0.0,1,1,False
od_2420,불광,3호선,126.92982,37.610553,pedestrian_support_point,장애인화장실,"서울특별시 은평구 은평로 204-4, 102동 (응암동, 거성리젠시)",126.9305,37.6006,1106.305,5930698997,11955692541,50.20980174135544,14.197521689613636,PASS,od_2420_k_shortest_alternative_2,k_shortest_alternative_2,"[5930698997, 5281048352, 11984487711, 3811140119, 3811140083, 3811140074, 11984487712, 11984487713, 3811140057, 10678122669, 4580539387, 3811140001, 3811139993, 3811139917, 3811139918, 3811139919, 3811139747, 3811139741, 3811139724, 3811139707, 3811139688, 3811139686, 3811139673, 3811139668, 3811139659, 2309932438, 4580557573, 2309932442, 3811155098, 13734265011, 436867698, 3811678452, 3811678443, 11955692541]","[[5930698997, 5281048352], [5281048352, 11984487711], [11984487711, 3811140119], [3811140119, 3811140083], [3811140083, 3811140074], [3811140074, 11984487712], [11984487712, 11984487713], [11984487713, 3811140057], [3811140057, 10678122669], [10678122669, 4580539387], [4580539387, 3811140001], [3811140001, 3811139993], [3811139993, 3811139917], [3811139917, 3811139918], [3811139918, 3811139919], [3811139919, 3811139747], [3811139747, 3811139741], [3811139741, 3811139724], [3811139724, 3811139707], [3811139707, 3811139688], [3811139688, 3811139686], [3811139686, 3811139673], [3811139673, 3811139668], [3811139668, 3811139659], [3811139659, 2309932438], [2309932438, 4580557573], [4580557573, 2309932442], [2309932442, 3811155098], [3811155098, 13734265011], [13734265011, 436867698], [436867698, 3811678452], [3811678452, 3811678443], [3811678443, 11955692541]]",34,33,1531.888,0,0,0.0,0,0.0,0,0.0,1,23.011,1,23.011,0.015021,4,14,20,k_shortest,1528.888,1531.888,3.0,0.001962,23.011,23.011,0.0,0.0,1,1,False
od_2303,불광,3호선,126.92982,37.610553,mobility_facility,사랑의집,서울특별시 은평구 역말로10길 30-1,126.9238,37.6092,552.346,5930698997,10968647958,50.20980174135544,25.219799857210795,PASS,od_2303_k_shortest_alternative_1,k_shortest_alternative_1,"[5930698997, 3819768872, 3819768795, 3819768770, 3819768734, 3819768668, 3819768695, 4580522737, 3004846049, 4580511489, 3819768548, 3819768539, 3819768522, 10968647958]","[[5930698997, 3819768872], [3819768872, 3819768795], [3819768795, 3819768770], [3819768770, 3819768734], [3819768734, 3819768668], [3819768668, 3819768695], [3819768695, 4580522737], [4580522737, 3004846049], [3004846049, 4580511489], [4580511489, 3819768548], [3819768548, 3819768539], [3819768539, 3819768522], [3819768522, 10968647958]]",14,13,640.986,0,0,0.0,0,0.0,0,0.0,2,22.641,2,22.641,0.035322,5,4,6,k_shortest,627.642,640.986,13.344,0.021261,22.641,22.641,0.0,0.0,2,2,False
od_2303,불광,3호선,126.92982,37.610553,mobility_facility,사랑의집,서울특별시 은평구 역말로10길 30-1,126.9238,37.6092,552.346,5930698997,10968647958,50.20980174135544,25.219799857210795,PASS,od_2303_k_shortest_alternative_2,k_shortest_alternative_2,"[5930698997, 5281048352, 11229115806, 12364765013, 12364765021, 12364765017, 436873827, 3819768516, 3819768533, 3819768549, 3819768560, 3819768571, 4580511489, 3819768548, 3819768539, 3819768522, 10968647958]","[[5930698997, 5281048352], [5281048352, 11229115806], [11229115806, 12364765013], [12364765013, 12364765021], [12364765021, 12364765017], [12364765017, 436873827], [436873827, 3819768516], [3819768516, 3819768533], [3819768533, 3819768549], [3819768549, 3819768560], [3819768560, 3819768571], [3819768571, 4580511489], [4580511489, 3819768548], [3819768548, 3819768539], [3819768539, 3819768522], [3819768522, 10968647958]]",17,16,643.792,0,0,0.0,0,0.0,0,0.0,0,0.0,0,0.0,0.0,5,7,10,k_shortest,627.642,643.792,16.15,0.025731,22.641,0.0,22.641,1.0,2,0,True
od_2303,불광,3호선,126.92982,37.610553,mobility_facility,사랑의집,서울특별시 은평구 역말로10길 30-1,126.9238,37.6092,552.346,5930698997,10968647958,50.20980174135544,25.219799857210795,PASS,od_2303_k_shortest_alternative_3,k_shortest_alternative_3,"[5930698997, 3819768872, 3819768795, 3819768770, 3819768734, 3819768668, 3819768630, 3819768599, 4580510657, 4580522737, 3819768592, 3819768560, 3819768571, 4580511489, 3819768548, 3819768539, 3819768522, 10968647958]","[[5930698997, 3819768872], [3819768872, 3819768795], [3819768795, 3819768770], [3819768770, 3819768734], [3819768734, 3819768668], [3819768668, 3819768630], [3819768630, 3819768599], [3819768599, 4580510657], [4580510657, 4580522737], [4580522737, 3819768592], [3819768592, 3819768560], [3819768560, 3819768571], [3819768571, 4580511489], [4580511489, 3819768548], [3819768548, 3819768539], [3819768539, 3819768522], [3819768522, 10968647958]]",18,17,653.805,0,0,0.0,0,0.0,0,0.0,0,0.0,0,0.0,0.0,6,4,6,k_shortest,627.642,653.805,26.163,0.041685,22.641,0.0,22.641,1.0,2,0,True
od_2303,불광,3호선,126.92982,37.610553,mobility_facility,사랑의집,서울특별시 은평구 역말로10길 30-1,126.9238,37.6092,552.346,5930698997,10968647958,50.20980174135544,25.219799857210795,PASS,od_2303_k_shortest_alternative_4,k_shortest_alternative_4,"[5930698997, 5281048352, 11229115806, 3819768656, 3819768630, 3819768599, 4580510657, 4580522737, 3819768592, 3819768560, 3819768571, 4580511489, 3819768548, 3819768539, 3819768522, 10968647958]","[[5930698997, 5281048352], [5281048352, 11229115806], [11229115806, 3819768656], [3819768656, 3819768630], [3819768630, 3819768599], [3819768599, 4580510657], [4580510657, 4580522737], [4580522737, 3819768592], [3819768592, 3819768560], [3819768560, 3819768571], [3819768571, 4580511489], [4580511489, 3819768548], [3819768548, 3819768539], [3819768539, 3819768522], [3819768522, 10968647958]]",16,15,659.6,0,0,0.0,0,0.0,0,0.0,0,0.0,0,0.0,0.0,5,6,10,k_shortest,627.642,659.6,31.958,0.050918,22.641,0.0,22.641,1.0,2,0,True
od_2217,불광,3호선,126.92982,37.610553,mobility_facility,리치공인중개사사무소,서울특별시 은평구 역말로10길 32,126.9239,37.6091,547.023,5930698997,10968647958,50.20980174135544,12.23768373696107,PASS,od_2217_k_shortest_alternative_1,k_shortest_alternative_1,"[5930698997, 3819768872, 3819768795, 3819768770, 3819768734, 3819768668, 3819768695, 4580522737, 3004846049, 4580511489, 3819768548, 3819768539, 3819768522, 10968647958]","[[5930698997, 3819768872], [3819768872, 3819768795], [3819768795, 3819768770], [3819768770, 3819768734], [3819768734, 3819768668], [3819768668, 3819768695], [3819768695, 4580522737], [4580522737, 3004846049], [3004846049, 4580511489], [4580511489, 3819768548], [3819768548, 3819768539], [3819768539, 3819768522], [3819768522, 10968647958]]",14,13,640.986,0,0,0.0,0,0.0,0,0.0,2,22.641,2,22.641,0.035322,5,4,6,k_shortest,627.642,640.986,13.344,0.021261,22.641,22.641,0.0,0.0,2,2,False
od_2217,불광,3호선,126.92982,37.610553,mobility_facility,리치공인중개사사무소,서울특별시 은평구 역말로10길 32,126.9239,37.6091,547.023,5930698997,10968647958,50.20980174135544,12.23768373696107,PASS,od_2217_k_shortest_alternative_2,k_shortest_alternative_2,"[5930698997, 5281048352, 11229115806, 12364765013, 12364765021, 12364765017, 436873827, 3819768516, 3819768533, 3819768549, 3819768560, 3819768571, 4580511489, 3819768548, 3819768539, 3819768522, 10968647958]","[[5930698997, 5281048352], [5281048352, 11229115806], [11229115806, 12364765013], [12364765013, 12364765021], [12364765021, 12364765017], [12364765017, 436873827], [436873827, 3819768516], [3819768516, 3819768533], [3819768533, 3819768549], [3819768549, 3819768560], [3819768560, 3819768571], [3819768571, 4580511489], [4580511489, 3819768548], [3819768548, 3819768539], [3819768539, 3819768522], [3819768522, 10968647958]]",17,16,643.792,0,0,0.0,0,0.0,0,0.0,0,0.0,0,0.0,0.0,5,7,10,k_shortest,627.642,643.792,16.15,0.025731,22.641,0.0,22.641,1.0,2,0,True
od_2217,불광,3호선,126.92982,37.610553,mobility_facility,리치공인중개사사무소,서울특별시 은평구 역말로10길 32,126.9239,37.6091,547.023,5930698997,10968647958,50.20980174135544,12.23768373696107,PASS,od_2217_k_shortest_alternative_3,k_shortest_alternative_3,"[5930698997, 3819768872, 3819768795, 3819768770, 3819768734, 3819768668, 3819768630, 3819768599, 4580510657, 4580522737, 3819768592, 3819768560, 3819768571, 4580511489, 3819768548, 3819768539, 3819768522, 10968647958]","[[5930698997, 3819768872], [3819768872, 3819768795], [3819768795, 3819768770], [3819768770, 3819768734], [3819768734, 3819768668], [3819768668, 3819768630], [3819768630, 3819768599], [3819768599, 4580510657], [4580510657, 4580522737], [4580522737, 3819768592], [3819768592, 3819768560], [3819768560, 3819768571], [3819768571, 4580511489], [4580511489, 3819768548], [3819768548, 3819768539], [3819768539, 3819768522], [3819768522, 10968647958]]",18,17,653.805,0,0,0.0,0,0.0,0,0.0,0,0.0,0,0.0,0.0,6,4,6,k_shortest,627.642,653.805,26.163,0.041685,22.641,0.0,22.641,1.0,2,0,True
od_2217,불광,3호선,126.92982,37.610553,mobility_facility,리치공인중개사사무소,서울특별시 은평구 역말로10길 32,126.9239,37.6091,547.023,5930698997,10968647958,50.20980174135544,12.23768373696107,PASS,od_2217_k_shortest_alternative_4,k_shortest_alternative_4,"[5930698997, 5281048352, 11229115806, 3819768656, 3819768630, 3819768599, 4580510657, 4580522737, 3819768592, 3819768560, 3819768571, 4580511489, 3819768548, 3819768539, 3819768522, 10968647958]","[[5930698997, 5281048352], [5281048352, 11229115806], [11229115806, 3819768656], [3819768656, 3819768630], [3819768630, 3819768599], [3819768599, 4580510657], [4580510657, 4580522737], [4580522737, 3819768592], [3819768592, 3819768560], [3819768560, 3819768571], [3819768571, 4580511489], [4580511489, 3819768548], [3819768548, 3819768539], [3819768539, 3819768522], [3819768522, 10968647958]]",16,15,659.6,0,0,0.0,0,0.0,0,0.0,0,0.0,0,0.0,0.0,5,6,10,k_shortest,627.642,659.6,31.958,0.050918,22.641,0.0,22.641,1.0,2,0,True
od_915,불광,6호선,126.92939,37.610873,mobility_facility,사랑의집,서울특별시 은평구 역말로10길 30-1,126.9238,37.6092,527.345,5930698997,10968647958,11.603222454866666,25.219799857210795,PASS,od_915_k_shortest_alternative_1,k_shortest_alternative_1,"[5930698997, 3819768872, 3819768795, 3819768770, 3819768734, 3819768668, 3819768695, 4580522737, 3004846049, 4580511489, 3819768548, 3819768539, 3819768522, 10968647958]","[[5930698997, 3819768872], [3819768872, 3819768795], [3819768795, 3819768770], [3819768770, 3819768734], [3819768734, 3819768668], [3819768668, 3819768695], [3819768695, 4580522737], [4580522737, 3004846049], [3004846049, 4580511489], [4580511489, 3819768548], [3819768548, 3819768539], [3819768539, 3819768522], [3819768522, 10968647958]]",14,13,640.986,0,0,0.0,0,0.0,0,0.0,2,22.641,2,22.641,0.035322,5,4,6,k_shortest,627.642,640.986,13.344,0.021261,22.641,22.641,0.0,0.0,2,2,False
od_915,불광,6호선,126.92939,37.610873,mobility_facility,사랑의집,서울특별시 은평구 역말로10길 30-1,126.9238,37.6092,527.345,5930698997,10968647958,11.603222454866666,25.219799857210795,PASS,od_915_k_shortest_alternative_2,k_shortest_alternative_2,"[5930698997, 5281048352, 11229115806, 12364765013, 12364765021, 12364765017, 436873827, 3819768516, 3819768533, 3819768549, 3819768560, 3819768571, 4580511489, 3819768548, 3819768539, 3819768522, 10968647958]","[[5930698997, 5281048352], [5281048352, 11229115806], [11229115806, 12364765013], [12364765013, 12364765021], [12364765021, 12364765017], [12364765017, 436873827], [436873827, 3819768516], [3819768516, 3819768533], [3819768533, 3819768549], [3819768549, 3819768560], [3819768560, 3819768571], [3819768571, 4580511489], [4580511489, 3819768548], [3819768548, 3819768539], [3819768539, 3819768522], [3819768522, 10968647958]]",17,16,643.792,0,0,0.0,0,0.0,0,0.0,0,0.0,0,0.0,0.0,5,7,10,k_shortest,627.642,643.792,16.15,0.025731,22.641,0.0,22.641,1.0,2,0,True
od_915,불광,6호선,126.92939,37.610873,mobility_facility,사랑의집,서울특별시 은평구 역말로10길 30-1,126.9238,37.6092,527.345,5930698997,10968647958,11.603222454866666,25.219799857210795,PASS,od_915_k_shortest_alternative_3,k_shortest_alternative_3,"[5930698997, 3819768872, 3819768795, 3819768770, 3819768734, 3819768668, 3819768630, 3819768599, 4580510657, 4580522737, 3819768592, 3819768560, 3819768571, 4580511489, 3819768548, 3819768539, 3819768522, 10968647958]","[[5930698997, 3819768872], [3819768872, 3819768795], [3819768795, 3819768770], [3819768770, 3819768734], [3819768734, 3819768668], [3819768668, 3819768630], [3819768630, 3819768599], [3819768599, 4580510657], [4580510657, 4580522737], [4580522737, 3819768592], [3819768592, 3819768560], [3819768560, 3819768571], [3819768571, 4580511489], [4580511489, 3819768548], [3819768548, 3819768539], [3819768539, 3819768522], [3819768522, 10968647958]]",18,17,653.805,0,0,0.0,0,0.0,0,0.0,0,0.0,0,0.0,0.0,6,4,6,k_shortest,627.642,653.805,26.163,0.041685,22.641,0.0,22.641,1.0,2,0,True
od_915,불광,6호선,126.92939,37.610873,mobility_facility,사랑의집,서울특별시 은평구 역말로10길 30-1,126.9238,37.6092,527.345,5930698997,10968647958,11.603222454866666,25.219799857210795,PASS,od_915_k_shortest_alternative_4,k_shortest_alternative_4,"[5930698997, 5281048352, 11229115806, 3819768656, 3819768630, 3819768599, 4580510657, 4580522737, 3819768592, 3819768560, 3819768571, 4580511489, 3819768548, 3819768539, 3819768522, 10968647958]","[[5930698997, 5281048352], [5281048352, 11229115806], [11229115806, 3819768656], [3819768656, 3819768630], [3819768630, 3819768599], [3819768599, 4580510657], [4580510657, 4580522737], [4580522737, 3819768592], [3819768592, 3819768560], [3819768560, 3819768571], [3819768571, 4580511489], [4580511489, 3819768548], [3819768548, 3819768539], [3819768539, 3819768522], [3819768522, 10968647958]]",16,15,659.6,0,0,0.0,0,0.0,0,0.0,0,0.0,0,0.0,0.0,5,6,10,k_shortest,627.642,659.6,31.958,0.050918,22.641,0.0,22.641,1.0,2,0,True
od_826,불광,6호선,126.92939,37.610873,mobility_facility,리치공인중개사사무소,서울특별시 은평구 역말로10길 32,126.9239,37.6091,523.163,5930698997,10968647958,11.603222454866666,12.23768373696107,PASS,od_826_k_shortest_alternative_1,k_shortest_alternative_1,"[5930698997, 3819768872, 3819768795, 3819768770, 3819768734, 3819768668, 3819768695, 4580522737, 3004846049, 4580511489, 3819768548, 3819768539, 3819768522, 10968647958]","[[5930698997, 3819768872], [3819768872, 3819768795], [3819768795, 3819768770], [3819768770, 3819768734], [3819768734, 3819768668], [3819768668, 3819768695], [3819768695, 4580522737], [4580522737, 3004846049], [3004846049, 4580511489], [4580511489, 3819768548], [3819768548, 3819768539], [3819768539, 3819768522], [3819768522, 10968647958]]",14,13,640.986,0,0,0.0,0,0.0,0,0.0,2,22.641,2,22.641,0.035322,5,4,6,k_shortest,627.642,640.986,13.344,0.021261,22.641,22.641,0.0,0.0,2,2,False
od_826,불광,6호선,126.92939,37.610873,mobility_facility,리치공인중개사사무소,서울특별시 은평구 역말로10길 32,126.9239,37.6091,523.163,5930698997,10968647958,11.603222454866666,12.23768373696107,PASS,od_826_k_shortest_alternative_2,k_shortest_alternative_2,"[5930698997, 5281048352, 11229115806, 12364765013, 12364765021, 12364765017, 436873827, 3819768516, 3819768533, 3819768549, 3819768560, 3819768571, 4580511489, 3819768548, 3819768539, 3819768522, 10968647958]","[[5930698997, 5281048352], [5281048352, 11229115806], [11229115806, 12364765013], [12364765013, 12364765021], [12364765021, 12364765017], [12364765017, 436873827], [436873827, 3819768516], [3819768516, 3819768533], [3819768533, 3819768549], [3819768549, 3819768560], [3819768560, 3819768571], [3819768571, 4580511489], [4580511489, 3819768548], [3819768548, 3819768539], [3819768539, 3819768522], [3819768522, 10968647958]]",17,16,643.792,0,0,0.0,0,0.0,0,0.0,0,0.0,0,0.0,0.0,5,7,10,k_shortest,627.642,643.792,16.15,0.025731,22.641,0.0,22.641,1.0,2,0,True
od_826,불광,6호선,126.92939,37.610873,mobility_facility,리치공인중개사사무소,서울특별시 은평구 역말로10길 32,126.9239,37.6091,523.163,5930698997,10968647958,11.603222454866666,12.23768373696107,PASS,od_826_k_shortest_alternative_3,k_shortest_alternative_3,"[5930698997, 3819768872, 3819768795, 3819768770, 3819768734, 3819768668, 3819768630, 3819768599, 4580510657, 4580522737, 3819768592, 3819768560, 3819768571, 4580511489, 3819768548, 3819768539, 3819768522, 10968647958]","[[5930698997, 3819768872], [3819768872, 3819768795], [3819768795, 3819768770], [3819768770, 3819768734], [3819768734, 3819768668], [3819768668, 3819768630], [3819768630, 3819768599], [3819768599, 4580510657], [4580510657, 4580522737], [4580522737, 3819768592], [3819768592, 3819768560], [3819768560, 3819768571], [3819768571, 4580511489], [4580511489, 3819768548], [3819768548, 3819768539], [3819768539, 3819768522], [3819768522, 10968647958]]",18,17,653.805,0,0,0.0,0,0.0,0,0.0,0,0.0,0,0.0,0.0,6,4,6,k_shortest,627.642,653.805,26.163,0.041685,22.641,0.0,22.641,1.0,2,0,True
od_826,불광,6호선,126.92939,37.610873,mobility_facility,리치공인중개사사무소,서울특별시 은평구 역말로10길 32,126.9239,37.6091,523.163,5930698997,10968647958,11.603222454866666,12.23768373696107,PASS,od_826_k_shortest_alternative_4,k_shortest_alternative_4,"[5930698997, 5281048352, 11229115806, 3819768656, 3819768630, 3819768599, 4580510657, 4580522737, 3819768592, 3819768560, 3819768571, 4580511489, 3819768548, 3819768539, 3819768522, 10968647958]","[[5930698997, 5281048352], [5281048352, 11229115806], [11229115806, 3819768656], [3819768656, 3819768630], [3819768630, 3819768599], [3819768599, 4580510657], [4580510657, 4580522737], [4580522737, 3819768592], [3819768592, 3819768560], [3819768560, 3819768571], [3819768571, 4580511489], [4580511489, 3819768548], [3819768548, 3819768539], [3819768539, 3819768522], [3819768522, 10968647958]]",16,15,659.6,0,0,0.0,0,0.0,0,0.0,0,0.0,0,0.0,0.0,5,6,10,k_shortest,627.642,659.6,31.958,0.050918,22.641,0.0,22.641,1.0,2,0,True
od_2182,불광,3호선,126.92982,37.610553,mobility_facility,경희부동산공인중개사사무소,서울특별시 은평구 서오릉로8길 22,126.9238,37.6088,566.032,5930698997,3004846056,50.20980174135544,12.14487729615712,PASS,od_2182_k_shortest_alternative_1,k_shortest_alternative_1,"[5930698997, 5281048352, 11229115806, 12364765013, 12364765021, 12364765017, 436873827, 3819768516, 3819768484, 3819768233, 3819768471, 3004846056]","[[5930698997, 5281048352], [5281048352, 11229115806], [11229115806, 12364765013], [12364765013, 12364765021], [12364765021, 12364765017], [12364765017, 436873827], [436873827, 3819768516], [3819768516, 3819768484], [3819768484, 3819768233], [3819768233, 3819768471], [3819768471, 3004846056]]",12,11,654.424,0,0,0.0,0,0.0,0,0.0,0,0.0,0,0.0,0.0,3,7,10,k_shortest,652.162,654.424,2.262,0.003468,22.641,0.0,22.641,1.0,2,0,True
od_2182,불광,3호선,126.92982,37.610553,mobility_facility,경희부동산공인중개사사무소,서울특별시 은평구 서오릉로8길 22,126.9238,37.6088,566.032,5930698997,3004846056,50.20980174135544,12.14487729615712,PASS,od_2182_k_shortest_alternative_2,k_shortest_alternative_2,"[5930698997, 5281048352, 11229115806, 12364765013, 12364765021, 12364765017, 436873827, 436873826, 3819768244, 3819768234, 3819768222, 3819768233, 3819768471, 3004846056]","[[5930698997, 5281048352], [5281048352, 11229115806], [11229115806, 12364765013], [12364765013, 12364765021], [12364765021, 12364765017], [12364765017, 436873827], [436873827, 436873826], [436873826, 3819768244], [3819768244, 3819768234], [3819768234, 3819768222], [3819768222, 3819768233], [3819768233, 3819768471], [3819768471, 3004846056]]",14,13,658.726,0,0,0.0,0,0.0,0,0.0,0,0.0,0,0.0,0.0,4,7,10,k_shortest,652.162,658.726,6.564,0.010065,22.641,0.0,22.641,1.0,2,0,True
od_2182,불광,3호선,126.92982,37.610553,mobility_facility,경희부동산공인중개사사무소,서울특별시 은평구 서오릉로8길 22,126.9238,37.6088,566.032,5930698997,3004846056,50.20980174135544,12.14487729615712,PASS,od_2182_k_shortest_alternative_3,k_shortest_alternative_3,"[5930698997, 3819768872, 3819768795, 3819768770, 3819768734, 3819768668, 3819768695, 4580522737, 3004846049, 4580511489, 3819768548, 3819768539, 3819768522, 10968647958, 3004846056]","[[5930698997, 3819768872], [3819768872, 3819768795], [3819768795, 3819768770], [3819768770, 3819768734], [3819768734, 3819768668], [3819768668, 3819768695], [3819768695, 4580522737], [4580522737, 3004846049], [3004846049, 4580511489], [4580511489, 3819768548], [3819768548, 3819768539], [3819768539, 3819768522], [3819768522, 10968647958], [10968647958, 3004846056]]",15,14,665.506,0,0,0.0,0,0.0,0,0.0,2,22.641,2,22.641,0.03402,6,4,6,k_shortest,652.162,665.506,13.344,0.020461,22.641,22.641,0.0,0.0,2,2,False
od_2182,불광,3호선,126.92982,37.610553,mobility_facility,경희부동산공인중개사사무소,서울특별시 은평구 서오릉로8길 22,126.9238,37.6088,566.032,5930698997,3004846056,50.20980174135544,12.14487729615712,PASS,od_2182_k_shortest_alternative_4,k_shortest_alternative_4,"[5930698997, 5281048352, 11229115806, 12364765013, 12364765021, 12364765017, 436873827, 3819768516, 3819768533, 3819768549, 3819768560, 3819768571, 4580511489, 3819768548, 3819768539, 3819768522, 10968647958, 3004846056]","[[5930698997, 5281048352], [5281048352, 11229115806], [11229115806, 12364765013], [12364765013, 12364765021], [12364765021, 12364765017], [12364765017, 436873827], [436873827, 3819768516], [3819768516, 3819768533], [3819768533, 3819768549], [3819768549, 3819768560], [3819768560, 3819768571], [3819768571, 4580511489], [4580511489, 3819768548], [3819768548, 3819768539], [3819768539, 3819768522], [3819768522, 10968647958], [10968647958, 3004846056]]",18,17,668.311,0,0,0.0,0,0.0,0,0.0,0,0.0,0,0.0,0.0,6,7,10,k_shortest,652.162,668.311,16.149,0.024762,22.641,0.0,22.641,1.0,2,0,True
od_2345,불광,3호선,126.92982,37.610553,mobility_facility,메디알레소망공인중개사사무소,서울특별시 은평구 서오릉로8길 23,126.9238,37.609,558.79,5930698997,3004846056,50.20980174135544,12.20580599543036,PASS,od_2345_k_shortest_alternative_1,k_shortest_alternative_1,"[5930698997, 5281048352, 11229115806, 12364765013, 12364765021, 12364765017, 436873827, 3819768516, 3819768484, 3819768233, 3819768471, 3004846056]","[[5930698997, 5281048352], [5281048352, 11229115806], [11229115806, 12364765013], [12364765013, 12364765021], [12364765021, 12364765017], [12364765017, 436873827], [436873827, 3819768516], [3819768516, 3819768484], [3819768484, 3819768233], [3819768233, 3819768471], [3819768471, 3004846056]]",12,11,654.424,0,0,0.0,0,0.0,0,0.0,0,0.0,0,0.0,0.0,3,7,10,k_shortest,652.162,654.424,2.262,0.003468,22.641,0.0,22.641,1.0,2,0,True
od_2345,불광,3호선,126.92982,37.610553,mobility_facility,메디알레소망공인중개사사무소,서울특별시 은평구 서오릉로8길 23,126.9238,37.609,558.79,5930698997,3004846056,50.20980174135544,12.20580599543036,PASS,od_2345_k_shortest_alternative_2,k_shortest_alternative_2,"[5930698997, 5281048352, 11229115806, 12364765013, 12364765021, 12364765017, 436873827, 436873826, 3819768244, 3819768234, 3819768222, 3819768233, 3819768471, 3004846056]","[[5930698997, 5281048352], [5281048352, 11229115806], [11229115806, 12364765013], [12364765013, 12364765021], [12364765021, 12364765017], [12364765017, 436873827], [436873827, 436873826], [436873826, 3819768244], [3819768244, 3819768234], [3819768234, 3819768222], [3819768222, 3819768233], [3819768233, 3819768471], [3819768471, 3004846056]]",14,13,658.726,0,0,0.0,0,0.0,0,0.0,0,0.0,0,0.0,0.0,4,7,10,k_shortest,652.162,658.726,6.564,0.010065,22.641,0.0,22.641,1.0,2,0,True
od_2345,불광,3호선,126.92982,37.610553,mobility_facility,메디알레소망공인중개사사무소,서울특별시 은평구 서오릉로8길 23,126.9238,37.609,558.79,5930698997,3004846056,50.20980174135544,12.20580599543036,PASS,od_2345_k_shortest_alternative_3,k_shortest_alternative_3,"[5930698997, 3819768872, 3819768795, 3819768770, 3819768734, 3819768668, 3819768695, 4580522737, 3004846049, 4580511489, 3819768548, 3819768539, 3819768522, 10968647958, 3004846056]","[[5930698997, 3819768872], [3819768872, 3819768795], [3819768795, 3819768770], [3819768770, 3819768734], [3819768734, 3819768668], [3819768668, 3819768695], [3819768695, 4580522737], [4580522737, 3004846049], [3004846049, 4580511489], [4580511489, 3819768548], [3819768548, 3819768539], [3819768539, 3819768522], [3819768522, 10968647958], [10968647958, 3004846056]]",15,14,665.506,0,0,0.0,0,0.0,0,0.0,2,22.641,2,22.641,0.03402,6,4,6,k_shortest,652.162,665.506,13.344,0.020461,22.641,22.641,0.0,0.0,2,2,False
od_2345,불광,3호선,126.92982,37.610553,mobility_facility,메디알레소망공인중개사사무소,서울특별시 은평구 서오릉로8길 23,126.9238,37.609,558.79,5930698997,3004846056,50.20980174135544,12.20580599543036,PASS,od_2345_k_shortest_alternative_4,k_shortest_alternative_4,"[5930698997, 5281048352, 11229115806, 12364765013, 12364765021, 12364765017, 436873827, 3819768516, 3819768533, 3819768549, 3819768560, 3819768571, 4580511489, 3819768548, 3819768539, 3819768522, 10968647958, 3004846056]","[[5930698997, 5281048352], [5281048352, 11229115806], [11229115806, 12364765013], [12364765013, 12364765021], [12364765021, 12364765017], [12364765017, 436873827], [436873827, 3819768516], [3819768516, 3819768533], [3819768533, 3819768549], [3819768549, 3819768560], [3819768560, 3819768571], [3819768571, 4580511489], [4580511489, 3819768548], [3819768548, 3819768539], [3819768539, 3819768522], [3819768522, 10968647958], [10968647958, 3004846056]]",18,17,668.311,0,0,0.0,0,0.0,0,0.0,0,0.0,0,0.0,0.0,6,7,10,k_shortest,652.162,668.311,16.149,0.024762,22.641,0.0,22.641,1.0,2,0,True
od_791,불광,6호선,126.92939,37.610873,mobility_facility,경희부동산공인중개사사무소,서울특별시 은평구 서오릉로8길 22,126.9238,37.6088,544.566,5930698997,3004846056,11.603222454866666,12.14487729615712,PASS,od_791_k_shortest_alternative_1,k_shortest_alternative_1,"[5930698997, 5281048352, 11229115806, 12364765013, 12364765021, 12364765017, 436873827, 3819768516, 3819768484, 3819768233, 3819768471, 3004846056]","[[5930698997, 5281048352], [5281048352, 11229115806], [11229115806, 12364765013], [12364765013, 12364765021], [12364765021, 12364765017], [12364765017, 436873827], [436873827, 3819768516], [3819768516, 3819768484], [3819768484, 3819768233], [3819768233, 3819768471], [3819768471, 3004846056]]",12,11,654.424,0,0,0.0,0,0.0,0,0.0,0,0.0,0,0.0,0.0,3,7,10,k_shortest,652.162,654.424,2.262,0.003468,22.641,0.0,22.641,1.0,2,0,True
od_791,불광,6호선,126.92939,37.610873,mobility_facility,경희부동산공인중개사사무소,서울특별시 은평구 서오릉로8길 22,126.9238,37.6088,544.566,5930698997,3004846056,11.603222454866666,12.14487729615712,PASS,od_791_k_shortest_alternative_2,k_shortest_alternative_2,"[5930698997, 5281048352, 11229115806, 12364765013, 12364765021, 12364765017, 436873827, 436873826, 3819768244, 3819768234, 3819768222, 3819768233, 3819768471, 3004846056]","[[5930698997, 5281048352], [5281048352, 11229115806], [11229115806, 12364765013], [12364765013, 12364765021], [12364765021, 12364765017], [12364765017, 436873827], [436873827, 436873826], [436873826, 3819768244], [3819768244, 3819768234], [3819768234, 3819768222], [3819768222, 3819768233], [3819768233, 3819768471], [3819768471, 3004846056]]",14,13,658.726,0,0,0.0,0,0.0,0,0.0,0,0.0,0,0.0,0.0,4,7,10,k_shortest,652.162,658.726,6.564,0.010065,22.641,0.0,22.641,1.0,2,0,True
od_791,불광,6호선,126.92939,37.610873,mobility_facility,경희부동산공인중개사사무소,서울특별시 은평구 서오릉로8길 22,126.9238,37.6088,544.566,5930698997,3004846056,11.603222454866666,12.14487729615712,PASS,od_791_k_shortest_alternative_3,k_shortest_alternative_3,"[5930698997, 3819768872, 3819768795, 3819768770, 3819768734, 3819768668, 3819768695, 4580522737, 3004846049, 4580511489, 3819768548, 3819768539, 3819768522, 10968647958, 3004846056]","[[5930698997, 3819768872], [3819768872, 3819768795], [3819768795, 3819768770], [3819768770, 3819768734], [3819768734, 3819768668], [3819768668, 3819768695], [3819768695, 4580522737], [4580522737, 3004846049], [3004846049, 4580511489], [4580511489, 3819768548], [3819768548, 3819768539], [3819768539, 3819768522], [3819768522, 10968647958], [10968647958, 3004846056]]",15,14,665.506,0,0,0.0,0,0.0,0,0.0,2,22.641,2,22.641,0.03402,6,4,6,k_shortest,652.162,665.506,13.344,0.020461,22.641,22.641,0.0,0.0,2,2,False
od_791,불광,6호선,126.92939,37.610873,mobility_facility,경희부동산공인중개사사무소,서울특별시 은평구 서오릉로8길 22,126.9238,37.6088,544.566,5930698997,3004846056,11.603222454866666,12.14487729615712,PASS,od_791_k_shortest_alternative_4,k_shortest_alternative_4,"[5930698997, 5281048352, 11229115806, 12364765013, 12364765021, 12364765017, 436873827, 3819768516, 3819768533, 3819768549, 3819768560, 3819768571, 4580511489, 3819768548, 3819768539, 3819768522, 10968647958, 3004846056]","[[5930698997, 5281048352], [5281048352, 11229115806], [11229115806, 12364765013], [12364765013, 12364765021], [12364765021, 12364765017], [12364765017, 436873827], [436873827, 3819768516], [3819768516, 3819768533], [3819768533, 3819768549], [3819768549, 3819768560], [3819768560, 3819768571], [3819768571, 4580511489], [4580511489, 3819768548], [3819768548, 3819768539], [3819768539, 3819768522], [3819768522, 10968647958], [10968647958, 3004846056]]",18,17,668.311,0,0,0.0,0,0.0,0,0.0,0,0.0,0,0.0,0.0,6,7,10,k_shortest,652.162,668.311,16.149,0.024762,22.641,0.0,22.641,1.0,2,0,True
od_956,불광,6호선,126.92939,37.610873,mobility_facility,메디알레소망공인중개사사무소,서울특별시 은평구 서오릉로8길 23,126.9238,37.609,535.565,5930698997,3004846056,11.603222454866666,12.20580599543036,PASS,od_956_k_shortest_alternative_1,k_shortest_alternative_1,"[5930698997, 5281048352, 11229115806, 12364765013, 12364765021, 12364765017, 436873827, 3819768516, 3819768484, 3819768233, 3819768471, 3004846056]","[[5930698997, 5281048352], [5281048352, 11229115806], [11229115806, 12364765013], [12364765013, 12364765021], [12364765021, 12364765017], [12364765017, 436873827], [436873827, 3819768516], [3819768516, 3819768484], [3819768484, 3819768233], [3819768233, 3819768471], [3819768471, 3004846056]]",12,11,654.424,0,0,0.0,0,0.0,0,0.0,0,0.0,0,0.0,0.0,3,7,10,k_shortest,652.162,654.424,2.262,0.003468,22.641,0.0,22.641,1.0,2,0,True
od_956,불광,6호선,126.92939,37.610873,mobility_facility,메디알레소망공인중개사사무소,서울특별시 은평구 서오릉로8길 23,126.9238,37.609,535.565,5930698997,3004846056,11.603222454866666,12.20580599543036,PASS,od_956_k_shortest_alternative_2,k_shortest_alternative_2,"[5930698997, 5281048352, 11229115806, 12364765013, 12364765021, 12364765017, 436873827, 436873826, 3819768244, 3819768234, 3819768222, 3819768233, 3819768471, 3004846056]","[[5930698997, 5281048352], [5281048352, 11229115806], [11229115806, 12364765013], [12364765013, 12364765021], [12364765021, 12364765017], [12364765017, 436873827], [436873827, 436873826], [436873826, 3819768244], [3819768244, 3819768234], [3819768234, 3819768222], [3819768222, 3819768233], [3819768233, 3819768471], [3819768471, 3004846056]]",14,13,658.726,0,0,0.0,0,0.0,0,0.0,0,0.0,0,0.0,0.0,4,7,10,k_shortest,652.162,658.726,6.564,0.010065,22.641,0.0,22.641,1.0,2,0,True
od_956,불광,6호선,126.92939,37.610873,mobility_facility,메디알레소망공인중개사사무소,서울특별시 은평구 서오릉로8길 23,126.9238,37.609,535.565,5930698997,3004846056,11.603222454866666,12.20580599543036,PASS,od_956_k_shortest_alternative_3,k_shortest_alternative_3,"[5930698997, 3819768872, 3819768795, 3819768770, 3819768734, 3819768668, 3819768695, 4580522737, 3004846049, 4580511489, 3819768548, 3819768539, 3819768522, 10968647958, 3004846056]","[[5930698997, 3819768872], [3819768872, 3819768795], [3819768795, 3819768770], [3819768770, 3819768734], [3819768734, 3819768668], [3819768668, 3819768695], [3819768695, 4580522737], [4580522737, 3004846049], [3004846049, 4580511489], [4580511489, 3819768548], [3819768548, 3819768539], [3819768539, 3819768522], [3819768522, 10968647958], [10968647958, 3004846056]]",15,14,665.506,0,0,0.0,0,0.0,0,0.0,2,22.641,2,22.641,0.03402,6,4,6,k_shortest,652.162,665.506,13.344,0.020461,22.641,22.641,0.0,0.0,2,2,False
od_956,불광,6호선,126.92939,37.610873,mobility_facility,메디알레소망공인중개사사무소,서울특별시 은평구 서오릉로8길 23,126.9238,37.609,535.565,5930698997,3004846056,11.603222454866666,12.20580599543036,PASS,od_956_k_shortest_alternative_4,k_shortest_alternative_4,"[5930698997, 5281048352, 11229115806, 12364765013, 12364765021, 12364765017, 436873827, 3819768516, 3819768533, 3819768549, 3819768560, 3819768571, 4580511489, 3819768548, 3819768539, 3819768522, 10968647958, 3004846056]","[[5930698997, 5281048352], [5281048352, 11229115806], [11229115806, 12364765013], [12364765013, 12364765021], [12364765021, 12364765017], [12364765017, 436873827], [436873827, 3819768516], [3819768516, 3819768533], [3819768533, 3819768549], [3819768549, 3819768560], [3819768560, 3819768571], [3819768571, 4580511489], [4580511489, 3819768548], [3819768548, 3819768539], [3819768539, 3819768522], [3819768522, 10968647958], [10968647958, 3004846056]]",18,17,668.311,0,0,0.0,0,0.0,0,0.0,0,0.0,0,0.0,0.0,6,7,10,k_shortest,652.162,668.311,16.149,0.024762,22.641,0.0,22.641,1.0,2,0,True
od_470,독바위,6호선,126.933031,37.618456,mobility_facility,대한공인중개사사무소,서울특별시 은평구 진흥로13길 13,126.925,37.6095,1221.003,3824954278,3819768571,2.93341759236071,16.26069717571956,PASS,od_470_k_shortest_alternative_1,k_shortest_alternative_1,"[3824954278, 436849320, 307924229, 3824954088, 3819769661, 3824954063, 445329900, 436849314, 5281044434, 5281044436, 5281044435, 3819769307, 3279011087, 4580205446, 3819769163, 353195249, 436849310, 3279011082, 5281045189, 5281045187, 5281045188, 5281045186, 457819071, 11228575654, 5930698997, 5281048352, 11229115806, 12364765013, 12364765021, 12364765017, 436873827, 3819768516, 3819768533, 3819768549, 3819768560, 3819768571]","[[3824954278, 436849320], [436849320, 307924229], [307924229, 3824954088], [3824954088, 3819769661], [3819769661, 3824954063], [3824954063, 445329900], [445329900, 436849314], [436849314, 5281044434], [5281044434, 5281044436], [5281044436, 5281044435], [5281044435, 3819769307], [3819769307, 3279011087], [3279011087, 4580205446], [4580205446, 3819769163], [3819769163, 353195249], [353195249, 436849310], [436849310, 3279011082], [3279011082, 5281045189], [5281045189, 5281045187], [5281045187, 5281045188], [5281045188, 5281045186], [5281045186, 457819071], [457819071, 11228575654], [11228575654, 5930698997], [5930698997, 5281048352], [5281048352, 11229115806], [11229115806, 12364765013], [12364765013, 12364765021], [12364765021, 12364765017], [12364765017, 436873827], [436873827, 3819768516], [3819768516, 3819768533], [3819768533, 3819768549], [3819768549, 3819768560], [3819768560, 3819768571]]",36,35,1495.824,0,0,0.0,0,0.0,0,0.0,0,0.0,0,0.0,0.0,21,20,16,k_shortest,1479.675,1495.824,16.149,0.010914,22.641,0.0,22.641,1.0,2,0,True
od_470,독바위,6호선,126.933031,37.618456,mobility_facility,대한공인중개사사무소,서울특별시 은평구 진흥로13길 13,126.925,37.6095,1221.003,3824954278,3819768571,2.93341759236071,16.26069717571956,PASS,od_470_k_shortest_alternative_2,k_shortest_alternative_2,"[3824954278, 436849320, 307924229, 3824954088, 3819769661, 3824954063, 445329900, 436849314, 5281044434, 5281044436, 5281044435, 3819769307, 3279011087, 4580205446, 3819769163, 353195249, 436849310, 3279011082, 5281045189, 5281045187, 5281045188, 5281045186, 457819071, 11228575654, 5930698997, 5281048352, 11229115806, 3819768656, 3819768630, 3819768599, 4580510657, 4580522737, 3819768592, 3819768560, 3819768571]","[[3824954278, 436849320], [436849320, 307924229], [307924229, 3824954088], [3824954088, 3819769661], [3819769661, 3824954063], [3824954063, 445329900], [445329900, 436849314], [436849314, 5281044434], [5281044434, 5281044436], [5281044436, 5281044435], [5281044435, 3819769307], [3819769307, 3279011087], [3279011087, 4580205446], [4580205446, 3819769163], [3819769163, 353195249], [353195249, 436849310], [436849310, 3279011082], [3279011082, 5281045189], [5281045189, 5281045187], [5281045187, 5281045188], [5281045188, 5281045186], [5281045186, 457819071], [457819071, 11228575654], [11228575654, 5930698997], [5930698997, 5281048352], [5281048352, 11229115806], [11229115806, 3819768656], [3819768656, 3819768630], [3819768630, 3819768599], [3819768599, 4580510657], [4580510657, 4580522737], [4580522737, 3819768592], [3819768592, 3819768560], [3819768560, 3819768571]]",35,34,1511.633,0,0,0.0,0,0.0,0,0.0,0,0.0,0,0.0,0.0,21,19,16,k_shortest,1479.675,1511.633,31.958,0.021598,22.641,0.0,22.641,1.0,2,0,True
od_486,독바위,6호선,126.933031,37.618456,mobility_facility,리치공인중개사사무소,서울특별시 은평구 역말로10길 32,126.9239,37.6091,1314.627,3824954278,10968647958,2.93341759236071,12.23768373696107,PASS,od_486_k_shortest_alternative_1,k_shortest_alternative_1,"[3824954278, 436849320, 307924229, 3824954088, 3819769661, 3824954063, 445329900, 436849314, 5281044434, 5281044436, 5281044435, 3819769307, 3279011087, 4580205446, 3819769163, 353195249, 436849310, 3279011082, 5281045189, 5281045187, 5281045188, 5281045186, 457819071, 11228575654, 5930698997, 5281048352, 11229115806, 12364765013, 12364765021, 12364765017, 436873827, 3819768516, 3819768533, 3819768549, 3819768560, 3819768571, 4580511489, 3819768548, 3819768539, 3819768522, 10968647958]","[[3824954278, 436849320], [436849320, 307924229], [307924229, 3824954088], [3824954088, 3819769661], [3819769661, 3824954063], [3824954063, 445329900], [445329900, 436849314], [436849314, 5281044434], [5281044434, 5281044436], [5281044436, 5281044435], [5281044435, 3819769307], [3819769307, 3279011087], [3279011087, 4580205446], [4580205446, 3819769163], [3819769163, 353195249], [353195249, 436849310], [436849310, 3279011082], [3279011082, 5281045189], [5281045189, 5281045187], [5281045187, 5281045188], [5281045188, 5281045186], [5281045186, 457819071], [457819071, 11228575654], [11228575654, 5930698997], [5930698997, 5281048352], [5281048352, 11229115806], [11229115806, 12364765013], [12364765013, 12364765021], [12364765021, 12364765017], [12364765017, 436873827], [436873827, 3819768516], [3819768516, 3819768533], [3819768533, 3819768549], [3819768549, 3819768560], [3819768560, 3819768571], [3819768571, 4580511489], [4580511489, 3819768548], [3819768548, 3819768539], [3819768539, 3819768522], [3819768522, 10968647958]]",41,40,1631.497,0,0,0.0,0,0.0,0,0.0,0,0.0,0,0.0,0.0,24,20,16,k_shortest,1615.347,1631.497,16.15,0.009998,22.641,0.0,22.641,1.0,2,0,True
od_486,독바위,6호선,126.933031,37.618456,mobility_facility,리치공인중개사사무소,서울특별시 은평구 역말로10길 32,126.9239,37.6091,1314.627,3824954278,10968647958,2.93341759236071,12.23768373696107,PASS,od_486_k_shortest_alternative_2,k_shortest_alternative_2,"[3824954278, 436849320, 307924229, 3824954088, 3819769661, 3824954063, 445329900, 436849314, 5281044434, 5281044436, 5281044435, 3819769307, 3279011087, 4580205446, 3819769163, 353195249, 436849310, 3279011082, 5281045189, 5281045187, 5281045188, 5281045186, 457819071, 11228575654, 5930698997, 3819768872, 3819768795, 3819768770, 3819768734, 3819768668, 3819768630, 3819768599, 4580510657, 4580522737, 3004846049, 4580511489, 3819768548, 3819768539, 3819768522, 10968647958]","[[3824954278, 436849320], [436849320, 307924229], [307924229, 3824954088], [3824954088, 3819769661], [3819769661, 3824954063], [3824954063, 445329900], [445329900, 436849314], [436849314, 5281044434], [5281044434, 5281044436], [5281044436, 5281044435], [5281044435, 3819769307], [3819769307, 3279011087], [3279011087, 4580205446], [4580205446, 3819769163], [3819769163, 353195249], [353195249, 436849310], [436849310, 3279011082], [3279011082, 5281045189], [5281045189, 5281045187], [5281045187, 5281045188], [5281045188, 5281045186], [5281045186, 457819071], [457819071, 11228575654], [11228575654, 5930698997], [5930698997, 3819768872], [3819768872, 3819768795], [3819768795, 3819768770], [3819768770, 3819768734], [3819768734, 3819768668], [3819768668, 3819768630], [3819768630, 3819768599], [3819768599, 4580510657], [4580510657, 4580522737], [4580522737, 3004846049], [3004846049, 4580511489], [4580511489, 3819768548], [3819768548, 3819768539], [3819768539, 3819768522], [3819768522, 10968647958]]",40,39,1645.588,0,0,0.0,0,0.0,0,0.0,0,0.0,0,0.0,0.0,24,16,12,k_shortest,1615.347,1645.588,30.241,0.018721,22.641,0.0,22.641,1.0,2,0,True
od_486,독바위,6호선,126.933031,37.618456,mobility_facility,리치공인중개사사무소,서울특별시 은평구 역말로10길 32,126.9239,37.6091,1314.627,3824954278,10968647958,2.93341759236071,12.23768373696107,PASS,od_486_k_shortest_alternative_3,k_shortest_alternative_3,"[3824954278, 436849320, 307924229, 3824954088, 3819769661, 3824954063, 445329900, 436849314, 5281044434, 5281044436, 5281044435, 3819769307, 3279011087, 4580205446, 3819769163, 353195249, 436849310, 3279011082, 5281045189, 5281045187, 5281045188, 5281045186, 457819071, 11228575654, 5930698997, 5281048352, 11229115806, 3819768656, 3819768630, 3819768599, 4580510657, 4580522737, 3819768592, 3819768560, 3819768571, 4580511489, 3819768548, 3819768539, 3819768522, 10968647958]","[[3824954278, 436849320], [436849320, 307924229], [307924229, 3824954088], [3824954088, 3819769661], [3819769661, 3824954063], [3824954063, 445329900], [445329900, 436849314], [436849314, 5281044434], [5281044434, 5281044436], [5281044436, 5281044435], [5281044435, 3819769307], [3819769307, 3279011087], [3279011087, 4580205446], [4580205446, 3819769163], [3819769163, 353195249], [353195249, 436849310], [436849310, 3279011082], [3279011082, 5281045189], [5281045189, 5281045187], [5281045187, 5281045188], [5281045188, 5281045186], [5281045186, 457819071], [457819071, 11228575654], [11228575654, 5930698997], [5930698997, 5281048352], [5281048352, 11229115806], [11229115806, 3819768656], [3819768656, 3819768630], [3819768630, 3819768599], [3819768599, 4580510657], [4580510657, 4580522737], [4580522737, 3819768592], [3819768592, 3819768560], [3819768560, 3819768571], [3819768571, 4580511489], [4580511489, 3819768548], [3819768548, 3819768539], [3819768539, 3819768522], [3819768522, 10968647958]]",40,39,1647.305,0,0,0.0,0,0.0,0,0.0,0,0.0,0,0.0,0.0,24,19,16,k_shortest,1615.347,1647.305,31.958,0.019784,22.641,0.0,22.641,1.0,2,0,True
od_546,독바위,6호선,126.933031,37.618456,mobility_facility,사랑의집,서울특별시 은평구 역말로10길 30-1,126.9238,37.6092,1311.346,3824954278,10968647958,2.93341759236071,25.219799857210795,PASS,od_546_k_shortest_alternative_1,k_shortest_alternative_1,"[3824954278, 436849320, 307924229, 3824954088, 3819769661, 3824954063, 445329900, 436849314, 5281044434, 5281044436, 5281044435, 3819769307, 3279011087, 4580205446, 3819769163, 353195249, 436849310, 3279011082, 5281045189, 5281045187, 5281045188, 5281045186, 457819071, 11228575654, 5930698997, 5281048352, 11229115806, 12364765013, 12364765021, 12364765017, 436873827, 3819768516, 3819768533, 3819768549, 3819768560, 3819768571, 4580511489, 3819768548, 3819768539, 3819768522, 10968647958]","[[3824954278, 436849320], [436849320, 307924229], [307924229, 3824954088], [3824954088, 3819769661], [3819769661, 3824954063], [3824954063, 445329900], [445329900, 436849314], [436849314, 5281044434], [5281044434, 5281044436], [5281044436, 5281044435], [5281044435, 3819769307], [3819769307, 3279011087], [3279011087, 4580205446], [4580205446, 3819769163], [3819769163, 353195249], [353195249, 436849310], [436849310, 3279011082], [3279011082, 5281045189], [5281045189, 5281045187], [5281045187, 5281045188], [5281045188, 5281045186], [5281045186, 457819071], [457819071, 11228575654], [11228575654, 5930698997], [5930698997, 5281048352], [5281048352, 11229115806], [11229115806, 12364765013], [12364765013, 12364765021], [12364765021, 12364765017], [12364765017, 436873827], [436873827, 3819768516], [3819768516, 3819768533], [3819768533, 3819768549], [3819768549, 3819768560], [3819768560, 3819768571], [3819768571, 4580511489], [4580511489, 3819768548], [3819768548, 3819768539], [3819768539, 3819768522], [3819768522, 10968647958]]",41,40,1631.497,0,0,0.0,0,0.0,0,0.0,0,0.0,0,0.0,0.0,24,20,16,k_shortest,1615.347,1631.497,16.15,0.009998,22.641,0.0,22.641,1.0,2,0,True
od_546,독바위,6호선,126.933031,37.618456,mobility_facility,사랑의집,서울특별시 은평구 역말로10길 30-1,126.9238,37.6092,1311.346,3824954278,10968647958,2.93341759236071,25.219799857210795,PASS,od_546_k_shortest_alternative_2,k_shortest_alternative_2,"[3824954278, 436849320, 307924229, 3824954088, 3819769661, 3824954063, 445329900, 436849314, 5281044434, 5281044436, 5281044435, 3819769307, 3279011087, 4580205446, 3819769163, 353195249, 436849310, 3279011082, 5281045189, 5281045187, 5281045188, 5281045186, 457819071, 11228575654, 5930698997, 3819768872, 3819768795, 3819768770, 3819768734, 3819768668, 3819768630, 3819768599, 4580510657, 4580522737, 3004846049, 4580511489, 3819768548, 3819768539, 3819768522, 10968647958]","[[3824954278, 436849320], [436849320, 307924229], [307924229, 3824954088], [3824954088, 3819769661], [3819769661, 3824954063], [3824954063, 445329900], [445329900, 436849314], [436849314, 5281044434], [5281044434, 5281044436], [5281044436, 5281044435], [5281044435, 3819769307], [3819769307, 3279011087], [3279011087, 4580205446], [4580205446, 3819769163], [3819769163, 353195249], [353195249, 436849310], [436849310, 3279011082], [3279011082, 5281045189], [5281045189, 5281045187], [5281045187, 5281045188], [5281045188, 5281045186], [5281045186, 457819071], [457819071, 11228575654], [11228575654, 5930698997], [5930698997, 3819768872], [3819768872, 3819768795], [3819768795, 3819768770], [3819768770, 3819768734], [3819768734, 3819768668], [3819768668, 3819768630], [3819768630, 3819768599], [3819768599, 4580510657], [4580510657, 4580522737], [4580522737, 3004846049], [3004846049, 4580511489], [4580511489, 3819768548], [3819768548, 3819768539], [3819768539, 3819768522], [3819768522, 10968647958]]",40,39,1645.588,0,0,0.0,0,0.0,0,0.0,0,0.0,0,0.0,0.0,24,16,12,k_shortest,1615.347,1645.588,30.241,0.018721,22.641,0.0,22.641,1.0,2,0,True
od_546,독바위,6호선,126.933031,37.618456,mobility_facility,사랑의집,서울특별시 은평구 역말로10길 30-1,126.9238,37.6092,1311.346,3824954278,10968647958,2.93341759236071,25.219799857210795,PASS,od_546_k_shortest_alternative_3,k_shortest_alternative_3,"[3824954278, 436849320, 307924229, 3824954088, 3819769661, 3824954063, 445329900, 436849314, 5281044434, 5281044436, 5281044435, 3819769307, 3279011087, 4580205446, 3819769163, 353195249, 436849310, 3279011082, 5281045189, 5281045187, 5281045188, 5281045186, 457819071, 11228575654, 5930698997, 5281048352, 11229115806, 3819768656, 3819768630, 3819768599, 4580510657, 4580522737, 3819768592, 3819768560, 3819768571, 4580511489, 3819768548, 3819768539, 3819768522, 10968647958]","[[3824954278, 436849320], [436849320, 307924229], [307924229, 3824954088], [3824954088, 3819769661], [3819769661, 3824954063], [3824954063, 445329900], [445329900, 436849314], [436849314, 5281044434], [5281044434, 5281044436], [5281044436, 5281044435], [5281044435, 3819769307], [3819769307, 3279011087], [3279011087, 4580205446], [4580205446, 3819769163], [3819769163, 353195249], [353195249, 436849310], [436849310, 3279011082], [3279011082, 5281045189], [5281045189, 5281045187], [5281045187, 5281045188], [5281045188, 5281045186], [5281045186, 457819071], [457819071, 11228575654], [11228575654, 5930698997], [5930698997, 5281048352], [5281048352, 11229115806], [11229115806, 3819768656], [3819768656, 3819768630], [3819768630, 3819768599], [3819768599, 4580510657], [4580510657, 4580522737], [4580522737, 3819768592], [3819768592, 3819768560], [3819768560, 3819768571], [3819768571, 4580511489], [4580511489, 3819768548], [3819768548, 3819768539], [3819768539, 3819768522], [3819768522, 10968647958]]",40,39,1647.305,0,0,0.0,0,0.0,0,0.0,0,0.0,0,0.0,0.0,24,19,16,k_shortest,1615.347,1647.305,31.958,0.019784,22.641,0.0,22.641,1.0,2,0,True
od_461,독바위,6호선,126.933031,37.618456,mobility_facility,경희부동산공인중개사사무소,서울특별시 은평구 서오릉로8길 22,126.9238,37.6088,1346.41,3824954278,3004846056,2.93341759236071,12.14487729615712,PASS,od_461_k_shortest_alternative_1,k_shortest_alternative_1,"[3824954278, 436849320, 307924229, 3824954088, 3819769661, 3824954063, 445329900, 436849314, 5281044434, 5281044436, 5281044435, 3819769307, 3279011087, 4580205446, 3819769163, 353195249, 436849310, 3279011082, 5281045189, 5281045187, 5281045188, 5281045186, 457819071, 11228575654, 5930698997, 5281048352, 11229115806, 12364765013, 12364765021, 12364765017, 436873827, 3819768516, 3819768484, 3819768233, 3819768471, 3004846056]","[[3824954278, 436849320], [436849320, 307924229], [307924229, 3824954088], [3824954088, 3819769661], [3819769661, 3824954063], [3824954063, 445329900], [445329900, 436849314], [436849314, 5281044434], [5281044434, 5281044436], [5281044436, 5281044435], [5281044435, 3819769307], [3819769307, 3279011087], [3279011087, 4580205446], [4580205446, 3819769163], [3819769163, 353195249], [353195249, 436849310], [436849310, 3279011082], [3279011082, 5281045189], [5281045189, 5281045187], [5281045187, 5281045188], [5281045188, 5281045186], [5281045186, 457819071], [457819071, 11228575654], [11228575654, 5930698997], [5930698997, 5281048352], [5281048352, 11229115806], [11229115806, 12364765013], [12364765013, 12364765021], [12364765021, 12364765017], [12364765017, 436873827], [436873827, 3819768516], [3819768516, 3819768484], [3819768484, 3819768233], [3819768233, 3819768471], [3819768471, 3004846056]]",36,35,1642.129,0,0,0.0,0,0.0,0,0.0,0,0.0,0,0.0,0.0,22,20,16,k_shortest,1639.867,1642.129,2.262,0.001379,22.641,0.0,22.641,1.0,2,0,True
od_461,독바위,6호선,126.933031,37.618456,mobility_facility,경희부동산공인중개사사무소,서울특별시 은평구 서오릉로8길 22,126.9238,37.6088,1346.41,3824954278,3004846056,2.93341759236071,12.14487729615712,PASS,od_461_k_shortest_alternative_2,k_shortest_alternative_2,"[3824954278, 436849320, 307924229, 3824954088, 3819769661, 3824954063, 445329900, 436849314, 5281044434, 5281044436, 5281044435, 3819769307, 3279011087, 4580205446, 3819769163, 353195249, 436849310, 3279011082, 5281045189, 5281045187, 5281045188, 5281045186, 457819071, 11228575654, 5930698997, 5281048352, 11229115806, 12364765013, 436873829, 12364765017, 436873827, 3819768516, 3819768533, 3819768549, 3819768560, 3819768571, 4580511489, 3819768548, 3819768539, 3819768522, 10968647958, 3004846056]","[[3824954278, 436849320], [436849320, 307924229], [307924229, 3824954088], [3824954088, 3819769661], [3819769661, 3824954063], [3824954063, 445329900], [445329900, 436849314], [436849314, 5281044434], [5281044434, 5281044436], [5281044436, 5281044435], [5281044435, 3819769307], [3819769307, 3279011087], [3279011087, 4580205446], [4580205446, 3819769163], [3819769163, 353195249], [353195249, 436849310], [436849310, 3279011082], [3279011082, 5281045189], [5281045189, 5281045187], [5281045187, 5281045188], [5281045188, 5281045186], [5281045186, 457819071], [457819071, 11228575654], [11228575654, 5930698997], [5930698997, 5281048352], [5281048352, 11229115806], [11229115806, 12364765013], [12364765013, 436873829], [436873829, 12364765017], [12364765017, 436873827], [436873827, 3819768516], [3819768516, 3819768533], [3819768533, 3819768549], [3819768549, 3819768560], [3819768560, 3819768571], [3819768571, 4580511489], [4580511489, 3819768548], [3819768548, 3819768539], [3819768539, 3819768522], [3819768522, 10968647958], [10968647958, 3004846056]]",42,41,1664.293,0,0,0.0,0,0.0,0,0.0,0,0.0,0,0.0,0.0,25,20,16,k_shortest,1639.867,1664.293,24.426,0.014895,22.641,0.0,22.641,1.0,2,0,True
od_564,독바위,6호선,126.933031,37.618456,mobility_facility,메디알레소망공인중개사사무소,서울특별시 은평구 서오릉로8길 23,126.9238,37.609,1328.808,3824954278,3004846056,2.93341759236071,12.20580599543036,PASS,od_564_k_shortest_alternative_1,k_shortest_alternative_1,"[3824954278, 436849320, 307924229, 3824954088, 3819769661, 3824954063, 445329900, 436849314, 5281044434, 5281044436, 5281044435, 3819769307, 3279011087, 4580205446, 3819769163, 353195249, 436849310, 3279011082, 5281045189, 5281045187, 5281045188, 5281045186, 457819071, 11228575654, 5930698997, 5281048352, 11229115806, 12364765013, 12364765021, 12364765017, 436873827, 3819768516, 3819768484, 3819768233, 3819768471, 3004846056]","[[3824954278, 436849320], [436849320, 307924229], [307924229, 3824954088], [3824954088, 3819769661], [3819769661, 3824954063], [3824954063, 445329900], [445329900, 436849314], [436849314, 5281044434], [5281044434, 5281044436], [5281044436, 5281044435], [5281044435, 3819769307], [3819769307, 3279011087], [3279011087, 4580205446], [4580205446, 3819769163], [3819769163, 353195249], [353195249, 436849310], [436849310, 3279011082], [3279011082, 5281045189], [5281045189, 5281045187], [5281045187, 5281045188], [5281045188, 5281045186], [5281045186, 457819071], [457819071, 11228575654], [11228575654, 5930698997], [5930698997, 5281048352], [5281048352, 11229115806], [11229115806, 12364765013], [12364765013, 12364765021], [12364765021, 12364765017], [12364765017, 436873827], [436873827, 3819768516], [3819768516, 3819768484], [3819768484, 3819768233], [3819768233, 3819768471], [3819768471, 3004846056]]",36,35,1642.129,0,0,0.0,0,0.0,0,0.0,0,0.0,0,0.0,0.0,22,20,16,k_shortest,1639.867,1642.129,2.262,0.001379,22.641,0.0,22.641,1.0,2,0,True
od_564,독바위,6호선,126.933031,37.618456,mobility_facility,메디알레소망공인중개사사무소,서울특별시 은평구 서오릉로8길 23,126.9238,37.609,1328.808,3824954278,3004846056,2.93341759236071,12.20580599543036,PASS,od_564_k_shortest_alternative_2,k_shortest_alternative_2,"[3824954278, 436849320, 307924229, 3824954088, 3819769661, 3824954063, 445329900, 436849314, 5281044434, 5281044436, 5281044435, 3819769307, 3279011087, 4580205446, 3819769163, 353195249, 436849310, 3279011082, 5281045189, 5281045187, 5281045188, 5281045186, 457819071, 11228575654, 5930698997, 5281048352, 11229115806, 12364765013, 436873829, 12364765017, 436873827, 3819768516, 3819768533, 3819768549, 3819768560, 3819768571, 4580511489, 3819768548, 3819768539, 3819768522, 10968647958, 3004846056]","[[3824954278, 436849320], [436849320, 307924229], [307924229, 3824954088], [3824954088, 3819769661], [3819769661, 3824954063], [3824954063, 445329900], [445329900, 436849314], [436849314, 5281044434], [5281044434, 5281044436], [5281044436, 5281044435], [5281044435, 3819769307], [3819769307, 3279011087], [3279011087, 4580205446], [4580205446, 3819769163], [3819769163, 353195249], [353195249, 436849310], [436849310, 3279011082], [3279011082, 5281045189], [5281045189, 5281045187], [5281045187, 5281045188], [5281045188, 5281045186], [5281045186, 457819071], [457819071, 11228575654], [11228575654, 5930698997], [5930698997, 5281048352], [5281048352, 11229115806], [11229115806, 12364765013], [12364765013, 436873829], [436873829, 12364765017], [12364765017, 436873827], [436873827, 3819768516], [3819768516, 3819768533], [3819768533, 3819768549], [3819768549, 3819768560], [3819768560, 3819768571], [3819768571, 4580511489], [4580511489, 3819768548], [3819768548, 3819768539], [3819768539, 3819768522], [3819768522, 10968647958], [10968647958, 3004846056]]",42,41,1664.293,0,0,0.0,0,0.0,0,0.0,0,0.0,0,0.0,0.0,25,20,16,k_shortest,1639.867,1664.293,24.426,0.014895,22.641,0.0,22.641,1.0,2,0,True
od_2675,연신내,3호선,126.921038,37.619229,mobility_facility,냉삼집,"서울특별시 은평구 불광로 90, 102동 (불광동, 대호프라자아파트)",126.9329,37.6152,1138.737,13357342120,5281044436,32.16422242836125,12.28200980646982,PASS,od_2675_k_shortest_alternative_1,k_shortest_alternative_1,"[13357342120, 13357342121, 13357321496, 11178032838, 11230505689, 11228574064, 11228574065, 449449459, 3278844686, 11228574067, 11296481769, 3819769528, 3819769458, 11228575767, 11228574126, 11228574122, 8370552973, 8370552942, 8370552943, 8370552950, 8370553057, 8370552966, 10682085912, 10682086049, 3819769504, 3819769423, 3819769438, 3819769436, 3819769416, 3819769405, 3819769396, 5281044436]","[[13357342120, 13357342121], [13357342121, 13357321496], [13357321496, 11178032838], [11178032838, 11230505689], [11230505689, 11228574064], [11228574064, 11228574065], [11228574065, 449449459], [449449459, 3278844686], [3278844686, 11228574067], [11228574067, 11296481769], [11296481769, 3819769528], [3819769528, 3819769458], [3819769458, 11228575767], [11228575767, 11228574126], [11228574126, 11228574122], [11228574122, 8370552973], [8370552973, 8370552942], [8370552942, 8370552943], [8370552943, 8370552950], [8370552950, 8370553057], [8370553057, 8370552966], [8370552966, 10682085912], [10682085912, 10682086049], [10682086049, 3819769504], [3819769504, 3819769423], [3819769423, 3819769438], [3819769438, 3819769436], [3819769436, 3819769416], [3819769416, 3819769405], [3819769405, 3819769396], [3819769396, 5281044436]]",32,31,1445.997,0,0,0.0,0,0.0,0,0.0,2,21.486,2,21.486,0.014859,4,8,10,k_shortest,1439.974,1445.997,6.023,0.004183,21.486,21.486,0.0,0.0,2,2,False
od_2675,연신내,3호선,126.921038,37.619229,mobility_facility,냉삼집,"서울특별시 은평구 불광로 90, 102동 (불광동, 대호프라자아파트)",126.9329,37.6152,1138.737,13357342120,5281044436,32.16422242836125,12.28200980646982,PASS,od_2675_k_shortest_alternative_2,k_shortest_alternative_2,"[13357342120, 13357342121, 13357321496, 11178032838, 11230505689, 11228574064, 11228574065, 449449459, 3278844686, 11228575652, 3819769749, 11228575779, 11228574068, 11228575767, 11228574126, 11228574122, 8370552973, 8370552942, 8370552943, 8370552950, 8370553057, 8370552966, 10682085912, 10682086049, 3819769504, 3819769423, 3819769438, 3819769436, 3819769416, 3819769405, 3819769396, 5281044436]","[[13357342120, 13357342121], [13357342121, 13357321496], [13357321496, 11178032838], [11178032838, 11230505689], [11230505689, 11228574064], [11228574064, 11228574065], [11228574065, 449449459], [449449459, 3278844686], [3278844686, 11228575652], [11228575652, 3819769749], [3819769749, 11228575779], [11228575779, 11228574068], [11228574068, 11228575767], [11228575767, 11228574126], [11228574126, 11228574122], [11228574122, 8370552973], [8370552973, 8370552942], [8370552942, 8370552943], [8370552943, 8370552950], [8370552950, 8370553057], [8370553057, 8370552966], [8370552966, 10682085912], [10682085912, 10682086049], [10682086049, 3819769504], [3819769504, 3819769423], [3819769423, 3819769438], [3819769438, 3819769436], [3819769436, 3819769416], [3819769416, 3819769405], [3819769405, 3819769396], [3819769396, 5281044436]]",32,31,1446.631,0,0,0.0,0,0.0,0,0.0,2,21.486,2,21.486,0.014852,4,8,10,k_shortest,1439.974,1446.631,6.657,0.004623,21.486,21.486,0.0,0.0,2,2,False
od_2675,연신내,3호선,126.921038,37.619229,mobility_facility,냉삼집,"서울특별시 은평구 불광로 90, 102동 (불광동, 대호프라자아파트)",126.9329,37.6152,1138.737,13357342120,5281044436,32.16422242836125,12.28200980646982,PASS,od_2675_k_shortest_alternative_3,k_shortest_alternative_3,"[13357342120, 13357342121, 13357321496, 11178032838, 2960309144, 3819769883, 3819769902, 3819769898, 3819769860, 3819769843, 3819769828, 4580162913, 3819769809, 3819769789, 10682009303, 10682086042, 10682086137, 10682086212, 10682085987, 10682086049, 3819769504, 3819769423, 3819769438, 3819769436, 3819769416, 3819769405, 3819769396, 5281044436]","[[13357342120, 13357342121], [13357342121, 13357321496], [13357321496, 11178032838], [11178032838, 2960309144], [2960309144, 3819769883], [3819769883, 3819769902], [3819769902, 3819769898], [3819769898, 3819769860], [3819769860, 3819769843], [3819769843, 3819769828], [3819769828, 4580162913], [4580162913, 3819769809], [3819769809, 3819769789], [3819769789, 10682009303], [10682009303, 10682086042], [10682086042, 10682086137], [10682086137, 10682086212], [10682086212, 10682085987], [10682085987, 10682086049], [10682086049, 3819769504], [3819769504, 3819769423], [3819769423, 3819769438], [3819769438, 3819769436], [3819769436, 3819769416], [3819769416, 3819769405], [3819769405, 3819769396], [3819769396, 5281044436]]",28,27,1449.188,0,0,0.0,0,0.0,0,0.0,2,21.486,2,21.486,0.014826,4,8,11,k_shortest,1439.974,1449.188,9.214,0.006399,21.486,21.486,0.0,0.0,2,2,False
od_23,연신내,6호선,126.920625,37.618636,mobility_facility,냉삼집,"서울특별시 은평구 불광로 90, 102동 (불광동, 대호프라자아파트)",126.9329,37.6152,1148.87,11230505686,5281044436,20.028299588559467,12.28200980646982,PASS,od_23_k_shortest_alternative_1,k_shortest_alternative_1,"[11230505686, 11663495477, 13357321496, 11178032838, 11230505689, 11228574064, 11228574065, 449449459, 3278844686, 11228574067, 11296481769, 3819769528, 3819769458, 11228575767, 11228574126, 11228574122, 8370552973, 8370552942, 8370552943, 8370552950, 8370553057, 8370552966, 10682085912, 10682086049, 3819769504, 3819769423, 3819769438, 3819769436, 3819769416, 3819769405, 3819769396, 5281044436]","[[11230505686, 11663495477], [11663495477, 13357321496], [13357321496, 11178032838], [11178032838, 11230505689], [11230505689, 11228574064], [11228574064, 11228574065], [11228574065, 449449459], [449449459, 3278844686], [3278844686, 11228574067], [11228574067, 11296481769], [11296481769, 3819769528], [3819769528, 3819769458], [3819769458, 11228575767], [11228575767, 11228574126], [11228574126, 11228574122], [11228574122, 8370552973], [8370552973, 8370552942], [8370552942, 8370552943], [8370552943, 8370552950], [8370552950, 8370553057], [8370553057, 8370552966], [8370552966, 10682085912], [10682085912, 10682086049], [10682086049, 3819769504], [3819769504, 3819769423], [3819769423, 3819769438], [3819769438, 3819769436], [3819769436, 3819769416], [3819769416, 3819769405], [3819769405, 3819769396], [3819769396, 5281044436]]",32,31,1460.273,0,0,0.0,0,0.0,0,0.0,2,21.486,2,21.486,0.014713,4,9,11,k_shortest,1454.25,1460.273,6.023,0.004142,21.486,21.486,0.0,0.0,2,2,False
od_23,연신내,6호선,126.920625,37.618636,mobility_facility,냉삼집,"서울특별시 은평구 불광로 90, 102동 (불광동, 대호프라자아파트)",126.9329,37.6152,1148.87,11230505686,5281044436,20.028299588559467,12.28200980646982,PASS,od_23_k_shortest_alternative_2,k_shortest_alternative_2,"[11230505686, 11663495477, 13357321496, 11178032838, 11230505689, 11228574064, 11228574065, 449449459, 3278844686, 11228575652, 3819769749, 11228575779, 11228574068, 11228575767, 11228574126, 11228574122, 8370552973, 8370552942, 8370552943, 8370552950, 8370553057, 8370552966, 10682085912, 10682086049, 3819769504, 3819769423, 3819769438, 3819769436, 3819769416, 3819769405, 3819769396, 5281044436]","[[11230505686, 11663495477], [11663495477, 13357321496], [13357321496, 11178032838], [11178032838, 11230505689], [11230505689, 11228574064], [11228574064, 11228574065], [11228574065, 449449459], [449449459, 3278844686], [3278844686, 11228575652], [11228575652, 3819769749], [3819769749, 11228575779], [11228575779, 11228574068], [11228574068, 11228575767], [11228575767, 11228574126], [11228574126, 11228574122], [11228574122, 8370552973], [8370552973, 8370552942], [8370552942, 8370552943], [8370552943, 8370552950], [8370552950, 8370553057], [8370553057, 8370552966], [8370552966, 10682085912], [10682085912, 10682086049], [10682086049, 3819769504], [3819769504, 3819769423], [3819769423, 3819769438], [3819769438, 3819769436], [3819769436, 3819769416], [3819769416, 3819769405], [3819769405, 3819769396], [3819769396, 5281044436]]",32,31,1460.907,0,0,0.0,0,0.0,0,0.0,2,21.486,2,21.486,0.014707,4,9,11,k_shortest,1454.25,1460.907,6.657,0.004578,21.486,21.486,0.0,0.0,2,2,False
od_23,연신내,6호선,126.920625,37.618636,mobility_facility,냉삼집,"서울특별시 은평구 불광로 90, 102동 (불광동, 대호프라자아파트)",126.9329,37.6152,1148.87,11230505686,5281044436,20.028299588559467,12.28200980646982,PASS,od_23_k_shortest_alternative_3,k_shortest_alternative_3,"[11230505686, 11663495477, 13357321496, 11178032838, 2960309144, 3819769883, 3819769902, 3819769898, 3819769860, 3819769843, 3819769828, 4580162913, 3819769809, 3819769789, 10682009303, 10682086042, 10682086137, 10682086212, 10682085987, 10682086049, 3819769504, 3819769423, 3819769438, 3819769436, 3819769416, 3819769405, 3819769396, 5281044436]","[[11230505686, 11663495477], [11663495477, 13357321496], [13357321496, 11178032838], [11178032838, 2960309144], [2960309144, 3819769883], [3819769883, 3819769902], [3819769902, 3819769898], [3819769898, 3819769860], [3819769860, 3819769843], [3819769843, 3819769828], [3819769828, 4580162913], [4580162913, 3819769809], [3819769809, 3819769789], [3819769789, 10682009303], [10682009303, 10682086042], [10682086042, 10682086137], [10682086137, 10682086212], [10682086212, 10682085987], [10682085987, 10682086049], [10682086049, 3819769504], [3819769504, 3819769423], [3819769423, 3819769438], [3819769438, 3819769436], [3819769436, 3819769416], [3819769416, 3819769405], [3819769405, 3819769396], [3819769396, 5281044436]]",28,27,1463.464,0,0,0.0,0,0.0,0,0.0,2,21.486,2,21.486,0.014681,4,9,12,k_shortest,1454.25,1463.464,9.214,0.006336,21.486,21.486,0.0,0.0,2,2,False
od_2674,연신내,3호선,126.921038,37.619229,mobility_facility,서울면옥,"서울특별시 은평구 불광로 90, 102동 (불광동, 대호프라자아파트)",126.9327,37.6148,1140.935,13357342120,5281044435,32.16422242836125,17.118518526960106,PASS,od_2674_k_shortest_alternative_1,k_shortest_alternative_1,"[13357342120, 13357342121, 13357321496, 11178032838, 2960309144, 3819769883, 11296481771, 3819769766, 11228575652, 3819769749, 11228575779, 11228574068, 11228575767, 11228574126, 11228574122, 8370552973, 8370552942, 8370552943, 8370552950, 8370553057, 8370552966, 10682085912, 10682086049, 3819769504, 3819769423, 3819769377, 3819769352, 3819769384, 3819769373, 3819769369, 5281044435]","[[13357342120, 13357342121], [13357342121, 13357321496], [13357321496, 11178032838], [11178032838, 2960309144], [2960309144, 3819769883], [3819769883, 11296481771], [11296481771, 3819769766], [3819769766, 11228575652], [11228575652, 3819769749], [3819769749, 11228575779], [11228575779, 11228574068], [11228574068, 11228575767], [11228575767, 11228574126], [11228574126, 11228574122], [11228574122, 8370552973], [8370552973, 8370552942], [8370552942, 8370552943], [8370552943, 8370552950], [8370552950, 8370553057], [8370553057, 8370552966], [8370552966, 10682085912], [10682085912, 10682086049], [10682086049, 3819769504], [3819769504, 3819769423], [3819769423, 3819769377], [3819769377, 3819769352], [3819769352, 3819769384], [3819769384, 3819769373], [3819769373, 3819769369], [3819769369, 5281044435]]",31,30,1479.424,0,0,0.0,0,0.0,0,0.0,0,0.0,0,0.0,0.0,6,8,11,k_shortest,1478.4,1479.424,1.024,0.000693,21.486,0.0,21.486,1.0,2,0,True
od_2674,연신내,3호선,126.921038,37.619229,mobility_facility,서울면옥,"서울특별시 은평구 불광로 90, 102동 (불광동, 대호프라자아파트)",126.9327,37.6148,1140.935,13357342120,5281044435,32.16422242836125,17.118518526960106,PASS,od_2674_k_shortest_alternative_2,k_shortest_alternative_2,"[13357342120, 13357342121, 13357321496, 11178032838, 11230505689, 11228574064, 11228574065, 449449459, 3278844686, 11228574067, 11296481769, 3819769528, 3819769458, 11228575767, 11228574126, 11228574122, 8370552973, 8370552942, 8370552943, 8370552950, 8370553057, 8370552966, 10682085912, 10682086049, 3819769504, 3819769423, 3819769438, 3819769436, 3819769416, 3819769405, 3819769396, 5281044436, 5281044435]","[[13357342120, 13357342121], [13357342121, 13357321496], [13357321496, 11178032838], [11178032838, 11230505689], [11230505689, 11228574064], [11228574064, 11228574065], [11228574065, 449449459], [449449459, 3278844686], [3278844686, 11228574067], [11228574067, 11296481769], [11296481769, 3819769528], [3819769528, 3819769458], [3819769458, 11228575767], [11228575767, 11228574126], [11228574126, 11228574122], [11228574122, 8370552973], [8370552973, 8370552942], [8370552942, 8370552943], [8370552943, 8370552950], [8370552950, 8370553057], [8370553057, 8370552966], [8370552966, 10682085912], [10682085912, 10682086049], [10682086049, 3819769504], [3819769504, 3819769423], [3819769423, 3819769438], [3819769438, 3819769436], [3819769436, 3819769416], [3819769416, 3819769405], [3819769405, 3819769396], [3819769396, 5281044436], [5281044436, 5281044435]]",33,32,1484.423,0,0,0.0,0,0.0,0,0.0,2,21.486,2,21.486,0.014474,7,8,10,k_shortest,1478.4,1484.423,6.023,0.004074,21.486,21.486,0.0,0.0,2,2,False
od_2674,연신내,3호선,126.921038,37.619229,mobility_facility,서울면옥,"서울특별시 은평구 불광로 90, 102동 (불광동, 대호프라자아파트)",126.9327,37.6148,1140.935,13357342120,5281044435,32.16422242836125,17.118518526960106,PASS,od_2674_k_shortest_alternative_3,k_shortest_alternative_3,"[13357342120, 13357342121, 13357321496, 11178032838, 11230505689, 11228574064, 11228574065, 449449459, 3278844686, 11228575652, 3819769749, 11228575779, 11228574068, 11228575767, 11228574126, 11228574122, 8370552973, 8370552942, 8370552943, 8370552950, 8370553057, 8370552966, 10682085912, 10682086049, 3819769504, 3819769423, 3819769438, 3819769436, 3819769416, 3819769405, 3819769396, 5281044436, 5281044435]","[[13357342120, 13357342121], [13357342121, 13357321496], [13357321496, 11178032838], [11178032838, 11230505689], [11230505689, 11228574064], [11228574064, 11228574065], [11228574065, 449449459], [449449459, 3278844686], [3278844686, 11228575652], [11228575652, 3819769749], [3819769749, 11228575779], [11228575779, 11228574068], [11228574068, 11228575767], [11228575767, 11228574126], [11228574126, 11228574122], [11228574122, 8370552973], [8370552973, 8370552942], [8370552942, 8370552943], [8370552943, 8370552950], [8370552950, 8370553057], [8370553057, 8370552966], [8370552966, 10682085912], [10682085912, 10682086049], [10682086049, 3819769504], [3819769504, 3819769423], [3819769423, 3819769438], [3819769438, 3819769436], [3819769436, 3819769416], [3819769416, 3819769405], [3819769405, 3819769396], [3819769396, 5281044436], [5281044436, 5281044435]]",33,32,1485.057,0,0,0.0,0,0.0,0,0.0,2,21.486,2,21.486,0.014468,7,8,10,k_shortest,1478.4,1485.057,6.657,0.004503,21.486,21.486,0.0,0.0,2,2,False
od_2674,연신내,3호선,126.921038,37.619229,mobility_facility,서울면옥,"서울특별시 은평구 불광로 90, 102동 (불광동, 대호프라자아파트)",126.9327,37.6148,1140.935,13357342120,5281044435,32.16422242836125,17.118518526960106,PASS,od_2674_k_shortest_alternative_4,k_shortest_alternative_4,"[13357342120, 13357342121, 13357321496, 11178032838, 11230505689, 11228574064, 11228574065, 449449459, 3278844686, 11228574067, 11296481769, 3819769528, 3819769458, 11228575767, 11228574126, 11228574122, 8370552973, 8370552942, 8370552943, 8370552950, 8370553057, 8370552966, 10682085912, 10682086049, 3819769504, 3819769423, 3819769377, 3819769352, 3819769384, 3819769373, 3819769369, 5281044435]","[[13357342120, 13357342121], [13357342121, 13357321496], [13357321496, 11178032838], [11178032838, 11230505689], [11230505689, 11228574064], [11228574064, 11228574065], [11228574065, 449449459], [449449459, 3278844686], [3278844686, 11228574067], [11228574067, 11296481769], [11296481769, 3819769528], [3819769528, 3819769458], [3819769458, 11228575767], [11228575767, 11228574126], [11228574126, 11228574122], [11228574122, 8370552973], [8370552973, 8370552942], [8370552942, 8370552943], [8370552943, 8370552950], [8370552950, 8370553057], [8370553057, 8370552966], [8370552966, 10682085912], [10682085912, 10682086049], [10682086049, 3819769504], [3819769504, 3819769423], [3819769423, 3819769377], [3819769377, 3819769352], [3819769352, 3819769384], [3819769384, 3819769373], [3819769373, 3819769369], [3819769369, 5281044435]]",32,31,1485.447,0,0,0.0,0,0.0,0,0.0,0,0.0,0,0.0,0.0,6,8,10,k_shortest,1478.4,1485.447,7.047,0.004767,21.486,0.0,21.486,1.0,2,0,True
od_2673,연신내,3호선,126.921038,37.619229,mobility_facility,호우동,"서울특별시 은평구 불광로 90, 102동 (불광동, 대호프라자아파트)",126.9327,37.6148,1140.935,13357342120,5281044435,32.16422242836125,17.118518526960106,PASS,od_2673_k_shortest_alternative_1,k_shortest_alternative_1,"[13357342120, 13357342121, 13357321496, 11178032838, 2960309144, 3819769883, 11296481771, 3819769766, 11228575652, 3819769749, 11228575779, 11228574068, 11228575767, 11228574126, 11228574122, 8370552973, 8370552942, 8370552943, 8370552950, 8370553057, 8370552966, 10682085912, 10682086049, 3819769504, 3819769423, 3819769377, 3819769352, 3819769384, 3819769373, 3819769369, 5281044435]","[[13357342120, 13357342121], [13357342121, 13357321496], [13357321496, 11178032838], [11178032838, 2960309144], [2960309144, 3819769883], [3819769883, 11296481771], [11296481771, 3819769766], [3819769766, 11228575652], [11228575652, 3819769749], [3819769749, 11228575779], [11228575779, 11228574068], [11228574068, 11228575767], [11228575767, 11228574126], [11228574126, 11228574122], [11228574122, 8370552973], [8370552973, 8370552942], [8370552942, 8370552943], [8370552943, 8370552950], [8370552950, 8370553057], [8370553057, 8370552966], [8370552966, 10682085912], [10682085912, 10682086049], [10682086049, 3819769504], [3819769504, 3819769423], [3819769423, 3819769377], [3819769377, 3819769352], [3819769352, 3819769384], [3819769384, 3819769373], [3819769373, 3819769369], [3819769369, 5281044435]]",31,30,1479.424,0,0,0.0,0,0.0,0,0.0,0,0.0,0,0.0,0.0,6,8,11,k_shortest,1478.4,1479.424,1.024,0.000693,21.486,0.0,21.486,1.0,2,0,True
od_2673,연신내,3호선,126.921038,37.619229,mobility_facility,호우동,"서울특별시 은평구 불광로 90, 102동 (불광동, 대호프라자아파트)",126.9327,37.6148,1140.935,13357342120,5281044435,32.16422242836125,17.118518526960106,PASS,od_2673_k_shortest_alternative_2,k_shortest_alternative_2,"[13357342120, 13357342121, 13357321496, 11178032838, 11230505689, 11228574064, 11228574065, 449449459, 3278844686, 11228574067, 11296481769, 3819769528, 3819769458, 11228575767, 11228574126, 11228574122, 8370552973, 8370552942, 8370552943, 8370552950, 8370553057, 8370552966, 10682085912, 10682086049, 3819769504, 3819769423, 3819769438, 3819769436, 3819769416, 3819769405, 3819769396, 5281044436, 5281044435]","[[13357342120, 13357342121], [13357342121, 13357321496], [13357321496, 11178032838], [11178032838, 11230505689], [11230505689, 11228574064], [11228574064, 11228574065], [11228574065, 449449459], [449449459, 3278844686], [3278844686, 11228574067], [11228574067, 11296481769], [11296481769, 3819769528], [3819769528, 3819769458], [3819769458, 11228575767], [11228575767, 11228574126], [11228574126, 11228574122], [11228574122, 8370552973], [8370552973, 8370552942], [8370552942, 8370552943], [8370552943, 8370552950], [8370552950, 8370553057], [8370553057, 8370552966], [8370552966, 10682085912], [10682085912, 10682086049], [10682086049, 3819769504], [3819769504, 3819769423], [3819769423, 3819769438], [3819769438, 3819769436], [3819769436, 3819769416], [3819769416, 3819769405], [3819769405, 3819769396], [3819769396, 5281044436], [5281044436, 5281044435]]",33,32,1484.423,0,0,0.0,0,0.0,0,0.0,2,21.486,2,21.486,0.014474,7,8,10,k_shortest,1478.4,1484.423,6.023,0.004074,21.486,21.486,0.0,0.0,2,2,False
od_2673,연신내,3호선,126.921038,37.619229,mobility_facility,호우동,"서울특별시 은평구 불광로 90, 102동 (불광동, 대호프라자아파트)",126.9327,37.6148,1140.935,13357342120,5281044435,32.16422242836125,17.118518526960106,PASS,od_2673_k_shortest_alternative_3,k_shortest_alternative_3,"[13357342120, 13357342121, 13357321496, 11178032838, 11230505689, 11228574064, 11228574065, 449449459, 3278844686, 11228575652, 3819769749, 11228575779, 11228574068, 11228575767, 11228574126, 11228574122, 8370552973, 8370552942, 8370552943, 8370552950, 8370553057, 8370552966, 10682085912, 10682086049, 3819769504, 3819769423, 3819769438, 3819769436, 3819769416, 3819769405, 3819769396, 5281044436, 5281044435]","[[13357342120, 13357342121], [13357342121, 13357321496], [13357321496, 11178032838], [11178032838, 11230505689], [11230505689, 11228574064], [11228574064, 11228574065], [11228574065, 449449459], [449449459, 3278844686], [3278844686, 11228575652], [11228575652, 3819769749], [3819769749, 11228575779], [11228575779, 11228574068], [11228574068, 11228575767], [11228575767, 11228574126], [11228574126, 11228574122], [11228574122, 8370552973], [8370552973, 8370552942], [8370552942, 8370552943], [8370552943, 8370552950], [8370552950, 8370553057], [8370553057, 8370552966], [8370552966, 10682085912], [10682085912, 10682086049], [10682086049, 3819769504], [3819769504, 3819769423], [3819769423, 3819769438], [3819769438, 3819769436], [3819769436, 3819769416], [3819769416, 3819769405], [3819769405, 3819769396], [3819769396, 5281044436], [5281044436, 5281044435]]",33,32,1485.057,0,0,0.0,0,0.0,0,0.0,2,21.486,2,21.486,0.014468,7,8,10,k_shortest,1478.4,1485.057,6.657,0.004503,21.486,21.486,0.0,0.0,2,2,False
od_2673,연신내,3호선,126.921038,37.619229,mobility_facility,호우동,"서울특별시 은평구 불광로 90, 102동 (불광동, 대호프라자아파트)",126.9327,37.6148,1140.935,13357342120,5281044435,32.16422242836125,17.118518526960106,PASS,od_2673_k_shortest_alternative_4,k_shortest_alternative_4,"[13357342120, 13357342121, 13357321496, 11178032838, 11230505689, 11228574064, 11228574065, 449449459, 3278844686, 11228574067, 11296481769, 3819769528, 3819769458, 11228575767, 11228574126, 11228574122, 8370552973, 8370552942, 8370552943, 8370552950, 8370553057, 8370552966, 10682085912, 10682086049, 3819769504, 3819769423, 3819769377, 3819769352, 3819769384, 3819769373, 3819769369, 5281044435]","[[13357342120, 13357342121], [13357342121, 13357321496], [13357321496, 11178032838], [11178032838, 11230505689], [11230505689, 11228574064], [11228574064, 11228574065], [11228574065, 449449459], [449449459, 3278844686], [3278844686, 11228574067], [11228574067, 11296481769], [11296481769, 3819769528], [3819769528, 3819769458], [3819769458, 11228575767], [11228575767, 11228574126], [11228574126, 11228574122], [11228574122, 8370552973], [8370552973, 8370552942], [8370552942, 8370552943], [8370552943, 8370552950], [8370552950, 8370553057], [8370553057, 8370552966], [8370552966, 10682085912], [10682085912, 10682086049], [10682086049, 3819769504], [3819769504, 3819769423], [3819769423, 3819769377], [3819769377, 3819769352], [3819769352, 3819769384], [3819769384, 3819769373], [3819769373, 3819769369], [3819769369, 5281044435]]",32,31,1485.447,0,0,0.0,0,0.0,0,0.0,0,0.0,0,0.0,0.0,6,8,10,k_shortest,1478.4,1485.447,7.047,0.004767,21.486,0.0,21.486,1.0,2,0,True
od_22,연신내,6호선,126.920625,37.618636,mobility_facility,서울면옥,"서울특별시 은평구 불광로 90, 102동 (불광동, 대호프라자아파트)",126.9327,37.6148,1147.946,11230505686,5281044435,20.028299588559467,17.118518526960106,PASS,od_22_k_shortest_alternative_1,k_shortest_alternative_1,"[11230505686, 11663495477, 13357321496, 11178032838, 2960309144, 3819769883, 11296481771, 3819769766, 11228575652, 3819769749, 11228575779, 11228574068, 11228575767, 11228574126, 11228574122, 8370552973, 8370552942, 8370552943, 8370552950, 8370553057, 8370552966, 10682085912, 10682086049, 3819769504, 3819769423, 3819769377, 3819769352, 3819769384, 3819769373, 3819769369, 5281044435]","[[11230505686, 11663495477], [11663495477, 13357321496], [13357321496, 11178032838], [11178032838, 2960309144], [2960309144, 3819769883], [3819769883, 11296481771], [11296481771, 3819769766], [3819769766, 11228575652], [11228575652, 3819769749], [3819769749, 11228575779], [11228575779, 11228574068], [11228574068, 11228575767], [11228575767, 11228574126], [11228574126, 11228574122], [11228574122, 8370552973], [8370552973, 8370552942], [8370552942, 8370552943], [8370552943, 8370552950], [8370552950, 8370553057], [8370553057, 8370552966], [8370552966, 10682085912], [10682085912, 10682086049], [10682086049, 3819769504], [3819769504, 3819769423], [3819769423, 3819769377], [3819769377, 3819769352], [3819769352, 3819769384], [3819769384, 3819769373], [3819769373, 3819769369], [3819769369, 5281044435]]",31,30,1493.7,0,0,0.0,0,0.0,0,0.0,0,0.0,0,0.0,0.0,6,9,12,k_shortest,1492.676,1493.7,1.024,0.000686,21.486,0.0,21.486,1.0,2,0,True
od_22,연신내,6호선,126.920625,37.618636,mobility_facility,서울면옥,"서울특별시 은평구 불광로 90, 102동 (불광동, 대호프라자아파트)",126.9327,37.6148,1147.946,11230505686,5281044435,20.028299588559467,17.118518526960106,PASS,od_22_k_shortest_alternative_2,k_shortest_alternative_2,"[11230505686, 11663495477, 13357321496, 11178032838, 11230505689, 11228574064, 11228574065, 449449459, 3278844686, 11228574067, 11296481769, 3819769528, 3819769458, 11228575767, 11228574126, 11228574122, 8370552973, 8370552942, 8370552943, 8370552950, 8370553057, 8370552966, 10682085912, 10682086049, 3819769504, 3819769423, 3819769438, 3819769436, 3819769416, 3819769405, 3819769396, 5281044436, 5281044435]","[[11230505686, 11663495477], [11663495477, 13357321496], [13357321496, 11178032838], [11178032838, 11230505689], [11230505689, 11228574064], [11228574064, 11228574065], [11228574065, 449449459], [449449459, 3278844686], [3278844686, 11228574067], [11228574067, 11296481769], [11296481769, 3819769528], [3819769528, 3819769458], [3819769458, 11228575767], [11228575767, 11228574126], [11228574126, 11228574122], [11228574122, 8370552973], [8370552973, 8370552942], [8370552942, 8370552943], [8370552943, 8370552950], [8370552950, 8370553057], [8370553057, 8370552966], [8370552966, 10682085912], [10682085912, 10682086049], [10682086049, 3819769504], [3819769504, 3819769423], [3819769423, 3819769438], [3819769438, 3819769436], [3819769436, 3819769416], [3819769416, 3819769405], [3819769405, 3819769396], [3819769396, 5281044436], [5281044436, 5281044435]]",33,32,1498.699,0,0,0.0,0,0.0,0,0.0,2,21.486,2,21.486,0.014336,7,9,11,k_shortest,1492.676,1498.699,6.023,0.004035,21.486,21.486,0.0,0.0,2,2,False
od_22,연신내,6호선,126.920625,37.618636,mobility_facility,서울면옥,"서울특별시 은평구 불광로 90, 102동 (불광동, 대호프라자아파트)",126.9327,37.6148,1147.946,11230505686,5281044435,20.028299588559467,17.118518526960106,PASS,od_22_k_shortest_alternative_3,k_shortest_alternative_3,"[11230505686, 11663495477, 13357321496, 11178032838, 11230505689, 11228574064, 11228574065, 449449459, 3278844686, 11228575652, 3819769749, 11228575779, 11228574068, 11228575767, 11228574126, 11228574122, 8370552973, 8370552942, 8370552943, 8370552950, 8370553057, 8370552966, 10682085912, 10682086049, 3819769504, 3819769423, 3819769438, 3819769436, 3819769416, 3819769405, 3819769396, 5281044436, 5281044435]","[[11230505686, 11663495477], [11663495477, 13357321496], [13357321496, 11178032838], [11178032838, 11230505689], [11230505689, 11228574064], [11228574064, 11228574065], [11228574065, 449449459], [449449459, 3278844686], [3278844686, 11228575652], [11228575652, 3819769749], [3819769749, 11228575779], [11228575779, 11228574068], [11228574068, 11228575767], [11228575767, 11228574126], [11228574126, 11228574122], [11228574122, 8370552973], [8370552973, 8370552942], [8370552942, 8370552943], [8370552943, 8370552950], [8370552950, 8370553057], [8370553057, 8370552966], [8370552966, 10682085912], [10682085912, 10682086049], [10682086049, 3819769504], [3819769504, 3819769423], [3819769423, 3819769438], [3819769438, 3819769436], [3819769436, 3819769416], [3819769416, 3819769405], [3819769405, 3819769396], [3819769396, 5281044436], [5281044436, 5281044435]]",33,32,1499.333,0,0,0.0,0,0.0,0,0.0,2,21.486,2,21.486,0.01433,7,9,11,k_shortest,1492.676,1499.333,6.657,0.00446,21.486,21.486,0.0,0.0,2,2,False
od_22,연신내,6호선,126.920625,37.618636,mobility_facility,서울면옥,"서울특별시 은평구 불광로 90, 102동 (불광동, 대호프라자아파트)",126.9327,37.6148,1147.946,11230505686,5281044435,20.028299588559467,17.118518526960106,PASS,od_22_k_shortest_alternative_4,k_shortest_alternative_4,"[11230505686, 11663495477, 13357321496, 11178032838, 11230505689, 11228574064, 11228574065, 449449459, 3278844686, 11228574067, 11296481769, 3819769528, 3819769458, 11228575767, 11228574126, 11228574122, 8370552973, 8370552942, 8370552943, 8370552950, 8370553057, 8370552966, 10682085912, 10682086049, 3819769504, 3819769423, 3819769377, 3819769352, 3819769384, 3819769373, 3819769369, 5281044435]","[[11230505686, 11663495477], [11663495477, 13357321496], [13357321496, 11178032838], [11178032838, 11230505689], [11230505689, 11228574064], [11228574064, 11228574065], [11228574065, 449449459], [449449459, 3278844686], [3278844686, 11228574067], [11228574067, 11296481769], [11296481769, 3819769528], [3819769528, 3819769458], [3819769458, 11228575767], [11228575767, 11228574126], [11228574126, 11228574122], [11228574122, 8370552973], [8370552973, 8370552942], [8370552942, 8370552943], [8370552943, 8370552950], [8370552950, 8370553057], [8370553057, 8370552966], [8370552966, 10682085912], [10682085912, 10682086049], [10682086049, 3819769504], [3819769504, 3819769423], [3819769423, 3819769377], [3819769377, 3819769352], [3819769352, 3819769384], [3819769384, 3819769373], [3819769373, 3819769369], [3819769369, 5281044435]]",32,31,1499.723,0,0,0.0,0,0.0,0,0.0,0,0.0,0,0.0,0.0,6,9,11,k_shortest,1492.676,1499.723,7.047,0.004721,21.486,0.0,21.486,1.0,2,0,True
od_21,연신내,6호선,126.920625,37.618636,mobility_facility,호우동,"서울특별시 은평구 불광로 90, 102동 (불광동, 대호프라자아파트)",126.9327,37.6148,1147.946,11230505686,5281044435,20.028299588559467,17.118518526960106,PASS,od_21_k_shortest_alternative_1,k_shortest_alternative_1,"[11230505686, 11663495477, 13357321496, 11178032838, 2960309144, 3819769883, 11296481771, 3819769766, 11228575652, 3819769749, 11228575779, 11228574068, 11228575767, 11228574126, 11228574122, 8370552973, 8370552942, 8370552943, 8370552950, 8370553057, 8370552966, 10682085912, 10682086049, 3819769504, 3819769423, 3819769377, 3819769352, 3819769384, 3819769373, 3819769369, 5281044435]","[[11230505686, 11663495477], [11663495477, 13357321496], [13357321496, 11178032838], [11178032838, 2960309144], [2960309144, 3819769883], [3819769883, 11296481771], [11296481771, 3819769766], [3819769766, 11228575652], [11228575652, 3819769749], [3819769749, 11228575779], [11228575779, 11228574068], [11228574068, 11228575767], [11228575767, 11228574126], [11228574126, 11228574122], [11228574122, 8370552973], [8370552973, 8370552942], [8370552942, 8370552943], [8370552943, 8370552950], [8370552950, 8370553057], [8370553057, 8370552966], [8370552966, 10682085912], [10682085912, 10682086049], [10682086049, 3819769504], [3819769504, 3819769423], [3819769423, 3819769377], [3819769377, 3819769352], [3819769352, 3819769384], [3819769384, 3819769373], [3819769373, 3819769369], [3819769369, 5281044435]]",31,30,1493.7,0,0,0.0,0,0.0,0,0.0,0,0.0,0,0.0,0.0,6,9,12,k_shortest,1492.676,1493.7,1.024,0.000686,21.486,0.0,21.486,1.0,2,0,True
od_21,연신내,6호선,126.920625,37.618636,mobility_facility,호우동,"서울특별시 은평구 불광로 90, 102동 (불광동, 대호프라자아파트)",126.9327,37.6148,1147.946,11230505686,5281044435,20.028299588559467,17.118518526960106,PASS,od_21_k_shortest_alternative_2,k_shortest_alternative_2,"[11230505686, 11663495477, 13357321496, 11178032838, 11230505689, 11228574064, 11228574065, 449449459, 3278844686, 11228574067, 11296481769, 3819769528, 3819769458, 11228575767, 11228574126, 11228574122, 8370552973, 8370552942, 8370552943, 8370552950, 8370553057, 8370552966, 10682085912, 10682086049, 3819769504, 3819769423, 3819769438, 3819769436, 3819769416, 3819769405, 3819769396, 5281044436, 5281044435]","[[11230505686, 11663495477], [11663495477, 13357321496], [13357321496, 11178032838], [11178032838, 11230505689], [11230505689, 11228574064], [11228574064, 11228574065], [11228574065, 449449459], [449449459, 3278844686], [3278844686, 11228574067], [11228574067, 11296481769], [11296481769, 3819769528], [3819769528, 3819769458], [3819769458, 11228575767], [11228575767, 11228574126], [11228574126, 11228574122], [11228574122, 8370552973], [8370552973, 8370552942], [8370552942, 8370552943], [8370552943, 8370552950], [8370552950, 8370553057], [8370553057, 8370552966], [8370552966, 10682085912], [10682085912, 10682086049], [10682086049, 3819769504], [3819769504, 3819769423], [3819769423, 3819769438], [3819769438, 3819769436], [3819769436, 3819769416], [3819769416, 3819769405], [3819769405, 3819769396], [3819769396, 5281044436], [5281044436, 5281044435]]",33,32,1498.699,0,0,0.0,0,0.0,0,0.0,2,21.486,2,21.486,0.014336,7,9,11,k_shortest,1492.676,1498.699,6.023,0.004035,21.486,21.486,0.0,0.0,2,2,False
od_21,연신내,6호선,126.920625,37.618636,mobility_facility,호우동,"서울특별시 은평구 불광로 90, 102동 (불광동, 대호프라자아파트)",126.9327,37.6148,1147.946,11230505686,5281044435,20.028299588559467,17.118518526960106,PASS,od_21_k_shortest_alternative_3,k_shortest_alternative_3,"[11230505686, 11663495477, 13357321496, 11178032838, 11230505689, 11228574064, 11228574065, 449449459, 3278844686, 11228575652, 3819769749, 11228575779, 11228574068, 11228575767, 11228574126, 11228574122, 8370552973, 8370552942, 8370552943, 8370552950, 8370553057, 8370552966, 10682085912, 10682086049, 3819769504, 3819769423, 3819769438, 3819769436, 3819769416, 3819769405, 3819769396, 5281044436, 5281044435]","[[11230505686, 11663495477], [11663495477, 13357321496], [13357321496, 11178032838], [11178032838, 11230505689], [11230505689, 11228574064], [11228574064, 11228574065], [11228574065, 449449459], [449449459, 3278844686], [3278844686, 11228575652], [11228575652, 3819769749], [3819769749, 11228575779], [11228575779, 11228574068], [11228574068, 11228575767], [11228575767, 11228574126], [11228574126, 11228574122], [11228574122, 8370552973], [8370552973, 8370552942], [8370552942, 8370552943], [8370552943, 8370552950], [8370552950, 8370553057], [8370553057, 8370552966], [8370552966, 10682085912], [10682085912, 10682086049], [10682086049, 3819769504], [3819769504, 3819769423], [3819769423, 3819769438], [3819769438, 3819769436], [3819769436, 3819769416], [3819769416, 3819769405], [3819769405, 3819769396], [3819769396, 5281044436], [5281044436, 5281044435]]",33,32,1499.333,0,0,0.0,0,0.0,0,0.0,2,21.486,2,21.486,0.01433,7,9,11,k_shortest,1492.676,1499.333,6.657,0.00446,21.486,21.486,0.0,0.0,2,2,False
od_21,연신내,6호선,126.920625,37.618636,mobility_facility,호우동,"서울특별시 은평구 불광로 90, 102동 (불광동, 대호프라자아파트)",126.9327,37.6148,1147.946,11230505686,5281044435,20.028299588559467,17.118518526960106,PASS,od_21_k_shortest_alternative_4,k_shortest_alternative_4,"[11230505686, 11663495477, 13357321496, 11178032838, 11230505689, 11228574064, 11228574065, 449449459, 3278844686, 11228574067, 11296481769, 3819769528, 3819769458, 11228575767, 11228574126, 11228574122, 8370552973, 8370552942, 8370552943, 8370552950, 8370553057, 8370552966, 10682085912, 10682086049, 3819769504, 3819769423, 3819769377, 3819769352, 3819769384, 3819769373, 3819769369, 5281044435]","[[11230505686, 11663495477], [11663495477, 13357321496], [13357321496, 11178032838], [11178032838, 11230505689], [11230505689, 11228574064], [11228574064, 11228574065], [11228574065, 449449459], [449449459, 3278844686], [3278844686, 11228574067], [11228574067, 11296481769], [11296481769, 3819769528], [3819769528, 3819769458], [3819769458, 11228575767], [11228575767, 11228574126], [11228574126, 11228574122], [11228574122, 8370552973], [8370552973, 8370552942], [8370552942, 8370552943], [8370552943, 8370552950], [8370552950, 8370553057], [8370553057, 8370552966], [8370552966, 10682085912], [10682085912, 10682086049], [10682086049, 3819769504], [3819769504, 3819769423], [3819769423, 3819769377], [3819769377, 3819769352], [3819769352, 3819769384], [3819769384, 3819769373], [3819769373, 3819769369], [3819769369, 5281044435]]",32,31,1499.723,0,0,0.0,0,0.0,0,0.0,0,0.0,0,0.0,0.0,6,9,11,k_shortest,1492.676,1499.723,7.047,0.004721,21.486,0.0,21.486,1.0,2,0,True
od_2795,연신내,3호선,126.921038,37.619229,mobility_facility,색연필,"서울특별시 은평구 불광로 90, 102동 (불광동, 대호프라자아파트)",126.9326,37.6145,1147.815,13357342120,3819769307,32.16422242836125,20.741324332783933,PASS,od_2795_k_shortest_alternative_1,k_shortest_alternative_1,"[13357342120, 13357342121, 13357321496, 11178032838, 2960309144, 3819769883, 11296481771, 3819769766, 11228575652, 3819769749, 11228575779, 11228574068, 11228575767, 11228574126, 11228574122, 8370552973, 8370552942, 8370552943, 8370552950, 8370553057, 8370552966, 10682085912, 10682086049, 3819769504, 3819769423, 3819769377, 3819769352, 3819769384, 3819769373, 3819769369, 5281044435, 3819769307]","[[13357342120, 13357342121], [13357342121, 13357321496], [13357321496, 11178032838], [11178032838, 2960309144], [2960309144, 3819769883], [3819769883, 11296481771], [11296481771, 3819769766], [3819769766, 11228575652], [11228575652, 3819769749], [3819769749, 11228575779], [11228575779, 11228574068], [11228574068, 11228575767], [11228575767, 11228574126], [11228574126, 11228574122], [11228574122, 8370552973], [8370552973, 8370552942], [8370552942, 8370552943], [8370552943, 8370552950], [8370552950, 8370553057], [8370553057, 8370552966], [8370552966, 10682085912], [10682085912, 10682086049], [10682086049, 3819769504], [3819769504, 3819769423], [3819769423, 3819769377], [3819769377, 3819769352], [3819769352, 3819769384], [3819769384, 3819769373], [3819769373, 3819769369], [3819769369, 5281044435], [5281044435, 3819769307]]",32,31,1512.185,0,0,0.0,0,0.0,0,0.0,0,0.0,0,0.0,0.0,10,8,11,k_shortest,1511.161,1512.185,1.024,0.000678,21.486,0.0,21.486,1.0,2,0,True
od_2795,연신내,3호선,126.921038,37.619229,mobility_facility,색연필,"서울특별시 은평구 불광로 90, 102동 (불광동, 대호프라자아파트)",126.9326,37.6145,1147.815,13357342120,3819769307,32.16422242836125,20.741324332783933,PASS,od_2795_k_shortest_alternative_2,k_shortest_alternative_2,"[13357342120, 13357342121, 13357321496, 11178032838, 11230505689, 11228574064, 11228574065, 449449459, 3278844686, 11228574067, 11296481769, 3819769528, 3819769458, 11228575767, 11228574126, 11228574122, 8370552973, 8370552942, 8370552943, 8370552950, 8370553057, 8370552966, 10682085912, 10682086049, 3819769504, 3819769423, 3819769438, 3819769436, 3819769416, 3819769405, 3819769396, 5281044436, 5281044435, 3819769307]","[[13357342120, 13357342121], [13357342121, 13357321496], [13357321496, 11178032838], [11178032838, 11230505689], [11230505689, 11228574064], [11228574064, 11228574065], [11228574065, 449449459], [449449459, 3278844686], [3278844686, 11228574067], [11228574067, 11296481769], [11296481769, 3819769528], [3819769528, 3819769458], [3819769458, 11228575767], [11228575767, 11228574126], [11228574126, 11228574122], [11228574122, 8370552973], [8370552973, 8370552942], [8370552942, 8370552943], [8370552943, 8370552950], [8370552950, 8370553057], [8370553057, 8370552966], [8370552966, 10682085912], [10682085912, 10682086049], [10682086049, 3819769504], [3819769504, 3819769423], [3819769423, 3819769438], [3819769438, 3819769436], [3819769436, 3819769416], [3819769416, 3819769405], [3819769405, 3819769396], [3819769396, 5281044436], [5281044436, 5281044435], [5281044435, 3819769307]]",34,33,1517.184,0,0,0.0,0,0.0,0,0.0,2,21.486,2,21.486,0.014162,11,8,10,k_shortest,1511.161,1517.184,6.023,0.003986,21.486,21.486,0.0,0.0,2,2,False
od_2795,연신내,3호선,126.921038,37.619229,mobility_facility,색연필,"서울특별시 은평구 불광로 90, 102동 (불광동, 대호프라자아파트)",126.9326,37.6145,1147.815,13357342120,3819769307,32.16422242836125,20.741324332783933,PASS,od_2795_k_shortest_alternative_3,k_shortest_alternative_3,"[13357342120, 13357342121, 13357321496, 11178032838, 11230505689, 11228574064, 11228574065, 449449459, 3278844686, 11228575652, 3819769749, 11228575779, 11228574068, 11228575767, 11228574126, 11228574122, 8370552973, 8370552942, 8370552943, 8370552950, 8370553057, 8370552966, 10682085912, 10682086049, 3819769504, 3819769423, 3819769438, 3819769436, 3819769416, 3819769405, 3819769396, 5281044436, 5281044435, 3819769307]","[[13357342120, 13357342121], [13357342121, 13357321496], [13357321496, 11178032838], [11178032838, 11230505689], [11230505689, 11228574064], [11228574064, 11228574065], [11228574065, 449449459], [449449459, 3278844686], [3278844686, 11228575652], [11228575652, 3819769749], [3819769749, 11228575779], [11228575779, 11228574068], [11228574068, 11228575767], [11228575767, 11228574126], [11228574126, 11228574122], [11228574122, 8370552973], [8370552973, 8370552942], [8370552942, 8370552943], [8370552943, 8370552950], [8370552950, 8370553057], [8370553057, 8370552966], [8370552966, 10682085912], [10682085912, 10682086049], [10682086049, 3819769504], [3819769504, 3819769423], [3819769423, 3819769438], [3819769438, 3819769436], [3819769436, 3819769416], [3819769416, 3819769405], [3819769405, 3819769396], [3819769396, 5281044436], [5281044436, 5281044435], [5281044435, 3819769307]]",34,33,1517.819,0,0,0.0,0,0.0,0,0.0,2,21.486,2,21.486,0.014156,11,8,10,k_shortest,1511.161,1517.819,6.658,0.004406,21.486,21.486,0.0,0.0,2,2,False
od_2795,연신내,3호선,126.921038,37.619229,mobility_facility,색연필,"서울특별시 은평구 불광로 90, 102동 (불광동, 대호프라자아파트)",126.9326,37.6145,1147.815,13357342120,3819769307,32.16422242836125,20.741324332783933,PASS,od_2795_k_shortest_alternative_4,k_shortest_alternative_4,"[13357342120, 13357342121, 13357321496, 11178032838, 11230505689, 11228574064, 11228574065, 449449459, 3278844686, 11228574067, 11296481769, 3819769528, 3819769458, 11228575767, 11228574126, 11228574122, 8370552973, 8370552942, 8370552943, 8370552950, 8370553057, 8370552966, 10682085912, 10682086049, 3819769504, 3819769423, 3819769377, 3819769352, 3819769384, 3819769373, 3819769369, 5281044435, 3819769307]","[[13357342120, 13357342121], [13357342121, 13357321496], [13357321496, 11178032838], [11178032838, 11230505689], [11230505689, 11228574064], [11228574064, 11228574065], [11228574065, 449449459], [449449459, 3278844686], [3278844686, 11228574067], [11228574067, 11296481769], [11296481769, 3819769528], [3819769528, 3819769458], [3819769458, 11228575767], [11228575767, 11228574126], [11228574126, 11228574122], [11228574122, 8370552973], [8370552973, 8370552942], [8370552942, 8370552943], [8370552943, 8370552950], [8370552950, 8370553057], [8370553057, 8370552966], [8370552966, 10682085912], [10682085912, 10682086049], [10682086049, 3819769504], [3819769504, 3819769423], [3819769423, 3819769377], [3819769377, 3819769352], [3819769352, 3819769384], [3819769384, 3819769373], [3819769373, 3819769369], [3819769369, 5281044435], [5281044435, 3819769307]]",33,32,1518.208,0,0,0.0,0,0.0,0,0.0,0,0.0,0,0.0,0.0,10,8,10,k_shortest,1511.161,1518.208,7.047,0.004663,21.486,0.0,21.486,1.0,2,0,True
od_2704,연신내,3호선,126.921038,37.619229,mobility_facility,드림공인중개사사무소,서울특별시 은평구 불광로 90,126.9327,37.6147,1145.761,13357342120,3819769307,32.16422242836125,16.38372581697322,PASS,od_2704_k_shortest_alternative_1,k_shortest_alternative_1,"[13357342120, 13357342121, 13357321496, 11178032838, 2960309144, 3819769883, 11296481771, 3819769766, 11228575652, 3819769749, 11228575779, 11228574068, 11228575767, 11228574126, 11228574122, 8370552973, 8370552942, 8370552943, 8370552950, 8370553057, 8370552966, 10682085912, 10682086049, 3819769504, 3819769423, 3819769377, 3819769352, 3819769384, 3819769373, 3819769369, 5281044435, 3819769307]","[[13357342120, 13357342121], [13357342121, 13357321496], [13357321496, 11178032838], [11178032838, 2960309144], [2960309144, 3819769883], [3819769883, 11296481771], [11296481771, 3819769766], [3819769766, 11228575652], [11228575652, 3819769749], [3819769749, 11228575779], [11228575779, 11228574068], [11228574068, 11228575767], [11228575767, 11228574126], [11228574126, 11228574122], [11228574122, 8370552973], [8370552973, 8370552942], [8370552942, 8370552943], [8370552943, 8370552950], [8370552950, 8370553057], [8370553057, 8370552966], [8370552966, 10682085912], [10682085912, 10682086049], [10682086049, 3819769504], [3819769504, 3819769423], [3819769423, 3819769377], [3819769377, 3819769352], [3819769352, 3819769384], [3819769384, 3819769373], [3819769373, 3819769369], [3819769369, 5281044435], [5281044435, 3819769307]]",32,31,1512.185,0,0,0.0,0,0.0,0,0.0,0,0.0,0,0.0,0.0,10,8,11,k_shortest,1511.161,1512.185,1.024,0.000678,21.486,0.0,21.486,1.0,2,0,True
od_2704,연신내,3호선,126.921038,37.619229,mobility_facility,드림공인중개사사무소,서울특별시 은평구 불광로 90,126.9327,37.6147,1145.761,13357342120,3819769307,32.16422242836125,16.38372581697322,PASS,od_2704_k_shortest_alternative_2,k_shortest_alternative_2,"[13357342120, 13357342121, 13357321496, 11178032838, 11230505689, 11228574064, 11228574065, 449449459, 3278844686, 11228574067, 11296481769, 3819769528, 3819769458, 11228575767, 11228574126, 11228574122, 8370552973, 8370552942, 8370552943, 8370552950, 8370553057, 8370552966, 10682085912, 10682086049, 3819769504, 3819769423, 3819769438, 3819769436, 3819769416, 3819769405, 3819769396, 5281044436, 5281044435, 3819769307]","[[13357342120, 13357342121], [13357342121, 13357321496], [13357321496, 11178032838], [11178032838, 11230505689], [11230505689, 11228574064], [11228574064, 11228574065], [11228574065, 449449459], [449449459, 3278844686], [3278844686, 11228574067], [11228574067, 11296481769], [11296481769, 3819769528], [3819769528, 3819769458], [3819769458, 11228575767], [11228575767, 11228574126], [11228574126, 11228574122], [11228574122, 8370552973], [8370552973, 8370552942], [8370552942, 8370552943], [8370552943, 8370552950], [8370552950, 8370553057], [8370553057, 8370552966], [8370552966, 10682085912], [10682085912, 10682086049], [10682086049, 3819769504], [3819769504, 3819769423], [3819769423, 3819769438], [3819769438, 3819769436], [3819769436, 3819769416], [3819769416, 3819769405], [3819769405, 3819769396], [3819769396, 5281044436], [5281044436, 5281044435], [5281044435, 3819769307]]",34,33,1517.184,0,0,0.0,0,0.0,0,0.0,2,21.486,2,21.486,0.014162,11,8,10,k_shortest,1511.161,1517.184,6.023,0.003986,21.486,21.486,0.0,0.0,2,2,False
od_2704,연신내,3호선,126.921038,37.619229,mobility_facility,드림공인중개사사무소,서울특별시 은평구 불광로 90,126.9327,37.6147,1145.761,13357342120,3819769307,32.16422242836125,16.38372581697322,PASS,od_2704_k_shortest_alternative_3,k_shortest_alternative_3,"[13357342120, 13357342121, 13357321496, 11178032838, 11230505689, 11228574064, 11228574065, 449449459, 3278844686, 11228575652, 3819769749, 11228575779, 11228574068, 11228575767, 11228574126, 11228574122, 8370552973, 8370552942, 8370552943, 8370552950, 8370553057, 8370552966, 10682085912, 10682086049, 3819769504, 3819769423, 3819769438, 3819769436, 3819769416, 3819769405, 3819769396, 5281044436, 5281044435, 3819769307]","[[13357342120, 13357342121], [13357342121, 13357321496], [13357321496, 11178032838], [11178032838, 11230505689], [11230505689, 11228574064], [11228574064, 11228574065], [11228574065, 449449459], [449449459, 3278844686], [3278844686, 11228575652], [11228575652, 3819769749], [3819769749, 11228575779], [11228575779, 11228574068], [11228574068, 11228575767], [11228575767, 11228574126], [11228574126, 11228574122], [11228574122, 8370552973], [8370552973, 8370552942], [8370552942, 8370552943], [8370552943, 8370552950], [8370552950, 8370553057], [8370553057, 8370552966], [8370552966, 10682085912], [10682085912, 10682086049], [10682086049, 3819769504], [3819769504, 3819769423], [3819769423, 3819769438], [3819769438, 3819769436], [3819769436, 3819769416], [3819769416, 3819769405], [3819769405, 3819769396], [3819769396, 5281044436], [5281044436, 5281044435], [5281044435, 3819769307]]",34,33,1517.819,0,0,0.0,0,0.0,0,0.0,2,21.486,2,21.486,0.014156,11,8,10,k_shortest,1511.161,1517.819,6.658,0.004406,21.486,21.486,0.0,0.0,2,2,False
od_2704,연신내,3호선,126.921038,37.619229,mobility_facility,드림공인중개사사무소,서울특별시 은평구 불광로 90,126.9327,37.6147,1145.761,13357342120,3819769307,32.16422242836125,16.38372581697322,PASS,od_2704_k_shortest_alternative_4,k_shortest_alternative_4,"[13357342120, 13357342121, 13357321496, 11178032838, 11230505689, 11228574064, 11228574065, 449449459, 3278844686, 11228574067, 11296481769, 3819769528, 3819769458, 11228575767, 11228574126, 11228574122, 8370552973, 8370552942, 8370552943, 8370552950, 8370553057, 8370552966, 10682085912, 10682086049, 3819769504, 3819769423, 3819769377, 3819769352, 3819769384, 3819769373, 3819769369, 5281044435, 3819769307]","[[13357342120, 13357342121], [13357342121, 13357321496], [13357321496, 11178032838], [11178032838, 11230505689], [11230505689, 11228574064], [11228574064, 11228574065], [11228574065, 449449459], [449449459, 3278844686], [3278844686, 11228574067], [11228574067, 11296481769], [11296481769, 3819769528], [3819769528, 3819769458], [3819769458, 11228575767], [11228575767, 11228574126], [11228574126, 11228574122], [11228574122, 8370552973], [8370552973, 8370552942], [8370552942, 8370552943], [8370552943, 8370552950], [8370552950, 8370553057], [8370553057, 8370552966], [8370552966, 10682085912], [10682085912, 10682086049], [10682086049, 3819769504], [3819769504, 3819769423], [3819769423, 3819769377], [3819769377, 3819769352], [3819769352, 3819769384], [3819769384, 3819769373], [3819769373, 3819769369], [3819769369, 5281044435], [5281044435, 3819769307]]",33,32,1518.208,0,0,0.0,0,0.0,0,0.0,0,0.0,0,0.0,0.0,10,8,10,k_shortest,1511.161,1518.208,7.047,0.004663,21.486,0.0,21.486,1.0,2,0,True
od_2672,연신내,3호선,126.921038,37.619229,mobility_facility,대호크리닝세탁,"서울특별시 은평구 불광로 90, 102동 (불광동, 대호프라자아파트)",126.9326,37.6146,1142.781,13357342120,3819769307,32.16422242836125,11.060299788695614,PASS,od_2672_k_shortest_alternative_1,k_shortest_alternative_1,"[13357342120, 13357342121, 13357321496, 11178032838, 2960309144, 3819769883, 11296481771, 3819769766, 11228575652, 3819769749, 11228575779, 11228574068, 11228575767, 11228574126, 11228574122, 8370552973, 8370552942, 8370552943, 8370552950, 8370553057, 8370552966, 10682085912, 10682086049, 3819769504, 3819769423, 3819769377, 3819769352, 3819769384, 3819769373, 3819769369, 5281044435, 3819769307]","[[13357342120, 13357342121], [13357342121, 13357321496], [13357321496, 11178032838], [11178032838, 2960309144], [2960309144, 3819769883], [3819769883, 11296481771], [11296481771, 3819769766], [3819769766, 11228575652], [11228575652, 3819769749], [3819769749, 11228575779], [11228575779, 11228574068], [11228574068, 11228575767], [11228575767, 11228574126], [11228574126, 11228574122], [11228574122, 8370552973], [8370552973, 8370552942], [8370552942, 8370552943], [8370552943, 8370552950], [8370552950, 8370553057], [8370553057, 8370552966], [8370552966, 10682085912], [10682085912, 10682086049], [10682086049, 3819769504], [3819769504, 3819769423], [3819769423, 3819769377], [3819769377, 3819769352], [3819769352, 3819769384], [3819769384, 3819769373], [3819769373, 3819769369], [3819769369, 5281044435], [5281044435, 3819769307]]",32,31,1512.185,0,0,0.0,0,0.0,0,0.0,0,0.0,0,0.0,0.0,10,8,11,k_shortest,1511.161,1512.185,1.024,0.000678,21.486,0.0,21.486,1.0,2,0,True
od_2672,연신내,3호선,126.921038,37.619229,mobility_facility,대호크리닝세탁,"서울특별시 은평구 불광로 90, 102동 (불광동, 대호프라자아파트)",126.9326,37.6146,1142.781,13357342120,3819769307,32.16422242836125,11.060299788695614,PASS,od_2672_k_shortest_alternative_2,k_shortest_alternative_2,"[13357342120, 13357342121, 13357321496, 11178032838, 11230505689, 11228574064, 11228574065, 449449459, 3278844686, 11228574067, 11296481769, 3819769528, 3819769458, 11228575767, 11228574126, 11228574122, 8370552973, 8370552942, 8370552943, 8370552950, 8370553057, 8370552966, 10682085912, 10682086049, 3819769504, 3819769423, 3819769438, 3819769436, 3819769416, 3819769405, 3819769396, 5281044436, 5281044435, 3819769307]","[[13357342120, 13357342121], [13357342121, 13357321496], [13357321496, 11178032838], [11178032838, 11230505689], [11230505689, 11228574064], [11228574064, 11228574065], [11228574065, 449449459], [449449459, 3278844686], [3278844686, 11228574067], [11228574067, 11296481769], [11296481769, 3819769528], [3819769528, 3819769458], [3819769458, 11228575767], [11228575767, 11228574126], [11228574126, 11228574122], [11228574122, 8370552973], [8370552973, 8370552942], [8370552942, 8370552943], [8370552943, 8370552950], [8370552950, 8370553057], [8370553057, 8370552966], [8370552966, 10682085912], [10682085912, 10682086049], [10682086049, 3819769504], [3819769504, 3819769423], [3819769423, 3819769438], [3819769438, 3819769436], [3819769436, 3819769416], [3819769416, 3819769405], [3819769405, 3819769396], [3819769396, 5281044436], [5281044436, 5281044435], [5281044435, 3819769307]]",34,33,1517.184,0,0,0.0,0,0.0,0,0.0,2,21.486,2,21.486,0.014162,11,8,10,k_shortest,1511.161,1517.184,6.023,0.003986,21.486,21.486,0.0,0.0,2,2,False
od_2672,연신내,3호선,126.921038,37.619229,mobility_facility,대호크리닝세탁,"서울특별시 은평구 불광로 90, 102동 (불광동, 대호프라자아파트)",126.9326,37.6146,1142.781,13357342120,3819769307,32.16422242836125,11.060299788695614,PASS,od_2672_k_shortest_alternative_3,k_shortest_alternative_3,"[13357342120, 13357342121, 13357321496, 11178032838, 11230505689, 11228574064, 11228574065, 449449459, 3278844686, 11228575652, 3819769749, 11228575779, 11228574068, 11228575767, 11228574126, 11228574122, 8370552973, 8370552942, 8370552943, 8370552950, 8370553057, 8370552966, 10682085912, 10682086049, 3819769504, 3819769423, 3819769438, 3819769436, 3819769416, 3819769405, 3819769396, 5281044436, 5281044435, 3819769307]","[[13357342120, 13357342121], [13357342121, 13357321496], [13357321496, 11178032838], [11178032838, 11230505689], [11230505689, 11228574064], [11228574064, 11228574065], [11228574065, 449449459], [449449459, 3278844686], [3278844686, 11228575652], [11228575652, 3819769749], [3819769749, 11228575779], [11228575779, 11228574068], [11228574068, 11228575767], [11228575767, 11228574126], [11228574126, 11228574122], [11228574122, 8370552973], [8370552973, 8370552942], [8370552942, 8370552943], [8370552943, 8370552950], [8370552950, 8370553057], [8370553057, 8370552966], [8370552966, 10682085912], [10682085912, 10682086049], [10682086049, 3819769504], [3819769504, 3819769423], [3819769423, 3819769438], [3819769438, 3819769436], [3819769436, 3819769416], [3819769416, 3819769405], [3819769405, 3819769396], [3819769396, 5281044436], [5281044436, 5281044435], [5281044435, 3819769307]]",34,33,1517.819,0,0,0.0,0,0.0,0,0.0,2,21.486,2,21.486,0.014156,11,8,10,k_shortest,1511.161,1517.819,6.658,0.004406,21.486,21.486,0.0,0.0,2,2,False
od_2672,연신내,3호선,126.921038,37.619229,mobility_facility,대호크리닝세탁,"서울특별시 은평구 불광로 90, 102동 (불광동, 대호프라자아파트)",126.9326,37.6146,1142.781,13357342120,3819769307,32.16422242836125,11.060299788695614,PASS,od_2672_k_shortest_alternative_4,k_shortest_alternative_4,"[13357342120, 13357342121, 13357321496, 11178032838, 11230505689, 11228574064, 11228574065, 449449459, 3278844686, 11228574067, 11296481769, 3819769528, 3819769458, 11228575767, 11228574126, 11228574122, 8370552973, 8370552942, 8370552943, 8370552950, 8370553057, 8370552966, 10682085912, 10682086049, 3819769504, 3819769423, 3819769377, 3819769352, 3819769384, 3819769373, 3819769369, 5281044435, 3819769307]","[[13357342120, 13357342121], [13357342121, 13357321496], [13357321496, 11178032838], [11178032838, 11230505689], [11230505689, 11228574064], [11228574064, 11228574065], [11228574065, 449449459], [449449459, 3278844686], [3278844686, 11228574067], [11228574067, 11296481769], [11296481769, 3819769528], [3819769528, 3819769458], [3819769458, 11228575767], [11228575767, 11228574126], [11228574126, 11228574122], [11228574122, 8370552973], [8370552973, 8370552942], [8370552942, 8370552943], [8370552943, 8370552950], [8370552950, 8370553057], [8370553057, 8370552966], [8370552966, 10682085912], [10682085912, 10682086049], [10682086049, 3819769504], [3819769504, 3819769423], [3819769423, 3819769377], [3819769377, 3819769352], [3819769352, 3819769384], [3819769384, 3819769373], [3819769373, 3819769369], [3819769369, 5281044435], [5281044435, 3819769307]]",33,32,1518.208,0,0,0.0,0,0.0,0,0.0,0,0.0,0,0.0,0.0,10,8,10,k_shortest,1511.161,1518.208,7.047,0.004663,21.486,0.0,21.486,1.0,2,0,True
od_2671,연신내,3호선,126.921038,37.619229,mobility_facility,월드공인중개사사무소,"서울특별시 은평구 불광로 90, 102동 (불광동, 대호프라자아파트)",126.9326,37.6146,1142.781,13357342120,3819769307,32.16422242836125,11.060299788695614,PASS,od_2671_k_shortest_alternative_1,k_shortest_alternative_1,"[13357342120, 13357342121, 13357321496, 11178032838, 2960309144, 3819769883, 11296481771, 3819769766, 11228575652, 3819769749, 11228575779, 11228574068, 11228575767, 11228574126, 11228574122, 8370552973, 8370552942, 8370552943, 8370552950, 8370553057, 8370552966, 10682085912, 10682086049, 3819769504, 3819769423, 3819769377, 3819769352, 3819769384, 3819769373, 3819769369, 5281044435, 3819769307]","[[13357342120, 13357342121], [13357342121, 13357321496], [13357321496, 11178032838], [11178032838, 2960309144], [2960309144, 3819769883], [3819769883, 11296481771], [11296481771, 3819769766], [3819769766, 11228575652], [11228575652, 3819769749], [3819769749, 11228575779], [11228575779, 11228574068], [11228574068, 11228575767], [11228575767, 11228574126], [11228574126, 11228574122], [11228574122, 8370552973], [8370552973, 8370552942], [8370552942, 8370552943], [8370552943, 8370552950], [8370552950, 8370553057], [8370553057, 8370552966], [8370552966, 10682085912], [10682085912, 10682086049], [10682086049, 3819769504], [3819769504, 3819769423], [3819769423, 3819769377], [3819769377, 3819769352], [3819769352, 3819769384], [3819769384, 3819769373], [3819769373, 3819769369], [3819769369, 5281044435], [5281044435, 3819769307]]",32,31,1512.185,0,0,0.0,0,0.0,0,0.0,0,0.0,0,0.0,0.0,10,8,11,k_shortest,1511.161,1512.185,1.024,0.000678,21.486,0.0,21.486,1.0,2,0,True
od_2671,연신내,3호선,126.921038,37.619229,mobility_facility,월드공인중개사사무소,"서울특별시 은평구 불광로 90, 102동 (불광동, 대호프라자아파트)",126.9326,37.6146,1142.781,13357342120,3819769307,32.16422242836125,11.060299788695614,PASS,od_2671_k_shortest_alternative_2,k_shortest_alternative_2,"[13357342120, 13357342121, 13357321496, 11178032838, 11230505689, 11228574064, 11228574065, 449449459, 3278844686, 11228574067, 11296481769, 3819769528, 3819769458, 11228575767, 11228574126, 11228574122, 8370552973, 8370552942, 8370552943, 8370552950, 8370553057, 8370552966, 10682085912, 10682086049, 3819769504, 3819769423, 3819769438, 3819769436, 3819769416, 3819769405, 3819769396, 5281044436, 5281044435, 3819769307]","[[13357342120, 13357342121], [13357342121, 13357321496], [13357321496, 11178032838], [11178032838, 11230505689], [11230505689, 11228574064], [11228574064, 11228574065], [11228574065, 449449459], [449449459, 3278844686], [3278844686, 11228574067], [11228574067, 11296481769], [11296481769, 3819769528], [3819769528, 3819769458], [3819769458, 11228575767], [11228575767, 11228574126], [11228574126, 11228574122], [11228574122, 8370552973], [8370552973, 8370552942], [8370552942, 8370552943], [8370552943, 8370552950], [8370552950, 8370553057], [8370553057, 8370552966], [8370552966, 10682085912], [10682085912, 10682086049], [10682086049, 3819769504], [3819769504, 3819769423], [3819769423, 3819769438], [3819769438, 3819769436], [3819769436, 3819769416], [3819769416, 3819769405], [3819769405, 3819769396], [3819769396, 5281044436], [5281044436, 5281044435], [5281044435, 3819769307]]",34,33,1517.184,0,0,0.0,0,0.0,0,0.0,2,21.486,2,21.486,0.014162,11,8,10,k_shortest,1511.161,1517.184,6.023,0.003986,21.486,21.486,0.0,0.0,2,2,False
od_2671,연신내,3호선,126.921038,37.619229,mobility_facility,월드공인중개사사무소,"서울특별시 은평구 불광로 90, 102동 (불광동, 대호프라자아파트)",126.9326,37.6146,1142.781,13357342120,3819769307,32.16422242836125,11.060299788695614,PASS,od_2671_k_shortest_alternative_3,k_shortest_alternative_3,"[13357342120, 13357342121, 13357321496, 11178032838, 11230505689, 11228574064, 11228574065, 449449459, 3278844686, 11228575652, 3819769749, 11228575779, 11228574068, 11228575767, 11228574126, 11228574122, 8370552973, 8370552942, 8370552943, 8370552950, 8370553057, 8370552966, 10682085912, 10682086049, 3819769504, 3819769423, 3819769438, 3819769436, 3819769416, 3819769405, 3819769396, 5281044436, 5281044435, 3819769307]","[[13357342120, 13357342121], [13357342121, 13357321496], [13357321496, 11178032838], [11178032838, 11230505689], [11230505689, 11228574064], [11228574064, 11228574065], [11228574065, 449449459], [449449459, 3278844686], [3278844686, 11228575652], [11228575652, 3819769749], [3819769749, 11228575779], [11228575779, 11228574068], [11228574068, 11228575767], [11228575767, 11228574126], [11228574126, 11228574122], [11228574122, 8370552973], [8370552973, 8370552942], [8370552942, 8370552943], [8370552943, 8370552950], [8370552950, 8370553057], [8370553057, 8370552966], [8370552966, 10682085912], [10682085912, 10682086049], [10682086049, 3819769504], [3819769504, 3819769423], [3819769423, 3819769438], [3819769438, 3819769436], [3819769436, 3819769416], [3819769416, 3819769405], [3819769405, 3819769396], [3819769396, 5281044436], [5281044436, 5281044435], [5281044435, 3819769307]]",34,33,1517.819,0,0,0.0,0,0.0,0,0.0,2,21.486,2,21.486,0.014156,11,8,10,k_shortest,1511.161,1517.819,6.658,0.004406,21.486,21.486,0.0,0.0,2,2,False
od_2671,연신내,3호선,126.921038,37.619229,mobility_facility,월드공인중개사사무소,"서울특별시 은평구 불광로 90, 102동 (불광동, 대호프라자아파트)",126.9326,37.6146,1142.781,13357342120,3819769307,32.16422242836125,11.060299788695614,PASS,od_2671_k_shortest_alternative_4,k_shortest_alternative_4,"[13357342120, 13357342121, 13357321496, 11178032838, 11230505689, 11228574064, 11228574065, 449449459, 3278844686, 11228574067, 11296481769, 3819769528, 3819769458, 11228575767, 11228574126, 11228574122, 8370552973, 8370552942, 8370552943, 8370552950, 8370553057, 8370552966, 10682085912, 10682086049, 3819769504, 3819769423, 3819769377, 3819769352, 3819769384, 3819769373, 3819769369, 5281044435, 3819769307]","[[13357342120, 13357342121], [13357342121, 13357321496], [13357321496, 11178032838], [11178032838, 11230505689], [11230505689, 11228574064], [11228574064, 11228574065], [11228574065, 449449459], [449449459, 3278844686], [3278844686, 11228574067], [11228574067, 11296481769], [11296481769, 3819769528], [3819769528, 3819769458], [3819769458, 11228575767], [11228575767, 11228574126], [11228574126, 11228574122], [11228574122, 8370552973], [8370552973, 8370552942], [8370552942, 8370552943], [8370552943, 8370552950], [8370552950, 8370553057], [8370553057, 8370552966], [8370552966, 10682085912], [10682085912, 10682086049], [10682086049, 3819769504], [3819769504, 3819769423], [3819769423, 3819769377], [3819769377, 3819769352], [3819769352, 3819769384], [3819769384, 3819769373], [3819769373, 3819769369], [3819769369, 5281044435], [5281044435, 3819769307]]",33,32,1518.208,0,0,0.0,0,0.0,0,0.0,0,0.0,0,0.0,0.0,10,8,10,k_shortest,1511.161,1518.208,7.047,0.004663,21.486,0.0,21.486,1.0,2,0,True
od_2712,연신내,3호선,126.921038,37.619229,mobility_facility,05.  대호아파트,서울특별시 은평구 불광로 82,126.9324,37.6145,1132.14,13357342120,3819769307,32.16422242836125,21.96220793077043,PASS,od_2712_k_shortest_alternative_1,k_shortest_alternative_1,"[13357342120, 13357342121, 13357321496, 11178032838, 2960309144, 3819769883, 11296481771, 3819769766, 11228575652, 3819769749, 11228575779, 11228574068, 11228575767, 11228574126, 11228574122, 8370552973, 8370552942, 8370552943, 8370552950, 8370553057, 8370552966, 10682085912, 10682086049, 3819769504, 3819769423, 3819769377, 3819769352, 3819769384, 3819769373, 3819769369, 5281044435, 3819769307]","[[13357342120, 13357342121], [13357342121, 13357321496], [13357321496, 11178032838], [11178032838, 2960309144], [2960309144, 3819769883], [3819769883, 11296481771], [11296481771, 3819769766], [3819769766, 11228575652], [11228575652, 3819769749], [3819769749, 11228575779], [11228575779, 11228574068], [11228574068, 11228575767], [11228575767, 11228574126], [11228574126, 11228574122], [11228574122, 8370552973], [8370552973, 8370552942], [8370552942, 8370552943], [8370552943, 8370552950], [8370552950, 8370553057], [8370553057, 8370552966], [8370552966, 10682085912], [10682085912, 10682086049], [10682086049, 3819769504], [3819769504, 3819769423], [3819769423, 3819769377], [3819769377, 3819769352], [3819769352, 3819769384], [3819769384, 3819769373], [3819769373, 3819769369], [3819769369, 5281044435], [5281044435, 3819769307]]",32,31,1512.185,0,0,0.0,0,0.0,0,0.0,0,0.0,0,0.0,0.0,10,8,11,k_shortest,1511.161,1512.185,1.024,0.000678,21.486,0.0,21.486,1.0,2,0,True
od_2712,연신내,3호선,126.921038,37.619229,mobility_facility,05.  대호아파트,서울특별시 은평구 불광로 82,126.9324,37.6145,1132.14,13357342120,3819769307,32.16422242836125,21.96220793077043,PASS,od_2712_k_shortest_alternative_2,k_shortest_alternative_2,"[13357342120, 13357342121, 13357321496, 11178032838, 11230505689, 11228574064, 11228574065, 449449459, 3278844686, 11228574067, 11296481769, 3819769528, 3819769458, 11228575767, 11228574126, 11228574122, 8370552973, 8370552942, 8370552943, 8370552950, 8370553057, 8370552966, 10682085912, 10682086049, 3819769504, 3819769423, 3819769438, 3819769436, 3819769416, 3819769405, 3819769396, 5281044436, 5281044435, 3819769307]","[[13357342120, 13357342121], [13357342121, 13357321496], [13357321496, 11178032838], [11178032838, 11230505689], [11230505689, 11228574064], [11228574064, 11228574065], [11228574065, 449449459], [449449459, 3278844686], [3278844686, 11228574067], [11228574067, 11296481769], [11296481769, 3819769528], [3819769528, 3819769458], [3819769458, 11228575767], [11228575767, 11228574126], [11228574126, 11228574122], [11228574122, 8370552973], [8370552973, 8370552942], [8370552942, 8370552943], [8370552943, 8370552950], [8370552950, 8370553057], [8370553057, 8370552966], [8370552966, 10682085912], [10682085912, 10682086049], [10682086049, 3819769504], [3819769504, 3819769423], [3819769423, 3819769438], [3819769438, 3819769436], [3819769436, 3819769416], [3819769416, 3819769405], [3819769405, 3819769396], [3819769396, 5281044436], [5281044436, 5281044435], [5281044435, 3819769307]]",34,33,1517.184,0,0,0.0,0,0.0,0,0.0,2,21.486,2,21.486,0.014162,11,8,10,k_shortest,1511.161,1517.184,6.023,0.003986,21.486,21.486,0.0,0.0,2,2,False
od_2712,연신내,3호선,126.921038,37.619229,mobility_facility,05.  대호아파트,서울특별시 은평구 불광로 82,126.9324,37.6145,1132.14,13357342120,3819769307,32.16422242836125,21.96220793077043,PASS,od_2712_k_shortest_alternative_3,k_shortest_alternative_3,"[13357342120, 13357342121, 13357321496, 11178032838, 11230505689, 11228574064, 11228574065, 449449459, 3278844686, 11228575652, 3819769749, 11228575779, 11228574068, 11228575767, 11228574126, 11228574122, 8370552973, 8370552942, 8370552943, 8370552950, 8370553057, 8370552966, 10682085912, 10682086049, 3819769504, 3819769423, 3819769438, 3819769436, 3819769416, 3819769405, 3819769396, 5281044436, 5281044435, 3819769307]","[[13357342120, 13357342121], [13357342121, 13357321496], [13357321496, 11178032838], [11178032838, 11230505689], [11230505689, 11228574064], [11228574064, 11228574065], [11228574065, 449449459], [449449459, 3278844686], [3278844686, 11228575652], [11228575652, 3819769749], [3819769749, 11228575779], [11228575779, 11228574068], [11228574068, 11228575767], [11228575767, 11228574126], [11228574126, 11228574122], [11228574122, 8370552973], [8370552973, 8370552942], [8370552942, 8370552943], [8370552943, 8370552950], [8370552950, 8370553057], [8370553057, 8370552966], [8370552966, 10682085912], [10682085912, 10682086049], [10682086049, 3819769504], [3819769504, 3819769423], [3819769423, 3819769438], [3819769438, 3819769436], [3819769436, 3819769416], [3819769416, 3819769405], [3819769405, 3819769396], [3819769396, 5281044436], [5281044436, 5281044435], [5281044435, 3819769307]]",34,33,1517.819,0,0,0.0,0,0.0,0,0.0,2,21.486,2,21.486,0.014156,11,8,10,k_shortest,1511.161,1517.819,6.658,0.004406,21.486,21.486,0.0,0.0,2,2,False
od_2712,연신내,3호선,126.921038,37.619229,mobility_facility,05.  대호아파트,서울특별시 은평구 불광로 82,126.9324,37.6145,1132.14,13357342120,3819769307,32.16422242836125,21.96220793077043,PASS,od_2712_k_shortest_alternative_4,k_shortest_alternative_4,"[13357342120, 13357342121, 13357321496, 11178032838, 11230505689, 11228574064, 11228574065, 449449459, 3278844686, 11228574067, 11296481769, 3819769528, 3819769458, 11228575767, 11228574126, 11228574122, 8370552973, 8370552942, 8370552943, 8370552950, 8370553057, 8370552966, 10682085912, 10682086049, 3819769504, 3819769423, 3819769377, 3819769352, 3819769384, 3819769373, 3819769369, 5281044435, 3819769307]","[[13357342120, 13357342121], [13357342121, 13357321496], [13357321496, 11178032838], [11178032838, 11230505689], [11230505689, 11228574064], [11228574064, 11228574065], [11228574065, 449449459], [449449459, 3278844686], [3278844686, 11228574067], [11228574067, 11296481769], [11296481769, 3819769528], [3819769528, 3819769458], [3819769458, 11228575767], [11228575767, 11228574126], [11228574126, 11228574122], [11228574122, 8370552973], [8370552973, 8370552942], [8370552942, 8370552943], [8370552943, 8370552950], [8370552950, 8370553057], [8370553057, 8370552966], [8370552966, 10682085912], [10682085912, 10682086049], [10682086049, 3819769504], [3819769504, 3819769423], [3819769423, 3819769377], [3819769377, 3819769352], [3819769352, 3819769384], [3819769384, 3819769373], [3819769373, 3819769369], [3819769369, 5281044435], [5281044435, 3819769307]]",33,32,1518.208,0,0,0.0,0,0.0,0,0.0,0,0.0,0,0.0,0.0,10,8,10,k_shortest,1511.161,1518.208,7.047,0.004663,21.486,0.0,21.486,1.0,2,0,True
od_149,연신내,6호선,126.920625,37.618636,mobility_facility,색연필,"서울특별시 은평구 불광로 90, 102동 (불광동, 대호프라자아파트)",126.9326,37.6145,1152.606,11230505686,3819769307,20.028299588559467,20.741324332783933,PASS,od_149_k_shortest_alternative_1,k_shortest_alternative_1,"[11230505686, 11663495477, 13357321496, 11178032838, 2960309144, 3819769883, 11296481771, 3819769766, 11228575652, 3819769749, 11228575779, 11228574068, 11228575767, 11228574126, 11228574122, 8370552973, 8370552942, 8370552943, 8370552950, 8370553057, 8370552966, 10682085912, 10682086049, 3819769504, 3819769423, 3819769377, 3819769352, 3819769384, 3819769373, 3819769369, 5281044435, 3819769307]","[[11230505686, 11663495477], [11663495477, 13357321496], [13357321496, 11178032838], [11178032838, 2960309144], [2960309144, 3819769883], [3819769883, 11296481771], [11296481771, 3819769766], [3819769766, 11228575652], [11228575652, 3819769749], [3819769749, 11228575779], [11228575779, 11228574068], [11228574068, 11228575767], [11228575767, 11228574126], [11228574126, 11228574122], [11228574122, 8370552973], [8370552973, 8370552942], [8370552942, 8370552943], [8370552943, 8370552950], [8370552950, 8370553057], [8370553057, 8370552966], [8370552966, 10682085912], [10682085912, 10682086049], [10682086049, 3819769504], [3819769504, 3819769423], [3819769423, 3819769377], [3819769377, 3819769352], [3819769352, 3819769384], [3819769384, 3819769373], [3819769373, 3819769369], [3819769369, 5281044435], [5281044435, 3819769307]]",32,31,1526.461,0,0,0.0,0,0.0,0,0.0,0,0.0,0,0.0,0.0,10,9,12,k_shortest,1525.437,1526.461,1.024,0.000671,21.486,0.0,21.486,1.0,2,0,True
od_149,연신내,6호선,126.920625,37.618636,mobility_facility,색연필,"서울특별시 은평구 불광로 90, 102동 (불광동, 대호프라자아파트)",126.9326,37.6145,1152.606,11230505686,3819769307,20.028299588559467,20.741324332783933,PASS,od_149_k_shortest_alternative_2,k_shortest_alternative_2,"[11230505686, 11663495477, 13357321496, 11178032838, 11230505689, 11228574064, 11228574065, 449449459, 3278844686, 11228574067, 11296481769, 3819769528, 3819769458, 11228575767, 11228574126, 11228574122, 8370552973, 8370552942, 8370552943, 8370552950, 8370553057, 8370552966, 10682085912, 10682086049, 3819769504, 3819769423, 3819769438, 3819769436, 3819769416, 3819769405, 3819769396, 5281044436, 5281044435, 3819769307]","[[11230505686, 11663495477], [11663495477, 13357321496], [13357321496, 11178032838], [11178032838, 11230505689], [11230505689, 11228574064], [11228574064, 11228574065], [11228574065, 449449459], [449449459, 3278844686], [3278844686, 11228574067], [11228574067, 11296481769], [11296481769, 3819769528], [3819769528, 3819769458], [3819769458, 11228575767], [11228575767, 11228574126], [11228574126, 11228574122], [11228574122, 8370552973], [8370552973, 8370552942], [8370552942, 8370552943], [8370552943, 8370552950], [8370552950, 8370553057], [8370553057, 8370552966], [8370552966, 10682085912], [10682085912, 10682086049], [10682086049, 3819769504], [3819769504, 3819769423], [3819769423, 3819769438], [3819769438, 3819769436], [3819769436, 3819769416], [3819769416, 3819769405], [3819769405, 3819769396], [3819769396, 5281044436], [5281044436, 5281044435], [5281044435, 3819769307]]",34,33,1531.46,0,0,0.0,0,0.0,0,0.0,2,21.486,2,21.486,0.01403,11,9,11,k_shortest,1525.437,1531.46,6.023,0.003948,21.486,21.486,0.0,0.0,2,2,False
od_149,연신내,6호선,126.920625,37.618636,mobility_facility,색연필,"서울특별시 은평구 불광로 90, 102동 (불광동, 대호프라자아파트)",126.9326,37.6145,1152.606,11230505686,3819769307,20.028299588559467,20.741324332783933,PASS,od_149_k_shortest_alternative_3,k_shortest_alternative_3,"[11230505686, 11663495477, 13357321496, 11178032838, 11230505689, 11228574064, 11228574065, 449449459, 3278844686, 11228575652, 3819769749, 11228575779, 11228574068, 11228575767, 11228574126, 11228574122, 8370552973, 8370552942, 8370552943, 8370552950, 8370553057, 8370552966, 10682085912, 10682086049, 3819769504, 3819769423, 3819769438, 3819769436, 3819769416, 3819769405, 3819769396, 5281044436, 5281044435, 3819769307]","[[11230505686, 11663495477], [11663495477, 13357321496], [13357321496, 11178032838], [11178032838, 11230505689], [11230505689, 11228574064], [11228574064, 11228574065], [11228574065, 449449459], [449449459, 3278844686], [3278844686, 11228575652], [11228575652, 3819769749], [3819769749, 11228575779], [11228575779, 11228574068], [11228574068, 11228575767], [11228575767, 11228574126], [11228574126, 11228574122], [11228574122, 8370552973], [8370552973, 8370552942], [8370552942, 8370552943], [8370552943, 8370552950], [8370552950, 8370553057], [8370553057, 8370552966], [8370552966, 10682085912], [10682085912, 10682086049], [10682086049, 3819769504], [3819769504, 3819769423], [3819769423, 3819769438], [3819769438, 3819769436], [3819769436, 3819769416], [3819769416, 3819769405], [3819769405, 3819769396], [3819769396, 5281044436], [5281044436, 5281044435], [5281044435, 3819769307]]",34,33,1532.094,0,0,0.0,0,0.0,0,0.0,2,21.486,2,21.486,0.014024,11,9,11,k_shortest,1525.437,1532.094,6.657,0.004364,21.486,21.486,0.0,0.0,2,2,False
od_149,연신내,6호선,126.920625,37.618636,mobility_facility,색연필,"서울특별시 은평구 불광로 90, 102동 (불광동, 대호프라자아파트)",126.9326,37.6145,1152.606,11230505686,3819769307,20.028299588559467,20.741324332783933,PASS,od_149_k_shortest_alternative_4,k_shortest_alternative_4,"[11230505686, 11663495477, 13357321496, 11178032838, 11230505689, 11228574064, 11228574065, 449449459, 3278844686, 11228574067, 11296481769, 3819769528, 3819769458, 11228575767, 11228574126, 11228574122, 8370552973, 8370552942, 8370552943, 8370552950, 8370553057, 8370552966, 10682085912, 10682086049, 3819769504, 3819769423, 3819769377, 3819769352, 3819769384, 3819769373, 3819769369, 5281044435, 3819769307]","[[11230505686, 11663495477], [11663495477, 13357321496], [13357321496, 11178032838], [11178032838, 11230505689], [11230505689, 11228574064], [11228574064, 11228574065], [11228574065, 449449459], [449449459, 3278844686], [3278844686, 11228574067], [11228574067, 11296481769], [11296481769, 3819769528], [3819769528, 3819769458], [3819769458, 11228575767], [11228575767, 11228574126], [11228574126, 11228574122], [11228574122, 8370552973], [8370552973, 8370552942], [8370552942, 8370552943], [8370552943, 8370552950], [8370552950, 8370553057], [8370553057, 8370552966], [8370552966, 10682085912], [10682085912, 10682086049], [10682086049, 3819769504], [3819769504, 3819769423], [3819769423, 3819769377], [3819769377, 3819769352], [3819769352, 3819769384], [3819769384, 3819769373], [3819769373, 3819769369], [3819769369, 5281044435], [5281044435, 3819769307]]",33,32,1532.484,0,0,0.0,0,0.0,0,0.0,0,0.0,0,0.0,0.0,10,9,11,k_shortest,1525.437,1532.484,7.047,0.00462,21.486,0.0,21.486,1.0,2,0,True
od_52,연신내,6호선,126.920625,37.618636,mobility_facility,드림공인중개사사무소,서울특별시 은평구 불광로 90,126.9327,37.6147,1152.109,11230505686,3819769307,20.028299588559467,16.38372581697322,PASS,od_52_k_shortest_alternative_1,k_shortest_alternative_1,"[11230505686, 11663495477, 13357321496, 11178032838, 2960309144, 3819769883, 11296481771, 3819769766, 11228575652, 3819769749, 11228575779, 11228574068, 11228575767, 11228574126, 11228574122, 8370552973, 8370552942, 8370552943, 8370552950, 8370553057, 8370552966, 10682085912, 10682086049, 3819769504, 3819769423, 3819769377, 3819769352, 3819769384, 3819769373, 3819769369, 5281044435, 3819769307]","[[11230505686, 11663495477], [11663495477, 13357321496], [13357321496, 11178032838], [11178032838, 2960309144], [2960309144, 3819769883], [3819769883, 11296481771], [11296481771, 3819769766], [3819769766, 11228575652], [11228575652, 3819769749], [3819769749, 11228575779], [11228575779, 11228574068], [11228574068, 11228575767], [11228575767, 11228574126], [11228574126, 11228574122], [11228574122, 8370552973], [8370552973, 8370552942], [8370552942, 8370552943], [8370552943, 8370552950], [8370552950, 8370553057], [8370553057, 8370552966], [8370552966, 10682085912], [10682085912, 10682086049], [10682086049, 3819769504], [3819769504, 3819769423], [3819769423, 3819769377], [3819769377, 3819769352], [3819769352, 3819769384], [3819769384, 3819769373], [3819769373, 3819769369], [3819769369, 5281044435], [5281044435, 3819769307]]",32,31,1526.461,0,0,0.0,0,0.0,0,0.0,0,0.0,0,0.0,0.0,10,9,12,k_shortest,1525.437,1526.461,1.024,0.000671,21.486,0.0,21.486,1.0,2,0,True
od_52,연신내,6호선,126.920625,37.618636,mobility_facility,드림공인중개사사무소,서울특별시 은평구 불광로 90,126.9327,37.6147,1152.109,11230505686,3819769307,20.028299588559467,16.38372581697322,PASS,od_52_k_shortest_alternative_2,k_shortest_alternative_2,"[11230505686, 11663495477, 13357321496, 11178032838, 11230505689, 11228574064, 11228574065, 449449459, 3278844686, 11228574067, 11296481769, 3819769528, 3819769458, 11228575767, 11228574126, 11228574122, 8370552973, 8370552942, 8370552943, 8370552950, 8370553057, 8370552966, 10682085912, 10682086049, 3819769504, 3819769423, 3819769438, 3819769436, 3819769416, 3819769405, 3819769396, 5281044436, 5281044435, 3819769307]","[[11230505686, 11663495477], [11663495477, 13357321496], [13357321496, 11178032838], [11178032838, 11230505689], [11230505689, 11228574064], [11228574064, 11228574065], [11228574065, 449449459], [449449459, 3278844686], [3278844686, 11228574067], [11228574067, 11296481769], [11296481769, 3819769528], [3819769528, 3819769458], [3819769458, 11228575767], [11228575767, 11228574126], [11228574126, 11228574122], [11228574122, 8370552973], [8370552973, 8370552942], [8370552942, 8370552943], [8370552943, 8370552950], [8370552950, 8370553057], [8370553057, 8370552966], [8370552966, 10682085912], [10682085912, 10682086049], [10682086049, 3819769504], [3819769504, 3819769423], [3819769423, 3819769438], [3819769438, 3819769436], [3819769436, 3819769416], [3819769416, 3819769405], [3819769405, 3819769396], [3819769396, 5281044436], [5281044436, 5281044435], [5281044435, 3819769307]]",34,33,1531.46,0,0,0.0,0,0.0,0,0.0,2,21.486,2,21.486,0.01403,11,9,11,k_shortest,1525.437,1531.46,6.023,0.003948,21.486,21.486,0.0,0.0,2,2,False
od_52,연신내,6호선,126.920625,37.618636,mobility_facility,드림공인중개사사무소,서울특별시 은평구 불광로 90,126.9327,37.6147,1152.109,11230505686,3819769307,20.028299588559467,16.38372581697322,PASS,od_52_k_shortest_alternative_3,k_shortest_alternative_3,"[11230505686, 11663495477, 13357321496, 11178032838, 11230505689, 11228574064, 11228574065, 449449459, 3278844686, 11228575652, 3819769749, 11228575779, 11228574068, 11228575767, 11228574126, 11228574122, 8370552973, 8370552942, 8370552943, 8370552950, 8370553057, 8370552966, 10682085912, 10682086049, 3819769504, 3819769423, 3819769438, 3819769436, 3819769416, 3819769405, 3819769396, 5281044436, 5281044435, 3819769307]","[[11230505686, 11663495477], [11663495477, 13357321496], [13357321496, 11178032838], [11178032838, 11230505689], [11230505689, 11228574064], [11228574064, 11228574065], [11228574065, 449449459], [449449459, 3278844686], [3278844686, 11228575652], [11228575652, 3819769749], [3819769749, 11228575779], [11228575779, 11228574068], [11228574068, 11228575767], [11228575767, 11228574126], [11228574126, 11228574122], [11228574122, 8370552973], [8370552973, 8370552942], [8370552942, 8370552943], [8370552943, 8370552950], [8370552950, 8370553057], [8370553057, 8370552966], [8370552966, 10682085912], [10682085912, 10682086049], [10682086049, 3819769504], [3819769504, 3819769423], [3819769423, 3819769438], [3819769438, 3819769436], [3819769436, 3819769416], [3819769416, 3819769405], [3819769405, 3819769396], [3819769396, 5281044436], [5281044436, 5281044435], [5281044435, 3819769307]]",34,33,1532.094,0,0,0.0,0,0.0,0,0.0,2,21.486,2,21.486,0.014024,11,9,11,k_shortest,1525.437,1532.094,6.657,0.004364,21.486,21.486,0.0,0.0,2,2,False
od_52,연신내,6호선,126.920625,37.618636,mobility_facility,드림공인중개사사무소,서울특별시 은평구 불광로 90,126.9327,37.6147,1152.109,11230505686,3819769307,20.028299588559467,16.38372581697322,PASS,od_52_k_shortest_alternative_4,k_shortest_alternative_4,"[11230505686, 11663495477, 13357321496, 11178032838, 11230505689, 11228574064, 11228574065, 449449459, 3278844686, 11228574067, 11296481769, 3819769528, 3819769458, 11228575767, 11228574126, 11228574122, 8370552973, 8370552942, 8370552943, 8370552950, 8370553057, 8370552966, 10682085912, 10682086049, 3819769504, 3819769423, 3819769377, 3819769352, 3819769384, 3819769373, 3819769369, 5281044435, 3819769307]","[[11230505686, 11663495477], [11663495477, 13357321496], [13357321496, 11178032838], [11178032838, 11230505689], [11230505689, 11228574064], [11228574064, 11228574065], [11228574065, 449449459], [449449459, 3278844686], [3278844686, 11228574067], [11228574067, 11296481769], [11296481769, 3819769528], [3819769528, 3819769458], [3819769458, 11228575767], [11228575767, 11228574126], [11228574126, 11228574122], [11228574122, 8370552973], [8370552973, 8370552942], [8370552942, 8370552943], [8370552943, 8370552950], [8370552950, 8370553057], [8370553057, 8370552966], [8370552966, 10682085912], [10682085912, 10682086049], [10682086049, 3819769504], [3819769504, 3819769423], [3819769423, 3819769377], [3819769377, 3819769352], [3819769352, 3819769384], [3819769384, 3819769373], [3819769373, 3819769369], [3819769369, 5281044435], [5281044435, 3819769307]]",33,32,1532.484,0,0,0.0,0,0.0,0,0.0,0,0.0,0,0.0,0.0,10,9,11,k_shortest,1525.437,1532.484,7.047,0.00462,21.486,0.0,21.486,1.0,2,0,True
od_20,연신내,6호선,126.920625,37.618636,mobility_facility,대호크리닝세탁,"서울특별시 은평구 불광로 90, 102동 (불광동, 대호프라자아파트)",126.9326,37.6146,1148.23,11230505686,3819769307,20.028299588559467,11.060299788695614,PASS,od_20_k_shortest_alternative_1,k_shortest_alternative_1,"[11230505686, 11663495477, 13357321496, 11178032838, 2960309144, 3819769883, 11296481771, 3819769766, 11228575652, 3819769749, 11228575779, 11228574068, 11228575767, 11228574126, 11228574122, 8370552973, 8370552942, 8370552943, 8370552950, 8370553057, 8370552966, 10682085912, 10682086049, 3819769504, 3819769423, 3819769377, 3819769352, 3819769384, 3819769373, 3819769369, 5281044435, 3819769307]","[[11230505686, 11663495477], [11663495477, 13357321496], [13357321496, 11178032838], [11178032838, 2960309144], [2960309144, 3819769883], [3819769883, 11296481771], [11296481771, 3819769766], [3819769766, 11228575652], [11228575652, 3819769749], [3819769749, 11228575779], [11228575779, 11228574068], [11228574068, 11228575767], [11228575767, 11228574126], [11228574126, 11228574122], [11228574122, 8370552973], [8370552973, 8370552942], [8370552942, 8370552943], [8370552943, 8370552950], [8370552950, 8370553057], [8370553057, 8370552966], [8370552966, 10682085912], [10682085912, 10682086049], [10682086049, 3819769504], [3819769504, 3819769423], [3819769423, 3819769377], [3819769377, 3819769352], [3819769352, 3819769384], [3819769384, 3819769373], [3819769373, 3819769369], [3819769369, 5281044435], [5281044435, 3819769307]]",32,31,1526.461,0,0,0.0,0,0.0,0,0.0,0,0.0,0,0.0,0.0,10,9,12,k_shortest,1525.437,1526.461,1.024,0.000671,21.486,0.0,21.486,1.0,2,0,True
od_20,연신내,6호선,126.920625,37.618636,mobility_facility,대호크리닝세탁,"서울특별시 은평구 불광로 90, 102동 (불광동, 대호프라자아파트)",126.9326,37.6146,1148.23,11230505686,3819769307,20.028299588559467,11.060299788695614,PASS,od_20_k_shortest_alternative_2,k_shortest_alternative_2,"[11230505686, 11663495477, 13357321496, 11178032838, 11230505689, 11228574064, 11228574065, 449449459, 3278844686, 11228574067, 11296481769, 3819769528, 3819769458, 11228575767, 11228574126, 11228574122, 8370552973, 8370552942, 8370552943, 8370552950, 8370553057, 8370552966, 10682085912, 10682086049, 3819769504, 3819769423, 3819769438, 3819769436, 3819769416, 3819769405, 3819769396, 5281044436, 5281044435, 3819769307]","[[11230505686, 11663495477], [11663495477, 13357321496], [13357321496, 11178032838], [11178032838, 11230505689], [11230505689, 11228574064], [11228574064, 11228574065], [11228574065, 449449459], [449449459, 3278844686], [3278844686, 11228574067], [11228574067, 11296481769], [11296481769, 3819769528], [3819769528, 3819769458], [3819769458, 11228575767], [11228575767, 11228574126], [11228574126, 11228574122], [11228574122, 8370552973], [8370552973, 8370552942], [8370552942, 8370552943], [8370552943, 8370552950], [8370552950, 8370553057], [8370553057, 8370552966], [8370552966, 10682085912], [10682085912, 10682086049], [10682086049, 3819769504], [3819769504, 3819769423], [3819769423, 3819769438], [3819769438, 3819769436], [3819769436, 3819769416], [3819769416, 3819769405], [3819769405, 3819769396], [3819769396, 5281044436], [5281044436, 5281044435], [5281044435, 3819769307]]",34,33,1531.46,0,0,0.0,0,0.0,0,0.0,2,21.486,2,21.486,0.01403,11,9,11,k_shortest,1525.437,1531.46,6.023,0.003948,21.486,21.486,0.0,0.0,2,2,False
od_20,연신내,6호선,126.920625,37.618636,mobility_facility,대호크리닝세탁,"서울특별시 은평구 불광로 90, 102동 (불광동, 대호프라자아파트)",126.9326,37.6146,1148.23,11230505686,3819769307,20.028299588559467,11.060299788695614,PASS,od_20_k_shortest_alternative_3,k_shortest_alternative_3,"[11230505686, 11663495477, 13357321496, 11178032838, 11230505689, 11228574064, 11228574065, 449449459, 3278844686, 11228575652, 3819769749, 11228575779, 11228574068, 11228575767, 11228574126, 11228574122, 8370552973, 8370552942, 8370552943, 8370552950, 8370553057, 8370552966, 10682085912, 10682086049, 3819769504, 3819769423, 3819769438, 3819769436, 3819769416, 3819769405, 3819769396, 5281044436, 5281044435, 3819769307]","[[11230505686, 11663495477], [11663495477, 13357321496], [13357321496, 11178032838], [11178032838, 11230505689], [11230505689, 11228574064], [11228574064, 11228574065], [11228574065, 449449459], [449449459, 3278844686], [3278844686, 11228575652], [11228575652, 3819769749], [3819769749, 11228575779], [11228575779, 11228574068], [11228574068, 11228575767], [11228575767, 11228574126], [11228574126, 11228574122], [11228574122, 8370552973], [8370552973, 8370552942], [8370552942, 8370552943], [8370552943, 8370552950], [8370552950, 8370553057], [8370553057, 8370552966], [8370552966, 10682085912], [10682085912, 10682086049], [10682086049, 3819769504], [3819769504, 3819769423], [3819769423, 3819769438], [3819769438, 3819769436], [3819769436, 3819769416], [3819769416, 3819769405], [3819769405, 3819769396], [3819769396, 5281044436], [5281044436, 5281044435], [5281044435, 3819769307]]",34,33,1532.094,0,0,0.0,0,0.0,0,0.0,2,21.486,2,21.486,0.014024,11,9,11,k_shortest,1525.437,1532.094,6.657,0.004364,21.486,21.486,0.0,0.0,2,2,False
od_20,연신내,6호선,126.920625,37.618636,mobility_facility,대호크리닝세탁,"서울특별시 은평구 불광로 90, 102동 (불광동, 대호프라자아파트)",126.9326,37.6146,1148.23,11230505686,3819769307,20.028299588559467,11.060299788695614,PASS,od_20_k_shortest_alternative_4,k_shortest_alternative_4,"[11230505686, 11663495477, 13357321496, 11178032838, 11230505689, 11228574064, 11228574065, 449449459, 3278844686, 11228574067, 11296481769, 3819769528, 3819769458, 11228575767, 11228574126, 11228574122, 8370552973, 8370552942, 8370552943, 8370552950, 8370553057, 8370552966, 10682085912, 10682086049, 3819769504, 3819769423, 3819769377, 3819769352, 3819769384, 3819769373, 3819769369, 5281044435, 3819769307]","[[11230505686, 11663495477], [11663495477, 13357321496], [13357321496, 11178032838], [11178032838, 11230505689], [11230505689, 11228574064], [11228574064, 11228574065], [11228574065, 449449459], [449449459, 3278844686], [3278844686, 11228574067], [11228574067, 11296481769], [11296481769, 3819769528], [3819769528, 3819769458], [3819769458, 11228575767], [11228575767, 11228574126], [11228574126, 11228574122], [11228574122, 8370552973], [8370552973, 8370552942], [8370552942, 8370552943], [8370552943, 8370552950], [8370552950, 8370553057], [8370553057, 8370552966], [8370552966, 10682085912], [10682085912, 10682086049], [10682086049, 3819769504], [3819769504, 3819769423], [3819769423, 3819769377], [3819769377, 3819769352], [3819769352, 3819769384], [3819769384, 3819769373], [3819769373, 3819769369], [3819769369, 5281044435], [5281044435, 3819769307]]",33,32,1532.484,0,0,0.0,0,0.0,0,0.0,0,0.0,0,0.0,0.0,10,9,11,k_shortest,1525.437,1532.484,7.047,0.00462,21.486,0.0,21.486,1.0,2,0,True
od_19,연신내,6호선,126.920625,37.618636,mobility_facility,월드공인중개사사무소,"서울특별시 은평구 불광로 90, 102동 (불광동, 대호프라자아파트)",126.9326,37.6146,1148.23,11230505686,3819769307,20.028299588559467,11.060299788695614,PASS,od_19_k_shortest_alternative_1,k_shortest_alternative_1,"[11230505686, 11663495477, 13357321496, 11178032838, 2960309144, 3819769883, 11296481771, 3819769766, 11228575652, 3819769749, 11228575779, 11228574068, 11228575767, 11228574126, 11228574122, 8370552973, 8370552942, 8370552943, 8370552950, 8370553057, 8370552966, 10682085912, 10682086049, 3819769504, 3819769423, 3819769377, 3819769352, 3819769384, 3819769373, 3819769369, 5281044435, 3819769307]","[[11230505686, 11663495477], [11663495477, 13357321496], [13357321496, 11178032838], [11178032838, 2960309144], [2960309144, 3819769883], [3819769883, 11296481771], [11296481771, 3819769766], [3819769766, 11228575652], [11228575652, 3819769749], [3819769749, 11228575779], [11228575779, 11228574068], [11228574068, 11228575767], [11228575767, 11228574126], [11228574126, 11228574122], [11228574122, 8370552973], [8370552973, 8370552942], [8370552942, 8370552943], [8370552943, 8370552950], [8370552950, 8370553057], [8370553057, 8370552966], [8370552966, 10682085912], [10682085912, 10682086049], [10682086049, 3819769504], [3819769504, 3819769423], [3819769423, 3819769377], [3819769377, 3819769352], [3819769352, 3819769384], [3819769384, 3819769373], [3819769373, 3819769369], [3819769369, 5281044435], [5281044435, 3819769307]]",32,31,1526.461,0,0,0.0,0,0.0,0,0.0,0,0.0,0,0.0,0.0,10,9,12,k_shortest,1525.437,1526.461,1.024,0.000671,21.486,0.0,21.486,1.0,2,0,True
od_19,연신내,6호선,126.920625,37.618636,mobility_facility,월드공인중개사사무소,"서울특별시 은평구 불광로 90, 102동 (불광동, 대호프라자아파트)",126.9326,37.6146,1148.23,11230505686,3819769307,20.028299588559467,11.060299788695614,PASS,od_19_k_shortest_alternative_2,k_shortest_alternative_2,"[11230505686, 11663495477, 13357321496, 11178032838, 11230505689, 11228574064, 11228574065, 449449459, 3278844686, 11228574067, 11296481769, 3819769528, 3819769458, 11228575767, 11228574126, 11228574122, 8370552973, 8370552942, 8370552943, 8370552950, 8370553057, 8370552966, 10682085912, 10682086049, 3819769504, 3819769423, 3819769438, 3819769436, 3819769416, 3819769405, 3819769396, 5281044436, 5281044435, 3819769307]","[[11230505686, 11663495477], [11663495477, 13357321496], [13357321496, 11178032838], [11178032838, 11230505689], [11230505689, 11228574064], [11228574064, 11228574065], [11228574065, 449449459], [449449459, 3278844686], [3278844686, 11228574067], [11228574067, 11296481769], [11296481769, 3819769528], [3819769528, 3819769458], [3819769458, 11228575767], [11228575767, 11228574126], [11228574126, 11228574122], [11228574122, 8370552973], [8370552973, 8370552942], [8370552942, 8370552943], [8370552943, 8370552950], [8370552950, 8370553057], [8370553057, 8370552966], [8370552966, 10682085912], [10682085912, 10682086049], [10682086049, 3819769504], [3819769504, 3819769423], [3819769423, 3819769438], [3819769438, 3819769436], [3819769436, 3819769416], [3819769416, 3819769405], [3819769405, 3819769396], [3819769396, 5281044436], [5281044436, 5281044435], [5281044435, 3819769307]]",34,33,1531.46,0,0,0.0,0,0.0,0,0.0,2,21.486,2,21.486,0.01403,11,9,11,k_shortest,1525.437,1531.46,6.023,0.003948,21.486,21.486,0.0,0.0,2,2,False
od_19,연신내,6호선,126.920625,37.618636,mobility_facility,월드공인중개사사무소,"서울특별시 은평구 불광로 90, 102동 (불광동, 대호프라자아파트)",126.9326,37.6146,1148.23,11230505686,3819769307,20.028299588559467,11.060299788695614,PASS,od_19_k_shortest_alternative_3,k_shortest_alternative_3,"[11230505686, 11663495477, 13357321496, 11178032838, 11230505689, 11228574064, 11228574065, 449449459, 3278844686, 11228575652, 3819769749, 11228575779, 11228574068, 11228575767, 11228574126, 11228574122, 8370552973, 8370552942, 8370552943, 8370552950, 8370553057, 8370552966, 10682085912, 10682086049, 3819769504, 3819769423, 3819769438, 3819769436, 3819769416, 3819769405, 3819769396, 5281044436, 5281044435, 3819769307]","[[11230505686, 11663495477], [11663495477, 13357321496], [13357321496, 11178032838], [11178032838, 11230505689], [11230505689, 11228574064], [11228574064, 11228574065], [11228574065, 449449459], [449449459, 3278844686], [3278844686, 11228575652], [11228575652, 3819769749], [3819769749, 11228575779], [11228575779, 11228574068], [11228574068, 11228575767], [11228575767, 11228574126], [11228574126, 11228574122], [11228574122, 8370552973], [8370552973, 8370552942], [8370552942, 8370552943], [8370552943, 8370552950], [8370552950, 8370553057], [8370553057, 8370552966], [8370552966, 10682085912], [10682085912, 10682086049], [10682086049, 3819769504], [3819769504, 3819769423], [3819769423, 3819769438], [3819769438, 3819769436], [3819769436, 3819769416], [3819769416, 3819769405], [3819769405, 3819769396], [3819769396, 5281044436], [5281044436, 5281044435], [5281044435, 3819769307]]",34,33,1532.094,0,0,0.0,0,0.0,0,0.0,2,21.486,2,21.486,0.014024,11,9,11,k_shortest,1525.437,1532.094,6.657,0.004364,21.486,21.486,0.0,0.0,2,2,False
od_19,연신내,6호선,126.920625,37.618636,mobility_facility,월드공인중개사사무소,"서울특별시 은평구 불광로 90, 102동 (불광동, 대호프라자아파트)",126.9326,37.6146,1148.23,11230505686,3819769307,20.028299588559467,11.060299788695614,PASS,od_19_k_shortest_alternative_4,k_shortest_alternative_4,"[11230505686, 11663495477, 13357321496, 11178032838, 11230505689, 11228574064, 11228574065, 449449459, 3278844686, 11228574067, 11296481769, 3819769528, 3819769458, 11228575767, 11228574126, 11228574122, 8370552973, 8370552942, 8370552943, 8370552950, 8370553057, 8370552966, 10682085912, 10682086049, 3819769504, 3819769423, 3819769377, 3819769352, 3819769384, 3819769373, 3819769369, 5281044435, 3819769307]","[[11230505686, 11663495477], [11663495477, 13357321496], [13357321496, 11178032838], [11178032838, 11230505689], [11230505689, 11228574064], [11228574064, 11228574065], [11228574065, 449449459], [449449459, 3278844686], [3278844686, 11228574067], [11228574067, 11296481769], [11296481769, 3819769528], [3819769528, 3819769458], [3819769458, 11228575767], [11228575767, 11228574126], [11228574126, 11228574122], [11228574122, 8370552973], [8370552973, 8370552942], [8370552942, 8370552943], [8370552943, 8370552950], [8370552950, 8370553057], [8370553057, 8370552966], [8370552966, 10682085912], [10682085912, 10682086049], [10682086049, 3819769504], [3819769504, 3819769423], [3819769423, 3819769377], [3819769377, 3819769352], [3819769352, 3819769384], [3819769384, 3819769373], [3819769373, 3819769369], [3819769369, 5281044435], [5281044435, 3819769307]]",33,32,1532.484,0,0,0.0,0,0.0,0,0.0,0,0.0,0,0.0,0.0,10,9,11,k_shortest,1525.437,1532.484,7.047,0.00462,21.486,0.0,21.486,1.0,2,0,True
od_61,연신내,6호선,126.920625,37.618636,mobility_facility,05.  대호아파트,서울특별시 은평구 불광로 82,126.9324,37.6145,1136.431,11230505686,3819769307,20.028299588559467,21.96220793077043,PASS,od_61_k_shortest_alternative_1,k_shortest_alternative_1,"[11230505686, 11663495477, 13357321496, 11178032838, 2960309144, 3819769883, 11296481771, 3819769766, 11228575652, 3819769749, 11228575779, 11228574068, 11228575767, 11228574126, 11228574122, 8370552973, 8370552942, 8370552943, 8370552950, 8370553057, 8370552966, 10682085912, 10682086049, 3819769504, 3819769423, 3819769377, 3819769352, 3819769384, 3819769373, 3819769369, 5281044435, 3819769307]","[[11230505686, 11663495477], [11663495477, 13357321496], [13357321496, 11178032838], [11178032838, 2960309144], [2960309144, 3819769883], [3819769883, 11296481771], [11296481771, 3819769766], [3819769766, 11228575652], [11228575652, 3819769749], [3819769749, 11228575779], [11228575779, 11228574068], [11228574068, 11228575767], [11228575767, 11228574126], [11228574126, 11228574122], [11228574122, 8370552973], [8370552973, 8370552942], [8370552942, 8370552943], [8370552943, 8370552950], [8370552950, 8370553057], [8370553057, 8370552966], [8370552966, 10682085912], [10682085912, 10682086049], [10682086049, 3819769504], [3819769504, 3819769423], [3819769423, 3819769377], [3819769377, 3819769352], [3819769352, 3819769384], [3819769384, 3819769373], [3819769373, 3819769369], [3819769369, 5281044435], [5281044435, 3819769307]]",32,31,1526.461,0,0,0.0,0,0.0,0,0.0,0,0.0,0,0.0,0.0,10,9,12,k_shortest,1525.437,1526.461,1.024,0.000671,21.486,0.0,21.486,1.0,2,0,True
od_61,연신내,6호선,126.920625,37.618636,mobility_facility,05.  대호아파트,서울특별시 은평구 불광로 82,126.9324,37.6145,1136.431,11230505686,3819769307,20.028299588559467,21.96220793077043,PASS,od_61_k_shortest_alternative_2,k_shortest_alternative_2,"[11230505686, 11663495477, 13357321496, 11178032838, 11230505689, 11228574064, 11228574065, 449449459, 3278844686, 11228574067, 11296481769, 3819769528, 3819769458, 11228575767, 11228574126, 11228574122, 8370552973, 8370552942, 8370552943, 8370552950, 8370553057, 8370552966, 10682085912, 10682086049, 3819769504, 3819769423, 3819769438, 3819769436, 3819769416, 3819769405, 3819769396, 5281044436, 5281044435, 3819769307]","[[11230505686, 11663495477], [11663495477, 13357321496], [13357321496, 11178032838], [11178032838, 11230505689], [11230505689, 11228574064], [11228574064, 11228574065], [11228574065, 449449459], [449449459, 3278844686], [3278844686, 11228574067], [11228574067, 11296481769], [11296481769, 3819769528], [3819769528, 3819769458], [3819769458, 11228575767], [11228575767, 11228574126], [11228574126, 11228574122], [11228574122, 8370552973], [8370552973, 8370552942], [8370552942, 8370552943], [8370552943, 8370552950], [8370552950, 8370553057], [8370553057, 8370552966], [8370552966, 10682085912], [10682085912, 10682086049], [10682086049, 3819769504], [3819769504, 3819769423], [3819769423, 3819769438], [3819769438, 3819769436], [3819769436, 3819769416], [3819769416, 3819769405], [3819769405, 3819769396], [3819769396, 5281044436], [5281044436, 5281044435], [5281044435, 3819769307]]",34,33,1531.46,0,0,0.0,0,0.0,0,0.0,2,21.486,2,21.486,0.01403,11,9,11,k_shortest,1525.437,1531.46,6.023,0.003948,21.486,21.486,0.0,0.0,2,2,False
od_61,연신내,6호선,126.920625,37.618636,mobility_facility,05.  대호아파트,서울특별시 은평구 불광로 82,126.9324,37.6145,1136.431,11230505686,3819769307,20.028299588559467,21.96220793077043,PASS,od_61_k_shortest_alternative_3,k_shortest_alternative_3,"[11230505686, 11663495477, 13357321496, 11178032838, 11230505689, 11228574064, 11228574065, 449449459, 3278844686, 11228575652, 3819769749, 11228575779, 11228574068, 11228575767, 11228574126, 11228574122, 8370552973, 8370552942, 8370552943, 8370552950, 8370553057, 8370552966, 10682085912, 10682086049, 3819769504, 3819769423, 3819769438, 3819769436, 3819769416, 3819769405, 3819769396, 5281044436, 5281044435, 3819769307]","[[11230505686, 11663495477], [11663495477, 13357321496], [13357321496, 11178032838], [11178032838, 11230505689], [11230505689, 11228574064], [11228574064, 11228574065], [11228574065, 449449459], [449449459, 3278844686], [3278844686, 11228575652], [11228575652, 3819769749], [3819769749, 11228575779], [11228575779, 11228574068], [11228574068, 11228575767], [11228575767, 11228574126], [11228574126, 11228574122], [11228574122, 8370552973], [8370552973, 8370552942], [8370552942, 8370552943], [8370552943, 8370552950], [8370552950, 8370553057], [8370553057, 8370552966], [8370552966, 10682085912], [10682085912, 10682086049], [10682086049, 3819769504], [3819769504, 3819769423], [3819769423, 3819769438], [3819769438, 3819769436], [3819769436, 3819769416], [3819769416, 3819769405], [3819769405, 3819769396], [3819769396, 5281044436], [5281044436, 5281044435], [5281044435, 3819769307]]",34,33,1532.094,0,0,0.0,0,0.0,0,0.0,2,21.486,2,21.486,0.014024,11,9,11,k_shortest,1525.437,1532.094,6.657,0.004364,21.486,21.486,0.0,0.0,2,2,False
od_61,연신내,6호선,126.920625,37.618636,mobility_facility,05.  대호아파트,서울특별시 은평구 불광로 82,126.9324,37.6145,1136.431,11230505686,3819769307,20.028299588559467,21.96220793077043,PASS,od_61_k_shortest_alternative_4,k_shortest_alternative_4,"[11230505686, 11663495477, 13357321496, 11178032838, 11230505689, 11228574064, 11228574065, 449449459, 3278844686, 11228574067, 11296481769, 3819769528, 3819769458, 11228575767, 11228574126, 11228574122, 8370552973, 8370552942, 8370552943, 8370552950, 8370553057, 8370552966, 10682085912, 10682086049, 3819769504, 3819769423, 3819769377, 3819769352, 3819769384, 3819769373, 3819769369, 5281044435, 3819769307]","[[11230505686, 11663495477], [11663495477, 13357321496], [13357321496, 11178032838], [11178032838, 11230505689], [11230505689, 11228574064], [11228574064, 11228574065], [11228574065, 449449459], [449449459, 3278844686], [3278844686, 11228574067], [11228574067, 11296481769], [11296481769, 3819769528], [3819769528, 3819769458], [3819769458, 11228575767], [11228575767, 11228574126], [11228574126, 11228574122], [11228574122, 8370552973], [8370552973, 8370552942], [8370552942, 8370552943], [8370552943, 8370552950], [8370552950, 8370553057], [8370553057, 8370552966], [8370552966, 10682085912], [10682085912, 10682086049], [10682086049, 3819769504], [3819769504, 3819769423], [3819769423, 3819769377], [3819769377, 3819769352], [3819769352, 3819769384], [3819769384, 3819769373], [3819769373, 3819769369], [3819769369, 5281044435], [5281044435, 3819769307]]",33,32,1532.484,0,0,0.0,0,0.0,0,0.0,0,0.0,0,0.0,0.0,10,9,11,k_shortest,1525.437,1532.484,7.047,0.00462,21.486,0.0,21.486,1.0,2,0,True
od_1453,응암,6호선,126.915577,37.598605,mobility_facility,와산교공인중개사사무소,서울특별시 은평구 증산로15길 8,126.9121,37.589,1109.392,8735757178,3822999792,11.20363638320314,13.73914726582982,PASS,od_1453_k_shortest_alternative_1,k_shortest_alternative_1,"[8735757178, 3822999249, 8749379963, 3822999252, 8754918410, 3822999121, 8753077712, 3822999066, 3822999187, 3822999191, 3822999195, 8754918144, 8754918408, 3822999133, 3822999184, 8754918340, 8754918403, 8754918405, 1104187221, 8754918407, 3822999328, 3822999322, 3822999355, 3822999210, 10211968017, 3822999806, 10211968026, 3822999812, 3822999808, 3822999814, 3822999791, 3822999792]","[[8735757178, 3822999249], [3822999249, 8749379963], [8749379963, 3822999252], [3822999252, 8754918410], [8754918410, 3822999121], [3822999121, 8753077712], [8753077712, 3822999066], [3822999066, 3822999187], [3822999187, 3822999191], [3822999191, 3822999195], [3822999195, 8754918144], [8754918144, 8754918408], [8754918408, 3822999133], [3822999133, 3822999184], [3822999184, 8754918340], [8754918340, 8754918403], [8754918403, 8754918405], [8754918405, 1104187221], [1104187221, 8754918407], [8754918407, 3822999328], [3822999328, 3822999322], [3822999322, 3822999355], [3822999355, 3822999210], [3822999210, 10211968017], [10211968017, 3822999806], [3822999806, 10211968026], [10211968026, 3822999812], [3822999812, 3822999808], [3822999808, 3822999814], [3822999814, 3822999791], [3822999791, 3822999792]]",32,31,1192.323,0,0,0.0,0,0.0,0,0.0,1,15.949,1,15.949,0.013377,10,30,25,k_shortest,1189.497,1192.323,2.826,0.002376,15.949,15.949,0.0,0.0,1,1,False
od_2722,연신내,3호선,126.921038,37.619229,mobility_facility,35. 대호아파트,서울특별시 은평구 불광로 76,126.9324,37.6144,1137.329,13357342120,3279011087,32.16422242836125,22.604664389091035,PASS,od_2722_k_shortest_alternative_1,k_shortest_alternative_1,"[13357342120, 13357342121, 13357321496, 11178032838, 11230505689, 11228574064, 11228574065, 449449459, 3278844686, 11228574067, 11296481769, 3819769528, 3819769458, 11228575767, 11228574126, 11228574122, 8370552973, 8370552942, 8370552943, 8370552950, 8370553057, 8370552966, 10682085912, 10682086049, 3819769504, 3819769423, 3819769377, 3819769352, 4580235124, 3819769300, 3819769286, 3819769276, 3279011087]","[[13357342120, 13357342121], [13357342121, 13357321496], [13357321496, 11178032838], [11178032838, 11230505689], [11230505689, 11228574064], [11228574064, 11228574065], [11228574065, 449449459], [449449459, 3278844686], [3278844686, 11228574067], [11228574067, 11296481769], [11296481769, 3819769528], [3819769528, 3819769458], [3819769458, 11228575767], [11228575767, 11228574126], [11228574126, 11228574122], [11228574122, 8370552973], [8370552973, 8370552942], [8370552942, 8370552943], [8370552943, 8370552950], [8370552950, 8370553057], [8370553057, 8370552966], [8370552966, 10682085912], [10682085912, 10682086049], [10682086049, 3819769504], [3819769504, 3819769423], [3819769423, 3819769377], [3819769377, 3819769352], [3819769352, 4580235124], [4580235124, 3819769300], [3819769300, 3819769286], [3819769286, 3819769276], [3819769276, 3279011087]]",33,32,1492.329,0,0,0.0,0,0.0,0,0.0,1,12.919,1,12.919,0.008657,4,8,10,k_shortest,1486.306,1492.329,6.023,0.004052,12.919,12.919,0.0,0.0,1,1,False
od_2722,연신내,3호선,126.921038,37.619229,mobility_facility,35. 대호아파트,서울특별시 은평구 불광로 76,126.9324,37.6144,1137.329,13357342120,3279011087,32.16422242836125,22.604664389091035,PASS,od_2722_k_shortest_alternative_2,k_shortest_alternative_2,"[13357342120, 13357342121, 13357321496, 11178032838, 11230505689, 11228574064, 11228574065, 449449459, 3278844686, 11228575652, 3819769749, 11228575779, 11228574068, 11228575767, 11228574126, 11228574122, 8370552973, 8370552942, 8370552943, 8370552950, 8370553057, 8370552966, 10682085912, 10682086049, 3819769504, 3819769423, 3819769377, 3819769352, 4580235124, 3819769300, 3819769286, 3819769276, 3279011087]","[[13357342120, 13357342121], [13357342121, 13357321496], [13357321496, 11178032838], [11178032838, 11230505689], [11230505689, 11228574064], [11228574064, 11228574065], [11228574065, 449449459], [449449459, 3278844686], [3278844686, 11228575652], [11228575652, 3819769749], [3819769749, 11228575779], [11228575779, 11228574068], [11228574068, 11228575767], [11228575767, 11228574126], [11228574126, 11228574122], [11228574122, 8370552973], [8370552973, 8370552942], [8370552942, 8370552943], [8370552943, 8370552950], [8370552950, 8370553057], [8370553057, 8370552966], [8370552966, 10682085912], [10682085912, 10682086049], [10682086049, 3819769504], [3819769504, 3819769423], [3819769423, 3819769377], [3819769377, 3819769352], [3819769352, 4580235124], [4580235124, 3819769300], [3819769300, 3819769286], [3819769286, 3819769276], [3819769276, 3279011087]]",33,32,1492.963,0,0,0.0,0,0.0,0,0.0,1,12.919,1,12.919,0.008653,4,8,10,k_shortest,1486.306,1492.963,6.657,0.004479,12.919,12.919,0.0,0.0,1,1,False
od_2722,연신내,3호선,126.921038,37.619229,mobility_facility,35. 대호아파트,서울특별시 은평구 불광로 76,126.9324,37.6144,1137.329,13357342120,3279011087,32.16422242836125,22.604664389091035,PASS,od_2722_k_shortest_alternative_3,k_shortest_alternative_3,"[13357342120, 13357342121, 13357321496, 11178032838, 2960309144, 3819769883, 3819769902, 3819769898, 3819769860, 3819769843, 3819769828, 4580162913, 3819769809, 3819769789, 10682009303, 10682086042, 10682086137, 10682086212, 10682085987, 10682086049, 3819769504, 3819769423, 3819769377, 3819769352, 4580235124, 3819769300, 3819769286, 3819769276, 3279011087]","[[13357342120, 13357342121], [13357342121, 13357321496], [13357321496, 11178032838], [11178032838, 2960309144], [2960309144, 3819769883], [3819769883, 3819769902], [3819769902, 3819769898], [3819769898, 3819769860], [3819769860, 3819769843], [3819769843, 3819769828], [3819769828, 4580162913], [4580162913, 3819769809], [3819769809, 3819769789], [3819769789, 10682009303], [10682009303, 10682086042], [10682086042, 10682086137], [10682086137, 10682086212], [10682086212, 10682085987], [10682085987, 10682086049], [10682086049, 3819769504], [3819769504, 3819769423], [3819769423, 3819769377], [3819769377, 3819769352], [3819769352, 4580235124], [4580235124, 3819769300], [3819769300, 3819769286], [3819769286, 3819769276], [3819769276, 3279011087]]",29,28,1495.52,0,0,0.0,0,0.0,0,0.0,1,12.919,1,12.919,0.008639,4,8,11,k_shortest,1486.306,1495.52,9.214,0.006199,12.919,12.919,0.0,0.0,1,1,False
od_72,연신내,6호선,126.920625,37.618636,mobility_facility,35. 대호아파트,서울특별시 은평구 불광로 76,126.9324,37.6144,1140.96,11230505686,3279011087,20.028299588559467,22.604664389091035,PASS,od_72_k_shortest_alternative_1,k_shortest_alternative_1,"[11230505686, 11663495477, 13357321496, 11178032838, 11230505689, 11228574064, 11228574065, 449449459, 3278844686, 11228574067, 11296481769, 3819769528, 3819769458, 11228575767, 11228574126, 11228574122, 8370552973, 8370552942, 8370552943, 8370552950, 8370553057, 8370552966, 10682085912, 10682086049, 3819769504, 3819769423, 3819769377, 3819769352, 4580235124, 3819769300, 3819769286, 3819769276, 3279011087]","[[11230505686, 11663495477], [11663495477, 13357321496], [13357321496, 11178032838], [11178032838, 11230505689], [11230505689, 11228574064], [11228574064, 11228574065], [11228574065, 449449459], [449449459, 3278844686], [3278844686, 11228574067], [11228574067, 11296481769], [11296481769, 3819769528], [3819769528, 3819769458], [3819769458, 11228575767], [11228575767, 11228574126], [11228574126, 11228574122], [11228574122, 8370552973], [8370552973, 8370552942], [8370552942, 8370552943], [8370552943, 8370552950], [8370552950, 8370553057], [8370553057, 8370552966], [8370552966, 10682085912], [10682085912, 10682086049], [10682086049, 3819769504], [3819769504, 3819769423], [3819769423, 3819769377], [3819769377, 3819769352], [3819769352, 4580235124], [4580235124, 3819769300], [3819769300, 3819769286], [3819769286, 3819769276], [3819769276, 3279011087]]",33,32,1506.605,0,0,0.0,0,0.0,0,0.0,1,12.919,1,12.919,0.008575,4,9,11,k_shortest,1500.582,1506.605,6.023,0.004014,12.919,12.919,0.0,0.0,1,1,False
od_72,연신내,6호선,126.920625,37.618636,mobility_facility,35. 대호아파트,서울특별시 은평구 불광로 76,126.9324,37.6144,1140.96,11230505686,3279011087,20.028299588559467,22.604664389091035,PASS,od_72_k_shortest_alternative_2,k_shortest_alternative_2,"[11230505686, 11663495477, 13357321496, 11178032838, 11230505689, 11228574064, 11228574065, 449449459, 3278844686, 11228575652, 3819769749, 11228575779, 11228574068, 11228575767, 11228574126, 11228574122, 8370552973, 8370552942, 8370552943, 8370552950, 8370553057, 8370552966, 10682085912, 10682086049, 3819769504, 3819769423, 3819769377, 3819769352, 4580235124, 3819769300, 3819769286, 3819769276, 3279011087]","[[11230505686, 11663495477], [11663495477, 13357321496], [13357321496, 11178032838], [11178032838, 11230505689], [11230505689, 11228574064], [11228574064, 11228574065], [11228574065, 449449459], [449449459, 3278844686], [3278844686, 11228575652], [11228575652, 3819769749], [3819769749, 11228575779], [11228575779, 11228574068], [11228574068, 11228575767], [11228575767, 11228574126], [11228574126, 11228574122], [11228574122, 8370552973], [8370552973, 8370552942], [8370552942, 8370552943], [8370552943, 8370552950], [8370552950, 8370553057], [8370553057, 8370552966], [8370552966, 10682085912], [10682085912, 10682086049], [10682086049, 3819769504], [3819769504, 3819769423], [3819769423, 3819769377], [3819769377, 3819769352], [3819769352, 4580235124], [4580235124, 3819769300], [3819769300, 3819769286], [3819769286, 3819769276], [3819769276, 3279011087]]",33,32,1507.239,0,0,0.0,0,0.0,0,0.0,1,12.919,1,12.919,0.008571,4,9,11,k_shortest,1500.582,1507.239,6.657,0.004436,12.919,12.919,0.0,0.0,1,1,False
od_72,연신내,6호선,126.920625,37.618636,mobility_facility,35. 대호아파트,서울특별시 은평구 불광로 76,126.9324,37.6144,1140.96,11230505686,3279011087,20.028299588559467,22.604664389091035,PASS,od_72_k_shortest_alternative_3,k_shortest_alternative_3,"[11230505686, 11663495477, 13357321496, 11178032838, 2960309144, 3819769883, 3819769902, 3819769898, 3819769860, 3819769843, 3819769828, 4580162913, 3819769809, 3819769789, 10682009303, 10682086042, 10682086137, 10682086212, 10682085987, 10682086049, 3819769504, 3819769423, 3819769377, 3819769352, 4580235124, 3819769300, 3819769286, 3819769276, 3279011087]","[[11230505686, 11663495477], [11663495477, 13357321496], [13357321496, 11178032838], [11178032838, 2960309144], [2960309144, 3819769883], [3819769883, 3819769902], [3819769902, 3819769898], [3819769898, 3819769860], [3819769860, 3819769843], [3819769843, 3819769828], [3819769828, 4580162913], [4580162913, 3819769809], [3819769809, 3819769789], [3819769789, 10682009303], [10682009303, 10682086042], [10682086042, 10682086137], [10682086137, 10682086212], [10682086212, 10682085987], [10682085987, 10682086049], [10682086049, 3819769504], [3819769504, 3819769423], [3819769423, 3819769377], [3819769377, 3819769352], [3819769352, 4580235124], [4580235124, 3819769300], [3819769300, 3819769286], [3819769286, 3819769276], [3819769276, 3279011087]]",29,28,1509.796,0,0,0.0,0,0.0,0,0.0,1,12.919,1,12.919,0.008557,4,9,12,k_shortest,1500.582,1509.796,9.214,0.00614,12.919,12.919,0.0,0.0,1,1,False
od_2055,녹번,3호선,126.935756,37.600927,pedestrian_support_point,불광역9번출구.불광초등학교,서울특별시 은평구 통일로 712-2,126.9305,37.6113,1241.315,436867704,5281045186,5.477178362551235,18.148614078073688,PASS,od_2055_k_shortest_alternative_1,k_shortest_alternative_1,"[436867704, 3811678438, 8374239436, 3811155132, 11296481727, 11204976870, 436877321, 11296481729, 11204976850, 3811156597, 11296481738, 4185389890, 3811156609, 3811156624, 436877328, 11296481748, 11204976861, 11204976908, 11204976907, 11204976852, 11204976889, 8461842580, 11178032845, 11178032847, 11178032843, 10678122743, 11178032842, 3811140116, 3811140115, 4580235123, 5281045186]","[[436867704, 3811678438], [3811678438, 8374239436], [8374239436, 3811155132], [3811155132, 11296481727], [11296481727, 11204976870], [11204976870, 436877321], [436877321, 11296481729], [11296481729, 11204976850], [11204976850, 3811156597], [3811156597, 11296481738], [11296481738, 4185389890], [4185389890, 3811156609], [3811156609, 3811156624], [3811156624, 436877328], [436877328, 11296481748], [11296481748, 11204976861], [11204976861, 11204976908], [11204976908, 11204976907], [11204976907, 11204976852], [11204976852, 11204976889], [11204976889, 8461842580], [8461842580, 11178032845], [11178032845, 11178032847], [11178032847, 11178032843], [11178032843, 10678122743], [10678122743, 11178032842], [11178032842, 3811140116], [3811140116, 3811140115], [3811140115, 4580235123], [4580235123, 5281045186]]",31,30,1342.715,0,0,0.0,0,0.0,0,0.0,1,9.985,1,9.985,0.007436,8,24,30,k_shortest,1342.013,1342.715,0.702,0.000523,9.985,9.985,0.0,0.0,1,1,False
od_2055,녹번,3호선,126.935756,37.600927,pedestrian_support_point,불광역9번출구.불광초등학교,서울특별시 은평구 통일로 712-2,126.9305,37.6113,1241.315,436867704,5281045186,5.477178362551235,18.148614078073688,PASS,od_2055_k_shortest_alternative_2,k_shortest_alternative_2,"[436867704, 3811678438, 8374239436, 11296481724, 13227969688, 11296481732, 11296481738, 4185389890, 3811156609, 3811156624, 436877328, 11296481748, 11204976861, 11204976908, 11204976907, 11204976852, 11204976889, 8461842580, 11178032845, 11178032847, 11178032843, 10678122743, 11178032842, 3811140116, 3811140115, 4580235123, 5281045186]","[[436867704, 3811678438], [3811678438, 8374239436], [8374239436, 11296481724], [11296481724, 13227969688], [13227969688, 11296481732], [11296481732, 11296481738], [11296481738, 4185389890], [4185389890, 3811156609], [3811156609, 3811156624], [3811156624, 436877328], [436877328, 11296481748], [11296481748, 11204976861], [11204976861, 11204976908], [11204976908, 11204976907], [11204976907, 11204976852], [11204976852, 11204976889], [11204976889, 8461842580], [8461842580, 11178032845], [11178032845, 11178032847], [11178032847, 11178032843], [11178032843, 10678122743], [10678122743, 11178032842], [11178032842, 3811140116], [3811140116, 3811140115], [3811140115, 4580235123], [4580235123, 5281045186]]",27,26,1342.996,0,0,0.0,0,0.0,0,0.0,1,9.985,1,9.985,0.007435,8,24,30,k_shortest,1342.013,1342.996,0.983,0.000732,9.985,9.985,0.0,0.0,1,1,False
od_2055,녹번,3호선,126.935756,37.600927,pedestrian_support_point,불광역9번출구.불광초등학교,서울특별시 은평구 통일로 712-2,126.9305,37.6113,1241.315,436867704,5281045186,5.477178362551235,18.148614078073688,PASS,od_2055_k_shortest_alternative_3,k_shortest_alternative_3,"[436867704, 3811678438, 8374239436, 3811155132, 11296481727, 11204976870, 436877321, 11296481729, 11204976850, 3811156597, 11296481738, 4185389890, 3811156609, 3811156624, 436877328, 11296481748, 11204976861, 11204976908, 11228574102, 11296481752, 7916217192, 11178013536, 11271900019, 11204976844, 5281059752, 11178032837, 5273692793, 11178032842, 3811140116, 3811140115, 4580235123, 5281045186]","[[436867704, 3811678438], [3811678438, 8374239436], [8374239436, 3811155132], [3811155132, 11296481727], [11296481727, 11204976870], [11204976870, 436877321], [436877321, 11296481729], [11296481729, 11204976850], [11204976850, 3811156597], [3811156597, 11296481738], [11296481738, 4185389890], [4185389890, 3811156609], [3811156609, 3811156624], [3811156624, 436877328], [436877328, 11296481748], [11296481748, 11204976861], [11204976861, 11204976908], [11204976908, 11228574102], [11228574102, 11296481752], [11296481752, 7916217192], [7916217192, 11178013536], [11178013536, 11271900019], [11271900019, 11204976844], [11204976844, 5281059752], [5281059752, 11178032837], [11178032837, 5273692793], [5273692793, 11178032842], [11178032842, 3811140116], [3811140116, 3811140115], [3811140115, 4580235123], [4580235123, 5281045186]]",32,31,1345.198,0,0,0.0,0,0.0,0,0.0,1,9.985,1,9.985,0.007423,8,26,30,k_shortest,1342.013,1345.198,3.185,0.002373,9.985,9.985,0.0,0.0,1,1,False
od_2950,연신내,3호선,126.921038,37.619229,pedestrian_support_point,맨홀,서울특별시 은평구 통일로 712-2,126.9316,37.6098,1401.712,13357342120,3811140115,32.16422242836125,1.0419238122199508,PASS,od_2950_k_shortest_alternative_1,k_shortest_alternative_1,"[13357342120, 13357342121, 13357321496, 11178032838, 2960309144, 3819769883, 11296481771, 3819769766, 11228575652, 3819769749, 11228575779, 11228574068, 11228575767, 11228574126, 11228574122, 11228574120, 2960309741, 11228575756, 11228575667, 11296481757, 11228574116, 3819768989, 3819768907, 11296481755, 11228575654, 457819071, 5281045186, 4580235123, 3811140115]","[[13357342120, 13357342121], [13357342121, 13357321496], [13357321496, 11178032838], [11178032838, 2960309144], [2960309144, 3819769883], [3819769883, 11296481771], [11296481771, 3819769766], [3819769766, 11228575652], [11228575652, 3819769749], [3819769749, 11228575779], [11228575779, 11228574068], [11228574068, 11228575767], [11228575767, 11228574126], [11228574126, 11228574122], [11228574122, 11228574120], [11228574120, 2960309741], [2960309741, 11228575756], [11228575756, 11228575667], [11228575667, 11296481757], [11296481757, 11228574116], [11228574116, 3819768989], [3819768989, 3819768907], [3819768907, 11296481755], [11296481755, 11228575654], [11228575654, 457819071], [457819071, 5281045186], [5281045186, 4580235123], [4580235123, 3811140115]]",29,28,1502.677,0,0,0.0,0,0.0,0,0.0,1,9.985,1,9.985,0.006645,5,19,23,k_shortest,1500.799,1502.677,1.878,0.001251,9.985,9.985,0.0,0.0,1,1,False
od_2950,연신내,3호선,126.921038,37.619229,pedestrian_support_point,맨홀,서울특별시 은평구 통일로 712-2,126.9316,37.6098,1401.712,13357342120,3811140115,32.16422242836125,1.0419238122199508,PASS,od_2950_k_shortest_alternative_2,k_shortest_alternative_2,"[13357342120, 13357342121, 13357321496, 11178032838, 11230505689, 11228574064, 11228574065, 449449459, 3278844686, 11228574067, 11296481769, 3819769528, 3819769458, 11228575760, 436877345, 436862068, 11228575754, 11228574118, 11296481764, 3819768985, 11296481763, 3819768872, 5930698997, 11228575654, 11228574114, 11228574128, 457819074, 3811140115]","[[13357342120, 13357342121], [13357342121, 13357321496], [13357321496, 11178032838], [11178032838, 11230505689], [11230505689, 11228574064], [11228574064, 11228574065], [11228574065, 449449459], [449449459, 3278844686], [3278844686, 11228574067], [11228574067, 11296481769], [11296481769, 3819769528], [3819769528, 3819769458], [3819769458, 11228575760], [11228575760, 436877345], [436877345, 436862068], [436862068, 11228575754], [11228575754, 11228574118], [11228574118, 11296481764], [11296481764, 3819768985], [3819768985, 11296481763], [11296481763, 3819768872], [3819768872, 5930698997], [5930698997, 11228575654], [11228575654, 11228574114], [11228574114, 11228574128], [11228574128, 457819074], [457819074, 3811140115]]",28,27,1502.845,0,0,0.0,0,0.0,0,0.0,0,0.0,0,0.0,0.0,7,29,29,k_shortest,1500.799,1502.845,2.046,0.001363,9.985,0.0,9.985,1.0,1,0,True
od_2950,연신내,3호선,126.921038,37.619229,pedestrian_support_point,맨홀,서울특별시 은평구 통일로 712-2,126.9316,37.6098,1401.712,13357342120,3811140115,32.16422242836125,1.0419238122199508,PASS,od_2950_k_shortest_alternative_3,k_shortest_alternative_3,"[13357342120, 13357342121, 13357321496, 13357342123, 13357342106, 11230505689, 11228574064, 11228574065, 449449459, 3278844686, 11228574067, 11296481769, 3819769528, 3819769458, 11228575760, 436877345, 436862068, 11228575754, 11228574118, 11296481764, 3819768985, 11296481763, 3819768872, 5930698997, 11228575654, 457819071, 457819073, 457819074, 3811140115]","[[13357342120, 13357342121], [13357342121, 13357321496], [13357321496, 13357342123], [13357342123, 13357342106], [13357342106, 11230505689], [11230505689, 11228574064], [11228574064, 11228574065], [11228574065, 449449459], [449449459, 3278844686], [3278844686, 11228574067], [11228574067, 11296481769], [11296481769, 3819769528], [3819769528, 3819769458], [3819769458, 11228575760], [11228575760, 436877345], [436877345, 436862068], [436862068, 11228575754], [11228575754, 11228574118], [11228574118, 11296481764], [11296481764, 3819768985], [3819768985, 11296481763], [11296481763, 3819768872], [3819768872, 5930698997], [5930698997, 11228575654], [11228575654, 457819071], [457819071, 457819073], [457819073, 457819074], [457819074, 3811140115]]",29,28,1503.24,0,0,0.0,0,0.0,0,0.0,0,0.0,0,0.0,0.0,4,21,22,k_shortest,1500.799,1503.24,2.441,0.001626,9.985,0.0,9.985,1.0,1,0,True
od_314,연신내,6호선,126.920625,37.618636,pedestrian_support_point,맨홀,서울특별시 은평구 통일로 712-2,126.9316,37.6098,1378.664,11230505686,3811140115,20.028299588559467,1.0419238122199508,PASS,od_314_k_shortest_alternative_1,k_shortest_alternative_1,"[11230505686, 11663495477, 13357321496, 11178032838, 2960309144, 3819769883, 11296481771, 3819769766, 11228575652, 3819769749, 11228575779, 11228574068, 11228575767, 11228574126, 11228574122, 11228574120, 2960309741, 11228575756, 11228575667, 11296481757, 11228574116, 3819768989, 3819768907, 11296481755, 11228575654, 457819071, 5281045186, 4580235123, 3811140115]","[[11230505686, 11663495477], [11663495477, 13357321496], [13357321496, 11178032838], [11178032838, 2960309144], [2960309144, 3819769883], [3819769883, 11296481771], [11296481771, 3819769766], [3819769766, 11228575652], [11228575652, 3819769749], [3819769749, 11228575779], [11228575779, 11228574068], [11228574068, 11228575767], [11228575767, 11228574126], [11228574126, 11228574122], [11228574122, 11228574120], [11228574120, 2960309741], [2960309741, 11228575756], [11228575756, 11228575667], [11228575667, 11296481757], [11296481757, 11228574116], [11228574116, 3819768989], [3819768989, 3819768907], [3819768907, 11296481755], [11296481755, 11228575654], [11228575654, 457819071], [457819071, 5281045186], [5281045186, 4580235123], [4580235123, 3811140115]]",29,28,1516.953,0,0,0.0,0,0.0,0,0.0,1,9.985,1,9.985,0.006582,5,20,24,k_shortest,1515.075,1516.953,1.878,0.00124,9.985,9.985,0.0,0.0,1,1,False
od_314,연신내,6호선,126.920625,37.618636,pedestrian_support_point,맨홀,서울특별시 은평구 통일로 712-2,126.9316,37.6098,1378.664,11230505686,3811140115,20.028299588559467,1.0419238122199508,PASS,od_314_k_shortest_alternative_2,k_shortest_alternative_2,"[11230505686, 11663495477, 13357321496, 11178032838, 11230505689, 11228574064, 11228574065, 449449459, 3278844686, 11228574067, 11296481769, 3819769528, 3819769458, 11228575760, 436877345, 436862068, 11228575754, 11228574118, 11296481764, 3819768985, 11296481763, 3819768872, 5930698997, 11228575654, 11228574114, 11228574128, 457819074, 3811140115]","[[11230505686, 11663495477], [11663495477, 13357321496], [13357321496, 11178032838], [11178032838, 11230505689], [11230505689, 11228574064], [11228574064, 11228574065], [11228574065, 449449459], [449449459, 3278844686], [3278844686, 11228574067], [11228574067, 11296481769], [11296481769, 3819769528], [3819769528, 3819769458], [3819769458, 11228575760], [11228575760, 436877345], [436877345, 436862068], [436862068, 11228575754], [11228575754, 11228574118], [11228574118, 11296481764], [11296481764, 3819768985], [3819768985, 11296481763], [11296481763, 3819768872], [3819768872, 5930698997], [5930698997, 11228575654], [11228575654, 11228574114], [11228574114, 11228574128], [11228574128, 457819074], [457819074, 3811140115]]",28,27,1517.121,0,0,0.0,0,0.0,0,0.0,0,0.0,0,0.0,0.0,7,30,30,k_shortest,1515.075,1517.121,2.046,0.00135,9.985,0.0,9.985,1.0,1,0,True
od_314,연신내,6호선,126.920625,37.618636,pedestrian_support_point,맨홀,서울특별시 은평구 통일로 712-2,126.9316,37.6098,1378.664,11230505686,3811140115,20.028299588559467,1.0419238122199508,PASS,od_314_k_shortest_alternative_3,k_shortest_alternative_3,"[11230505686, 11663495477, 13357321496, 13357342123, 13357342106, 11230505689, 11228574064, 11228574065, 449449459, 3278844686, 11228574067, 11296481769, 3819769528, 3819769458, 11228575760, 436877345, 436862068, 11228575754, 11228574118, 11296481764, 3819768985, 11296481763, 3819768872, 5930698997, 11228575654, 457819071, 457819073, 457819074, 3811140115]","[[11230505686, 11663495477], [11663495477, 13357321496], [13357321496, 13357342123], [13357342123, 13357342106], [13357342106, 11230505689], [11230505689, 11228574064], [11228574064, 11228574065], [11228574065, 449449459], [449449459, 3278844686], [3278844686, 11228574067], [11228574067, 11296481769], [11296481769, 3819769528], [3819769528, 3819769458], [3819769458, 11228575760], [11228575760, 436877345], [436877345, 436862068], [436862068, 11228575754], [11228575754, 11228574118], [11228574118, 11296481764], [11296481764, 3819768985], [3819768985, 11296481763], [11296481763, 3819768872], [3819768872, 5930698997], [5930698997, 11228575654], [11228575654, 457819071], [457819071, 457819073], [457819073, 457819074], [457819074, 3811140115]]",29,28,1517.516,0,0,0.0,0,0.0,0,0.0,0,0.0,0,0.0,0.0,3,19,23,k_shortest,1515.075,1517.516,2.441,0.001611,9.985,0.0,9.985,1.0,1,0,True
od_2957,연신내,3호선,126.921038,37.619229,pedestrian_support_point,맨홀,서울특별시 은평구 진흥로15길 26,126.932,37.61,1409.233,13357342120,3811140122,32.16422242836125,3.939035099846771,PASS,od_2957_k_shortest_alternative_1,k_shortest_alternative_1,"[13357342120, 13357342121, 13357321496, 11178032838, 2960309144, 3819769883, 11296481771, 3819769766, 11228575652, 3819769749, 11228575779, 11228574068, 11228575767, 11228574126, 11228574122, 11228574120, 2960309741, 11228575756, 11228575667, 11296481757, 11228574116, 3819768989, 3819768907, 11296481755, 11228575654, 457819071, 5281045186, 4580235123, 3811140115, 3811140116, 449449069, 3811140122]","[[13357342120, 13357342121], [13357342121, 13357321496], [13357321496, 11178032838], [11178032838, 2960309144], [2960309144, 3819769883], [3819769883, 11296481771], [11296481771, 3819769766], [3819769766, 11228575652], [11228575652, 3819769749], [3819769749, 11228575779], [11228575779, 11228574068], [11228574068, 11228575767], [11228575767, 11228574126], [11228574126, 11228574122], [11228574122, 11228574120], [11228574120, 2960309741], [2960309741, 11228575756], [11228575756, 11228575667], [11228575667, 11296481757], [11296481757, 11228574116], [11228574116, 3819768989], [3819768989, 3819768907], [3819768907, 11296481755], [11296481755, 11228575654], [11228575654, 457819071], [457819071, 5281045186], [5281045186, 4580235123], [4580235123, 3811140115], [3811140115, 3811140116], [3811140116, 449449069], [449449069, 3811140122]]",32,31,1547.932,0,0,0.0,0,0.0,0,0.0,1,9.985,1,9.985,0.00645,5,21,23,k_shortest,1546.053,1547.932,1.879,0.001215,9.985,9.985,0.0,0.0,1,1,False
od_2999,연신내,3호선,126.921038,37.619229,pedestrian_support_point,과속방지턱,서울특별시 은평구 진흥로15길 26,126.932,37.6101,1401.186,13357342120,3811140122,32.16422242836125,8.751906062658577,PASS,od_2999_k_shortest_alternative_1,k_shortest_alternative_1,"[13357342120, 13357342121, 13357321496, 11178032838, 2960309144, 3819769883, 11296481771, 3819769766, 11228575652, 3819769749, 11228575779, 11228574068, 11228575767, 11228574126, 11228574122, 11228574120, 2960309741, 11228575756, 11228575667, 11296481757, 11228574116, 3819768989, 3819768907, 11296481755, 11228575654, 457819071, 5281045186, 4580235123, 3811140115, 3811140116, 449449069, 3811140122]","[[13357342120, 13357342121], [13357342121, 13357321496], [13357321496, 11178032838], [11178032838, 2960309144], [2960309144, 3819769883], [3819769883, 11296481771], [11296481771, 3819769766], [3819769766, 11228575652], [11228575652, 3819769749], [3819769749, 11228575779], [11228575779, 11228574068], [11228574068, 11228575767], [11228575767, 11228574126], [11228574126, 11228574122], [11228574122, 11228574120], [11228574120, 2960309741], [2960309741, 11228575756], [11228575756, 11228575667], [11228575667, 11296481757], [11296481757, 11228574116], [11228574116, 3819768989], [3819768989, 3819768907], [3819768907, 11296481755], [11296481755, 11228575654], [11228575654, 457819071], [457819071, 5281045186], [5281045186, 4580235123], [4580235123, 3811140115], [3811140115, 3811140116], [3811140116, 449449069], [449449069, 3811140122]]",32,31,1547.932,0,0,0.0,0,0.0,0,0.0,1,9.985,1,9.985,0.00645,5,21,23,k_shortest,1546.053,1547.932,1.879,0.001215,9.985,9.985,0.0,0.0,1,1,False
od_2875,연신내,3호선,126.921038,37.619229,pedestrian_support_point,장애인화장실,서울특별시 은평구 진흥로15길 10,126.9321,37.6103,1391.402,13357342120,3811140122,32.16422242836125,31.1389792042944,PASS,od_2875_k_shortest_alternative_1,k_shortest_alternative_1,"[13357342120, 13357342121, 13357321496, 11178032838, 2960309144, 3819769883, 11296481771, 3819769766, 11228575652, 3819769749, 11228575779, 11228574068, 11228575767, 11228574126, 11228574122, 11228574120, 2960309741, 11228575756, 11228575667, 11296481757, 11228574116, 3819768989, 3819768907, 11296481755, 11228575654, 457819071, 5281045186, 4580235123, 3811140115, 3811140116, 449449069, 3811140122]","[[13357342120, 13357342121], [13357342121, 13357321496], [13357321496, 11178032838], [11178032838, 2960309144], [2960309144, 3819769883], [3819769883, 11296481771], [11296481771, 3819769766], [3819769766, 11228575652], [11228575652, 3819769749], [3819769749, 11228575779], [11228575779, 11228574068], [11228574068, 11228575767], [11228575767, 11228574126], [11228574126, 11228574122], [11228574122, 11228574120], [11228574120, 2960309741], [2960309741, 11228575756], [11228575756, 11228575667], [11228575667, 11296481757], [11296481757, 11228574116], [11228574116, 3819768989], [3819768989, 3819768907], [3819768907, 11296481755], [11296481755, 11228575654], [11228575654, 457819071], [457819071, 5281045186], [5281045186, 4580235123], [4580235123, 3811140115], [3811140115, 3811140116], [3811140116, 449449069], [449449069, 3811140122]]",32,31,1547.932,0,0,0.0,0,0.0,0,0.0,1,9.985,1,9.985,0.00645,5,21,23,k_shortest,1546.053,1547.932,1.879,0.001215,9.985,9.985,0.0,0.0,1,1,False
od_2876,연신내,3호선,126.921038,37.619229,pedestrian_support_point,장애인화장실,서울특별시 은평구 진흥로15길 10,126.9321,37.6103,1391.402,13357342120,3811140122,32.16422242836125,31.1389792042944,PASS,od_2876_k_shortest_alternative_1,k_shortest_alternative_1,"[13357342120, 13357342121, 13357321496, 11178032838, 2960309144, 3819769883, 11296481771, 3819769766, 11228575652, 3819769749, 11228575779, 11228574068, 11228575767, 11228574126, 11228574122, 11228574120, 2960309741, 11228575756, 11228575667, 11296481757, 11228574116, 3819768989, 3819768907, 11296481755, 11228575654, 457819071, 5281045186, 4580235123, 3811140115, 3811140116, 449449069, 3811140122]","[[13357342120, 13357342121], [13357342121, 13357321496], [13357321496, 11178032838], [11178032838, 2960309144], [2960309144, 3819769883], [3819769883, 11296481771], [11296481771, 3819769766], [3819769766, 11228575652], [11228575652, 3819769749], [3819769749, 11228575779], [11228575779, 11228574068], [11228574068, 11228575767], [11228575767, 11228574126], [11228574126, 11228574122], [11228574122, 11228574120], [11228574120, 2960309741], [2960309741, 11228575756], [11228575756, 11228575667], [11228575667, 11296481757], [11296481757, 11228574116], [11228574116, 3819768989], [3819768989, 3819768907], [3819768907, 11296481755], [11296481755, 11228575654], [11228575654, 457819071], [457819071, 5281045186], [5281045186, 4580235123], [4580235123, 3811140115], [3811140115, 3811140116], [3811140116, 449449069], [449449069, 3811140122]]",32,31,1547.932,0,0,0.0,0,0.0,0,0.0,1,9.985,1,9.985,0.00645,5,21,23,k_shortest,1546.053,1547.932,1.879,0.001215,9.985,9.985,0.0,0.0,1,1,False
od_3045,연신내,3호선,126.921038,37.619229,pedestrian_support_point,불광제1동주민센터,서울특별시 은평구 진흥로15길 10,126.932,37.6103,1385.219,13357342120,3811140122,32.16422242836125,30.66946988185333,PASS,od_3045_k_shortest_alternative_1,k_shortest_alternative_1,"[13357342120, 13357342121, 13357321496, 11178032838, 2960309144, 3819769883, 11296481771, 3819769766, 11228575652, 3819769749, 11228575779, 11228574068, 11228575767, 11228574126, 11228574122, 11228574120, 2960309741, 11228575756, 11228575667, 11296481757, 11228574116, 3819768989, 3819768907, 11296481755, 11228575654, 457819071, 5281045186, 4580235123, 3811140115, 3811140116, 449449069, 3811140122]","[[13357342120, 13357342121], [13357342121, 13357321496], [13357321496, 11178032838], [11178032838, 2960309144], [2960309144, 3819769883], [3819769883, 11296481771], [11296481771, 3819769766], [3819769766, 11228575652], [11228575652, 3819769749], [3819769749, 11228575779], [11228575779, 11228574068], [11228574068, 11228575767], [11228575767, 11228574126], [11228574126, 11228574122], [11228574122, 11228574120], [11228574120, 2960309741], [2960309741, 11228575756], [11228575756, 11228575667], [11228575667, 11296481757], [11296481757, 11228574116], [11228574116, 3819768989], [3819768989, 3819768907], [3819768907, 11296481755], [11296481755, 11228575654], [11228575654, 457819071], [457819071, 5281045186], [5281045186, 4580235123], [4580235123, 3811140115], [3811140115, 3811140116], [3811140116, 449449069], [449449069, 3811140122]]",32,31,1547.932,0,0,0.0,0,0.0,0,0.0,1,9.985,1,9.985,0.00645,5,21,23,k_shortest,1546.053,1547.932,1.879,0.001215,9.985,9.985,0.0,0.0,1,1,False
od_321,연신내,6호선,126.920625,37.618636,pedestrian_support_point,맨홀,서울특별시 은평구 진흥로15길 26,126.932,37.61,1388.292,11230505686,3811140122,20.028299588559467,3.939035099846771,PASS,od_321_k_shortest_alternative_1,k_shortest_alternative_1,"[11230505686, 11663495477, 13357321496, 11178032838, 2960309144, 3819769883, 11296481771, 3819769766, 11228575652, 3819769749, 11228575779, 11228574068, 11228575767, 11228574126, 11228574122, 11228574120, 2960309741, 11228575756, 11228575667, 11296481757, 11228574116, 3819768989, 3819768907, 11296481755, 11228575654, 457819071, 5281045186, 4580235123, 3811140115, 3811140116, 449449069, 3811140122]","[[11230505686, 11663495477], [11663495477, 13357321496], [13357321496, 11178032838], [11178032838, 2960309144], [2960309144, 3819769883], [3819769883, 11296481771], [11296481771, 3819769766], [3819769766, 11228575652], [11228575652, 3819769749], [3819769749, 11228575779], [11228575779, 11228574068], [11228574068, 11228575767], [11228575767, 11228574126], [11228574126, 11228574122], [11228574122, 11228574120], [11228574120, 2960309741], [2960309741, 11228575756], [11228575756, 11228575667], [11228575667, 11296481757], [11296481757, 11228574116], [11228574116, 3819768989], [3819768989, 3819768907], [3819768907, 11296481755], [11296481755, 11228575654], [11228575654, 457819071], [457819071, 5281045186], [5281045186, 4580235123], [4580235123, 3811140115], [3811140115, 3811140116], [3811140116, 449449069], [449449069, 3811140122]]",32,31,1562.208,0,0,0.0,0,0.0,0,0.0,1,9.985,1,9.985,0.006391,5,22,24,k_shortest,1560.329,1562.208,1.879,0.001204,9.985,9.985,0.0,0.0,1,1,False
od_368,연신내,6호선,126.920625,37.618636,pedestrian_support_point,과속방지턱,서울특별시 은평구 진흥로15길 26,126.932,37.6101,1380.652,11230505686,3811140122,20.028299588559467,8.751906062658577,PASS,od_368_k_shortest_alternative_1,k_shortest_alternative_1,"[11230505686, 11663495477, 13357321496, 11178032838, 2960309144, 3819769883, 11296481771, 3819769766, 11228575652, 3819769749, 11228575779, 11228574068, 11228575767, 11228574126, 11228574122, 11228574120, 2960309741, 11228575756, 11228575667, 11296481757, 11228574116, 3819768989, 3819768907, 11296481755, 11228575654, 457819071, 5281045186, 4580235123, 3811140115, 3811140116, 449449069, 3811140122]","[[11230505686, 11663495477], [11663495477, 13357321496], [13357321496, 11178032838], [11178032838, 2960309144], [2960309144, 3819769883], [3819769883, 11296481771], [11296481771, 3819769766], [3819769766, 11228575652], [11228575652, 3819769749], [3819769749, 11228575779], [11228575779, 11228574068], [11228574068, 11228575767], [11228575767, 11228574126], [11228574126, 11228574122], [11228574122, 11228574120], [11228574120, 2960309741], [2960309741, 11228575756], [11228575756, 11228575667], [11228575667, 11296481757], [11296481757, 11228574116], [11228574116, 3819768989], [3819768989, 3819768907], [3819768907, 11296481755], [11296481755, 11228575654], [11228575654, 457819071], [457819071, 5281045186], [5281045186, 4580235123], [4580235123, 3811140115], [3811140115, 3811140116], [3811140116, 449449069], [449449069, 3811140122]]",32,31,1562.208,0,0,0.0,0,0.0,0,0.0,1,9.985,1,9.985,0.006391,5,22,24,k_shortest,1560.329,1562.208,1.879,0.001204,9.985,9.985,0.0,0.0,1,1,False
od_233,연신내,6호선,126.920625,37.618636,pedestrian_support_point,장애인화장실,서울특별시 은평구 진흥로15길 10,126.9321,37.6103,1372.021,11230505686,3811140122,20.028299588559467,31.1389792042944,PASS,od_233_k_shortest_alternative_1,k_shortest_alternative_1,"[11230505686, 11663495477, 13357321496, 11178032838, 2960309144, 3819769883, 11296481771, 3819769766, 11228575652, 3819769749, 11228575779, 11228574068, 11228575767, 11228574126, 11228574122, 11228574120, 2960309741, 11228575756, 11228575667, 11296481757, 11228574116, 3819768989, 3819768907, 11296481755, 11228575654, 457819071, 5281045186, 4580235123, 3811140115, 3811140116, 449449069, 3811140122]","[[11230505686, 11663495477], [11663495477, 13357321496], [13357321496, 11178032838], [11178032838, 2960309144], [2960309144, 3819769883], [3819769883, 11296481771], [11296481771, 3819769766], [3819769766, 11228575652], [11228575652, 3819769749], [3819769749, 11228575779], [11228575779, 11228574068], [11228574068, 11228575767], [11228575767, 11228574126], [11228574126, 11228574122], [11228574122, 11228574120], [11228574120, 2960309741], [2960309741, 11228575756], [11228575756, 11228575667], [11228575667, 11296481757], [11296481757, 11228574116], [11228574116, 3819768989], [3819768989, 3819768907], [3819768907, 11296481755], [11296481755, 11228575654], [11228575654, 457819071], [457819071, 5281045186], [5281045186, 4580235123], [4580235123, 3811140115], [3811140115, 3811140116], [3811140116, 449449069], [449449069, 3811140122]]",32,31,1562.208,0,0,0.0,0,0.0,0,0.0,1,9.985,1,9.985,0.006391,5,22,24,k_shortest,1560.329,1562.208,1.879,0.001204,9.985,9.985,0.0,0.0,1,1,False
od_234,연신내,6호선,126.920625,37.618636,pedestrian_support_point,장애인화장실,서울특별시 은평구 진흥로15길 10,126.9321,37.6103,1372.021,11230505686,3811140122,20.028299588559467,31.1389792042944,PASS,od_234_k_shortest_alternative_1,k_shortest_alternative_1,"[11230505686, 11663495477, 13357321496, 11178032838, 2960309144, 3819769883, 11296481771, 3819769766, 11228575652, 3819769749, 11228575779, 11228574068, 11228575767, 11228574126, 11228574122, 11228574120, 2960309741, 11228575756, 11228575667, 11296481757, 11228574116, 3819768989, 3819768907, 11296481755, 11228575654, 457819071, 5281045186, 4580235123, 3811140115, 3811140116, 449449069, 3811140122]","[[11230505686, 11663495477], [11663495477, 13357321496], [13357321496, 11178032838], [11178032838, 2960309144], [2960309144, 3819769883], [3819769883, 11296481771], [11296481771, 3819769766], [3819769766, 11228575652], [11228575652, 3819769749], [3819769749, 11228575779], [11228575779, 11228574068], [11228574068, 11228575767], [11228575767, 11228574126], [11228574126, 11228574122], [11228574122, 11228574120], [11228574120, 2960309741], [2960309741, 11228575756], [11228575756, 11228575667], [11228575667, 11296481757], [11296481757, 11228574116], [11228574116, 3819768989], [3819768989, 3819768907], [3819768907, 11296481755], [11296481755, 11228575654], [11228575654, 457819071], [457819071, 5281045186], [5281045186, 4580235123], [4580235123, 3811140115], [3811140115, 3811140116], [3811140116, 449449069], [449449069, 3811140122]]",32,31,1562.208,0,0,0.0,0,0.0,0,0.0,1,9.985,1,9.985,0.006391,5,22,24,k_shortest,1560.329,1562.208,1.879,0.001204,9.985,9.985,0.0,0.0,1,1,False
od_414,연신내,6호선,126.920625,37.618636,pedestrian_support_point,불광제1동주민센터,서울특별시 은평구 진흥로15길 10,126.932,37.6103,1365.515,11230505686,3811140122,20.028299588559467,30.66946988185333,PASS,od_414_k_shortest_alternative_1,k_shortest_alternative_1,"[11230505686, 11663495477, 13357321496, 11178032838, 2960309144, 3819769883, 11296481771, 3819769766, 11228575652, 3819769749, 11228575779, 11228574068, 11228575767, 11228574126, 11228574122, 11228574120, 2960309741, 11228575756, 11228575667, 11296481757, 11228574116, 3819768989, 3819768907, 11296481755, 11228575654, 457819071, 5281045186, 4580235123, 3811140115, 3811140116, 449449069, 3811140122]","[[11230505686, 11663495477], [11663495477, 13357321496], [13357321496, 11178032838], [11178032838, 2960309144], [2960309144, 3819769883], [3819769883, 11296481771], [11296481771, 3819769766], [3819769766, 11228575652], [11228575652, 3819769749], [3819769749, 11228575779], [11228575779, 11228574068], [11228574068, 11228575767], [11228575767, 11228574126], [11228574126, 11228574122], [11228574122, 11228574120], [11228574120, 2960309741], [2960309741, 11228575756], [11228575756, 11228575667], [11228575667, 11296481757], [11296481757, 11228574116], [11228574116, 3819768989], [3819768989, 3819768907], [3819768907, 11296481755], [11296481755, 11228575654], [11228575654, 457819071], [457819071, 5281045186], [5281045186, 4580235123], [4580235123, 3811140115], [3811140115, 3811140116], [3811140116, 449449069], [449449069, 3811140122]]",32,31,1562.208,0,0,0.0,0,0.0,0,0.0,1,9.985,1,9.985,0.006391,5,22,24,k_shortest,1560.329,1562.208,1.879,0.001204,9.985,9.985,0.0,0.0,1,1,False
od_1589,응암,6호선,126.915577,37.598605,pedestrian_support_point,빗물받이,서울특별시 은평구 응암동  225-146,126.9231,37.5944,811.912,8735757178,3811326361,11.20363638320314,21.67160849415193,PASS,od_1589_k_shortest_alternative_1,k_shortest_alternative_1,"[8735757178, 3822999249, 8749379963, 3822999252, 8754918410, 13404480427, 10211968074, 8200398784, 3811554355, 3811554353, 3811554351, 3811554350, 3811554352, 3811554348, 3811554346, 3811554345, 3811554344, 3811554341, 3811554338, 436867902, 3811067137, 3811067136, 3811067134, 4583451432, 4583451431, 3811067131, 3811067130, 3811067128, 4583451433, 8476757767, 3811325354, 8476757763, 8476757759, 3811067127, 3811326361]","[[8735757178, 3822999249], [3822999249, 8749379963], [8749379963, 3822999252], [3822999252, 8754918410], [8754918410, 13404480427], [13404480427, 10211968074], [10211968074, 8200398784], [8200398784, 3811554355], [3811554355, 3811554353], [3811554353, 3811554351], [3811554351, 3811554350], [3811554350, 3811554352], [3811554352, 3811554348], [3811554348, 3811554346], [3811554346, 3811554345], [3811554345, 3811554344], [3811554344, 3811554341], [3811554341, 3811554338], [3811554338, 436867902], [436867902, 3811067137], [3811067137, 3811067136], [3811067136, 3811067134], [3811067134, 4583451432], [4583451432, 4583451431], [4583451431, 3811067131], [3811067131, 3811067130], [3811067130, 3811067128], [3811067128, 4583451433], [4583451433, 8476757767], [8476757767, 3811325354], [3811325354, 8476757763], [8476757763, 8476757759], [8476757759, 3811067127], [3811067127, 3811326361]]",35,34,1114.372,0,0,0.0,0,0.0,0,0.0,0,0.0,0,0.0,0.0,1,24,32,k_shortest,1111.41,1114.372,2.962,0.002665,4.913,0.0,4.913,1.0,1,0,True
od_1843,응암,6호선,126.915577,37.598605,pedestrian_support_point,응암제2동주민센터,서울특별시 은평구 백련산로 100,126.9231,37.5945,805.583,8735757178,3811326390,11.20363638320314,17.43421801609877,PASS,od_1843_k_shortest_alternative_1,k_shortest_alternative_1,"[8735757178, 3822999249, 8749379963, 3822999252, 8754918410, 13404480427, 10211968074, 8200398784, 3811554355, 3811554353, 3811554351, 3811554350, 3811554352, 3811554348, 3811554346, 3811554345, 3811554344, 3811554341, 3811554338, 436867902, 3811067137, 3811067136, 3811067134, 4583451432, 4583451431, 3811067131, 3811067130, 3811067128, 4583451433, 8476757767, 3811325354, 8476757763, 8476757759, 3811067127, 3811326361, 3811326390]","[[8735757178, 3822999249], [3822999249, 8749379963], [8749379963, 3822999252], [3822999252, 8754918410], [8754918410, 13404480427], [13404480427, 10211968074], [10211968074, 8200398784], [8200398784, 3811554355], [3811554355, 3811554353], [3811554353, 3811554351], [3811554351, 3811554350], [3811554350, 3811554352], [3811554352, 3811554348], [3811554348, 3811554346], [3811554346, 3811554345], [3811554345, 3811554344], [3811554344, 3811554341], [3811554341, 3811554338], [3811554338, 436867902], [436867902, 3811067137], [3811067137, 3811067136], [3811067136, 3811067134], [3811067134, 4583451432], [4583451432, 4583451431], [4583451431, 3811067131], [3811067131, 3811067130], [3811067130, 3811067128], [3811067128, 4583451433], [4583451433, 8476757767], [8476757767, 3811325354], [3811325354, 8476757763], [8476757763, 8476757759], [8476757759, 3811067127], [3811067127, 3811326361], [3811326361, 3811326390]]",36,35,1160.531,0,0,0.0,0,0.0,0,0.0,0,0.0,0,0.0,0.0,2,27,32,k_shortest,1157.569,1160.531,2.962,0.002559,4.913,0.0,4.913,1.0,1,0,True
od_1616,응암,6호선,126.915577,37.598605,pedestrian_support_point,장애인화장실,서울특별시 은평구 백련산로 100,126.9231,37.5945,805.583,8735757178,3811326390,11.20363638320314,17.43421801609877,PASS,od_1616_k_shortest_alternative_1,k_shortest_alternative_1,"[8735757178, 3822999249, 8749379963, 3822999252, 8754918410, 13404480427, 10211968074, 8200398784, 3811554355, 3811554353, 3811554351, 3811554350, 3811554352, 3811554348, 3811554346, 3811554345, 3811554344, 3811554341, 3811554338, 436867902, 3811067137, 3811067136, 3811067134, 4583451432, 4583451431, 3811067131, 3811067130, 3811067128, 4583451433, 8476757767, 3811325354, 8476757763, 8476757759, 3811067127, 3811326361, 3811326390]","[[8735757178, 3822999249], [3822999249, 8749379963], [8749379963, 3822999252], [3822999252, 8754918410], [8754918410, 13404480427], [13404480427, 10211968074], [10211968074, 8200398784], [8200398784, 3811554355], [3811554355, 3811554353], [3811554353, 3811554351], [3811554351, 3811554350], [3811554350, 3811554352], [3811554352, 3811554348], [3811554348, 3811554346], [3811554346, 3811554345], [3811554345, 3811554344], [3811554344, 3811554341], [3811554341, 3811554338], [3811554338, 436867902], [436867902, 3811067137], [3811067137, 3811067136], [3811067136, 3811067134], [3811067134, 4583451432], [4583451432, 4583451431], [4583451431, 3811067131], [3811067131, 3811067130], [3811067130, 3811067128], [3811067128, 4583451433], [4583451433, 8476757767], [8476757767, 3811325354], [3811325354, 8476757763], [8476757763, 8476757759], [8476757759, 3811067127], [3811067127, 3811326361], [3811326361, 3811326390]]",36,35,1160.531,0,0,0.0,0,0.0,0,0.0,0,0.0,0,0.0,0.0,2,27,32,k_shortest,1157.569,1160.531,2.962,0.002559,4.913,0.0,4.913,1.0,1,0,True
od_1535,응암,6호선,126.915577,37.598605,mobility_facility,응암2동주민센터,서울특별시 은평구 백련산로 100,126.9231,37.5946,799.358,8735757178,3811326390,11.20363638320314,12.212704042990971,PASS,od_1535_k_shortest_alternative_1,k_shortest_alternative_1,"[8735757178, 3822999249, 8749379963, 3822999252, 8754918410, 13404480427, 10211968074, 8200398784, 3811554355, 3811554353, 3811554351, 3811554350, 3811554352, 3811554348, 3811554346, 3811554345, 3811554344, 3811554341, 3811554338, 436867902, 3811067137, 3811067136, 3811067134, 4583451432, 4583451431, 3811067131, 3811067130, 3811067128, 4583451433, 8476757767, 3811325354, 8476757763, 8476757759, 3811067127, 3811326361, 3811326390]","[[8735757178, 3822999249], [3822999249, 8749379963], [8749379963, 3822999252], [3822999252, 8754918410], [8754918410, 13404480427], [13404480427, 10211968074], [10211968074, 8200398784], [8200398784, 3811554355], [3811554355, 3811554353], [3811554353, 3811554351], [3811554351, 3811554350], [3811554350, 3811554352], [3811554352, 3811554348], [3811554348, 3811554346], [3811554346, 3811554345], [3811554345, 3811554344], [3811554344, 3811554341], [3811554341, 3811554338], [3811554338, 436867902], [436867902, 3811067137], [3811067137, 3811067136], [3811067136, 3811067134], [3811067134, 4583451432], [4583451432, 4583451431], [4583451431, 3811067131], [3811067131, 3811067130], [3811067130, 3811067128], [3811067128, 4583451433], [4583451433, 8476757767], [8476757767, 3811325354], [3811325354, 8476757763], [8476757763, 8476757759], [8476757759, 3811067127], [3811067127, 3811326361], [3811326361, 3811326390]]",36,35,1160.531,0,0,0.0,0,0.0,0,0.0,0,0.0,0,0.0,0.0,2,27,32,k_shortest,1157.569,1160.531,2.962,0.002559,4.913,0.0,4.913,1.0,1,0,True
od_1817,응암,6호선,126.915577,37.598605,pedestrian_support_point,응암2동주민센터,서울특별시 은평구 백련산로 100,126.9231,37.5946,799.358,8735757178,3811326390,11.20363638320314,12.212704042990971,PASS,od_1817_k_shortest_alternative_1,k_shortest_alternative_1,"[8735757178, 3822999249, 8749379963, 3822999252, 8754918410, 13404480427, 10211968074, 8200398784, 3811554355, 3811554353, 3811554351, 3811554350, 3811554352, 3811554348, 3811554346, 3811554345, 3811554344, 3811554341, 3811554338, 436867902, 3811067137, 3811067136, 3811067134, 4583451432, 4583451431, 3811067131, 3811067130, 3811067128, 4583451433, 8476757767, 3811325354, 8476757763, 8476757759, 3811067127, 3811326361, 3811326390]","[[8735757178, 3822999249], [3822999249, 8749379963], [8749379963, 3822999252], [3822999252, 8754918410], [8754918410, 13404480427], [13404480427, 10211968074], [10211968074, 8200398784], [8200398784, 3811554355], [3811554355, 3811554353], [3811554353, 3811554351], [3811554351, 3811554350], [3811554350, 3811554352], [3811554352, 3811554348], [3811554348, 3811554346], [3811554346, 3811554345], [3811554345, 3811554344], [3811554344, 3811554341], [3811554341, 3811554338], [3811554338, 436867902], [436867902, 3811067137], [3811067137, 3811067136], [3811067136, 3811067134], [3811067134, 4583451432], [4583451432, 4583451431], [4583451431, 3811067131], [3811067131, 3811067130], [3811067130, 3811067128], [3811067128, 4583451433], [4583451433, 8476757767], [8476757767, 3811325354], [3811325354, 8476757763], [8476757763, 8476757759], [8476757759, 3811067127], [3811067127, 3811326361], [3811326361, 3811326390]]",36,35,1160.531,0,0,0.0,0,0.0,0,0.0,0,0.0,0,0.0,0.0,2,27,32,k_shortest,1157.569,1160.531,2.962,0.002559,4.913,0.0,4.913,1.0,1,0,True
od_2770,연신내,3호선,126.921038,37.619229,mobility_facility,퍼스트공인중개사사무소,서울특별시 은평구 연서로35길 6,126.926,37.6219,528.944,13357342120,2930525549,32.16422242836125,22.83437686271451,PASS,od_2770_k_shortest_alternative_1,k_shortest_alternative_1,"[13357342120, 13357342121, 13357321496, 11178032838, 2960309144, 2960309145, 3819769990, 3823586772, 3819770024, 3823586798, 3823586835, 3823586851, 4576632337, 4576632338, 3823586989, 3823587003, 307924223, 307924224, 3823587102, 3823587185, 2930525549]","[[13357342120, 13357342121], [13357342121, 13357321496], [13357321496, 11178032838], [11178032838, 2960309144], [2960309144, 2960309145], [2960309145, 3819769990], [3819769990, 3823586772], [3823586772, 3819770024], [3819770024, 3823586798], [3823586798, 3823586835], [3823586835, 3823586851], [3823586851, 4576632337], [4576632337, 4576632338], [4576632338, 3823586989], [3823586989, 3823587003], [3823587003, 307924223], [307924223, 307924224], [307924224, 3823587102], [3823587102, 3823587185], [3823587185, 2930525549]]",21,20,664.835,0,0,0.0,0,0.0,0,0.0,2,3.816,2,3.816,0.00574,7,8,11,k_shortest,657.755,664.835,7.08,0.010764,3.816,3.816,0.0,0.0,2,2,False
od_2770,연신내,3호선,126.921038,37.619229,mobility_facility,퍼스트공인중개사사무소,서울특별시 은평구 연서로35길 6,126.926,37.6219,528.944,13357342120,2930525549,32.16422242836125,22.83437686271451,PASS,od_2770_k_shortest_alternative_2,k_shortest_alternative_2,"[13357342120, 13357342121, 13357321496, 11178032838, 2960309144, 2960309145, 3819769990, 3823586772, 3819770024, 3823586821, 5279886140, 3823586890, 3819770060, 3819770062, 3819770064, 3819770067, 5279886141, 3823586999, 2960308646, 307924211, 2930525549]","[[13357342120, 13357342121], [13357342121, 13357321496], [13357321496, 11178032838], [11178032838, 2960309144], [2960309144, 2960309145], [2960309145, 3819769990], [3819769990, 3823586772], [3823586772, 3819770024], [3819770024, 3823586821], [3823586821, 5279886140], [5279886140, 3823586890], [3823586890, 3819770060], [3819770060, 3819770062], [3819770062, 3819770064], [3819770064, 3819770067], [3819770067, 5279886141], [5279886141, 3823586999], [3823586999, 2960308646], [2960308646, 307924211], [307924211, 2930525549]]",21,20,682.071,0,0,0.0,0,0.0,0,0.0,0,0.0,0,0.0,0.0,10,8,11,k_shortest,657.755,682.071,24.316,0.036968,3.816,0.0,3.816,1.0,2,0,True
od_2770,연신내,3호선,126.921038,37.619229,mobility_facility,퍼스트공인중개사사무소,서울특별시 은평구 연서로35길 6,126.926,37.6219,528.944,13357342120,2930525549,32.16422242836125,22.83437686271451,PASS,od_2770_k_shortest_alternative_3,k_shortest_alternative_3,"[13357342120, 13357342121, 13357321496, 11178032838, 2960309144, 2960309145, 3819769990, 3823586772, 4576632339, 307924222, 3823586881, 4576632337, 4576632338, 3823586989, 3823587003, 307924223, 307924224, 3823587102, 3823587185, 2930525549]","[[13357342120, 13357342121], [13357342121, 13357321496], [13357321496, 11178032838], [11178032838, 2960309144], [2960309144, 2960309145], [2960309145, 3819769990], [3819769990, 3823586772], [3823586772, 4576632339], [4576632339, 307924222], [307924222, 3823586881], [3823586881, 4576632337], [4576632337, 4576632338], [4576632338, 3823586989], [3823586989, 3823587003], [3823587003, 307924223], [307924223, 307924224], [307924224, 3823587102], [3823587102, 3823587185], [3823587185, 2930525549]]",20,19,700.584,0,0,0.0,0,0.0,0,0.0,2,3.816,2,3.816,0.005447,7,8,11,k_shortest,657.755,700.584,42.829,0.065114,3.816,3.816,0.0,0.0,2,2,False
od_2770,연신내,3호선,126.921038,37.619229,mobility_facility,퍼스트공인중개사사무소,서울특별시 은평구 연서로35길 6,126.926,37.6219,528.944,13357342120,2930525549,32.16422242836125,22.83437686271451,PASS,od_2770_k_shortest_alternative_4,k_shortest_alternative_4,"[13357342120, 13357342121, 13357321496, 11178032838, 2960309144, 2960309145, 3819769990, 3823586772, 3819770024, 3823586798, 3823586835, 3823586881, 4576632337, 4576632338, 3823586989, 3823587003, 307924223, 3823587092, 3823587175, 3823587253, 3823587220, 3823587210, 3823587185, 2930525549]","[[13357342120, 13357342121], [13357342121, 13357321496], [13357321496, 11178032838], [11178032838, 2960309144], [2960309144, 2960309145], [2960309145, 3819769990], [3819769990, 3823586772], [3823586772, 3819770024], [3819770024, 3823586798], [3823586798, 3823586835], [3823586835, 3823586881], [3823586881, 4576632337], [4576632337, 4576632338], [4576632338, 3823586989], [3823586989, 3823587003], [3823587003, 307924223], [307924223, 3823587092], [3823587092, 3823587175], [3823587175, 3823587253], [3823587253, 3823587220], [3823587220, 3823587210], [3823587210, 3823587185], [3823587185, 2930525549]]",24,23,704.509,0,0,0.0,0,0.0,0,0.0,2,3.816,2,3.816,0.005416,6,8,11,k_shortest,657.755,704.509,46.754,0.071081,3.816,3.816,0.0,0.0,2,2,False
od_124,연신내,6호선,126.920625,37.618636,mobility_facility,퍼스트공인중개사사무소,서울특별시 은평구 연서로35길 6,126.926,37.6219,597.002,11230505686,2930525549,20.028299588559467,22.83437686271451,PASS,od_124_k_shortest_alternative_1,k_shortest_alternative_1,"[11230505686, 11663495477, 13357321496, 11178032838, 2960309144, 2960309145, 3819769990, 3823586772, 3819770024, 3823586798, 3823586835, 3823586851, 4576632337, 4576632338, 3823586989, 3823587003, 307924223, 307924224, 3823587102, 3823587185, 2930525549]","[[11230505686, 11663495477], [11663495477, 13357321496], [13357321496, 11178032838], [11178032838, 2960309144], [2960309144, 2960309145], [2960309145, 3819769990], [3819769990, 3823586772], [3823586772, 3819770024], [3819770024, 3823586798], [3823586798, 3823586835], [3823586835, 3823586851], [3823586851, 4576632337], [4576632337, 4576632338], [4576632338, 3823586989], [3823586989, 3823587003], [3823587003, 307924223], [307924223, 307924224], [307924224, 3823587102], [3823587102, 3823587185], [3823587185, 2930525549]]",21,20,679.111,0,0,0.0,0,0.0,0,0.0,2,3.816,2,3.816,0.005619,7,9,12,k_shortest,672.031,679.111,7.08,0.010535,3.816,3.816,0.0,0.0,2,2,False
od_124,연신내,6호선,126.920625,37.618636,mobility_facility,퍼스트공인중개사사무소,서울특별시 은평구 연서로35길 6,126.926,37.6219,597.002,11230505686,2930525549,20.028299588559467,22.83437686271451,PASS,od_124_k_shortest_alternative_2,k_shortest_alternative_2,"[11230505686, 11663495477, 13357321496, 11178032838, 2960309144, 2960309145, 3819769990, 3823586772, 3819770024, 3823586821, 5279886140, 3823586890, 3819770060, 3819770062, 3819770064, 3819770067, 5279886141, 3823586999, 2960308646, 307924211, 2930525549]","[[11230505686, 11663495477], [11663495477, 13357321496], [13357321496, 11178032838], [11178032838, 2960309144], [2960309144, 2960309145], [2960309145, 3819769990], [3819769990, 3823586772], [3823586772, 3819770024], [3819770024, 3823586821], [3823586821, 5279886140], [5279886140, 3823586890], [3823586890, 3819770060], [3819770060, 3819770062], [3819770062, 3819770064], [3819770064, 3819770067], [3819770067, 5279886141], [5279886141, 3823586999], [3823586999, 2960308646], [2960308646, 307924211], [307924211, 2930525549]]",21,20,696.347,0,0,0.0,0,0.0,0,0.0,0,0.0,0,0.0,0.0,10,9,12,k_shortest,672.031,696.347,24.316,0.036183,3.816,0.0,3.816,1.0,2,0,True
od_2279,불광,3호선,126.92982,37.610553,mobility_facility,퍼스트공인중개사사무소,서울특별시 은평구 연서로35길 6,126.926,37.6219,1303.772,5930698997,2930525549,50.20980174135544,22.83437686271451,PASS,od_2279_k_shortest_alternative_1,k_shortest_alternative_1,"[5930698997, 3819768872, 11296481763, 3819768985, 11296481764, 11228574118, 11228575754, 436862068, 2960309741, 11228574120, 11228574122, 11228574126, 8370552938, 3819769667, 3819769789, 3819769829, 3819769886, 8479080812, 3819768748, 3819769951, 356265927, 3819769971, 3819770000, 3819770031, 3819770052, 3819770060, 3823586968, 307924224, 3823587102, 3823587185, 2930525549]","[[5930698997, 3819768872], [3819768872, 11296481763], [11296481763, 3819768985], [3819768985, 11296481764], [11296481764, 11228574118], [11228574118, 11228575754], [11228575754, 436862068], [436862068, 2960309741], [2960309741, 11228574120], [11228574120, 11228574122], [11228574122, 11228574126], [11228574126, 8370552938], [8370552938, 3819769667], [3819769667, 3819769789], [3819769789, 3819769829], [3819769829, 3819769886], [3819769886, 8479080812], [8479080812, 3819768748], [3819768748, 3819769951], [3819769951, 356265927], [356265927, 3819769971], [3819769971, 3819770000], [3819770000, 3819770031], [3819770031, 3819770052], [3819770052, 3819770060], [3819770060, 3823586968], [3823586968, 307924224], [307924224, 3823587102], [3823587102, 3823587185], [3823587185, 2930525549]]",31,30,1517.1,0,0,0.0,0,0.0,0,0.0,2,3.816,2,3.816,0.002515,9,5,6,k_shortest,1513.7,1517.1,3.4,0.002246,3.816,3.816,0.0,0.0,2,2,False
od_891,불광,6호선,126.92939,37.610873,mobility_facility,퍼스트공인중개사사무소,서울특별시 은평구 연서로35길 6,126.926,37.6219,1259.944,5930698997,2930525549,11.603222454866666,22.83437686271451,PASS,od_891_k_shortest_alternative_1,k_shortest_alternative_1,"[5930698997, 3819768872, 11296481763, 3819768985, 11296481764, 11228574118, 11228575754, 436862068, 2960309741, 11228574120, 11228574122, 11228574126, 8370552938, 3819769667, 3819769789, 3819769829, 3819769886, 8479080812, 3819768748, 3819769951, 356265927, 3819769971, 3819770000, 3819770031, 3819770052, 3819770060, 3823586968, 307924224, 3823587102, 3823587185, 2930525549]","[[5930698997, 3819768872], [3819768872, 11296481763], [11296481763, 3819768985], [3819768985, 11296481764], [11296481764, 11228574118], [11228574118, 11228575754], [11228575754, 436862068], [436862068, 2960309741], [2960309741, 11228574120], [11228574120, 11228574122], [11228574122, 11228574126], [11228574126, 8370552938], [8370552938, 3819769667], [3819769667, 3819769789], [3819769789, 3819769829], [3819769829, 3819769886], [3819769886, 8479080812], [8479080812, 3819768748], [3819768748, 3819769951], [3819769951, 356265927], [356265927, 3819769971], [3819769971, 3819770000], [3819770000, 3819770031], [3819770031, 3819770052], [3819770052, 3819770060], [3819770060, 3823586968], [3823586968, 307924224], [307924224, 3823587102], [3823587102, 3823587185], [3823587185, 2930525549]]",31,30,1517.1,0,0,0.0,0,0.0,0,0.0,2,3.816,2,3.816,0.002515,9,5,6,k_shortest,1513.7,1517.1,3.4,0.002246,3.816,3.816,0.0,0.0,2,2,False
od_725,독바위,6호선,126.933031,37.618456,pedestrian_support_point,세명컴퓨터고등학교,서울특별시 은평구 통일로 902,126.92,37.6242,1315.245,3824954278,3823588079,2.93341759236071,11.925373905442942,PASS,od_725_k_shortest_alternative_1,k_shortest_alternative_1,"[3824954278, 5281044431, 3819769960, 3824954348, 3279011105, 3824954514, 5281445624, 10682009302, 10682009300, 10682009301, 3823587288, 3823587322, 3823587334, 3823587302, 3823587283, 3823587296, 3823587305, 3823587222, 3823587187, 3823587199, 3823587218, 3823587249, 3823587157, 307924211, 2930525549, 3823587185, 3823587210, 3823587220, 3823587253, 3823587248, 3823587317, 3823587310, 3823587282, 3823587342, 4576610061, 3823587356, 3823587391, 3823587451, 3823587493, 3823587536, 3823587547, 3823587702, 3823587776, 3823587815, 3823587830, 3823587843, 3823587865, 3823587893, 3823588079]","[[3824954278, 5281044431], [5281044431, 3819769960], [3819769960, 3824954348], [3824954348, 3279011105], [3279011105, 3824954514], [3824954514, 5281445624], [5281445624, 10682009302], [10682009302, 10682009300], [10682009300, 10682009301], [10682009301, 3823587288], [3823587288, 3823587322], [3823587322, 3823587334], [3823587334, 3823587302], [3823587302, 3823587283], [3823587283, 3823587296], [3823587296, 3823587305], [3823587305, 3823587222], [3823587222, 3823587187], [3823587187, 3823587199], [3823587199, 3823587218], [3823587218, 3823587249], [3823587249, 3823587157], [3823587157, 307924211], [307924211, 2930525549], [2930525549, 3823587185], [3823587185, 3823587210], [3823587210, 3823587220], [3823587220, 3823587253], [3823587253, 3823587248], [3823587248, 3823587317], [3823587317, 3823587310], [3823587310, 3823587282], [3823587282, 3823587342], [3823587342, 4576610061], [4576610061, 3823587356], [3823587356, 3823587391], [3823587391, 3823587451], [3823587451, 3823587493], [3823587493, 3823587536], [3823587536, 3823587547], [3823587547, 3823587702], [3823587702, 3823587776], [3823587776, 3823587815], [3823587815, 3823587830], [3823587830, 3823587843], [3823587843, 3823587865], [3823587865, 3823587893], [3823587893, 3823588079]]",49,48,1618.999,0,0,0.0,0,0.0,0,0.0,2,3.816,2,3.816,0.002357,8,25,21,k_shortest,1615.608,1618.999,3.391,0.002099,3.816,3.816,0.0,0.0,2,2,False
od_725,독바위,6호선,126.933031,37.618456,pedestrian_support_point,세명컴퓨터고등학교,서울특별시 은평구 통일로 902,126.92,37.6242,1315.245,3824954278,3823588079,2.93341759236071,11.925373905442942,PASS,od_725_k_shortest_alternative_2,k_shortest_alternative_2,"[3824954278, 436849320, 3819769881, 4580238966, 353195149, 10682086096, 10682086107, 10682086216, 10682086202, 10682086191, 10682085906, 3819770034, 3819770041, 3819770020, 3819770036, 3819770044, 5279886141, 3819770067, 3819770064, 3819770062, 3823586968, 307924224, 307924223, 3823587092, 3823587177, 3823587193, 3823587282, 3823587342, 4576610061, 3823587356, 3823587391, 3823587451, 3823587493, 3823587536, 3823587547, 3823587702, 3823587776, 3823587815, 3823587830, 3823587843, 3823587865, 3823587893, 3823588079]","[[3824954278, 436849320], [436849320, 3819769881], [3819769881, 4580238966], [4580238966, 353195149], [353195149, 10682086096], [10682086096, 10682086107], [10682086107, 10682086216], [10682086216, 10682086202], [10682086202, 10682086191], [10682086191, 10682085906], [10682085906, 3819770034], [3819770034, 3819770041], [3819770041, 3819770020], [3819770020, 3819770036], [3819770036, 3819770044], [3819770044, 5279886141], [5279886141, 3819770067], [3819770067, 3819770064], [3819770064, 3819770062], [3819770062, 3823586968], [3823586968, 307924224], [307924224, 307924223], [307924223, 3823587092], [3823587092, 3823587177], [3823587177, 3823587193], [3823587193, 3823587282], [3823587282, 3823587342], [3823587342, 4576610061], [4576610061, 3823587356], [3823587356, 3823587391], [3823587391, 3823587451], [3823587451, 3823587493], [3823587493, 3823587536], [3823587536, 3823587547], [3823587547, 3823587702], [3823587702, 3823587776], [3823587776, 3823587815], [3823587815, 3823587830], [3823587830, 3823587843], [3823587843, 3823587865], [3823587865, 3823587893], [3823587893, 3823588079]]",43,42,1632.178,0,0,0.0,0,0.0,0,0.0,0,0.0,0,0.0,0.0,7,5,5,k_shortest,1615.608,1632.178,16.57,0.010256,3.816,0.0,3.816,1.0,2,0,True
od_633,독바위,6호선,126.933031,37.618456,pedestrian_support_point,지하철환기구,서울특별시 은평구 통일로 895-2,126.9197,37.6229,1276.079,3824954278,3823587723,2.93341759236071,48.843255213078415,PASS,od_633_k_shortest_alternative_1,k_shortest_alternative_1,"[3824954278, 5281044431, 3819769960, 3824954348, 3279011105, 3824954514, 5281445624, 10682009302, 10682009300, 10682009301, 3823587288, 3823587322, 3823587334, 3823587302, 3823587283, 3823587296, 3823587305, 3823587222, 3823587187, 3823587199, 3823587218, 3823587249, 3823587157, 307924211, 2930525549, 3823587185, 3823587210, 3823587220, 3823587253, 3823587248, 3823587317, 3823587310, 3823587282, 3823587342, 4576610061, 3823587356, 3823587391, 3823587451, 3823587493, 3823587536, 3823587547, 3823587702, 3823587776, 3823587815, 3823587830, 3823587843, 3823587865, 3823587893, 3823587746, 3823587723]","[[3824954278, 5281044431], [5281044431, 3819769960], [3819769960, 3824954348], [3824954348, 3279011105], [3279011105, 3824954514], [3824954514, 5281445624], [5281445624, 10682009302], [10682009302, 10682009300], [10682009300, 10682009301], [10682009301, 3823587288], [3823587288, 3823587322], [3823587322, 3823587334], [3823587334, 3823587302], [3823587302, 3823587283], [3823587283, 3823587296], [3823587296, 3823587305], [3823587305, 3823587222], [3823587222, 3823587187], [3823587187, 3823587199], [3823587199, 3823587218], [3823587218, 3823587249], [3823587249, 3823587157], [3823587157, 307924211], [307924211, 2930525549], [2930525549, 3823587185], [3823587185, 3823587210], [3823587210, 3823587220], [3823587220, 3823587253], [3823587253, 3823587248], [3823587248, 3823587317], [3823587317, 3823587310], [3823587310, 3823587282], [3823587282, 3823587342], [3823587342, 4576610061], [4576610061, 3823587356], [3823587356, 3823587391], [3823587391, 3823587451], [3823587451, 3823587493], [3823587493, 3823587536], [3823587536, 3823587547], [3823587547, 3823587702], [3823587702, 3823587776], [3823587776, 3823587815], [3823587815, 3823587830], [3823587830, 3823587843], [3823587843, 3823587865], [3823587865, 3823587893], [3823587893, 3823587746], [3823587746, 3823587723]]",50,49,1650.011,0,0,0.0,0,0.0,0,0.0,2,3.816,2,3.816,0.002313,8,24,21,k_shortest,1646.62,1650.011,3.391,0.002059,3.816,3.816,0.0,0.0,2,2,False
od_498,독바위,6호선,126.933031,37.618456,mobility_facility,금광모터샵,서울특별시 은평구 통일로 920,126.9203,37.625,1338.177,3824954278,3823588382,2.93341759236071,19.16200122304098,PASS,od_498_k_shortest_alternative_1,k_shortest_alternative_1,"[3824954278, 5281044431, 3819769960, 3824954348, 3279011105, 3824954514, 5281445624, 10682009302, 10682009300, 10682009301, 3823587288, 3823587322, 3823587334, 3823587302, 3823587283, 3823587296, 3823587305, 3823587222, 3823587187, 3823587199, 3823587218, 3823587249, 3823587157, 307924211, 2930525549, 3823587185, 3823587210, 3823587220, 3823587253, 3823587248, 3823587317, 3823587310, 3823587282, 3823587342, 4576610061, 3823587356, 3823587391, 3823587451, 3823587493, 3823587536, 3823587547, 3823587702, 3823587776, 3823587815, 3823587830, 3823587843, 3823587865, 3823587893, 3823588079, 3823588382]","[[3824954278, 5281044431], [5281044431, 3819769960], [3819769960, 3824954348], [3824954348, 3279011105], [3279011105, 3824954514], [3824954514, 5281445624], [5281445624, 10682009302], [10682009302, 10682009300], [10682009300, 10682009301], [10682009301, 3823587288], [3823587288, 3823587322], [3823587322, 3823587334], [3823587334, 3823587302], [3823587302, 3823587283], [3823587283, 3823587296], [3823587296, 3823587305], [3823587305, 3823587222], [3823587222, 3823587187], [3823587187, 3823587199], [3823587199, 3823587218], [3823587218, 3823587249], [3823587249, 3823587157], [3823587157, 307924211], [307924211, 2930525549], [2930525549, 3823587185], [3823587185, 3823587210], [3823587210, 3823587220], [3823587220, 3823587253], [3823587253, 3823587248], [3823587248, 3823587317], [3823587317, 3823587310], [3823587310, 3823587282], [3823587282, 3823587342], [3823587342, 4576610061], [4576610061, 3823587356], [3823587356, 3823587391], [3823587391, 3823587451], [3823587451, 3823587493], [3823587493, 3823587536], [3823587536, 3823587547], [3823587547, 3823587702], [3823587702, 3823587776], [3823587776, 3823587815], [3823587815, 3823587830], [3823587830, 3823587843], [3823587843, 3823587865], [3823587865, 3823587893], [3823587893, 3823588079], [3823588079, 3823588382]]",50,49,1713.588,0,0,0.0,0,0.0,0,0.0,2,3.816,2,3.816,0.002227,9,25,21,k_shortest,1710.197,1713.588,3.391,0.001983,3.816,3.816,0.0,0.0,2,2,False
od_498,독바위,6호선,126.933031,37.618456,mobility_facility,금광모터샵,서울특별시 은평구 통일로 920,126.9203,37.625,1338.177,3824954278,3823588382,2.93341759236071,19.16200122304098,PASS,od_498_k_shortest_alternative_2,k_shortest_alternative_2,"[3824954278, 436849320, 3819769881, 4580238966, 353195149, 10682086096, 10682086107, 10682086216, 10682086202, 10682086191, 10682085906, 3819770034, 3819770041, 3819770020, 3819770036, 3819770044, 5279886141, 3819770067, 3819770064, 3819770062, 3823586968, 307924224, 307924223, 3823587092, 3823587177, 3823587193, 3823587282, 3823587342, 4576610061, 3823587356, 3823587391, 3823587451, 3823587493, 3823587536, 3823587547, 3823587702, 3823587776, 3823587815, 3823587830, 3823587843, 3823587865, 3823587893, 3823588079, 3823588382]","[[3824954278, 436849320], [436849320, 3819769881], [3819769881, 4580238966], [4580238966, 353195149], [353195149, 10682086096], [10682086096, 10682086107], [10682086107, 10682086216], [10682086216, 10682086202], [10682086202, 10682086191], [10682086191, 10682085906], [10682085906, 3819770034], [3819770034, 3819770041], [3819770041, 3819770020], [3819770020, 3819770036], [3819770036, 3819770044], [3819770044, 5279886141], [5279886141, 3819770067], [3819770067, 3819770064], [3819770064, 3819770062], [3819770062, 3823586968], [3823586968, 307924224], [307924224, 307924223], [307924223, 3823587092], [3823587092, 3823587177], [3823587177, 3823587193], [3823587193, 3823587282], [3823587282, 3823587342], [3823587342, 4576610061], [4576610061, 3823587356], [3823587356, 3823587391], [3823587391, 3823587451], [3823587451, 3823587493], [3823587493, 3823587536], [3823587536, 3823587547], [3823587547, 3823587702], [3823587702, 3823587776], [3823587776, 3823587815], [3823587815, 3823587830], [3823587830, 3823587843], [3823587843, 3823587865], [3823587865, 3823587893], [3823587893, 3823588079], [3823588079, 3823588382]]",44,43,1726.767,0,0,0.0,0,0.0,0,0.0,0,0.0,0,0.0,0.0,8,5,5,k_shortest,1710.197,1726.767,16.57,0.009689,3.816,0.0,3.816,1.0,2,0,True
od_701,독바위,6호선,126.933031,37.618456,pedestrian_support_point,맨홀,서울특별시 은평구 통일로 895-2,126.9197,37.6231,1284.821,3824954278,436393823,2.93341759236071,29.14105443196905,PASS,od_701_k_shortest_alternative_1,k_shortest_alternative_1,"[3824954278, 5281044431, 3819769960, 3824954348, 3279011105, 3824954514, 5281445624, 10682009302, 10682009300, 10682009301, 3823587288, 3823587322, 3823587334, 3823587302, 3823587283, 3823587296, 3823587305, 3823587222, 3823587187, 3823587199, 3823587218, 3823587249, 3823587157, 307924211, 2930525549, 3823587185, 3823587210, 3823587220, 3823587253, 3823587248, 3823587317, 3823587310, 3823587282, 3823587342, 4576610061, 3823587356, 3823587391, 3823587451, 3823587493, 3823587536, 3823587547, 3823587702, 3823587776, 3823587815, 3823587830, 3823587843, 3823587865, 3823587893, 3823588079, 11230505734, 436393823]","[[3824954278, 5281044431], [5281044431, 3819769960], [3819769960, 3824954348], [3824954348, 3279011105], [3279011105, 3824954514], [3824954514, 5281445624], [5281445624, 10682009302], [10682009302, 10682009300], [10682009300, 10682009301], [10682009301, 3823587288], [3823587288, 3823587322], [3823587322, 3823587334], [3823587334, 3823587302], [3823587302, 3823587283], [3823587283, 3823587296], [3823587296, 3823587305], [3823587305, 3823587222], [3823587222, 3823587187], [3823587187, 3823587199], [3823587199, 3823587218], [3823587218, 3823587249], [3823587249, 3823587157], [3823587157, 307924211], [307924211, 2930525549], [2930525549, 3823587185], [3823587185, 3823587210], [3823587210, 3823587220], [3823587220, 3823587253], [3823587253, 3823587248], [3823587248, 3823587317], [3823587317, 3823587310], [3823587310, 3823587282], [3823587282, 3823587342], [3823587342, 4576610061], [4576610061, 3823587356], [3823587356, 3823587391], [3823587391, 3823587451], [3823587451, 3823587493], [3823587493, 3823587536], [3823587536, 3823587547], [3823587547, 3823587702], [3823587702, 3823587776], [3823587776, 3823587815], [3823587815, 3823587830], [3823587830, 3823587843], [3823587843, 3823587865], [3823587865, 3823587893], [3823587893, 3823588079], [3823588079, 11230505734], [11230505734, 436393823]]",51,50,1737.949,0,0,0.0,0,0.0,0,0.0,2,3.816,2,3.816,0.002196,8,27,27,k_shortest,1734.558,1737.949,3.391,0.001955,3.816,3.816,0.0,0.0,2,2,False
od_701,독바위,6호선,126.933031,37.618456,pedestrian_support_point,맨홀,서울특별시 은평구 통일로 895-2,126.9197,37.6231,1284.821,3824954278,436393823,2.93341759236071,29.14105443196905,PASS,od_701_k_shortest_alternative_2,k_shortest_alternative_2,"[3824954278, 436849320, 3819769881, 4580238966, 353195149, 10682086096, 10682086107, 10682086216, 10682086202, 10682086191, 10682085906, 3819770034, 3819770041, 3819770020, 3819770036, 3819770044, 5279886141, 3819770067, 3819770064, 3819770062, 3823586968, 307924224, 307924223, 3823587092, 3823587177, 3823587193, 3823587282, 3823587342, 4576610061, 3823587356, 3823587391, 3823587451, 3823587493, 3823587536, 3823587547, 3823587702, 3823587776, 3823587815, 3823587830, 3823587843, 3823587865, 3823587893, 3823588079, 11230505734, 436393823]","[[3824954278, 436849320], [436849320, 3819769881], [3819769881, 4580238966], [4580238966, 353195149], [353195149, 10682086096], [10682086096, 10682086107], [10682086107, 10682086216], [10682086216, 10682086202], [10682086202, 10682086191], [10682086191, 10682085906], [10682085906, 3819770034], [3819770034, 3819770041], [3819770041, 3819770020], [3819770020, 3819770036], [3819770036, 3819770044], [3819770044, 5279886141], [5279886141, 3819770067], [3819770067, 3819770064], [3819770064, 3819770062], [3819770062, 3823586968], [3823586968, 307924224], [307924224, 307924223], [307924223, 3823587092], [3823587092, 3823587177], [3823587177, 3823587193], [3823587193, 3823587282], [3823587282, 3823587342], [3823587342, 4576610061], [4576610061, 3823587356], [3823587356, 3823587391], [3823587391, 3823587451], [3823587451, 3823587493], [3823587493, 3823587536], [3823587536, 3823587547], [3823587547, 3823587702], [3823587702, 3823587776], [3823587776, 3823587815], [3823587815, 3823587830], [3823587830, 3823587843], [3823587843, 3823587865], [3823587865, 3823587893], [3823587893, 3823588079], [3823588079, 11230505734], [11230505734, 436393823]]",45,44,1751.128,0,0,0.0,0,0.0,0,0.0,0,0.0,0,0.0,0.0,7,7,11,k_shortest,1734.558,1751.128,16.57,0.009553,3.816,0.0,3.816,1.0,2,0,True
od_481,독바위,6호선,126.933031,37.618456,mobility_facility,30.  세명컴퓨터고등학교,서울특별시 은평구 통일로 928,126.9203,37.6257,1381.883,3824954278,3823588586,2.93341759236071,23.47017048392268,PASS,od_481_k_shortest_alternative_1,k_shortest_alternative_1,"[3824954278, 5281044431, 3819769960, 3824954348, 3279011105, 3824954514, 5281445624, 10682009302, 10682009300, 10682009301, 3823587288, 3823587322, 3823587334, 3823587302, 3823587283, 3823587296, 3823587305, 3823587222, 3823587187, 3823587199, 3823587218, 3823587249, 3823587157, 307924211, 2930525549, 3823587185, 3823587210, 3823587220, 3823587253, 3823587248, 3823587317, 3823587310, 3823587282, 3823587342, 4576610061, 3823587356, 3823587391, 3823587451, 3823587493, 3823587536, 3823587547, 3823587702, 3823587776, 3823587815, 3823587830, 3823587843, 3823587865, 3823587893, 3823588079, 3823588382, 11296481782, 3823588586]","[[3824954278, 5281044431], [5281044431, 3819769960], [3819769960, 3824954348], [3824954348, 3279011105], [3279011105, 3824954514], [3824954514, 5281445624], [5281445624, 10682009302], [10682009302, 10682009300], [10682009300, 10682009301], [10682009301, 3823587288], [3823587288, 3823587322], [3823587322, 3823587334], [3823587334, 3823587302], [3823587302, 3823587283], [3823587283, 3823587296], [3823587296, 3823587305], [3823587305, 3823587222], [3823587222, 3823587187], [3823587187, 3823587199], [3823587199, 3823587218], [3823587218, 3823587249], [3823587249, 3823587157], [3823587157, 307924211], [307924211, 2930525549], [2930525549, 3823587185], [3823587185, 3823587210], [3823587210, 3823587220], [3823587220, 3823587253], [3823587253, 3823587248], [3823587248, 3823587317], [3823587317, 3823587310], [3823587310, 3823587282], [3823587282, 3823587342], [3823587342, 4576610061], [4576610061, 3823587356], [3823587356, 3823587391], [3823587391, 3823587451], [3823587451, 3823587493], [3823587493, 3823587536], [3823587536, 3823587547], [3823587547, 3823587702], [3823587702, 3823587776], [3823587776, 3823587815], [3823587815, 3823587830], [3823587830, 3823587843], [3823587843, 3823587865], [3823587865, 3823587893], [3823587893, 3823588079], [3823588079, 3823588382], [3823588382, 11296481782], [11296481782, 3823588586]]",52,51,1755.437,0,0,0.0,0,0.0,0,0.0,2,3.816,2,3.816,0.002174,11,25,21,k_shortest,1752.045,1755.437,3.392,0.001936,3.816,3.816,0.0,0.0,2,2,False
od_481,독바위,6호선,126.933031,37.618456,mobility_facility,30.  세명컴퓨터고등학교,서울특별시 은평구 통일로 928,126.9203,37.6257,1381.883,3824954278,3823588586,2.93341759236071,23.47017048392268,PASS,od_481_k_shortest_alternative_2,k_shortest_alternative_2,"[3824954278, 5281044431, 3819769960, 3824954348, 3279011105, 3824954514, 5281445624, 10682009302, 10682009300, 10682009301, 3823587288, 3823587322, 3823587334, 3823587302, 3823587283, 3823587296, 3823587305, 3823587394, 3823587449, 3823587478, 3823587660, 3823587686, 3823587698, 3823587552, 3823587694, 3823587703, 3823587717, 3823587759, 3823587789, 3823587817, 3823587785, 3823587895, 3823587945, 3823588182, 3823588385, 3823588412, 3823588561, 3823588575, 3823588608, 3823588646, 3823588600, 3823588565, 3823588604, 3823588634, 3823588669, 3823588696, 3823588691, 3823588586]","[[3824954278, 5281044431], [5281044431, 3819769960], [3819769960, 3824954348], [3824954348, 3279011105], [3279011105, 3824954514], [3824954514, 5281445624], [5281445624, 10682009302], [10682009302, 10682009300], [10682009300, 10682009301], [10682009301, 3823587288], [3823587288, 3823587322], [3823587322, 3823587334], [3823587334, 3823587302], [3823587302, 3823587283], [3823587283, 3823587296], [3823587296, 3823587305], [3823587305, 3823587394], [3823587394, 3823587449], [3823587449, 3823587478], [3823587478, 3823587660], [3823587660, 3823587686], [3823587686, 3823587698], [3823587698, 3823587552], [3823587552, 3823587694], [3823587694, 3823587703], [3823587703, 3823587717], [3823587717, 3823587759], [3823587759, 3823587789], [3823587789, 3823587817], [3823587817, 3823587785], [3823587785, 3823587895], [3823587895, 3823587945], [3823587945, 3823588182], [3823588182, 3823588385], [3823588385, 3823588412], [3823588412, 3823588561], [3823588561, 3823588575], [3823588575, 3823588608], [3823588608, 3823588646], [3823588646, 3823588600], [3823588600, 3823588565], [3823588565, 3823588604], [3823588604, 3823588634], [3823588634, 3823588669], [3823588669, 3823588696], [3823588696, 3823588691], [3823588691, 3823588586]]",48,47,1762.54,0,0,0.0,0,0.0,0,0.0,0,0.0,0,0.0,0.0,8,24,21,k_shortest,1752.045,1762.54,10.495,0.00599,3.816,0.0,3.816,1.0,2,0,True
od_481,독바위,6호선,126.933031,37.618456,mobility_facility,30.  세명컴퓨터고등학교,서울특별시 은평구 통일로 928,126.9203,37.6257,1381.883,3824954278,3823588586,2.93341759236071,23.47017048392268,PASS,od_481_k_shortest_alternative_3,k_shortest_alternative_3,"[3824954278, 5281044431, 3819769960, 3824954348, 3279011105, 3824954514, 5281445624, 10682009302, 10682009300, 10682009301, 3823587288, 3823587322, 3823587334, 3823587302, 3823587283, 3823587296, 3823587305, 3823587394, 3823587449, 3823587478, 3823587660, 3823587686, 3823587698, 3823587552, 3823587694, 3823587703, 3823587717, 3823587759, 3823587789, 3823587817, 3823587785, 3823587895, 3823587945, 3823588182, 3823588186, 3823588193, 3823588231, 3823588579, 3823588587, 3823588591, 3823588600, 3823588565, 3823588604, 3823588634, 3823588669, 3823588696, 3823588691, 3823588586]","[[3824954278, 5281044431], [5281044431, 3819769960], [3819769960, 3824954348], [3824954348, 3279011105], [3279011105, 3824954514], [3824954514, 5281445624], [5281445624, 10682009302], [10682009302, 10682009300], [10682009300, 10682009301], [10682009301, 3823587288], [3823587288, 3823587322], [3823587322, 3823587334], [3823587334, 3823587302], [3823587302, 3823587283], [3823587283, 3823587296], [3823587296, 3823587305], [3823587305, 3823587394], [3823587394, 3823587449], [3823587449, 3823587478], [3823587478, 3823587660], [3823587660, 3823587686], [3823587686, 3823587698], [3823587698, 3823587552], [3823587552, 3823587694], [3823587694, 3823587703], [3823587703, 3823587717], [3823587717, 3823587759], [3823587759, 3823587789], [3823587789, 3823587817], [3823587817, 3823587785], [3823587785, 3823587895], [3823587895, 3823587945], [3823587945, 3823588182], [3823588182, 3823588186], [3823588186, 3823588193], [3823588193, 3823588231], [3823588231, 3823588579], [3823588579, 3823588587], [3823588587, 3823588591], [3823588591, 3823588600], [3823588600, 3823588565], [3823588565, 3823588604], [3823588604, 3823588634], [3823588634, 3823588669], [3823588669, 3823588696], [3823588696, 3823588691], [3823588691, 3823588586]]",48,47,1765.778,0,0,0.0,0,0.0,0,0.0,0,0.0,0,0.0,0.0,8,24,21,k_shortest,1752.045,1765.778,13.733,0.007838,3.816,0.0,3.816,1.0,2,0,True
od_540,독바위,6호선,126.933031,37.618456,mobility_facility,굿모닝부동산공인중개사사무소,서울특별시 은평구 통일로 928,126.9203,37.6257,1381.883,3824954278,3823588586,2.93341759236071,23.47017048392268,PASS,od_540_k_shortest_alternative_1,k_shortest_alternative_1,"[3824954278, 5281044431, 3819769960, 3824954348, 3279011105, 3824954514, 5281445624, 10682009302, 10682009300, 10682009301, 3823587288, 3823587322, 3823587334, 3823587302, 3823587283, 3823587296, 3823587305, 3823587222, 3823587187, 3823587199, 3823587218, 3823587249, 3823587157, 307924211, 2930525549, 3823587185, 3823587210, 3823587220, 3823587253, 3823587248, 3823587317, 3823587310, 3823587282, 3823587342, 4576610061, 3823587356, 3823587391, 3823587451, 3823587493, 3823587536, 3823587547, 3823587702, 3823587776, 3823587815, 3823587830, 3823587843, 3823587865, 3823587893, 3823588079, 3823588382, 11296481782, 3823588586]","[[3824954278, 5281044431], [5281044431, 3819769960], [3819769960, 3824954348], [3824954348, 3279011105], [3279011105, 3824954514], [3824954514, 5281445624], [5281445624, 10682009302], [10682009302, 10682009300], [10682009300, 10682009301], [10682009301, 3823587288], [3823587288, 3823587322], [3823587322, 3823587334], [3823587334, 3823587302], [3823587302, 3823587283], [3823587283, 3823587296], [3823587296, 3823587305], [3823587305, 3823587222], [3823587222, 3823587187], [3823587187, 3823587199], [3823587199, 3823587218], [3823587218, 3823587249], [3823587249, 3823587157], [3823587157, 307924211], [307924211, 2930525549], [2930525549, 3823587185], [3823587185, 3823587210], [3823587210, 3823587220], [3823587220, 3823587253], [3823587253, 3823587248], [3823587248, 3823587317], [3823587317, 3823587310], [3823587310, 3823587282], [3823587282, 3823587342], [3823587342, 4576610061], [4576610061, 3823587356], [3823587356, 3823587391], [3823587391, 3823587451], [3823587451, 3823587493], [3823587493, 3823587536], [3823587536, 3823587547], [3823587547, 3823587702], [3823587702, 3823587776], [3823587776, 3823587815], [3823587815, 3823587830], [3823587830, 3823587843], [3823587843, 3823587865], [3823587865, 3823587893], [3823587893, 3823588079], [3823588079, 3823588382], [3823588382, 11296481782], [11296481782, 3823588586]]",52,51,1755.437,0,0,0.0,0,0.0,0,0.0,2,3.816,2,3.816,0.002174,11,25,21,k_shortest,1752.045,1755.437,3.392,0.001936,3.816,3.816,0.0,0.0,2,2,False
od_540,독바위,6호선,126.933031,37.618456,mobility_facility,굿모닝부동산공인중개사사무소,서울특별시 은평구 통일로 928,126.9203,37.6257,1381.883,3824954278,3823588586,2.93341759236071,23.47017048392268,PASS,od_540_k_shortest_alternative_2,k_shortest_alternative_2,"[3824954278, 5281044431, 3819769960, 3824954348, 3279011105, 3824954514, 5281445624, 10682009302, 10682009300, 10682009301, 3823587288, 3823587322, 3823587334, 3823587302, 3823587283, 3823587296, 3823587305, 3823587394, 3823587449, 3823587478, 3823587660, 3823587686, 3823587698, 3823587552, 3823587694, 3823587703, 3823587717, 3823587759, 3823587789, 3823587817, 3823587785, 3823587895, 3823587945, 3823588182, 3823588385, 3823588412, 3823588561, 3823588575, 3823588608, 3823588646, 3823588600, 3823588565, 3823588604, 3823588634, 3823588669, 3823588696, 3823588691, 3823588586]","[[3824954278, 5281044431], [5281044431, 3819769960], [3819769960, 3824954348], [3824954348, 3279011105], [3279011105, 3824954514], [3824954514, 5281445624], [5281445624, 10682009302], [10682009302, 10682009300], [10682009300, 10682009301], [10682009301, 3823587288], [3823587288, 3823587322], [3823587322, 3823587334], [3823587334, 3823587302], [3823587302, 3823587283], [3823587283, 3823587296], [3823587296, 3823587305], [3823587305, 3823587394], [3823587394, 3823587449], [3823587449, 3823587478], [3823587478, 3823587660], [3823587660, 3823587686], [3823587686, 3823587698], [3823587698, 3823587552], [3823587552, 3823587694], [3823587694, 3823587703], [3823587703, 3823587717], [3823587717, 3823587759], [3823587759, 3823587789], [3823587789, 3823587817], [3823587817, 3823587785], [3823587785, 3823587895], [3823587895, 3823587945], [3823587945, 3823588182], [3823588182, 3823588385], [3823588385, 3823588412], [3823588412, 3823588561], [3823588561, 3823588575], [3823588575, 3823588608], [3823588608, 3823588646], [3823588646, 3823588600], [3823588600, 3823588565], [3823588565, 3823588604], [3823588604, 3823588634], [3823588634, 3823588669], [3823588669, 3823588696], [3823588696, 3823588691], [3823588691, 3823588586]]",48,47,1762.54,0,0,0.0,0,0.0,0,0.0,0,0.0,0,0.0,0.0,8,24,21,k_shortest,1752.045,1762.54,10.495,0.00599,3.816,0.0,3.816,1.0,2,0,True
od_540,독바위,6호선,126.933031,37.618456,mobility_facility,굿모닝부동산공인중개사사무소,서울특별시 은평구 통일로 928,126.9203,37.6257,1381.883,3824954278,3823588586,2.93341759236071,23.47017048392268,PASS,od_540_k_shortest_alternative_3,k_shortest_alternative_3,"[3824954278, 5281044431, 3819769960, 3824954348, 3279011105, 3824954514, 5281445624, 10682009302, 10682009300, 10682009301, 3823587288, 3823587322, 3823587334, 3823587302, 3823587283, 3823587296, 3823587305, 3823587394, 3823587449, 3823587478, 3823587660, 3823587686, 3823587698, 3823587552, 3823587694, 3823587703, 3823587717, 3823587759, 3823587789, 3823587817, 3823587785, 3823587895, 3823587945, 3823588182, 3823588186, 3823588193, 3823588231, 3823588579, 3823588587, 3823588591, 3823588600, 3823588565, 3823588604, 3823588634, 3823588669, 3823588696, 3823588691, 3823588586]","[[3824954278, 5281044431], [5281044431, 3819769960], [3819769960, 3824954348], [3824954348, 3279011105], [3279011105, 3824954514], [3824954514, 5281445624], [5281445624, 10682009302], [10682009302, 10682009300], [10682009300, 10682009301], [10682009301, 3823587288], [3823587288, 3823587322], [3823587322, 3823587334], [3823587334, 3823587302], [3823587302, 3823587283], [3823587283, 3823587296], [3823587296, 3823587305], [3823587305, 3823587394], [3823587394, 3823587449], [3823587449, 3823587478], [3823587478, 3823587660], [3823587660, 3823587686], [3823587686, 3823587698], [3823587698, 3823587552], [3823587552, 3823587694], [3823587694, 3823587703], [3823587703, 3823587717], [3823587717, 3823587759], [3823587759, 3823587789], [3823587789, 3823587817], [3823587817, 3823587785], [3823587785, 3823587895], [3823587895, 3823587945], [3823587945, 3823588182], [3823588182, 3823588186], [3823588186, 3823588193], [3823588193, 3823588231], [3823588231, 3823588579], [3823588579, 3823588587], [3823588587, 3823588591], [3823588591, 3823588600], [3823588600, 3823588565], [3823588565, 3823588604], [3823588604, 3823588634], [3823588634, 3823588669], [3823588669, 3823588696], [3823588696, 3823588691], [3823588691, 3823588586]]",48,47,1765.778,0,0,0.0,0,0.0,0,0.0,0,0.0,0,0.0,0.0,8,24,21,k_shortest,1752.045,1765.778,13.733,0.007838,3.816,0.0,3.816,1.0,2,0,True
od_650,독바위,6호선,126.933031,37.618456,pedestrian_support_point,신한은행갈현지점,서울특별시 은평구 통일로 905,126.9197,37.6238,1317.907,3824954278,11230505656,2.93341759236071,30.0149889970599,PASS,od_650_k_shortest_alternative_1,k_shortest_alternative_1,"[3824954278, 5281044431, 3819769960, 3824954348, 3279011105, 3824954514, 5281445624, 10682009302, 10682009300, 10682009301, 3823587288, 3823587322, 3823587334, 3823587302, 3823587283, 3823587296, 3823587305, 3823587222, 3823587187, 3823587199, 3823587218, 3823587249, 3823587157, 307924211, 2930525549, 3823587185, 3823587210, 3823587220, 3823587253, 3823587248, 3823587317, 3823587310, 3823587282, 3823587342, 4576610061, 3823587356, 3823587391, 3823587451, 3823587493, 3823587536, 3823587547, 3823587702, 3823587776, 3823587815, 3823587830, 3823587843, 3823587865, 3823587893, 3823588079, 11230505734, 436393823, 11230505656]","[[3824954278, 5281044431], [5281044431, 3819769960], [3819769960, 3824954348], [3824954348, 3279011105], [3279011105, 3824954514], [3824954514, 5281445624], [5281445624, 10682009302], [10682009302, 10682009300], [10682009300, 10682009301], [10682009301, 3823587288], [3823587288, 3823587322], [3823587322, 3823587334], [3823587334, 3823587302], [3823587302, 3823587283], [3823587283, 3823587296], [3823587296, 3823587305], [3823587305, 3823587222], [3823587222, 3823587187], [3823587187, 3823587199], [3823587199, 3823587218], [3823587218, 3823587249], [3823587249, 3823587157], [3823587157, 307924211], [307924211, 2930525549], [2930525549, 3823587185], [3823587185, 3823587210], [3823587210, 3823587220], [3823587220, 3823587253], [3823587253, 3823587248], [3823587248, 3823587317], [3823587317, 3823587310], [3823587310, 3823587282], [3823587282, 3823587342], [3823587342, 4576610061], [4576610061, 3823587356], [3823587356, 3823587391], [3823587391, 3823587451], [3823587451, 3823587493], [3823587493, 3823587536], [3823587536, 3823587547], [3823587547, 3823587702], [3823587702, 3823587776], [3823587776, 3823587815], [3823587815, 3823587830], [3823587830, 3823587843], [3823587843, 3823587865], [3823587865, 3823587893], [3823587893, 3823588079], [3823588079, 11230505734], [11230505734, 436393823], [436393823, 11230505656]]",52,51,1760.121,0,0,0.0,0,0.0,0,0.0,2,3.816,2,3.816,0.002168,8,27,27,k_shortest,1756.73,1760.121,3.391,0.00193,3.816,3.816,0.0,0.0,2,2,False
od_650,독바위,6호선,126.933031,37.618456,pedestrian_support_point,신한은행갈현지점,서울특별시 은평구 통일로 905,126.9197,37.6238,1317.907,3824954278,11230505656,2.93341759236071,30.0149889970599,PASS,od_650_k_shortest_alternative_2,k_shortest_alternative_2,"[3824954278, 436849320, 3819769881, 4580238966, 353195149, 10682086096, 10682086107, 10682086216, 10682086202, 10682086191, 10682085906, 3819770034, 3819770041, 3819770020, 3819770036, 3819770044, 5279886141, 3819770067, 3819770064, 3819770062, 3823586968, 307924224, 307924223, 3823587092, 3823587177, 3823587193, 3823587282, 3823587342, 4576610061, 3823587356, 3823587391, 3823587451, 3823587493, 3823587536, 3823587547, 3823587702, 3823587776, 3823587815, 3823587830, 3823587843, 3823587865, 3823587893, 3823588079, 11230505734, 436393823, 11230505656]","[[3824954278, 436849320], [436849320, 3819769881], [3819769881, 4580238966], [4580238966, 353195149], [353195149, 10682086096], [10682086096, 10682086107], [10682086107, 10682086216], [10682086216, 10682086202], [10682086202, 10682086191], [10682086191, 10682085906], [10682085906, 3819770034], [3819770034, 3819770041], [3819770041, 3819770020], [3819770020, 3819770036], [3819770036, 3819770044], [3819770044, 5279886141], [5279886141, 3819770067], [3819770067, 3819770064], [3819770064, 3819770062], [3819770062, 3823586968], [3823586968, 307924224], [307924224, 307924223], [307924223, 3823587092], [3823587092, 3823587177], [3823587177, 3823587193], [3823587193, 3823587282], [3823587282, 3823587342], [3823587342, 4576610061], [4576610061, 3823587356], [3823587356, 3823587391], [3823587391, 3823587451], [3823587451, 3823587493], [3823587493, 3823587536], [3823587536, 3823587547], [3823587547, 3823587702], [3823587702, 3823587776], [3823587776, 3823587815], [3823587815, 3823587830], [3823587830, 3823587843], [3823587843, 3823587865], [3823587865, 3823587893], [3823587893, 3823588079], [3823588079, 11230505734], [11230505734, 436393823], [436393823, 11230505656]]",46,45,1773.3,0,0,0.0,0,0.0,0,0.0,0,0.0,0,0.0,0.0,7,7,11,k_shortest,1756.73,1773.3,16.57,0.009432,3.816,0.0,3.816,1.0,2,0,True
od_721,독바위,6호선,126.933031,37.618456,pedestrian_support_point,갈현중앙시장,서울특별시 은평구 갈현동  389-14,126.919,37.6234,1354.795,3824954278,353193935,2.93341759236071,9.631013197935268,PASS,od_721_k_shortest_alternative_1,k_shortest_alternative_1,"[3824954278, 5281044431, 3819769960, 3824954348, 3279011105, 3824954514, 5281445624, 10682009302, 10682009300, 10682009301, 3823587288, 3823587322, 3823587334, 3823587302, 3823587283, 3823587296, 3823587305, 3823587222, 3823587187, 3823587199, 3823587218, 3823587249, 3823587157, 307924211, 2930525549, 3823587185, 3823587210, 3823587220, 3823587253, 3823587248, 3823587317, 3823587310, 3823587282, 3823587342, 4576610061, 3823587356, 3823587391, 3823587451, 3823587493, 3823587536, 3823587547, 3823587702, 3823587776, 3823587815, 3823587830, 3823587843, 3823587865, 3823587893, 3823588079, 11230505734, 436393823, 353193935]","[[3824954278, 5281044431], [5281044431, 3819769960], [3819769960, 3824954348], [3824954348, 3279011105], [3279011105, 3824954514], [3824954514, 5281445624], [5281445624, 10682009302], [10682009302, 10682009300], [10682009300, 10682009301], [10682009301, 3823587288], [3823587288, 3823587322], [3823587322, 3823587334], [3823587334, 3823587302], [3823587302, 3823587283], [3823587283, 3823587296], [3823587296, 3823587305], [3823587305, 3823587222], [3823587222, 3823587187], [3823587187, 3823587199], [3823587199, 3823587218], [3823587218, 3823587249], [3823587249, 3823587157], [3823587157, 307924211], [307924211, 2930525549], [2930525549, 3823587185], [3823587185, 3823587210], [3823587210, 3823587220], [3823587220, 3823587253], [3823587253, 3823587248], [3823587248, 3823587317], [3823587317, 3823587310], [3823587310, 3823587282], [3823587282, 3823587342], [3823587342, 4576610061], [4576610061, 3823587356], [3823587356, 3823587391], [3823587391, 3823587451], [3823587451, 3823587493], [3823587493, 3823587536], [3823587536, 3823587547], [3823587547, 3823587702], [3823587702, 3823587776], [3823587776, 3823587815], [3823587815, 3823587830], [3823587830, 3823587843], [3823587843, 3823587865], [3823587865, 3823587893], [3823587893, 3823588079], [3823588079, 11230505734], [11230505734, 436393823], [436393823, 353193935]]",52,51,1799.851,0,0,0.0,0,0.0,0,0.0,2,3.816,2,3.816,0.00212,8,29,27,k_shortest,1796.46,1799.851,3.391,0.001888,3.816,3.816,0.0,0.0,2,2,False
od_721,독바위,6호선,126.933031,37.618456,pedestrian_support_point,갈현중앙시장,서울특별시 은평구 갈현동  389-14,126.919,37.6234,1354.795,3824954278,353193935,2.93341759236071,9.631013197935268,PASS,od_721_k_shortest_alternative_2,k_shortest_alternative_2,"[3824954278, 436849320, 3819769881, 4580238966, 353195149, 10682086096, 10682086107, 10682086216, 10682086202, 10682086191, 10682085906, 3819770034, 3819770041, 3819770020, 3819770036, 3819770044, 5279886141, 3819770067, 3819770064, 3819770062, 3823586968, 307924224, 307924223, 3823587092, 3823587177, 3823587193, 3823587282, 3823587342, 4576610061, 3823587356, 3823587391, 3823587451, 3823587493, 3823587536, 3823587547, 3823587702, 3823587776, 3823587815, 3823587830, 3823587843, 3823587865, 3823587893, 3823588079, 11230505734, 436393823, 353193935]","[[3824954278, 436849320], [436849320, 3819769881], [3819769881, 4580238966], [4580238966, 353195149], [353195149, 10682086096], [10682086096, 10682086107], [10682086107, 10682086216], [10682086216, 10682086202], [10682086202, 10682086191], [10682086191, 10682085906], [10682085906, 3819770034], [3819770034, 3819770041], [3819770041, 3819770020], [3819770020, 3819770036], [3819770036, 3819770044], [3819770044, 5279886141], [5279886141, 3819770067], [3819770067, 3819770064], [3819770064, 3819770062], [3819770062, 3823586968], [3823586968, 307924224], [307924224, 307924223], [307924223, 3823587092], [3823587092, 3823587177], [3823587177, 3823587193], [3823587193, 3823587282], [3823587282, 3823587342], [3823587342, 4576610061], [4576610061, 3823587356], [3823587356, 3823587391], [3823587391, 3823587451], [3823587451, 3823587493], [3823587493, 3823587536], [3823587536, 3823587547], [3823587547, 3823587702], [3823587702, 3823587776], [3823587776, 3823587815], [3823587815, 3823587830], [3823587830, 3823587843], [3823587843, 3823587865], [3823587865, 3823587893], [3823587893, 3823588079], [3823588079, 11230505734], [11230505734, 436393823], [436393823, 353193935]]",46,45,1813.03,0,0,0.0,0,0.0,0,0.0,0,0.0,0,0.0,0.0,7,9,11,k_shortest,1796.46,1813.03,16.57,0.009224,3.816,0.0,3.816,1.0,2,0,True
od_658,독바위,6호선,126.933031,37.618456,pedestrian_support_point,연갈현공판장후문,서울특별시 은평구 갈현동  420-5,126.9191,37.6232,1337.839,3824954278,353193935,2.93341759236071,19.844007280952493,PASS,od_658_k_shortest_alternative_1,k_shortest_alternative_1,"[3824954278, 5281044431, 3819769960, 3824954348, 3279011105, 3824954514, 5281445624, 10682009302, 10682009300, 10682009301, 3823587288, 3823587322, 3823587334, 3823587302, 3823587283, 3823587296, 3823587305, 3823587222, 3823587187, 3823587199, 3823587218, 3823587249, 3823587157, 307924211, 2930525549, 3823587185, 3823587210, 3823587220, 3823587253, 3823587248, 3823587317, 3823587310, 3823587282, 3823587342, 4576610061, 3823587356, 3823587391, 3823587451, 3823587493, 3823587536, 3823587547, 3823587702, 3823587776, 3823587815, 3823587830, 3823587843, 3823587865, 3823587893, 3823588079, 11230505734, 436393823, 353193935]","[[3824954278, 5281044431], [5281044431, 3819769960], [3819769960, 3824954348], [3824954348, 3279011105], [3279011105, 3824954514], [3824954514, 5281445624], [5281445624, 10682009302], [10682009302, 10682009300], [10682009300, 10682009301], [10682009301, 3823587288], [3823587288, 3823587322], [3823587322, 3823587334], [3823587334, 3823587302], [3823587302, 3823587283], [3823587283, 3823587296], [3823587296, 3823587305], [3823587305, 3823587222], [3823587222, 3823587187], [3823587187, 3823587199], [3823587199, 3823587218], [3823587218, 3823587249], [3823587249, 3823587157], [3823587157, 307924211], [307924211, 2930525549], [2930525549, 3823587185], [3823587185, 3823587210], [3823587210, 3823587220], [3823587220, 3823587253], [3823587253, 3823587248], [3823587248, 3823587317], [3823587317, 3823587310], [3823587310, 3823587282], [3823587282, 3823587342], [3823587342, 4576610061], [4576610061, 3823587356], [3823587356, 3823587391], [3823587391, 3823587451], [3823587451, 3823587493], [3823587493, 3823587536], [3823587536, 3823587547], [3823587547, 3823587702], [3823587702, 3823587776], [3823587776, 3823587815], [3823587815, 3823587830], [3823587830, 3823587843], [3823587843, 3823587865], [3823587865, 3823587893], [3823587893, 3823588079], [3823588079, 11230505734], [11230505734, 436393823], [436393823, 353193935]]",52,51,1799.851,0,0,0.0,0,0.0,0,0.0,2,3.816,2,3.816,0.00212,8,29,27,k_shortest,1796.46,1799.851,3.391,0.001888,3.816,3.816,0.0,0.0,2,2,False
od_658,독바위,6호선,126.933031,37.618456,pedestrian_support_point,연갈현공판장후문,서울특별시 은평구 갈현동  420-5,126.9191,37.6232,1337.839,3824954278,353193935,2.93341759236071,19.844007280952493,PASS,od_658_k_shortest_alternative_2,k_shortest_alternative_2,"[3824954278, 436849320, 3819769881, 4580238966, 353195149, 10682086096, 10682086107, 10682086216, 10682086202, 10682086191, 10682085906, 3819770034, 3819770041, 3819770020, 3819770036, 3819770044, 5279886141, 3819770067, 3819770064, 3819770062, 3823586968, 307924224, 307924223, 3823587092, 3823587177, 3823587193, 3823587282, 3823587342, 4576610061, 3823587356, 3823587391, 3823587451, 3823587493, 3823587536, 3823587547, 3823587702, 3823587776, 3823587815, 3823587830, 3823587843, 3823587865, 3823587893, 3823588079, 11230505734, 436393823, 353193935]","[[3824954278, 436849320], [436849320, 3819769881], [3819769881, 4580238966], [4580238966, 353195149], [353195149, 10682086096], [10682086096, 10682086107], [10682086107, 10682086216], [10682086216, 10682086202], [10682086202, 10682086191], [10682086191, 10682085906], [10682085906, 3819770034], [3819770034, 3819770041], [3819770041, 3819770020], [3819770020, 3819770036], [3819770036, 3819770044], [3819770044, 5279886141], [5279886141, 3819770067], [3819770067, 3819770064], [3819770064, 3819770062], [3819770062, 3823586968], [3823586968, 307924224], [307924224, 307924223], [307924223, 3823587092], [3823587092, 3823587177], [3823587177, 3823587193], [3823587193, 3823587282], [3823587282, 3823587342], [3823587342, 4576610061], [4576610061, 3823587356], [3823587356, 3823587391], [3823587391, 3823587451], [3823587451, 3823587493], [3823587493, 3823587536], [3823587536, 3823587547], [3823587547, 3823587702], [3823587702, 3823587776], [3823587776, 3823587815], [3823587815, 3823587830], [3823587830, 3823587843], [3823587843, 3823587865], [3823587865, 3823587893], [3823587893, 3823588079], [3823588079, 11230505734], [11230505734, 436393823], [436393823, 353193935]]",46,45,1813.03,0,0,0.0,0,0.0,0,0.0,0,0.0,0,0.0,0.0,7,9,11,k_shortest,1796.46,1813.03,16.57,0.009224,3.816,0.0,3.816,1.0,2,0,True
od_595,독바위,6호선,126.933031,37.618456,pedestrian_support_point,빗물받이,서울특별시 은평구 갈현로 294,126.9183,37.6234,1411.519,3824954278,3823587768,2.93341759236071,31.066401690461696,PASS,od_595_k_shortest_alternative_1,k_shortest_alternative_1,"[3824954278, 5281044431, 3819769960, 3824954348, 3279011105, 3824954514, 5281445624, 10682009302, 10682009300, 10682009301, 3823587288, 3823587322, 3823587334, 3823587302, 3823587283, 3823587296, 3823587305, 3823587222, 3823587187, 3823587199, 3823587218, 3823587249, 3823587157, 307924211, 2930525549, 3823587185, 3823587210, 3823587220, 3823587253, 3823587248, 3823587317, 3823587310, 3823587282, 3823587342, 4576610061, 3823587356, 3823587391, 3823587451, 3823587493, 3823587536, 3823587547, 3823587702, 3823587776, 3823587815, 3823587830, 3823587843, 3823587865, 3823587893, 3823588079, 11230505734, 436393823, 353193935, 3823587768]","[[3824954278, 5281044431], [5281044431, 3819769960], [3819769960, 3824954348], [3824954348, 3279011105], [3279011105, 3824954514], [3824954514, 5281445624], [5281445624, 10682009302], [10682009302, 10682009300], [10682009300, 10682009301], [10682009301, 3823587288], [3823587288, 3823587322], [3823587322, 3823587334], [3823587334, 3823587302], [3823587302, 3823587283], [3823587283, 3823587296], [3823587296, 3823587305], [3823587305, 3823587222], [3823587222, 3823587187], [3823587187, 3823587199], [3823587199, 3823587218], [3823587218, 3823587249], [3823587249, 3823587157], [3823587157, 307924211], [307924211, 2930525549], [2930525549, 3823587185], [3823587185, 3823587210], [3823587210, 3823587220], [3823587220, 3823587253], [3823587253, 3823587248], [3823587248, 3823587317], [3823587317, 3823587310], [3823587310, 3823587282], [3823587282, 3823587342], [3823587342, 4576610061], [4576610061, 3823587356], [3823587356, 3823587391], [3823587391, 3823587451], [3823587451, 3823587493], [3823587493, 3823587536], [3823587536, 3823587547], [3823587547, 3823587702], [3823587702, 3823587776], [3823587776, 3823587815], [3823587815, 3823587830], [3823587830, 3823587843], [3823587843, 3823587865], [3823587865, 3823587893], [3823587893, 3823588079], [3823588079, 11230505734], [11230505734, 436393823], [436393823, 353193935], [353193935, 3823587768]]",53,52,1839.836,0,0,0.0,0,0.0,0,0.0,2,3.816,2,3.816,0.002074,8,32,27,k_shortest,1836.445,1839.836,3.391,0.001847,3.816,3.816,0.0,0.0,2,2,False
od_595,독바위,6호선,126.933031,37.618456,pedestrian_support_point,빗물받이,서울특별시 은평구 갈현로 294,126.9183,37.6234,1411.519,3824954278,3823587768,2.93341759236071,31.066401690461696,PASS,od_595_k_shortest_alternative_2,k_shortest_alternative_2,"[3824954278, 436849320, 3819769881, 4580238966, 353195149, 10682086096, 10682086107, 10682086216, 10682086202, 10682086191, 10682085906, 3819770034, 3819770041, 3819770020, 3819770036, 3819770044, 5279886141, 3819770067, 3819770064, 3819770062, 3823586968, 307924224, 307924223, 3823587092, 3823587177, 3823587193, 3823587282, 3823587342, 4576610061, 3823587356, 3823587391, 3823587451, 3823587493, 3823587536, 3823587547, 3823587702, 3823587776, 3823587815, 3823587830, 3823587843, 3823587865, 3823587893, 3823588079, 11230505734, 436393823, 353193935, 3823587768]","[[3824954278, 436849320], [436849320, 3819769881], [3819769881, 4580238966], [4580238966, 353195149], [353195149, 10682086096], [10682086096, 10682086107], [10682086107, 10682086216], [10682086216, 10682086202], [10682086202, 10682086191], [10682086191, 10682085906], [10682085906, 3819770034], [3819770034, 3819770041], [3819770041, 3819770020], [3819770020, 3819770036], [3819770036, 3819770044], [3819770044, 5279886141], [5279886141, 3819770067], [3819770067, 3819770064], [3819770064, 3819770062], [3819770062, 3823586968], [3823586968, 307924224], [307924224, 307924223], [307924223, 3823587092], [3823587092, 3823587177], [3823587177, 3823587193], [3823587193, 3823587282], [3823587282, 3823587342], [3823587342, 4576610061], [4576610061, 3823587356], [3823587356, 3823587391], [3823587391, 3823587451], [3823587451, 3823587493], [3823587493, 3823587536], [3823587536, 3823587547], [3823587547, 3823587702], [3823587702, 3823587776], [3823587776, 3823587815], [3823587815, 3823587830], [3823587830, 3823587843], [3823587843, 3823587865], [3823587865, 3823587893], [3823587893, 3823588079], [3823588079, 11230505734], [11230505734, 436393823], [436393823, 353193935], [353193935, 3823587768]]",47,46,1853.015,0,0,0.0,0,0.0,0,0.0,0,0.0,0,0.0,0.0,7,12,11,k_shortest,1836.445,1853.015,16.57,0.009023,3.816,0.0,3.816,1.0,2,0,True
od_724,독바위,6호선,126.933031,37.618456,pedestrian_support_point,갈현중앙시장,서울특별시 은평구 통일로87길 12,126.9184,37.6235,1407.766,3824954278,3823587768,2.93341759236071,25.848653140261955,PASS,od_724_k_shortest_alternative_1,k_shortest_alternative_1,"[3824954278, 5281044431, 3819769960, 3824954348, 3279011105, 3824954514, 5281445624, 10682009302, 10682009300, 10682009301, 3823587288, 3823587322, 3823587334, 3823587302, 3823587283, 3823587296, 3823587305, 3823587222, 3823587187, 3823587199, 3823587218, 3823587249, 3823587157, 307924211, 2930525549, 3823587185, 3823587210, 3823587220, 3823587253, 3823587248, 3823587317, 3823587310, 3823587282, 3823587342, 4576610061, 3823587356, 3823587391, 3823587451, 3823587493, 3823587536, 3823587547, 3823587702, 3823587776, 3823587815, 3823587830, 3823587843, 3823587865, 3823587893, 3823588079, 11230505734, 436393823, 353193935, 3823587768]","[[3824954278, 5281044431], [5281044431, 3819769960], [3819769960, 3824954348], [3824954348, 3279011105], [3279011105, 3824954514], [3824954514, 5281445624], [5281445624, 10682009302], [10682009302, 10682009300], [10682009300, 10682009301], [10682009301, 3823587288], [3823587288, 3823587322], [3823587322, 3823587334], [3823587334, 3823587302], [3823587302, 3823587283], [3823587283, 3823587296], [3823587296, 3823587305], [3823587305, 3823587222], [3823587222, 3823587187], [3823587187, 3823587199], [3823587199, 3823587218], [3823587218, 3823587249], [3823587249, 3823587157], [3823587157, 307924211], [307924211, 2930525549], [2930525549, 3823587185], [3823587185, 3823587210], [3823587210, 3823587220], [3823587220, 3823587253], [3823587253, 3823587248], [3823587248, 3823587317], [3823587317, 3823587310], [3823587310, 3823587282], [3823587282, 3823587342], [3823587342, 4576610061], [4576610061, 3823587356], [3823587356, 3823587391], [3823587391, 3823587451], [3823587451, 3823587493], [3823587493, 3823587536], [3823587536, 3823587547], [3823587547, 3823587702], [3823587702, 3823587776], [3823587776, 3823587815], [3823587815, 3823587830], [3823587830, 3823587843], [3823587843, 3823587865], [3823587865, 3823587893], [3823587893, 3823588079], [3823588079, 11230505734], [11230505734, 436393823], [436393823, 353193935], [353193935, 3823587768]]",53,52,1839.836,0,0,0.0,0,0.0,0,0.0,2,3.816,2,3.816,0.002074,8,32,27,k_shortest,1836.445,1839.836,3.391,0.001847,3.816,3.816,0.0,0.0,2,2,False
od_724,독바위,6호선,126.933031,37.618456,pedestrian_support_point,갈현중앙시장,서울특별시 은평구 통일로87길 12,126.9184,37.6235,1407.766,3824954278,3823587768,2.93341759236071,25.848653140261955,PASS,od_724_k_shortest_alternative_2,k_shortest_alternative_2,"[3824954278, 436849320, 3819769881, 4580238966, 353195149, 10682086096, 10682086107, 10682086216, 10682086202, 10682086191, 10682085906, 3819770034, 3819770041, 3819770020, 3819770036, 3819770044, 5279886141, 3819770067, 3819770064, 3819770062, 3823586968, 307924224, 307924223, 3823587092, 3823587177, 3823587193, 3823587282, 3823587342, 4576610061, 3823587356, 3823587391, 3823587451, 3823587493, 3823587536, 3823587547, 3823587702, 3823587776, 3823587815, 3823587830, 3823587843, 3823587865, 3823587893, 3823588079, 11230505734, 436393823, 353193935, 3823587768]","[[3824954278, 436849320], [436849320, 3819769881], [3819769881, 4580238966], [4580238966, 353195149], [353195149, 10682086096], [10682086096, 10682086107], [10682086107, 10682086216], [10682086216, 10682086202], [10682086202, 10682086191], [10682086191, 10682085906], [10682085906, 3819770034], [3819770034, 3819770041], [3819770041, 3819770020], [3819770020, 3819770036], [3819770036, 3819770044], [3819770044, 5279886141], [5279886141, 3819770067], [3819770067, 3819770064], [3819770064, 3819770062], [3819770062, 3823586968], [3823586968, 307924224], [307924224, 307924223], [307924223, 3823587092], [3823587092, 3823587177], [3823587177, 3823587193], [3823587193, 3823587282], [3823587282, 3823587342], [3823587342, 4576610061], [4576610061, 3823587356], [3823587356, 3823587391], [3823587391, 3823587451], [3823587451, 3823587493], [3823587493, 3823587536], [3823587536, 3823587547], [3823587547, 3823587702], [3823587702, 3823587776], [3823587776, 3823587815], [3823587815, 3823587830], [3823587830, 3823587843], [3823587843, 3823587865], [3823587865, 3823587893], [3823587893, 3823588079], [3823588079, 11230505734], [11230505734, 436393823], [436393823, 353193935], [353193935, 3823587768]]",47,46,1853.015,0,0,0.0,0,0.0,0,0.0,0,0.0,0,0.0,0.0,7,12,11,k_shortest,1836.445,1853.015,16.57,0.009023,3.816,0.0,3.816,1.0,2,0,True
od_572,독바위,6호선,126.933031,37.618456,pedestrian_support_point,빗물받이,서울특별시 은평구 갈현로 294,126.9186,37.6234,1387.156,3824954278,3823587768,2.93341759236071,5.049612704556835,PASS,od_572_k_shortest_alternative_1,k_shortest_alternative_1,"[3824954278, 5281044431, 3819769960, 3824954348, 3279011105, 3824954514, 5281445624, 10682009302, 10682009300, 10682009301, 3823587288, 3823587322, 3823587334, 3823587302, 3823587283, 3823587296, 3823587305, 3823587222, 3823587187, 3823587199, 3823587218, 3823587249, 3823587157, 307924211, 2930525549, 3823587185, 3823587210, 3823587220, 3823587253, 3823587248, 3823587317, 3823587310, 3823587282, 3823587342, 4576610061, 3823587356, 3823587391, 3823587451, 3823587493, 3823587536, 3823587547, 3823587702, 3823587776, 3823587815, 3823587830, 3823587843, 3823587865, 3823587893, 3823588079, 11230505734, 436393823, 353193935, 3823587768]","[[3824954278, 5281044431], [5281044431, 3819769960], [3819769960, 3824954348], [3824954348, 3279011105], [3279011105, 3824954514], [3824954514, 5281445624], [5281445624, 10682009302], [10682009302, 10682009300], [10682009300, 10682009301], [10682009301, 3823587288], [3823587288, 3823587322], [3823587322, 3823587334], [3823587334, 3823587302], [3823587302, 3823587283], [3823587283, 3823587296], [3823587296, 3823587305], [3823587305, 3823587222], [3823587222, 3823587187], [3823587187, 3823587199], [3823587199, 3823587218], [3823587218, 3823587249], [3823587249, 3823587157], [3823587157, 307924211], [307924211, 2930525549], [2930525549, 3823587185], [3823587185, 3823587210], [3823587210, 3823587220], [3823587220, 3823587253], [3823587253, 3823587248], [3823587248, 3823587317], [3823587317, 3823587310], [3823587310, 3823587282], [3823587282, 3823587342], [3823587342, 4576610061], [4576610061, 3823587356], [3823587356, 3823587391], [3823587391, 3823587451], [3823587451, 3823587493], [3823587493, 3823587536], [3823587536, 3823587547], [3823587547, 3823587702], [3823587702, 3823587776], [3823587776, 3823587815], [3823587815, 3823587830], [3823587830, 3823587843], [3823587843, 3823587865], [3823587865, 3823587893], [3823587893, 3823588079], [3823588079, 11230505734], [11230505734, 436393823], [436393823, 353193935], [353193935, 3823587768]]",53,52,1839.836,0,0,0.0,0,0.0,0,0.0,2,3.816,2,3.816,0.002074,8,32,27,k_shortest,1836.445,1839.836,3.391,0.001847,3.816,3.816,0.0,0.0,2,2,False
od_572,독바위,6호선,126.933031,37.618456,pedestrian_support_point,빗물받이,서울특별시 은평구 갈현로 294,126.9186,37.6234,1387.156,3824954278,3823587768,2.93341759236071,5.049612704556835,PASS,od_572_k_shortest_alternative_2,k_shortest_alternative_2,"[3824954278, 436849320, 3819769881, 4580238966, 353195149, 10682086096, 10682086107, 10682086216, 10682086202, 10682086191, 10682085906, 3819770034, 3819770041, 3819770020, 3819770036, 3819770044, 5279886141, 3819770067, 3819770064, 3819770062, 3823586968, 307924224, 307924223, 3823587092, 3823587177, 3823587193, 3823587282, 3823587342, 4576610061, 3823587356, 3823587391, 3823587451, 3823587493, 3823587536, 3823587547, 3823587702, 3823587776, 3823587815, 3823587830, 3823587843, 3823587865, 3823587893, 3823588079, 11230505734, 436393823, 353193935, 3823587768]","[[3824954278, 436849320], [436849320, 3819769881], [3819769881, 4580238966], [4580238966, 353195149], [353195149, 10682086096], [10682086096, 10682086107], [10682086107, 10682086216], [10682086216, 10682086202], [10682086202, 10682086191], [10682086191, 10682085906], [10682085906, 3819770034], [3819770034, 3819770041], [3819770041, 3819770020], [3819770020, 3819770036], [3819770036, 3819770044], [3819770044, 5279886141], [5279886141, 3819770067], [3819770067, 3819770064], [3819770064, 3819770062], [3819770062, 3823586968], [3823586968, 307924224], [307924224, 307924223], [307924223, 3823587092], [3823587092, 3823587177], [3823587177, 3823587193], [3823587193, 3823587282], [3823587282, 3823587342], [3823587342, 4576610061], [4576610061, 3823587356], [3823587356, 3823587391], [3823587391, 3823587451], [3823587451, 3823587493], [3823587493, 3823587536], [3823587536, 3823587547], [3823587547, 3823587702], [3823587702, 3823587776], [3823587776, 3823587815], [3823587815, 3823587830], [3823587830, 3823587843], [3823587843, 3823587865], [3823587865, 3823587893], [3823587893, 3823588079], [3823588079, 11230505734], [11230505734, 436393823], [436393823, 353193935], [353193935, 3823587768]]",47,46,1853.015,0,0,0.0,0,0.0,0,0.0,0,0.0,0,0.0,0.0,7,12,11,k_shortest,1836.445,1853.015,16.57,0.009023,3.816,0.0,3.816,1.0,2,0,True
od_591,독바위,6호선,126.933031,37.618456,pedestrian_support_point,빗물받이,서울특별시 은평구 갈현동  389-14,126.9187,37.6234,1379.052,3824954278,3823587768,2.93341759236071,4.748801686835443,PASS,od_591_k_shortest_alternative_1,k_shortest_alternative_1,"[3824954278, 5281044431, 3819769960, 3824954348, 3279011105, 3824954514, 5281445624, 10682009302, 10682009300, 10682009301, 3823587288, 3823587322, 3823587334, 3823587302, 3823587283, 3823587296, 3823587305, 3823587222, 3823587187, 3823587199, 3823587218, 3823587249, 3823587157, 307924211, 2930525549, 3823587185, 3823587210, 3823587220, 3823587253, 3823587248, 3823587317, 3823587310, 3823587282, 3823587342, 4576610061, 3823587356, 3823587391, 3823587451, 3823587493, 3823587536, 3823587547, 3823587702, 3823587776, 3823587815, 3823587830, 3823587843, 3823587865, 3823587893, 3823588079, 11230505734, 436393823, 353193935, 3823587768]","[[3824954278, 5281044431], [5281044431, 3819769960], [3819769960, 3824954348], [3824954348, 3279011105], [3279011105, 3824954514], [3824954514, 5281445624], [5281445624, 10682009302], [10682009302, 10682009300], [10682009300, 10682009301], [10682009301, 3823587288], [3823587288, 3823587322], [3823587322, 3823587334], [3823587334, 3823587302], [3823587302, 3823587283], [3823587283, 3823587296], [3823587296, 3823587305], [3823587305, 3823587222], [3823587222, 3823587187], [3823587187, 3823587199], [3823587199, 3823587218], [3823587218, 3823587249], [3823587249, 3823587157], [3823587157, 307924211], [307924211, 2930525549], [2930525549, 3823587185], [3823587185, 3823587210], [3823587210, 3823587220], [3823587220, 3823587253], [3823587253, 3823587248], [3823587248, 3823587317], [3823587317, 3823587310], [3823587310, 3823587282], [3823587282, 3823587342], [3823587342, 4576610061], [4576610061, 3823587356], [3823587356, 3823587391], [3823587391, 3823587451], [3823587451, 3823587493], [3823587493, 3823587536], [3823587536, 3823587547], [3823587547, 3823587702], [3823587702, 3823587776], [3823587776, 3823587815], [3823587815, 3823587830], [3823587830, 3823587843], [3823587843, 3823587865], [3823587865, 3823587893], [3823587893, 3823588079], [3823588079, 11230505734], [11230505734, 436393823], [436393823, 353193935], [353193935, 3823587768]]",53,52,1839.836,0,0,0.0,0,0.0,0,0.0,2,3.816,2,3.816,0.002074,8,32,27,k_shortest,1836.445,1839.836,3.391,0.001847,3.816,3.816,0.0,0.0,2,2,False
od_591,독바위,6호선,126.933031,37.618456,pedestrian_support_point,빗물받이,서울특별시 은평구 갈현동  389-14,126.9187,37.6234,1379.052,3824954278,3823587768,2.93341759236071,4.748801686835443,PASS,od_591_k_shortest_alternative_2,k_shortest_alternative_2,"[3824954278, 436849320, 3819769881, 4580238966, 353195149, 10682086096, 10682086107, 10682086216, 10682086202, 10682086191, 10682085906, 3819770034, 3819770041, 3819770020, 3819770036, 3819770044, 5279886141, 3819770067, 3819770064, 3819770062, 3823586968, 307924224, 307924223, 3823587092, 3823587177, 3823587193, 3823587282, 3823587342, 4576610061, 3823587356, 3823587391, 3823587451, 3823587493, 3823587536, 3823587547, 3823587702, 3823587776, 3823587815, 3823587830, 3823587843, 3823587865, 3823587893, 3823588079, 11230505734, 436393823, 353193935, 3823587768]","[[3824954278, 436849320], [436849320, 3819769881], [3819769881, 4580238966], [4580238966, 353195149], [353195149, 10682086096], [10682086096, 10682086107], [10682086107, 10682086216], [10682086216, 10682086202], [10682086202, 10682086191], [10682086191, 10682085906], [10682085906, 3819770034], [3819770034, 3819770041], [3819770041, 3819770020], [3819770020, 3819770036], [3819770036, 3819770044], [3819770044, 5279886141], [5279886141, 3819770067], [3819770067, 3819770064], [3819770064, 3819770062], [3819770062, 3823586968], [3823586968, 307924224], [307924224, 307924223], [307924223, 3823587092], [3823587092, 3823587177], [3823587177, 3823587193], [3823587193, 3823587282], [3823587282, 3823587342], [3823587342, 4576610061], [4576610061, 3823587356], [3823587356, 3823587391], [3823587391, 3823587451], [3823587451, 3823587493], [3823587493, 3823587536], [3823587536, 3823587547], [3823587547, 3823587702], [3823587702, 3823587776], [3823587776, 3823587815], [3823587815, 3823587830], [3823587830, 3823587843], [3823587843, 3823587865], [3823587865, 3823587893], [3823587893, 3823588079], [3823588079, 11230505734], [11230505734, 436393823], [436393823, 353193935], [353193935, 3823587768]]",47,46,1853.015,0,0,0.0,0,0.0,0,0.0,0,0.0,0,0.0,0.0,7,12,11,k_shortest,1836.445,1853.015,16.57,0.009023,3.816,0.0,3.816,1.0,2,0,True
od_496,독바위,6호선,126.933031,37.618456,mobility_facility,웰빙 누룽지 통닭구이,서울특별시 은평구 통일로 909,126.9197,37.6242,1338.472,3824954278,3823587935,2.93341759236071,14.683174459336284,PASS,od_496_k_shortest_alternative_1,k_shortest_alternative_1,"[3824954278, 5281044431, 3819769960, 3824954348, 3279011105, 3824954514, 5281445624, 10682009302, 10682009300, 10682009301, 3823587288, 3823587322, 3823587334, 3823587302, 3823587283, 3823587296, 3823587305, 3823587222, 3823587187, 3823587199, 3823587218, 3823587249, 3823587157, 307924211, 2930525549, 3823587185, 3823587210, 3823587220, 3823587253, 3823587248, 3823587317, 3823587310, 3823587282, 3823587342, 4576610061, 3823587356, 3823587391, 3823587451, 3823587493, 3823587536, 3823587547, 3823587702, 3823587776, 3823587815, 3823587830, 3823587843, 3823587865, 3823587893, 3823588079, 11230505734, 436393823, 11230505656, 3823587930, 3823587935]","[[3824954278, 5281044431], [5281044431, 3819769960], [3819769960, 3824954348], [3824954348, 3279011105], [3279011105, 3824954514], [3824954514, 5281445624], [5281445624, 10682009302], [10682009302, 10682009300], [10682009300, 10682009301], [10682009301, 3823587288], [3823587288, 3823587322], [3823587322, 3823587334], [3823587334, 3823587302], [3823587302, 3823587283], [3823587283, 3823587296], [3823587296, 3823587305], [3823587305, 3823587222], [3823587222, 3823587187], [3823587187, 3823587199], [3823587199, 3823587218], [3823587218, 3823587249], [3823587249, 3823587157], [3823587157, 307924211], [307924211, 2930525549], [2930525549, 3823587185], [3823587185, 3823587210], [3823587210, 3823587220], [3823587220, 3823587253], [3823587253, 3823587248], [3823587248, 3823587317], [3823587317, 3823587310], [3823587310, 3823587282], [3823587282, 3823587342], [3823587342, 4576610061], [4576610061, 3823587356], [3823587356, 3823587391], [3823587391, 3823587451], [3823587451, 3823587493], [3823587493, 3823587536], [3823587536, 3823587547], [3823587547, 3823587702], [3823587702, 3823587776], [3823587776, 3823587815], [3823587815, 3823587830], [3823587830, 3823587843], [3823587843, 3823587865], [3823587865, 3823587893], [3823587893, 3823588079], [3823588079, 11230505734], [11230505734, 436393823], [436393823, 11230505656], [11230505656, 3823587930], [3823587930, 3823587935]]",54,53,1848.341,0,0,0.0,0,0.0,0,0.0,2,3.816,2,3.816,0.002064,9,27,27,k_shortest,1844.95,1848.341,3.391,0.001838,3.816,3.816,0.0,0.0,2,2,False
od_496,독바위,6호선,126.933031,37.618456,mobility_facility,웰빙 누룽지 통닭구이,서울특별시 은평구 통일로 909,126.9197,37.6242,1338.472,3824954278,3823587935,2.93341759236071,14.683174459336284,PASS,od_496_k_shortest_alternative_2,k_shortest_alternative_2,"[3824954278, 436849320, 3819769881, 4580238966, 353195149, 10682086096, 10682086107, 10682086216, 10682086202, 10682086191, 10682085906, 3819770034, 3819770041, 3819770020, 3819770036, 3819770044, 5279886141, 3819770067, 3819770064, 3819770062, 3823586968, 307924224, 307924223, 3823587092, 3823587177, 3823587193, 3823587282, 3823587342, 4576610061, 3823587356, 3823587391, 3823587451, 3823587493, 3823587536, 3823587547, 3823587702, 3823587776, 3823587815, 3823587830, 3823587843, 3823587865, 3823587893, 3823588079, 11230505734, 436393823, 11230505656, 3823587930, 3823587935]","[[3824954278, 436849320], [436849320, 3819769881], [3819769881, 4580238966], [4580238966, 353195149], [353195149, 10682086096], [10682086096, 10682086107], [10682086107, 10682086216], [10682086216, 10682086202], [10682086202, 10682086191], [10682086191, 10682085906], [10682085906, 3819770034], [3819770034, 3819770041], [3819770041, 3819770020], [3819770020, 3819770036], [3819770036, 3819770044], [3819770044, 5279886141], [5279886141, 3819770067], [3819770067, 3819770064], [3819770064, 3819770062], [3819770062, 3823586968], [3823586968, 307924224], [307924224, 307924223], [307924223, 3823587092], [3823587092, 3823587177], [3823587177, 3823587193], [3823587193, 3823587282], [3823587282, 3823587342], [3823587342, 4576610061], [4576610061, 3823587356], [3823587356, 3823587391], [3823587391, 3823587451], [3823587451, 3823587493], [3823587493, 3823587536], [3823587536, 3823587547], [3823587547, 3823587702], [3823587702, 3823587776], [3823587776, 3823587815], [3823587815, 3823587830], [3823587830, 3823587843], [3823587843, 3823587865], [3823587865, 3823587893], [3823587893, 3823588079], [3823588079, 11230505734], [11230505734, 436393823], [436393823, 11230505656], [11230505656, 3823587930], [3823587930, 3823587935]]",48,47,1861.52,0,0,0.0,0,0.0,0,0.0,0,0.0,0,0.0,0.0,8,7,11,k_shortest,1844.95,1861.52,16.57,0.008981,3.816,0.0,3.816,1.0,2,0,True
od_556,독바위,6호선,126.933031,37.618456,mobility_facility,한마음1호공동생활가정,서울특별시 은평구 통일로89길 5-7,126.9193,37.6243,1374.825,3824954278,3823588091,2.93341759236071,25.3510603626517,PASS,od_556_k_shortest_alternative_1,k_shortest_alternative_1,"[3824954278, 5281044431, 3819769960, 3824954348, 3279011105, 3824954514, 5281445624, 10682009302, 10682009300, 10682009301, 3823587288, 3823587322, 3823587334, 3823587302, 3823587283, 3823587296, 3823587305, 3823587222, 3823587187, 3823587199, 3823587218, 3823587249, 3823587157, 307924211, 2930525549, 3823587185, 3823587210, 3823587220, 3823587253, 3823587248, 3823587317, 3823587310, 3823587282, 3823587342, 4576610061, 3823587356, 3823587391, 3823587451, 3823587493, 3823587536, 3823587547, 3823587702, 3823587776, 3823587815, 3823587830, 3823587843, 3823587865, 3823587893, 3823588079, 11230505734, 436393823, 11230505656, 3823587930, 3823587935, 3823588091]","[[3824954278, 5281044431], [5281044431, 3819769960], [3819769960, 3824954348], [3824954348, 3279011105], [3279011105, 3824954514], [3824954514, 5281445624], [5281445624, 10682009302], [10682009302, 10682009300], [10682009300, 10682009301], [10682009301, 3823587288], [3823587288, 3823587322], [3823587322, 3823587334], [3823587334, 3823587302], [3823587302, 3823587283], [3823587283, 3823587296], [3823587296, 3823587305], [3823587305, 3823587222], [3823587222, 3823587187], [3823587187, 3823587199], [3823587199, 3823587218], [3823587218, 3823587249], [3823587249, 3823587157], [3823587157, 307924211], [307924211, 2930525549], [2930525549, 3823587185], [3823587185, 3823587210], [3823587210, 3823587220], [3823587220, 3823587253], [3823587253, 3823587248], [3823587248, 3823587317], [3823587317, 3823587310], [3823587310, 3823587282], [3823587282, 3823587342], [3823587342, 4576610061], [4576610061, 3823587356], [3823587356, 3823587391], [3823587391, 3823587451], [3823587451, 3823587493], [3823587493, 3823587536], [3823587536, 3823587547], [3823587547, 3823587702], [3823587702, 3823587776], [3823587776, 3823587815], [3823587815, 3823587830], [3823587830, 3823587843], [3823587843, 3823587865], [3823587865, 3823587893], [3823587893, 3823588079], [3823588079, 11230505734], [11230505734, 436393823], [436393823, 11230505656], [11230505656, 3823587930], [3823587930, 3823587935], [3823587935, 3823588091]]",55,54,1872.827,0,0,0.0,0,0.0,0,0.0,2,3.816,2,3.816,0.002037,13,27,27,k_shortest,1869.436,1872.827,3.391,0.001814,3.816,3.816,0.0,0.0,2,2,False
od_556,독바위,6호선,126.933031,37.618456,mobility_facility,한마음1호공동생활가정,서울특별시 은평구 통일로89길 5-7,126.9193,37.6243,1374.825,3824954278,3823588091,2.93341759236071,25.3510603626517,PASS,od_556_k_shortest_alternative_2,k_shortest_alternative_2,"[3824954278, 436849320, 3819769881, 4580238966, 353195149, 10682086096, 10682086107, 10682086216, 10682086202, 10682086191, 10682085906, 3819770034, 3819770041, 3819770020, 3819770036, 3819770044, 5279886141, 3819770067, 3819770064, 3819770062, 3823586968, 307924224, 307924223, 3823587092, 3823587177, 3823587193, 3823587282, 3823587342, 4576610061, 3823587356, 3823587391, 3823587451, 3823587493, 3823587536, 3823587547, 3823587702, 3823587776, 3823587815, 3823587830, 3823587843, 3823587865, 3823587893, 3823588079, 11230505734, 436393823, 11230505656, 3823587930, 3823587935, 3823588091]","[[3824954278, 436849320], [436849320, 3819769881], [3819769881, 4580238966], [4580238966, 353195149], [353195149, 10682086096], [10682086096, 10682086107], [10682086107, 10682086216], [10682086216, 10682086202], [10682086202, 10682086191], [10682086191, 10682085906], [10682085906, 3819770034], [3819770034, 3819770041], [3819770041, 3819770020], [3819770020, 3819770036], [3819770036, 3819770044], [3819770044, 5279886141], [5279886141, 3819770067], [3819770067, 3819770064], [3819770064, 3819770062], [3819770062, 3823586968], [3823586968, 307924224], [307924224, 307924223], [307924223, 3823587092], [3823587092, 3823587177], [3823587177, 3823587193], [3823587193, 3823587282], [3823587282, 3823587342], [3823587342, 4576610061], [4576610061, 3823587356], [3823587356, 3823587391], [3823587391, 3823587451], [3823587451, 3823587493], [3823587493, 3823587536], [3823587536, 3823587547], [3823587547, 3823587702], [3823587702, 3823587776], [3823587776, 3823587815], [3823587815, 3823587830], [3823587830, 3823587843], [3823587843, 3823587865], [3823587865, 3823587893], [3823587893, 3823588079], [3823588079, 11230505734], [11230505734, 436393823], [436393823, 11230505656], [11230505656, 3823587930], [3823587930, 3823587935], [3823587935, 3823588091]]",49,48,1886.006,0,0,0.0,0,0.0,0,0.0,0,0.0,0,0.0,0.0,12,7,11,k_shortest,1869.436,1886.006,16.57,0.008864,3.816,0.0,3.816,1.0,2,0,True
od_523,독바위,6호선,126.933031,37.618456,mobility_facility,일등공인중개사사무소,서울특별시 은평구 통일로 911,126.9196,37.6245,1362.322,3824954278,3823588091,2.93341759236071,18.376380366479797,PASS,od_523_k_shortest_alternative_1,k_shortest_alternative_1,"[3824954278, 5281044431, 3819769960, 3824954348, 3279011105, 3824954514, 5281445624, 10682009302, 10682009300, 10682009301, 3823587288, 3823587322, 3823587334, 3823587302, 3823587283, 3823587296, 3823587305, 3823587222, 3823587187, 3823587199, 3823587218, 3823587249, 3823587157, 307924211, 2930525549, 3823587185, 3823587210, 3823587220, 3823587253, 3823587248, 3823587317, 3823587310, 3823587282, 3823587342, 4576610061, 3823587356, 3823587391, 3823587451, 3823587493, 3823587536, 3823587547, 3823587702, 3823587776, 3823587815, 3823587830, 3823587843, 3823587865, 3823587893, 3823588079, 11230505734, 436393823, 11230505656, 3823587930, 3823587935, 3823588091]","[[3824954278, 5281044431], [5281044431, 3819769960], [3819769960, 3824954348], [3824954348, 3279011105], [3279011105, 3824954514], [3824954514, 5281445624], [5281445624, 10682009302], [10682009302, 10682009300], [10682009300, 10682009301], [10682009301, 3823587288], [3823587288, 3823587322], [3823587322, 3823587334], [3823587334, 3823587302], [3823587302, 3823587283], [3823587283, 3823587296], [3823587296, 3823587305], [3823587305, 3823587222], [3823587222, 3823587187], [3823587187, 3823587199], [3823587199, 3823587218], [3823587218, 3823587249], [3823587249, 3823587157], [3823587157, 307924211], [307924211, 2930525549], [2930525549, 3823587185], [3823587185, 3823587210], [3823587210, 3823587220], [3823587220, 3823587253], [3823587253, 3823587248], [3823587248, 3823587317], [3823587317, 3823587310], [3823587310, 3823587282], [3823587282, 3823587342], [3823587342, 4576610061], [4576610061, 3823587356], [3823587356, 3823587391], [3823587391, 3823587451], [3823587451, 3823587493], [3823587493, 3823587536], [3823587536, 3823587547], [3823587547, 3823587702], [3823587702, 3823587776], [3823587776, 3823587815], [3823587815, 3823587830], [3823587830, 3823587843], [3823587843, 3823587865], [3823587865, 3823587893], [3823587893, 3823588079], [3823588079, 11230505734], [11230505734, 436393823], [436393823, 11230505656], [11230505656, 3823587930], [3823587930, 3823587935], [3823587935, 3823588091]]",55,54,1872.827,0,0,0.0,0,0.0,0,0.0,2,3.816,2,3.816,0.002037,13,27,27,k_shortest,1869.436,1872.827,3.391,0.001814,3.816,3.816,0.0,0.0,2,2,False
od_523,독바위,6호선,126.933031,37.618456,mobility_facility,일등공인중개사사무소,서울특별시 은평구 통일로 911,126.9196,37.6245,1362.322,3824954278,3823588091,2.93341759236071,18.376380366479797,PASS,od_523_k_shortest_alternative_2,k_shortest_alternative_2,"[3824954278, 436849320, 3819769881, 4580238966, 353195149, 10682086096, 10682086107, 10682086216, 10682086202, 10682086191, 10682085906, 3819770034, 3819770041, 3819770020, 3819770036, 3819770044, 5279886141, 3819770067, 3819770064, 3819770062, 3823586968, 307924224, 307924223, 3823587092, 3823587177, 3823587193, 3823587282, 3823587342, 4576610061, 3823587356, 3823587391, 3823587451, 3823587493, 3823587536, 3823587547, 3823587702, 3823587776, 3823587815, 3823587830, 3823587843, 3823587865, 3823587893, 3823588079, 11230505734, 436393823, 11230505656, 3823587930, 3823587935, 3823588091]","[[3824954278, 436849320], [436849320, 3819769881], [3819769881, 4580238966], [4580238966, 353195149], [353195149, 10682086096], [10682086096, 10682086107], [10682086107, 10682086216], [10682086216, 10682086202], [10682086202, 10682086191], [10682086191, 10682085906], [10682085906, 3819770034], [3819770034, 3819770041], [3819770041, 3819770020], [3819770020, 3819770036], [3819770036, 3819770044], [3819770044, 5279886141], [5279886141, 3819770067], [3819770067, 3819770064], [3819770064, 3819770062], [3819770062, 3823586968], [3823586968, 307924224], [307924224, 307924223], [307924223, 3823587092], [3823587092, 3823587177], [3823587177, 3823587193], [3823587193, 3823587282], [3823587282, 3823587342], [3823587342, 4576610061], [4576610061, 3823587356], [3823587356, 3823587391], [3823587391, 3823587451], [3823587451, 3823587493], [3823587493, 3823587536], [3823587536, 3823587547], [3823587547, 3823587702], [3823587702, 3823587776], [3823587776, 3823587815], [3823587815, 3823587830], [3823587830, 3823587843], [3823587843, 3823587865], [3823587865, 3823587893], [3823587893, 3823588079], [3823588079, 11230505734], [11230505734, 436393823], [436393823, 11230505656], [11230505656, 3823587930], [3823587930, 3823587935], [3823587935, 3823588091]]",49,48,1886.006,0,0,0.0,0,0.0,0,0.0,0,0.0,0,0.0,0.0,12,7,11,k_shortest,1869.436,1886.006,16.57,0.008864,3.816,0.0,3.816,1.0,2,0,True
od_550,독바위,6호선,126.933031,37.618456,mobility_facility,일등공신중개사사무소,서울특별시 은평구 통일로 911,126.9197,37.6244,1349.184,3824954278,3823588091,2.93341759236071,12.472714117925907,PASS,od_550_k_shortest_alternative_1,k_shortest_alternative_1,"[3824954278, 5281044431, 3819769960, 3824954348, 3279011105, 3824954514, 5281445624, 10682009302, 10682009300, 10682009301, 3823587288, 3823587322, 3823587334, 3823587302, 3823587283, 3823587296, 3823587305, 3823587222, 3823587187, 3823587199, 3823587218, 3823587249, 3823587157, 307924211, 2930525549, 3823587185, 3823587210, 3823587220, 3823587253, 3823587248, 3823587317, 3823587310, 3823587282, 3823587342, 4576610061, 3823587356, 3823587391, 3823587451, 3823587493, 3823587536, 3823587547, 3823587702, 3823587776, 3823587815, 3823587830, 3823587843, 3823587865, 3823587893, 3823588079, 11230505734, 436393823, 11230505656, 3823587930, 3823587935, 3823588091]","[[3824954278, 5281044431], [5281044431, 3819769960], [3819769960, 3824954348], [3824954348, 3279011105], [3279011105, 3824954514], [3824954514, 5281445624], [5281445624, 10682009302], [10682009302, 10682009300], [10682009300, 10682009301], [10682009301, 3823587288], [3823587288, 3823587322], [3823587322, 3823587334], [3823587334, 3823587302], [3823587302, 3823587283], [3823587283, 3823587296], [3823587296, 3823587305], [3823587305, 3823587222], [3823587222, 3823587187], [3823587187, 3823587199], [3823587199, 3823587218], [3823587218, 3823587249], [3823587249, 3823587157], [3823587157, 307924211], [307924211, 2930525549], [2930525549, 3823587185], [3823587185, 3823587210], [3823587210, 3823587220], [3823587220, 3823587253], [3823587253, 3823587248], [3823587248, 3823587317], [3823587317, 3823587310], [3823587310, 3823587282], [3823587282, 3823587342], [3823587342, 4576610061], [4576610061, 3823587356], [3823587356, 3823587391], [3823587391, 3823587451], [3823587451, 3823587493], [3823587493, 3823587536], [3823587536, 3823587547], [3823587547, 3823587702], [3823587702, 3823587776], [3823587776, 3823587815], [3823587815, 3823587830], [3823587830, 3823587843], [3823587843, 3823587865], [3823587865, 3823587893], [3823587893, 3823588079], [3823588079, 11230505734], [11230505734, 436393823], [436393823, 11230505656], [11230505656, 3823587930], [3823587930, 3823587935], [3823587935, 3823588091]]",55,54,1872.827,0,0,0.0,0,0.0,0,0.0,2,3.816,2,3.816,0.002037,13,27,27,k_shortest,1869.436,1872.827,3.391,0.001814,3.816,3.816,0.0,0.0,2,2,False
od_550,독바위,6호선,126.933031,37.618456,mobility_facility,일등공신중개사사무소,서울특별시 은평구 통일로 911,126.9197,37.6244,1349.184,3824954278,3823588091,2.93341759236071,12.472714117925907,PASS,od_550_k_shortest_alternative_2,k_shortest_alternative_2,"[3824954278, 436849320, 3819769881, 4580238966, 353195149, 10682086096, 10682086107, 10682086216, 10682086202, 10682086191, 10682085906, 3819770034, 3819770041, 3819770020, 3819770036, 3819770044, 5279886141, 3819770067, 3819770064, 3819770062, 3823586968, 307924224, 307924223, 3823587092, 3823587177, 3823587193, 3823587282, 3823587342, 4576610061, 3823587356, 3823587391, 3823587451, 3823587493, 3823587536, 3823587547, 3823587702, 3823587776, 3823587815, 3823587830, 3823587843, 3823587865, 3823587893, 3823588079, 11230505734, 436393823, 11230505656, 3823587930, 3823587935, 3823588091]","[[3824954278, 436849320], [436849320, 3819769881], [3819769881, 4580238966], [4580238966, 353195149], [353195149, 10682086096], [10682086096, 10682086107], [10682086107, 10682086216], [10682086216, 10682086202], [10682086202, 10682086191], [10682086191, 10682085906], [10682085906, 3819770034], [3819770034, 3819770041], [3819770041, 3819770020], [3819770020, 3819770036], [3819770036, 3819770044], [3819770044, 5279886141], [5279886141, 3819770067], [3819770067, 3819770064], [3819770064, 3819770062], [3819770062, 3823586968], [3823586968, 307924224], [307924224, 307924223], [307924223, 3823587092], [3823587092, 3823587177], [3823587177, 3823587193], [3823587193, 3823587282], [3823587282, 3823587342], [3823587342, 4576610061], [4576610061, 3823587356], [3823587356, 3823587391], [3823587391, 3823587451], [3823587451, 3823587493], [3823587493, 3823587536], [3823587536, 3823587547], [3823587547, 3823587702], [3823587702, 3823587776], [3823587776, 3823587815], [3823587815, 3823587830], [3823587830, 3823587843], [3823587843, 3823587865], [3823587865, 3823587893], [3823587893, 3823588079], [3823588079, 11230505734], [11230505734, 436393823], [436393823, 11230505656], [11230505656, 3823587930], [3823587930, 3823587935], [3823587935, 3823588091]]",49,48,1886.006,0,0,0.0,0,0.0,0,0.0,0,0.0,0,0.0,0.0,12,7,11,k_shortest,1869.436,1886.006,16.57,0.008864,3.816,0.0,3.816,1.0,2,0,True
od_518,독바위,6호선,126.933031,37.618456,mobility_facility,3s인테리어필림,서울특별시 은평구 통일로 911,126.9197,37.6245,1354.645,3824954278,436393825,2.93341759236071,18.430247599889487,PASS,od_518_k_shortest_alternative_1,k_shortest_alternative_1,"[3824954278, 5281044431, 3819769960, 3824954348, 3279011105, 3824954514, 5281445624, 10682009302, 10682009300, 10682009301, 3823587288, 3823587322, 3823587334, 3823587302, 3823587283, 3823587296, 3823587305, 3823587222, 3823587187, 3823587199, 3823587218, 3823587249, 3823587157, 307924211, 2930525549, 3823587185, 3823587210, 3823587220, 3823587253, 3823587248, 3823587317, 3823587310, 3823587282, 3823587342, 4576610061, 3823587356, 3823587391, 3823587451, 3823587493, 3823587536, 3823587547, 3823587702, 3823587776, 3823587815, 3823587830, 3823587843, 3823587865, 3823587893, 3823588079, 11230505734, 436393823, 11230505656, 3823587930, 11296481778, 436393825]","[[3824954278, 5281044431], [5281044431, 3819769960], [3819769960, 3824954348], [3824954348, 3279011105], [3279011105, 3824954514], [3824954514, 5281445624], [5281445624, 10682009302], [10682009302, 10682009300], [10682009300, 10682009301], [10682009301, 3823587288], [3823587288, 3823587322], [3823587322, 3823587334], [3823587334, 3823587302], [3823587302, 3823587283], [3823587283, 3823587296], [3823587296, 3823587305], [3823587305, 3823587222], [3823587222, 3823587187], [3823587187, 3823587199], [3823587199, 3823587218], [3823587218, 3823587249], [3823587249, 3823587157], [3823587157, 307924211], [307924211, 2930525549], [2930525549, 3823587185], [3823587185, 3823587210], [3823587210, 3823587220], [3823587220, 3823587253], [3823587253, 3823587248], [3823587248, 3823587317], [3823587317, 3823587310], [3823587310, 3823587282], [3823587282, 3823587342], [3823587342, 4576610061], [4576610061, 3823587356], [3823587356, 3823587391], [3823587391, 3823587451], [3823587451, 3823587493], [3823587493, 3823587536], [3823587536, 3823587547], [3823587547, 3823587702], [3823587702, 3823587776], [3823587776, 3823587815], [3823587815, 3823587830], [3823587830, 3823587843], [3823587843, 3823587865], [3823587865, 3823587893], [3823587893, 3823588079], [3823588079, 11230505734], [11230505734, 436393823], [436393823, 11230505656], [11230505656, 3823587930], [3823587930, 11296481778], [11296481778, 436393825]]",55,54,1876.088,0,0,0.0,0,0.0,0,0.0,2,3.816,2,3.816,0.002034,12,27,27,k_shortest,1872.697,1876.088,3.391,0.001811,3.816,3.816,0.0,0.0,2,2,False
od_518,독바위,6호선,126.933031,37.618456,mobility_facility,3s인테리어필림,서울특별시 은평구 통일로 911,126.9197,37.6245,1354.645,3824954278,436393825,2.93341759236071,18.430247599889487,PASS,od_518_k_shortest_alternative_2,k_shortest_alternative_2,"[3824954278, 5281044431, 3819769960, 3824954348, 3279011105, 3824954514, 5281445624, 10682009302, 10682009300, 10682009301, 3823587288, 3823587322, 3823587334, 3823587302, 3823587283, 3823587296, 3823587305, 3823587394, 3823587449, 3823587478, 3823587660, 3823587686, 3823587698, 3823587552, 3823587694, 3823587703, 3823587717, 3823587759, 3823587789, 3823587817, 3823587785, 3823587895, 3823587945, 3823588182, 3823588385, 3823588412, 3823588561, 3823588575, 3823588608, 3823588646, 3823588600, 3823588565, 3823588604, 3823588634, 3823588669, 3823588696, 3823588691, 11230505732, 11230505704, 436393825]","[[3824954278, 5281044431], [5281044431, 3819769960], [3819769960, 3824954348], [3824954348, 3279011105], [3279011105, 3824954514], [3824954514, 5281445624], [5281445624, 10682009302], [10682009302, 10682009300], [10682009300, 10682009301], [10682009301, 3823587288], [3823587288, 3823587322], [3823587322, 3823587334], [3823587334, 3823587302], [3823587302, 3823587283], [3823587283, 3823587296], [3823587296, 3823587305], [3823587305, 3823587394], [3823587394, 3823587449], [3823587449, 3823587478], [3823587478, 3823587660], [3823587660, 3823587686], [3823587686, 3823587698], [3823587698, 3823587552], [3823587552, 3823587694], [3823587694, 3823587703], [3823587703, 3823587717], [3823587717, 3823587759], [3823587759, 3823587789], [3823587789, 3823587817], [3823587817, 3823587785], [3823587785, 3823587895], [3823587895, 3823587945], [3823587945, 3823588182], [3823588182, 3823588385], [3823588385, 3823588412], [3823588412, 3823588561], [3823588561, 3823588575], [3823588575, 3823588608], [3823588608, 3823588646], [3823588646, 3823588600], [3823588600, 3823588565], [3823588565, 3823588604], [3823588604, 3823588634], [3823588634, 3823588669], [3823588669, 3823588696], [3823588696, 3823588691], [3823588691, 11230505732], [11230505732, 11230505704], [11230505704, 436393825]]",50,49,1880.759,0,0,0.0,0,0.0,0,0.0,0,0.0,0,0.0,0.0,12,24,21,k_shortest,1872.697,1880.759,8.062,0.004305,3.816,0.0,3.816,1.0,2,0,True
od_518,독바위,6호선,126.933031,37.618456,mobility_facility,3s인테리어필림,서울특별시 은평구 통일로 911,126.9197,37.6245,1354.645,3824954278,436393825,2.93341759236071,18.430247599889487,PASS,od_518_k_shortest_alternative_3,k_shortest_alternative_3,"[3824954278, 5281044431, 3819769960, 3824954348, 3279011105, 3824954514, 5281445624, 10682009302, 10682009300, 10682009301, 3823587288, 3823587322, 3823587334, 3823587302, 3823587283, 3823587296, 3823587305, 3823587394, 3823587449, 3823587478, 3823587660, 3823587686, 3823587698, 3823587552, 3823587694, 3823587703, 3823587717, 3823587759, 3823587789, 3823587817, 3823587785, 3823587895, 3823587945, 3823588182, 3823588186, 3823588193, 3823588231, 3823588579, 3823588587, 3823588591, 3823588600, 3823588565, 3823588604, 3823588634, 3823588669, 3823588696, 3823588691, 11230505732, 11230505704, 436393825]","[[3824954278, 5281044431], [5281044431, 3819769960], [3819769960, 3824954348], [3824954348, 3279011105], [3279011105, 3824954514], [3824954514, 5281445624], [5281445624, 10682009302], [10682009302, 10682009300], [10682009300, 10682009301], [10682009301, 3823587288], [3823587288, 3823587322], [3823587322, 3823587334], [3823587334, 3823587302], [3823587302, 3823587283], [3823587283, 3823587296], [3823587296, 3823587305], [3823587305, 3823587394], [3823587394, 3823587449], [3823587449, 3823587478], [3823587478, 3823587660], [3823587660, 3823587686], [3823587686, 3823587698], [3823587698, 3823587552], [3823587552, 3823587694], [3823587694, 3823587703], [3823587703, 3823587717], [3823587717, 3823587759], [3823587759, 3823587789], [3823587789, 3823587817], [3823587817, 3823587785], [3823587785, 3823587895], [3823587895, 3823587945], [3823587945, 3823588182], [3823588182, 3823588186], [3823588186, 3823588193], [3823588193, 3823588231], [3823588231, 3823588579], [3823588579, 3823588587], [3823588587, 3823588591], [3823588591, 3823588600], [3823588600, 3823588565], [3823588565, 3823588604], [3823588604, 3823588634], [3823588634, 3823588669], [3823588669, 3823588696], [3823588696, 3823588691], [3823588691, 11230505732], [11230505732, 11230505704], [11230505704, 436393825]]",50,49,1883.997,0,0,0.0,0,0.0,0,0.0,0,0.0,0,0.0,0.0,12,24,21,k_shortest,1872.697,1883.997,11.3,0.006034,3.816,0.0,3.816,1.0,2,0,True
od_547,독바위,6호선,126.933031,37.618456,mobility_facility,기원주간보호센터,서울특별시 은평구 통일로87길 6-19,126.9188,37.6239,1394.093,3824954278,3823587909,2.93341759236071,13.34688710731676,PASS,od_547_k_shortest_alternative_1,k_shortest_alternative_1,"[3824954278, 5281044431, 3819769960, 3824954348, 3279011105, 3824954514, 5281445624, 10682009302, 10682009300, 10682009301, 3823587288, 3823587322, 3823587334, 3823587302, 3823587283, 3823587296, 3823587305, 3823587222, 3823587187, 3823587199, 3823587218, 3823587249, 3823587157, 307924211, 2930525549, 3823587185, 3823587210, 3823587220, 3823587253, 3823587248, 3823587317, 3823587310, 3823587282, 3823587342, 4576610061, 3823587356, 3823587391, 3823587451, 3823587493, 3823587536, 3823587547, 3823587702, 3823587776, 3823587815, 3823587830, 3823587843, 3823587865, 3823587893, 3823588079, 11230505734, 436393823, 353193935, 3823587899, 3823587909]","[[3824954278, 5281044431], [5281044431, 3819769960], [3819769960, 3824954348], [3824954348, 3279011105], [3279011105, 3824954514], [3824954514, 5281445624], [5281445624, 10682009302], [10682009302, 10682009300], [10682009300, 10682009301], [10682009301, 3823587288], [3823587288, 3823587322], [3823587322, 3823587334], [3823587334, 3823587302], [3823587302, 3823587283], [3823587283, 3823587296], [3823587296, 3823587305], [3823587305, 3823587222], [3823587222, 3823587187], [3823587187, 3823587199], [3823587199, 3823587218], [3823587218, 3823587249], [3823587249, 3823587157], [3823587157, 307924211], [307924211, 2930525549], [2930525549, 3823587185], [3823587185, 3823587210], [3823587210, 3823587220], [3823587220, 3823587253], [3823587253, 3823587248], [3823587248, 3823587317], [3823587317, 3823587310], [3823587310, 3823587282], [3823587282, 3823587342], [3823587342, 4576610061], [4576610061, 3823587356], [3823587356, 3823587391], [3823587391, 3823587451], [3823587451, 3823587493], [3823587493, 3823587536], [3823587536, 3823587547], [3823587547, 3823587702], [3823587702, 3823587776], [3823587776, 3823587815], [3823587815, 3823587830], [3823587830, 3823587843], [3823587843, 3823587865], [3823587865, 3823587893], [3823587893, 3823588079], [3823588079, 11230505734], [11230505734, 436393823], [436393823, 353193935], [353193935, 3823587899], [3823587899, 3823587909]]",54,53,1906.569,0,0,0.0,0,0.0,0,0.0,2,3.816,2,3.816,0.002001,9,29,27,k_shortest,1903.178,1906.569,3.391,0.001782,3.816,3.816,0.0,0.0,2,2,False
od_588,독바위,6호선,126.933031,37.618456,pedestrian_support_point,빗물받이,서울특별시 은평구 갈현로 294,126.9175,37.6235,1481.004,3824954278,353194381,2.93341759236071,27.312011346208195,PASS,od_588_k_shortest_alternative_1,k_shortest_alternative_1,"[3824954278, 5281044431, 3819769960, 3824954348, 3279011105, 3824954514, 5281445624, 10682009302, 10682009300, 10682009301, 3823587288, 3823587322, 3823587334, 3823587302, 3823587283, 3823587296, 3823587305, 3823587222, 3823587187, 3823587199, 3823587218, 3823587249, 3823587157, 307924211, 2930525549, 3823587185, 3823587210, 3823587220, 3823587253, 3823587248, 3823587317, 3823587310, 3823587282, 3823587342, 4576610061, 3823587356, 3823587391, 3823587451, 3823587493, 3823587536, 3823587547, 3823587702, 3823587776, 3823587815, 3823587830, 3823587843, 3823587865, 3823587893, 3823588079, 11230505734, 436393823, 353193935, 3823587768, 353194381]","[[3824954278, 5281044431], [5281044431, 3819769960], [3819769960, 3824954348], [3824954348, 3279011105], [3279011105, 3824954514], [3824954514, 5281445624], [5281445624, 10682009302], [10682009302, 10682009300], [10682009300, 10682009301], [10682009301, 3823587288], [3823587288, 3823587322], [3823587322, 3823587334], [3823587334, 3823587302], [3823587302, 3823587283], [3823587283, 3823587296], [3823587296, 3823587305], [3823587305, 3823587222], [3823587222, 3823587187], [3823587187, 3823587199], [3823587199, 3823587218], [3823587218, 3823587249], [3823587249, 3823587157], [3823587157, 307924211], [307924211, 2930525549], [2930525549, 3823587185], [3823587185, 3823587210], [3823587210, 3823587220], [3823587220, 3823587253], [3823587253, 3823587248], [3823587248, 3823587317], [3823587317, 3823587310], [3823587310, 3823587282], [3823587282, 3823587342], [3823587342, 4576610061], [4576610061, 3823587356], [3823587356, 3823587391], [3823587391, 3823587451], [3823587451, 3823587493], [3823587493, 3823587536], [3823587536, 3823587547], [3823587547, 3823587702], [3823587702, 3823587776], [3823587776, 3823587815], [3823587815, 3823587830], [3823587830, 3823587843], [3823587843, 3823587865], [3823587865, 3823587893], [3823587893, 3823588079], [3823588079, 11230505734], [11230505734, 436393823], [436393823, 353193935], [353193935, 3823587768], [3823587768, 353194381]]",54,53,1916.185,0,0,0.0,0,0.0,0,0.0,2,3.816,2,3.816,0.001991,11,38,30,k_shortest,1912.794,1916.185,3.391,0.001773,3.816,3.816,0.0,0.0,2,2,False
od_588,독바위,6호선,126.933031,37.618456,pedestrian_support_point,빗물받이,서울특별시 은평구 갈현로 294,126.9175,37.6235,1481.004,3824954278,353194381,2.93341759236071,27.312011346208195,PASS,od_588_k_shortest_alternative_2,k_shortest_alternative_2,"[3824954278, 436849320, 3819769881, 4580238966, 353195149, 10682086096, 10682086107, 10682086216, 10682086202, 10682086191, 10682085906, 3819770034, 3819770041, 3819770020, 3819770036, 3819770044, 5279886141, 3819770067, 3819770064, 3819770062, 3823586968, 307924224, 307924223, 3823587092, 3823587177, 3823587193, 3823587282, 3823587342, 4576610061, 3823587356, 3823587391, 3823587451, 3823587493, 3823587536, 3823587547, 3823587702, 3823587776, 3823587815, 3823587830, 3823587843, 3823587865, 3823587893, 3823588079, 11230505734, 436393823, 353193935, 3823587768, 353194381]","[[3824954278, 436849320], [436849320, 3819769881], [3819769881, 4580238966], [4580238966, 353195149], [353195149, 10682086096], [10682086096, 10682086107], [10682086107, 10682086216], [10682086216, 10682086202], [10682086202, 10682086191], [10682086191, 10682085906], [10682085906, 3819770034], [3819770034, 3819770041], [3819770041, 3819770020], [3819770020, 3819770036], [3819770036, 3819770044], [3819770044, 5279886141], [5279886141, 3819770067], [3819770067, 3819770064], [3819770064, 3819770062], [3819770062, 3823586968], [3823586968, 307924224], [307924224, 307924223], [307924223, 3823587092], [3823587092, 3823587177], [3823587177, 3823587193], [3823587193, 3823587282], [3823587282, 3823587342], [3823587342, 4576610061], [4576610061, 3823587356], [3823587356, 3823587391], [3823587391, 3823587451], [3823587451, 3823587493], [3823587493, 3823587536], [3823587536, 3823587547], [3823587547, 3823587702], [3823587702, 3823587776], [3823587776, 3823587815], [3823587815, 3823587830], [3823587830, 3823587843], [3823587843, 3823587865], [3823587865, 3823587893], [3823587893, 3823588079], [3823588079, 11230505734], [11230505734, 436393823], [436393823, 353193935], [353193935, 3823587768], [3823587768, 353194381]]",48,47,1929.364,0,0,0.0,0,0.0,0,0.0,0,0.0,0,0.0,0.0,10,18,14,k_shortest,1912.794,1929.364,16.57,0.008663,3.816,0.0,3.816,1.0,2,0,True
od_433,독바위,6호선,126.933031,37.618456,mobility_facility,유호루하스공인중개사사무소,서울특별시 은평구 갈현로 300,126.9175,37.6235,1481.004,3824954278,353194381,2.93341759236071,27.312011346208195,PASS,od_433_k_shortest_alternative_1,k_shortest_alternative_1,"[3824954278, 5281044431, 3819769960, 3824954348, 3279011105, 3824954514, 5281445624, 10682009302, 10682009300, 10682009301, 3823587288, 3823587322, 3823587334, 3823587302, 3823587283, 3823587296, 3823587305, 3823587222, 3823587187, 3823587199, 3823587218, 3823587249, 3823587157, 307924211, 2930525549, 3823587185, 3823587210, 3823587220, 3823587253, 3823587248, 3823587317, 3823587310, 3823587282, 3823587342, 4576610061, 3823587356, 3823587391, 3823587451, 3823587493, 3823587536, 3823587547, 3823587702, 3823587776, 3823587815, 3823587830, 3823587843, 3823587865, 3823587893, 3823588079, 11230505734, 436393823, 353193935, 3823587768, 353194381]","[[3824954278, 5281044431], [5281044431, 3819769960], [3819769960, 3824954348], [3824954348, 3279011105], [3279011105, 3824954514], [3824954514, 5281445624], [5281445624, 10682009302], [10682009302, 10682009300], [10682009300, 10682009301], [10682009301, 3823587288], [3823587288, 3823587322], [3823587322, 3823587334], [3823587334, 3823587302], [3823587302, 3823587283], [3823587283, 3823587296], [3823587296, 3823587305], [3823587305, 3823587222], [3823587222, 3823587187], [3823587187, 3823587199], [3823587199, 3823587218], [3823587218, 3823587249], [3823587249, 3823587157], [3823587157, 307924211], [307924211, 2930525549], [2930525549, 3823587185], [3823587185, 3823587210], [3823587210, 3823587220], [3823587220, 3823587253], [3823587253, 3823587248], [3823587248, 3823587317], [3823587317, 3823587310], [3823587310, 3823587282], [3823587282, 3823587342], [3823587342, 4576610061], [4576610061, 3823587356], [3823587356, 3823587391], [3823587391, 3823587451], [3823587451, 3823587493], [3823587493, 3823587536], [3823587536, 3823587547], [3823587547, 3823587702], [3823587702, 3823587776], [3823587776, 3823587815], [3823587815, 3823587830], [3823587830, 3823587843], [3823587843, 3823587865], [3823587865, 3823587893], [3823587893, 3823588079], [3823588079, 11230505734], [11230505734, 436393823], [436393823, 353193935], [353193935, 3823587768], [3823587768, 353194381]]",54,53,1916.185,0,0,0.0,0,0.0,0,0.0,2,3.816,2,3.816,0.001991,11,38,30,k_shortest,1912.794,1916.185,3.391,0.001773,3.816,3.816,0.0,0.0,2,2,False
od_433,독바위,6호선,126.933031,37.618456,mobility_facility,유호루하스공인중개사사무소,서울특별시 은평구 갈현로 300,126.9175,37.6235,1481.004,3824954278,353194381,2.93341759236071,27.312011346208195,PASS,od_433_k_shortest_alternative_2,k_shortest_alternative_2,"[3824954278, 436849320, 3819769881, 4580238966, 353195149, 10682086096, 10682086107, 10682086216, 10682086202, 10682086191, 10682085906, 3819770034, 3819770041, 3819770020, 3819770036, 3819770044, 5279886141, 3819770067, 3819770064, 3819770062, 3823586968, 307924224, 307924223, 3823587092, 3823587177, 3823587193, 3823587282, 3823587342, 4576610061, 3823587356, 3823587391, 3823587451, 3823587493, 3823587536, 3823587547, 3823587702, 3823587776, 3823587815, 3823587830, 3823587843, 3823587865, 3823587893, 3823588079, 11230505734, 436393823, 353193935, 3823587768, 353194381]","[[3824954278, 436849320], [436849320, 3819769881], [3819769881, 4580238966], [4580238966, 353195149], [353195149, 10682086096], [10682086096, 10682086107], [10682086107, 10682086216], [10682086216, 10682086202], [10682086202, 10682086191], [10682086191, 10682085906], [10682085906, 3819770034], [3819770034, 3819770041], [3819770041, 3819770020], [3819770020, 3819770036], [3819770036, 3819770044], [3819770044, 5279886141], [5279886141, 3819770067], [3819770067, 3819770064], [3819770064, 3819770062], [3819770062, 3823586968], [3823586968, 307924224], [307924224, 307924223], [307924223, 3823587092], [3823587092, 3823587177], [3823587177, 3823587193], [3823587193, 3823587282], [3823587282, 3823587342], [3823587342, 4576610061], [4576610061, 3823587356], [3823587356, 3823587391], [3823587391, 3823587451], [3823587451, 3823587493], [3823587493, 3823587536], [3823587536, 3823587547], [3823587547, 3823587702], [3823587702, 3823587776], [3823587776, 3823587815], [3823587815, 3823587830], [3823587830, 3823587843], [3823587843, 3823587865], [3823587865, 3823587893], [3823587893, 3823588079], [3823588079, 11230505734], [11230505734, 436393823], [436393823, 353193935], [353193935, 3823587768], [3823587768, 353194381]]",48,47,1929.364,0,0,0.0,0,0.0,0,0.0,0,0.0,0,0.0,0.0,10,18,14,k_shortest,1912.794,1929.364,16.57,0.008663,3.816,0.0,3.816,1.0,2,0,True
od_581,독바위,6호선,126.933031,37.618456,pedestrian_support_point,빗물받이,서울특별시 은평구 갈현로 294,126.9177,37.6235,1464.673,3824954278,353194381,2.93341759236071,13.054287643648692,PASS,od_581_k_shortest_alternative_1,k_shortest_alternative_1,"[3824954278, 5281044431, 3819769960, 3824954348, 3279011105, 3824954514, 5281445624, 10682009302, 10682009300, 10682009301, 3823587288, 3823587322, 3823587334, 3823587302, 3823587283, 3823587296, 3823587305, 3823587222, 3823587187, 3823587199, 3823587218, 3823587249, 3823587157, 307924211, 2930525549, 3823587185, 3823587210, 3823587220, 3823587253, 3823587248, 3823587317, 3823587310, 3823587282, 3823587342, 4576610061, 3823587356, 3823587391, 3823587451, 3823587493, 3823587536, 3823587547, 3823587702, 3823587776, 3823587815, 3823587830, 3823587843, 3823587865, 3823587893, 3823588079, 11230505734, 436393823, 353193935, 3823587768, 353194381]","[[3824954278, 5281044431], [5281044431, 3819769960], [3819769960, 3824954348], [3824954348, 3279011105], [3279011105, 3824954514], [3824954514, 5281445624], [5281445624, 10682009302], [10682009302, 10682009300], [10682009300, 10682009301], [10682009301, 3823587288], [3823587288, 3823587322], [3823587322, 3823587334], [3823587334, 3823587302], [3823587302, 3823587283], [3823587283, 3823587296], [3823587296, 3823587305], [3823587305, 3823587222], [3823587222, 3823587187], [3823587187, 3823587199], [3823587199, 3823587218], [3823587218, 3823587249], [3823587249, 3823587157], [3823587157, 307924211], [307924211, 2930525549], [2930525549, 3823587185], [3823587185, 3823587210], [3823587210, 3823587220], [3823587220, 3823587253], [3823587253, 3823587248], [3823587248, 3823587317], [3823587317, 3823587310], [3823587310, 3823587282], [3823587282, 3823587342], [3823587342, 4576610061], [4576610061, 3823587356], [3823587356, 3823587391], [3823587391, 3823587451], [3823587451, 3823587493], [3823587493, 3823587536], [3823587536, 3823587547], [3823587547, 3823587702], [3823587702, 3823587776], [3823587776, 3823587815], [3823587815, 3823587830], [3823587830, 3823587843], [3823587843, 3823587865], [3823587865, 3823587893], [3823587893, 3823588079], [3823588079, 11230505734], [11230505734, 436393823], [436393823, 353193935], [353193935, 3823587768], [3823587768, 353194381]]",54,53,1916.185,0,0,0.0,0,0.0,0,0.0,2,3.816,2,3.816,0.001991,11,38,30,k_shortest,1912.794,1916.185,3.391,0.001773,3.816,3.816,0.0,0.0,2,2,False
od_581,독바위,6호선,126.933031,37.618456,pedestrian_support_point,빗물받이,서울특별시 은평구 갈현로 294,126.9177,37.6235,1464.673,3824954278,353194381,2.93341759236071,13.054287643648692,PASS,od_581_k_shortest_alternative_2,k_shortest_alternative_2,"[3824954278, 436849320, 3819769881, 4580238966, 353195149, 10682086096, 10682086107, 10682086216, 10682086202, 10682086191, 10682085906, 3819770034, 3819770041, 3819770020, 3819770036, 3819770044, 5279886141, 3819770067, 3819770064, 3819770062, 3823586968, 307924224, 307924223, 3823587092, 3823587177, 3823587193, 3823587282, 3823587342, 4576610061, 3823587356, 3823587391, 3823587451, 3823587493, 3823587536, 3823587547, 3823587702, 3823587776, 3823587815, 3823587830, 3823587843, 3823587865, 3823587893, 3823588079, 11230505734, 436393823, 353193935, 3823587768, 353194381]","[[3824954278, 436849320], [436849320, 3819769881], [3819769881, 4580238966], [4580238966, 353195149], [353195149, 10682086096], [10682086096, 10682086107], [10682086107, 10682086216], [10682086216, 10682086202], [10682086202, 10682086191], [10682086191, 10682085906], [10682085906, 3819770034], [3819770034, 3819770041], [3819770041, 3819770020], [3819770020, 3819770036], [3819770036, 3819770044], [3819770044, 5279886141], [5279886141, 3819770067], [3819770067, 3819770064], [3819770064, 3819770062], [3819770062, 3823586968], [3823586968, 307924224], [307924224, 307924223], [307924223, 3823587092], [3823587092, 3823587177], [3823587177, 3823587193], [3823587193, 3823587282], [3823587282, 3823587342], [3823587342, 4576610061], [4576610061, 3823587356], [3823587356, 3823587391], [3823587391, 3823587451], [3823587451, 3823587493], [3823587493, 3823587536], [3823587536, 3823587547], [3823587547, 3823587702], [3823587702, 3823587776], [3823587776, 3823587815], [3823587815, 3823587830], [3823587830, 3823587843], [3823587843, 3823587865], [3823587865, 3823587893], [3823587893, 3823588079], [3823588079, 11230505734], [11230505734, 436393823], [436393823, 353193935], [353193935, 3823587768], [3823587768, 353194381]]",48,47,1929.364,0,0,0.0,0,0.0,0,0.0,0,0.0,0,0.0,0.0,10,18,14,k_shortest,1912.794,1929.364,16.57,0.008663,3.816,0.0,3.816,1.0,2,0,True
od_441,독바위,6호선,126.933031,37.618456,mobility_facility,부동산친구공인중개사사무소,서울특별시 은평구 통일로87길 17,126.9177,37.6233,1456.335,3824954278,353194381,2.93341759236071,13.809131288868306,PASS,od_441_k_shortest_alternative_1,k_shortest_alternative_1,"[3824954278, 5281044431, 3819769960, 3824954348, 3279011105, 3824954514, 5281445624, 10682009302, 10682009300, 10682009301, 3823587288, 3823587322, 3823587334, 3823587302, 3823587283, 3823587296, 3823587305, 3823587222, 3823587187, 3823587199, 3823587218, 3823587249, 3823587157, 307924211, 2930525549, 3823587185, 3823587210, 3823587220, 3823587253, 3823587248, 3823587317, 3823587310, 3823587282, 3823587342, 4576610061, 3823587356, 3823587391, 3823587451, 3823587493, 3823587536, 3823587547, 3823587702, 3823587776, 3823587815, 3823587830, 3823587843, 3823587865, 3823587893, 3823588079, 11230505734, 436393823, 353193935, 3823587768, 353194381]","[[3824954278, 5281044431], [5281044431, 3819769960], [3819769960, 3824954348], [3824954348, 3279011105], [3279011105, 3824954514], [3824954514, 5281445624], [5281445624, 10682009302], [10682009302, 10682009300], [10682009300, 10682009301], [10682009301, 3823587288], [3823587288, 3823587322], [3823587322, 3823587334], [3823587334, 3823587302], [3823587302, 3823587283], [3823587283, 3823587296], [3823587296, 3823587305], [3823587305, 3823587222], [3823587222, 3823587187], [3823587187, 3823587199], [3823587199, 3823587218], [3823587218, 3823587249], [3823587249, 3823587157], [3823587157, 307924211], [307924211, 2930525549], [2930525549, 3823587185], [3823587185, 3823587210], [3823587210, 3823587220], [3823587220, 3823587253], [3823587253, 3823587248], [3823587248, 3823587317], [3823587317, 3823587310], [3823587310, 3823587282], [3823587282, 3823587342], [3823587342, 4576610061], [4576610061, 3823587356], [3823587356, 3823587391], [3823587391, 3823587451], [3823587451, 3823587493], [3823587493, 3823587536], [3823587536, 3823587547], [3823587547, 3823587702], [3823587702, 3823587776], [3823587776, 3823587815], [3823587815, 3823587830], [3823587830, 3823587843], [3823587843, 3823587865], [3823587865, 3823587893], [3823587893, 3823588079], [3823588079, 11230505734], [11230505734, 436393823], [436393823, 353193935], [353193935, 3823587768], [3823587768, 353194381]]",54,53,1916.185,0,0,0.0,0,0.0,0,0.0,2,3.816,2,3.816,0.001991,11,38,30,k_shortest,1912.794,1916.185,3.391,0.001773,3.816,3.816,0.0,0.0,2,2,False
od_441,독바위,6호선,126.933031,37.618456,mobility_facility,부동산친구공인중개사사무소,서울특별시 은평구 통일로87길 17,126.9177,37.6233,1456.335,3824954278,353194381,2.93341759236071,13.809131288868306,PASS,od_441_k_shortest_alternative_2,k_shortest_alternative_2,"[3824954278, 436849320, 3819769881, 4580238966, 353195149, 10682086096, 10682086107, 10682086216, 10682086202, 10682086191, 10682085906, 3819770034, 3819770041, 3819770020, 3819770036, 3819770044, 5279886141, 3819770067, 3819770064, 3819770062, 3823586968, 307924224, 307924223, 3823587092, 3823587177, 3823587193, 3823587282, 3823587342, 4576610061, 3823587356, 3823587391, 3823587451, 3823587493, 3823587536, 3823587547, 3823587702, 3823587776, 3823587815, 3823587830, 3823587843, 3823587865, 3823587893, 3823588079, 11230505734, 436393823, 353193935, 3823587768, 353194381]","[[3824954278, 436849320], [436849320, 3819769881], [3819769881, 4580238966], [4580238966, 353195149], [353195149, 10682086096], [10682086096, 10682086107], [10682086107, 10682086216], [10682086216, 10682086202], [10682086202, 10682086191], [10682086191, 10682085906], [10682085906, 3819770034], [3819770034, 3819770041], [3819770041, 3819770020], [3819770020, 3819770036], [3819770036, 3819770044], [3819770044, 5279886141], [5279886141, 3819770067], [3819770067, 3819770064], [3819770064, 3819770062], [3819770062, 3823586968], [3823586968, 307924224], [307924224, 307924223], [307924223, 3823587092], [3823587092, 3823587177], [3823587177, 3823587193], [3823587193, 3823587282], [3823587282, 3823587342], [3823587342, 4576610061], [4576610061, 3823587356], [3823587356, 3823587391], [3823587391, 3823587451], [3823587451, 3823587493], [3823587493, 3823587536], [3823587536, 3823587547], [3823587547, 3823587702], [3823587702, 3823587776], [3823587776, 3823587815], [3823587815, 3823587830], [3823587830, 3823587843], [3823587843, 3823587865], [3823587865, 3823587893], [3823587893, 3823588079], [3823588079, 11230505734], [11230505734, 436393823], [436393823, 353193935], [353193935, 3823587768], [3823587768, 353194381]]",48,47,1929.364,0,0,0.0,0,0.0,0,0.0,0,0.0,0,0.0,0.0,10,18,14,k_shortest,1912.794,1929.364,16.57,0.008663,3.816,0.0,3.816,1.0,2,0,True
